survey_id,file_name,survey_date_midpoint,survey_year,survey_month,survey_quarter,survey_period,time_status,include_in_time_trend,group_type,group,party,vote_share_weighted_valid,n_party_unweighted,n_valid_vote_unweighted,n_total_group_unweighted,weighted_base_valid,sample_confidence,data_status,include_in_app_draft
SURVEY_01,FinalSample_EuroelectionsENG.sav,2019-04-24 00:00:00,2019.0,4.0,Q2,2019-Q2,auto_from_sav_date_column:Vdatesub,True,gender,female,other_party,21.2483,164,794,814,1605.7839,high,ok,True
SURVEY_01,FinalSample_EuroelectionsENG.sav,2019-04-24 00:00:00,2019.0,4.0,Q2,2019-Q2,auto_from_sav_date_column:Vdatesub,True,gender,female,ΑΝΕΛ,0.7727,7,794,814,1605.7839,high,ok,True
SURVEY_01,FinalSample_EuroelectionsENG.sav,2019-04-24 00:00:00,2019.0,4.0,Q2,2019-Q2,auto_from_sav_date_column:Vdatesub,True,gender,female,Ελληνική Λύση,0.9927,7,794,814,1605.7839,high,ok,True
SURVEY_01,FinalSample_EuroelectionsENG.sav,2019-04-24 00:00:00,2019.0,4.0,Q2,2019-Q2,auto_from_sav_date_column:Vdatesub,True,gender,female,ΚΚΕ,2.9355,24,794,814,1605.7839,high,ok,True
SURVEY_01,FinalSample_EuroelectionsENG.sav,2019-04-24 00:00:00,2019.0,4.0,Q2,2019-Q2,auto_from_sav_date_column:Vdatesub,True,gender,female,ΜέΡΑ25,0.2501,2,794,814,1605.7839,high,ok,True
SURVEY_01,FinalSample_EuroelectionsENG.sav,2019-04-24 00:00:00,2019.0,4.0,Q2,2019-Q2,auto_from_sav_date_column:Vdatesub,True,gender,female,ΝΔ,28.5806,248,794,814,1605.7839,high,ok,True
SURVEY_01,FinalSample_EuroelectionsENG.sav,2019-04-24 00:00:00,2019.0,4.0,Q2,2019-Q2,auto_from_sav_date_column:Vdatesub,True,gender,female,ΠΑΣΟΚ/ΚΙΝΑΛ,5.1496,44,794,814,1605.7839,high,ok,True
SURVEY_01,FinalSample_EuroelectionsENG.sav,2019-04-24 00:00:00,2019.0,4.0,Q2,2019-Q2,auto_from_sav_date_column:Vdatesub,True,gender,female,Πλεύση Ελευθερίας,0.5988,4,794,814,1605.7839,high,ok,True
SURVEY_01,FinalSample_EuroelectionsENG.sav,2019-04-24 00:00:00,2019.0,4.0,Q2,2019-Q2,auto_from_sav_date_column:Vdatesub,True,gender,female,Ποτάμι,1.3635,9,794,814,1605.7839,high,ok,True
SURVEY_01,FinalSample_EuroelectionsENG.sav,2019-04-24 00:00:00,2019.0,4.0,Q2,2019-Q2,auto_from_sav_date_column:Vdatesub,True,gender,female,ΣΥΡΙΖΑ,33.1371,244,794,814,1605.7839,high,ok,True
SURVEY_01,FinalSample_EuroelectionsENG.sav,2019-04-24 00:00:00,2019.0,4.0,Q2,2019-Q2,auto_from_sav_date_column:Vdatesub,True,gender,female,Χρυσή Αυγή,4.9711,41,794,814,1605.7839,high,ok,True
SURVEY_01,FinalSample_EuroelectionsENG.sav,2019-04-24 00:00:00,2019.0,4.0,Q2,2019-Q2,auto_from_sav_date_column:Vdatesub,True,gender,male,other_party,15.8057,131,816,852,1414.5996,high,ok,True
SURVEY_01,FinalSample_EuroelectionsENG.sav,2019-04-24 00:00:00,2019.0,4.0,Q2,2019-Q2,auto_from_sav_date_column:Vdatesub,True,gender,male,ΑΝΕΛ,0.8564,7,816,852,1414.5996,high,ok,True
SURVEY_01,FinalSample_EuroelectionsENG.sav,2019-04-24 00:00:00,2019.0,4.0,Q2,2019-Q2,auto_from_sav_date_column:Vdatesub,True,gender,male,Ελληνική Λύση,2.869,22,816,852,1414.5996,high,ok,True
SURVEY_01,FinalSample_EuroelectionsENG.sav,2019-04-24 00:00:00,2019.0,4.0,Q2,2019-Q2,auto_from_sav_date_column:Vdatesub,True,gender,male,ΚΚΕ,3.8143,32,816,852,1414.5996,high,ok,True
SURVEY_01,FinalSample_EuroelectionsENG.sav,2019-04-24 00:00:00,2019.0,4.0,Q2,2019-Q2,auto_from_sav_date_column:Vdatesub,True,gender,male,ΜέΡΑ25,0.2614,2,816,852,1414.5996,high,ok,True
SURVEY_01,FinalSample_EuroelectionsENG.sav,2019-04-24 00:00:00,2019.0,4.0,Q2,2019-Q2,auto_from_sav_date_column:Vdatesub,True,gender,male,ΝΔ,31.2455,249,816,852,1414.5996,high,ok,True
SURVEY_01,FinalSample_EuroelectionsENG.sav,2019-04-24 00:00:00,2019.0,4.0,Q2,2019-Q2,auto_from_sav_date_column:Vdatesub,True,gender,male,ΠΑΣΟΚ/ΚΙΝΑΛ,8.1874,65,816,852,1414.5996,high,ok,True
SURVEY_01,FinalSample_EuroelectionsENG.sav,2019-04-24 00:00:00,2019.0,4.0,Q2,2019-Q2,auto_from_sav_date_column:Vdatesub,True,gender,male,Πλεύση Ελευθερίας,0.6934,5,816,852,1414.5996,high,ok,True
SURVEY_01,FinalSample_EuroelectionsENG.sav,2019-04-24 00:00:00,2019.0,4.0,Q2,2019-Q2,auto_from_sav_date_column:Vdatesub,True,gender,male,Ποτάμι,0.6671,6,816,852,1414.5996,high,ok,True
SURVEY_01,FinalSample_EuroelectionsENG.sav,2019-04-24 00:00:00,2019.0,4.0,Q2,2019-Q2,auto_from_sav_date_column:Vdatesub,True,gender,male,ΣΥΡΙΖΑ,27.0289,222,816,852,1414.5996,high,ok,True
SURVEY_01,FinalSample_EuroelectionsENG.sav,2019-04-24 00:00:00,2019.0,4.0,Q2,2019-Q2,auto_from_sav_date_column:Vdatesub,True,gender,male,Χρυσή Αυγή,8.5709,75,816,852,1414.5996,high,ok,True
SURVEY_01,FinalSample_EuroelectionsENG.sav,2019-04-24 00:00:00,2019.0,4.0,Q2,2019-Q2,auto_from_sav_date_column:Vdatesub,True,age_group,18-24,other_party,25.7359,49,195,208,280.5131,medium,ok,True
SURVEY_01,FinalSample_EuroelectionsENG.sav,2019-04-24 00:00:00,2019.0,4.0,Q2,2019-Q2,auto_from_sav_date_column:Vdatesub,True,age_group,18-24,ΑΝΕΛ,0.546,1,195,208,280.5131,medium,ok,True
SURVEY_01,FinalSample_EuroelectionsENG.sav,2019-04-24 00:00:00,2019.0,4.0,Q2,2019-Q2,auto_from_sav_date_column:Vdatesub,True,age_group,18-24,Ελληνική Λύση,1.5188,3,195,208,280.5131,medium,ok,True
SURVEY_01,FinalSample_EuroelectionsENG.sav,2019-04-24 00:00:00,2019.0,4.0,Q2,2019-Q2,auto_from_sav_date_column:Vdatesub,True,age_group,18-24,ΚΚΕ,4.9266,9,195,208,280.5131,medium,ok,True
SURVEY_01,FinalSample_EuroelectionsENG.sav,2019-04-24 00:00:00,2019.0,4.0,Q2,2019-Q2,auto_from_sav_date_column:Vdatesub,True,age_group,18-24,ΝΔ,25.8251,50,195,208,280.5131,medium,ok,True
SURVEY_01,FinalSample_EuroelectionsENG.sav,2019-04-24 00:00:00,2019.0,4.0,Q2,2019-Q2,auto_from_sav_date_column:Vdatesub,True,age_group,18-24,ΠΑΣΟΚ/ΚΙΝΑΛ,5.8704,11,195,208,280.5131,medium,ok,True
SURVEY_01,FinalSample_EuroelectionsENG.sav,2019-04-24 00:00:00,2019.0,4.0,Q2,2019-Q2,auto_from_sav_date_column:Vdatesub,True,age_group,18-24,Ποτάμι,0.4936,1,195,208,280.5131,medium,ok,True
SURVEY_01,FinalSample_EuroelectionsENG.sav,2019-04-24 00:00:00,2019.0,4.0,Q2,2019-Q2,auto_from_sav_date_column:Vdatesub,True,age_group,18-24,ΣΥΡΙΖΑ,23.6763,48,195,208,280.5131,medium,ok,True
SURVEY_01,FinalSample_EuroelectionsENG.sav,2019-04-24 00:00:00,2019.0,4.0,Q2,2019-Q2,auto_from_sav_date_column:Vdatesub,True,age_group,18-24,Χρυσή Αυγή,11.4073,23,195,208,280.5131,medium,ok,True
SURVEY_01,FinalSample_EuroelectionsENG.sav,2019-04-24 00:00:00,2019.0,4.0,Q2,2019-Q2,auto_from_sav_date_column:Vdatesub,True,age_group,25-39,other_party,19.0403,66,346,365,604.831,high,ok,True
SURVEY_01,FinalSample_EuroelectionsENG.sav,2019-04-24 00:00:00,2019.0,4.0,Q2,2019-Q2,auto_from_sav_date_column:Vdatesub,True,age_group,25-39,ΑΝΕΛ,0.6535,3,346,365,604.831,high,ok,True
SURVEY_01,FinalSample_EuroelectionsENG.sav,2019-04-24 00:00:00,2019.0,4.0,Q2,2019-Q2,auto_from_sav_date_column:Vdatesub,True,age_group,25-39,Ελληνική Λύση,1.2003,4,346,365,604.831,high,ok,True
SURVEY_01,FinalSample_EuroelectionsENG.sav,2019-04-24 00:00:00,2019.0,4.0,Q2,2019-Q2,auto_from_sav_date_column:Vdatesub,True,age_group,25-39,ΚΚΕ,6.2289,22,346,365,604.831,high,ok,True
SURVEY_01,FinalSample_EuroelectionsENG.sav,2019-04-24 00:00:00,2019.0,4.0,Q2,2019-Q2,auto_from_sav_date_column:Vdatesub,True,age_group,25-39,ΜέΡΑ25,0.2888,1,346,365,604.831,high,ok,True
SURVEY_01,FinalSample_EuroelectionsENG.sav,2019-04-24 00:00:00,2019.0,4.0,Q2,2019-Q2,auto_from_sav_date_column:Vdatesub,True,age_group,25-39,ΝΔ,29.4207,99,346,365,604.831,high,ok,True
SURVEY_01,FinalSample_EuroelectionsENG.sav,2019-04-24 00:00:00,2019.0,4.0,Q2,2019-Q2,auto_from_sav_date_column:Vdatesub,True,age_group,25-39,ΠΑΣΟΚ/ΚΙΝΑΛ,6.5243,23,346,365,604.831,high,ok,True
SURVEY_01,FinalSample_EuroelectionsENG.sav,2019-04-24 00:00:00,2019.0,4.0,Q2,2019-Q2,auto_from_sav_date_column:Vdatesub,True,age_group,25-39,Πλεύση Ελευθερίας,0.2888,1,346,365,604.831,high,ok,True
SURVEY_01,FinalSample_EuroelectionsENG.sav,2019-04-24 00:00:00,2019.0,4.0,Q2,2019-Q2,auto_from_sav_date_column:Vdatesub,True,age_group,25-39,Ποτάμι,0.841,3,346,365,604.831,high,ok,True
SURVEY_01,FinalSample_EuroelectionsENG.sav,2019-04-24 00:00:00,2019.0,4.0,Q2,2019-Q2,auto_from_sav_date_column:Vdatesub,True,age_group,25-39,ΣΥΡΙΖΑ,26.8959,94,346,365,604.831,high,ok,True
SURVEY_01,FinalSample_EuroelectionsENG.sav,2019-04-24 00:00:00,2019.0,4.0,Q2,2019-Q2,auto_from_sav_date_column:Vdatesub,True,age_group,25-39,Χρυσή Αυγή,8.6175,30,346,365,604.831,high,ok,True
SURVEY_01,FinalSample_EuroelectionsENG.sav,2019-04-24 00:00:00,2019.0,4.0,Q2,2019-Q2,auto_from_sav_date_column:Vdatesub,True,age_group,40-54,other_party,22.0015,89,406,419,906.9168,high,ok,True
SURVEY_01,FinalSample_EuroelectionsENG.sav,2019-04-24 00:00:00,2019.0,4.0,Q2,2019-Q2,auto_from_sav_date_column:Vdatesub,True,age_group,40-54,ΑΝΕΛ,0.8002,3,406,419,906.9168,high,ok,True
SURVEY_01,FinalSample_EuroelectionsENG.sav,2019-04-24 00:00:00,2019.0,4.0,Q2,2019-Q2,auto_from_sav_date_column:Vdatesub,True,age_group,40-54,Ελληνική Λύση,2.571,11,406,419,906.9168,high,ok,True
SURVEY_01,FinalSample_EuroelectionsENG.sav,2019-04-24 00:00:00,2019.0,4.0,Q2,2019-Q2,auto_from_sav_date_column:Vdatesub,True,age_group,40-54,ΚΚΕ,3.4982,15,406,419,906.9168,high,ok,True
SURVEY_01,FinalSample_EuroelectionsENG.sav,2019-04-24 00:00:00,2019.0,4.0,Q2,2019-Q2,auto_from_sav_date_column:Vdatesub,True,age_group,40-54,ΜέΡΑ25,0.2502,1,406,419,906.9168,high,ok,True
SURVEY_01,FinalSample_EuroelectionsENG.sav,2019-04-24 00:00:00,2019.0,4.0,Q2,2019-Q2,auto_from_sav_date_column:Vdatesub,True,age_group,40-54,ΝΔ,28.8964,123,406,419,906.9168,high,ok,True
SURVEY_01,FinalSample_EuroelectionsENG.sav,2019-04-24 00:00:00,2019.0,4.0,Q2,2019-Q2,auto_from_sav_date_column:Vdatesub,True,age_group,40-54,ΠΑΣΟΚ/ΚΙΝΑΛ,4.8896,19,406,419,906.9168,high,ok,True
SURVEY_01,FinalSample_EuroelectionsENG.sav,2019-04-24 00:00:00,2019.0,4.0,Q2,2019-Q2,auto_from_sav_date_column:Vdatesub,True,age_group,40-54,Πλεύση Ελευθερίας,0.5169,2,406,419,906.9168,high,ok,True
SURVEY_01,FinalSample_EuroelectionsENG.sav,2019-04-24 00:00:00,2019.0,4.0,Q2,2019-Q2,auto_from_sav_date_column:Vdatesub,True,age_group,40-54,Ποτάμι,1.3006,4,406,419,906.9168,high,ok,True
SURVEY_01,FinalSample_EuroelectionsENG.sav,2019-04-24 00:00:00,2019.0,4.0,Q2,2019-Q2,auto_from_sav_date_column:Vdatesub,True,age_group,40-54,ΣΥΡΙΖΑ,27.7159,104,406,419,906.9168,high,ok,True
SURVEY_01,FinalSample_EuroelectionsENG.sav,2019-04-24 00:00:00,2019.0,4.0,Q2,2019-Q2,auto_from_sav_date_column:Vdatesub,True,age_group,40-54,Χρυσή Αυγή,7.5594,35,406,419,906.9168,high,ok,True
SURVEY_01,FinalSample_EuroelectionsENG.sav,2019-04-24 00:00:00,2019.0,4.0,Q2,2019-Q2,auto_from_sav_date_column:Vdatesub,True,age_group,55+,other_party,14.4855,91,663,674,1228.1226,high,ok,True
SURVEY_01,FinalSample_EuroelectionsENG.sav,2019-04-24 00:00:00,2019.0,4.0,Q2,2019-Q2,auto_from_sav_date_column:Vdatesub,True,age_group,55+,ΑΝΕΛ,0.9593,7,663,674,1228.1226,high,ok,True
SURVEY_01,FinalSample_EuroelectionsENG.sav,2019-04-24 00:00:00,2019.0,4.0,Q2,2019-Q2,auto_from_sav_date_column:Vdatesub,True,age_group,55+,Ελληνική Λύση,1.7661,11,663,674,1228.1226,high,ok,True
SURVEY_01,FinalSample_EuroelectionsENG.sav,2019-04-24 00:00:00,2019.0,4.0,Q2,2019-Q2,auto_from_sav_date_column:Vdatesub,True,age_group,55+,ΚΚΕ,1.4555,10,663,674,1228.1226,high,ok,True
SURVEY_01,FinalSample_EuroelectionsENG.sav,2019-04-24 00:00:00,2019.0,4.0,Q2,2019-Q2,auto_from_sav_date_column:Vdatesub,True,age_group,55+,ΜέΡΑ25,0.3011,2,663,674,1228.1226,high,ok,True
SURVEY_01,FinalSample_EuroelectionsENG.sav,2019-04-24 00:00:00,2019.0,4.0,Q2,2019-Q2,auto_from_sav_date_column:Vdatesub,True,age_group,55+,ΝΔ,31.6326,225,663,674,1228.1226,high,ok,True
SURVEY_01,FinalSample_EuroelectionsENG.sav,2019-04-24 00:00:00,2019.0,4.0,Q2,2019-Q2,auto_from_sav_date_column:Vdatesub,True,age_group,55+,ΠΑΣΟΚ/ΚΙΝΑΛ,7.9989,56,663,674,1228.1226,high,ok,True
SURVEY_01,FinalSample_EuroelectionsENG.sav,2019-04-24 00:00:00,2019.0,4.0,Q2,2019-Q2,auto_from_sav_date_column:Vdatesub,True,age_group,55+,Πλεύση Ελευθερίας,1.0577,6,663,674,1228.1226,high,ok,True
SURVEY_01,FinalSample_EuroelectionsENG.sav,2019-04-24 00:00:00,2019.0,4.0,Q2,2019-Q2,auto_from_sav_date_column:Vdatesub,True,age_group,55+,Ποτάμι,1.0638,7,663,674,1228.1226,high,ok,True
SURVEY_01,FinalSample_EuroelectionsENG.sav,2019-04-24 00:00:00,2019.0,4.0,Q2,2019-Q2,auto_from_sav_date_column:Vdatesub,True,age_group,55+,ΣΥΡΙΖΑ,35.3393,220,663,674,1228.1226,high,ok,True
SURVEY_01,FinalSample_EuroelectionsENG.sav,2019-04-24 00:00:00,2019.0,4.0,Q2,2019-Q2,auto_from_sav_date_column:Vdatesub,True,age_group,55+,Χρυσή Αυγή,3.9403,28,663,674,1228.1226,high,ok,True
SURVEY_01,FinalSample_EuroelectionsENG.sav,2019-04-24 00:00:00,2019.0,4.0,Q2,2019-Q2,auto_from_sav_date_column:Vdatesub,True,education_group,Advanced Technological Educational Institute (public institutions),other_party,19.0084,28,146,153,287.0516,medium,ok,True
SURVEY_01,FinalSample_EuroelectionsENG.sav,2019-04-24 00:00:00,2019.0,4.0,Q2,2019-Q2,auto_from_sav_date_column:Vdatesub,True,education_group,Advanced Technological Educational Institute (public institutions),ΑΝΕΛ,0.4064,1,146,153,287.0516,medium,ok,True
SURVEY_01,FinalSample_EuroelectionsENG.sav,2019-04-24 00:00:00,2019.0,4.0,Q2,2019-Q2,auto_from_sav_date_column:Vdatesub,True,education_group,Advanced Technological Educational Institute (public institutions),Ελληνική Λύση,2.3122,3,146,153,287.0516,medium,ok,True
SURVEY_01,FinalSample_EuroelectionsENG.sav,2019-04-24 00:00:00,2019.0,4.0,Q2,2019-Q2,auto_from_sav_date_column:Vdatesub,True,education_group,Advanced Technological Educational Institute (public institutions),ΚΚΕ,4.4693,7,146,153,287.0516,medium,ok,True
SURVEY_01,FinalSample_EuroelectionsENG.sav,2019-04-24 00:00:00,2019.0,4.0,Q2,2019-Q2,auto_from_sav_date_column:Vdatesub,True,education_group,Advanced Technological Educational Institute (public institutions),ΜέΡΑ25,0.6465,1,146,153,287.0516,medium,ok,True
SURVEY_01,FinalSample_EuroelectionsENG.sav,2019-04-24 00:00:00,2019.0,4.0,Q2,2019-Q2,auto_from_sav_date_column:Vdatesub,True,education_group,Advanced Technological Educational Institute (public institutions),ΝΔ,36.4421,54,146,153,287.0516,medium,ok,True
SURVEY_01,FinalSample_EuroelectionsENG.sav,2019-04-24 00:00:00,2019.0,4.0,Q2,2019-Q2,auto_from_sav_date_column:Vdatesub,True,education_group,Advanced Technological Educational Institute (public institutions),ΠΑΣΟΚ/ΚΙΝΑΛ,6.7689,10,146,153,287.0516,medium,ok,True
SURVEY_01,FinalSample_EuroelectionsENG.sav,2019-04-24 00:00:00,2019.0,4.0,Q2,2019-Q2,auto_from_sav_date_column:Vdatesub,True,education_group,Advanced Technological Educational Institute (public institutions),Πλεύση Ελευθερίας,2.9214,4,146,153,287.0516,medium,ok,True
SURVEY_01,FinalSample_EuroelectionsENG.sav,2019-04-24 00:00:00,2019.0,4.0,Q2,2019-Q2,auto_from_sav_date_column:Vdatesub,True,education_group,Advanced Technological Educational Institute (public institutions),Ποτάμι,2.0546,2,146,153,287.0516,medium,ok,True
SURVEY_01,FinalSample_EuroelectionsENG.sav,2019-04-24 00:00:00,2019.0,4.0,Q2,2019-Q2,auto_from_sav_date_column:Vdatesub,True,education_group,Advanced Technological Educational Institute (public institutions),ΣΥΡΙΖΑ,17.7732,25,146,153,287.0516,medium,ok,True
SURVEY_01,FinalSample_EuroelectionsENG.sav,2019-04-24 00:00:00,2019.0,4.0,Q2,2019-Q2,auto_from_sav_date_column:Vdatesub,True,education_group,Advanced Technological Educational Institute (public institutions),Χρυσή Αυγή,7.197,11,146,153,287.0516,medium,ok,True
SURVEY_01,FinalSample_EuroelectionsENG.sav,2019-04-24 00:00:00,2019.0,4.0,Q2,2019-Q2,auto_from_sav_date_column:Vdatesub,True,education_group,I don't want to answer,other_party,34.4677,11,31,32,51.644,low,ok,True
SURVEY_01,FinalSample_EuroelectionsENG.sav,2019-04-24 00:00:00,2019.0,4.0,Q2,2019-Q2,auto_from_sav_date_column:Vdatesub,True,education_group,I don't want to answer,ΑΝΕΛ,3.5665,1,31,32,51.644,low,ok,True
SURVEY_01,FinalSample_EuroelectionsENG.sav,2019-04-24 00:00:00,2019.0,4.0,Q2,2019-Q2,auto_from_sav_date_column:Vdatesub,True,education_group,I don't want to answer,Ελληνική Λύση,5.3435,2,31,32,51.644,low,ok,True
SURVEY_01,FinalSample_EuroelectionsENG.sav,2019-04-24 00:00:00,2019.0,4.0,Q2,2019-Q2,auto_from_sav_date_column:Vdatesub,True,education_group,I don't want to answer,ΝΔ,34.4738,10,31,32,51.644,low,ok,True
SURVEY_01,FinalSample_EuroelectionsENG.sav,2019-04-24 00:00:00,2019.0,4.0,Q2,2019-Q2,auto_from_sav_date_column:Vdatesub,True,education_group,I don't want to answer,ΠΑΣΟΚ/ΚΙΝΑΛ,3.5665,1,31,32,51.644,low,ok,True
SURVEY_01,FinalSample_EuroelectionsENG.sav,2019-04-24 00:00:00,2019.0,4.0,Q2,2019-Q2,auto_from_sav_date_column:Vdatesub,True,education_group,I don't want to answer,ΣΥΡΙΖΑ,5.5028,2,31,32,51.644,low,ok,True
SURVEY_01,FinalSample_EuroelectionsENG.sav,2019-04-24 00:00:00,2019.0,4.0,Q2,2019-Q2,auto_from_sav_date_column:Vdatesub,True,education_group,I don't want to answer,Χρυσή Αυγή,13.0792,4,31,32,51.644,low,ok,True
SURVEY_01,FinalSample_EuroelectionsENG.sav,2019-04-24 00:00:00,2019.0,4.0,Q2,2019-Q2,auto_from_sav_date_column:Vdatesub,True,education_group,high_education,other_party,17.9803,126,721,740,1367.1126,high,ok,True
SURVEY_01,FinalSample_EuroelectionsENG.sav,2019-04-24 00:00:00,2019.0,4.0,Q2,2019-Q2,auto_from_sav_date_column:Vdatesub,True,education_group,high_education,ΑΝΕΛ,0.7199,6,721,740,1367.1126,high,ok,True
SURVEY_01,FinalSample_EuroelectionsENG.sav,2019-04-24 00:00:00,2019.0,4.0,Q2,2019-Q2,auto_from_sav_date_column:Vdatesub,True,education_group,high_education,Ελληνική Λύση,1.5785,10,721,740,1367.1126,high,ok,True
SURVEY_01,FinalSample_EuroelectionsENG.sav,2019-04-24 00:00:00,2019.0,4.0,Q2,2019-Q2,auto_from_sav_date_column:Vdatesub,True,education_group,high_education,ΚΚΕ,3.2514,27,721,740,1367.1126,high,ok,True
SURVEY_01,FinalSample_EuroelectionsENG.sav,2019-04-24 00:00:00,2019.0,4.0,Q2,2019-Q2,auto_from_sav_date_column:Vdatesub,True,education_group,high_education,ΝΔ,29.2604,213,721,740,1367.1126,high,ok,True
SURVEY_01,FinalSample_EuroelectionsENG.sav,2019-04-24 00:00:00,2019.0,4.0,Q2,2019-Q2,auto_from_sav_date_column:Vdatesub,True,education_group,high_education,ΠΑΣΟΚ/ΚΙΝΑΛ,7.8311,61,721,740,1367.1126,high,ok,True
SURVEY_01,FinalSample_EuroelectionsENG.sav,2019-04-24 00:00:00,2019.0,4.0,Q2,2019-Q2,auto_from_sav_date_column:Vdatesub,True,education_group,high_education,Πλεύση Ελευθερίας,0.2327,1,721,740,1367.1126,high,ok,True
SURVEY_01,FinalSample_EuroelectionsENG.sav,2019-04-24 00:00:00,2019.0,4.0,Q2,2019-Q2,auto_from_sav_date_column:Vdatesub,True,education_group,high_education,Ποτάμι,1.1846,8,721,740,1367.1126,high,ok,True
SURVEY_01,FinalSample_EuroelectionsENG.sav,2019-04-24 00:00:00,2019.0,4.0,Q2,2019-Q2,auto_from_sav_date_column:Vdatesub,True,education_group,high_education,ΣΥΡΙΖΑ,33.9872,238,721,740,1367.1126,high,ok,True
SURVEY_01,FinalSample_EuroelectionsENG.sav,2019-04-24 00:00:00,2019.0,4.0,Q2,2019-Q2,auto_from_sav_date_column:Vdatesub,True,education_group,high_education,Χρυσή Αυγή,3.9739,31,721,740,1367.1126,high,ok,True
SURVEY_01,FinalSample_EuroelectionsENG.sav,2019-04-24 00:00:00,2019.0,4.0,Q2,2019-Q2,auto_from_sav_date_column:Vdatesub,True,education_group,low_education,other_party,10.3487,2,24,24,44.7261,low,ok,False
SURVEY_01,FinalSample_EuroelectionsENG.sav,2019-04-24 00:00:00,2019.0,4.0,Q2,2019-Q2,auto_from_sav_date_column:Vdatesub,True,education_group,low_education,ΑΝΕΛ,4.1181,1,24,24,44.7261,low,ok,False
SURVEY_01,FinalSample_EuroelectionsENG.sav,2019-04-24 00:00:00,2019.0,4.0,Q2,2019-Q2,auto_from_sav_date_column:Vdatesub,True,education_group,low_education,ΚΚΕ,2.2358,1,24,24,44.7261,low,ok,False
SURVEY_01,FinalSample_EuroelectionsENG.sav,2019-04-24 00:00:00,2019.0,4.0,Q2,2019-Q2,auto_from_sav_date_column:Vdatesub,True,education_group,low_education,ΝΔ,20.6192,6,24,24,44.7261,low,ok,False
SURVEY_01,FinalSample_EuroelectionsENG.sav,2019-04-24 00:00:00,2019.0,4.0,Q2,2019-Q2,auto_from_sav_date_column:Vdatesub,True,education_group,low_education,ΠΑΣΟΚ/ΚΙΝΑΛ,5.6111,1,24,24,44.7261,low,ok,False
SURVEY_01,FinalSample_EuroelectionsENG.sav,2019-04-24 00:00:00,2019.0,4.0,Q2,2019-Q2,auto_from_sav_date_column:Vdatesub,True,education_group,low_education,ΣΥΡΙΖΑ,50.7132,11,24,24,44.7261,low,ok,False
SURVEY_01,FinalSample_EuroelectionsENG.sav,2019-04-24 00:00:00,2019.0,4.0,Q2,2019-Q2,auto_from_sav_date_column:Vdatesub,True,education_group,low_education,Χρυσή Αυγή,6.3539,2,24,24,44.7261,low,ok,False
SURVEY_01,FinalSample_EuroelectionsENG.sav,2019-04-24 00:00:00,2019.0,4.0,Q2,2019-Q2,auto_from_sav_date_column:Vdatesub,True,education_group,medium_education,other_party,19.0562,128,688,716,1269.8491,high,ok,True
SURVEY_01,FinalSample_EuroelectionsENG.sav,2019-04-24 00:00:00,2019.0,4.0,Q2,2019-Q2,auto_from_sav_date_column:Vdatesub,True,education_group,medium_education,ΑΝΕΛ,0.7742,5,688,716,1269.8491,high,ok,True
SURVEY_01,FinalSample_EuroelectionsENG.sav,2019-04-24 00:00:00,2019.0,4.0,Q2,2019-Q2,auto_from_sav_date_column:Vdatesub,True,education_group,medium_education,Ελληνική Λύση,2.012,14,688,716,1269.8491,high,ok,True
SURVEY_01,FinalSample_EuroelectionsENG.sav,2019-04-24 00:00:00,2019.0,4.0,Q2,2019-Q2,auto_from_sav_date_column:Vdatesub,True,education_group,medium_education,ΚΚΕ,3.3717,21,688,716,1269.8491,high,ok,True
SURVEY_01,FinalSample_EuroelectionsENG.sav,2019-04-24 00:00:00,2019.0,4.0,Q2,2019-Q2,auto_from_sav_date_column:Vdatesub,True,education_group,medium_education,ΜέΡΑ25,0.4613,3,688,716,1269.8491,high,ok,True
SURVEY_01,FinalSample_EuroelectionsENG.sav,2019-04-24 00:00:00,2019.0,4.0,Q2,2019-Q2,auto_from_sav_date_column:Vdatesub,True,education_group,medium_education,ΝΔ,29.0809,214,688,716,1269.8491,high,ok,True
SURVEY_01,FinalSample_EuroelectionsENG.sav,2019-04-24 00:00:00,2019.0,4.0,Q2,2019-Q2,auto_from_sav_date_column:Vdatesub,True,education_group,medium_education,ΠΑΣΟΚ/ΚΙΝΑΛ,5.3288,36,688,716,1269.8491,high,ok,True
SURVEY_01,FinalSample_EuroelectionsENG.sav,2019-04-24 00:00:00,2019.0,4.0,Q2,2019-Q2,auto_from_sav_date_column:Vdatesub,True,education_group,medium_education,Πλεύση Ελευθερίας,0.6189,4,688,716,1269.8491,high,ok,True
SURVEY_01,FinalSample_EuroelectionsENG.sav,2019-04-24 00:00:00,2019.0,4.0,Q2,2019-Q2,auto_from_sav_date_column:Vdatesub,True,education_group,medium_education,Ποτάμι,0.7276,5,688,716,1269.8491,high,ok,True
SURVEY_01,FinalSample_EuroelectionsENG.sav,2019-04-24 00:00:00,2019.0,4.0,Q2,2019-Q2,auto_from_sav_date_column:Vdatesub,True,education_group,medium_education,ΣΥΡΙΖΑ,29.3952,190,688,716,1269.8491,high,ok,True
SURVEY_01,FinalSample_EuroelectionsENG.sav,2019-04-24 00:00:00,2019.0,4.0,Q2,2019-Q2,auto_from_sav_date_column:Vdatesub,True,education_group,medium_education,Χρυσή Αυγή,9.1732,68,688,716,1269.8491,high,ok,True
SURVEY_01,FinalSample_EuroelectionsENG.sav,2019-04-24 00:00:00,2019.0,4.0,Q2,2019-Q2,auto_from_sav_date_column:Vdatesub,True,occupation_group,Employer / Entrepreneur,other_party,14.8493,13,86,91,168.4377,low,ok,True
SURVEY_01,FinalSample_EuroelectionsENG.sav,2019-04-24 00:00:00,2019.0,4.0,Q2,2019-Q2,auto_from_sav_date_column:Vdatesub,True,occupation_group,Employer / Entrepreneur,Ελληνική Λύση,5.3485,4,86,91,168.4377,low,ok,True
SURVEY_01,FinalSample_EuroelectionsENG.sav,2019-04-24 00:00:00,2019.0,4.0,Q2,2019-Q2,auto_from_sav_date_column:Vdatesub,True,occupation_group,Employer / Entrepreneur,ΝΔ,35.4928,34,86,91,168.4377,low,ok,True
SURVEY_01,FinalSample_EuroelectionsENG.sav,2019-04-24 00:00:00,2019.0,4.0,Q2,2019-Q2,auto_from_sav_date_column:Vdatesub,True,occupation_group,Employer / Entrepreneur,ΠΑΣΟΚ/ΚΙΝΑΛ,9.3329,7,86,91,168.4377,low,ok,True
SURVEY_01,FinalSample_EuroelectionsENG.sav,2019-04-24 00:00:00,2019.0,4.0,Q2,2019-Q2,auto_from_sav_date_column:Vdatesub,True,occupation_group,Employer / Entrepreneur,Πλεύση Ελευθερίας,1.0371,1,86,91,168.4377,low,ok,True
SURVEY_01,FinalSample_EuroelectionsENG.sav,2019-04-24 00:00:00,2019.0,4.0,Q2,2019-Q2,auto_from_sav_date_column:Vdatesub,True,occupation_group,Employer / Entrepreneur,ΣΥΡΙΖΑ,29.8064,23,86,91,168.4377,low,ok,True
SURVEY_01,FinalSample_EuroelectionsENG.sav,2019-04-24 00:00:00,2019.0,4.0,Q2,2019-Q2,auto_from_sav_date_column:Vdatesub,True,occupation_group,Employer / Entrepreneur,Χρυσή Αυγή,4.133,4,86,91,168.4377,low,ok,True
SURVEY_01,FinalSample_EuroelectionsENG.sav,2019-04-24 00:00:00,2019.0,4.0,Q2,2019-Q2,auto_from_sav_date_column:Vdatesub,True,occupation_group,I don't want to answer,other_party,34.2101,12,37,38,75.1334,low,ok,True
SURVEY_01,FinalSample_EuroelectionsENG.sav,2019-04-24 00:00:00,2019.0,4.0,Q2,2019-Q2,auto_from_sav_date_column:Vdatesub,True,occupation_group,I don't want to answer,ΑΝΕΛ,1.5528,1,37,38,75.1334,low,ok,True
SURVEY_01,FinalSample_EuroelectionsENG.sav,2019-04-24 00:00:00,2019.0,4.0,Q2,2019-Q2,auto_from_sav_date_column:Vdatesub,True,occupation_group,I don't want to answer,Ελληνική Λύση,3.673,2,37,38,75.1334,low,ok,True
SURVEY_01,FinalSample_EuroelectionsENG.sav,2019-04-24 00:00:00,2019.0,4.0,Q2,2019-Q2,auto_from_sav_date_column:Vdatesub,True,occupation_group,I don't want to answer,ΚΚΕ,4.8295,1,37,38,75.1334,low,ok,True
SURVEY_01,FinalSample_EuroelectionsENG.sav,2019-04-24 00:00:00,2019.0,4.0,Q2,2019-Q2,auto_from_sav_date_column:Vdatesub,True,occupation_group,I don't want to answer,ΝΔ,28.4646,10,37,38,75.1334,low,ok,True
SURVEY_01,FinalSample_EuroelectionsENG.sav,2019-04-24 00:00:00,2019.0,4.0,Q2,2019-Q2,auto_from_sav_date_column:Vdatesub,True,occupation_group,I don't want to answer,Ποτάμι,4.2211,1,37,38,75.1334,low,ok,True
SURVEY_01,FinalSample_EuroelectionsENG.sav,2019-04-24 00:00:00,2019.0,4.0,Q2,2019-Q2,auto_from_sav_date_column:Vdatesub,True,occupation_group,I don't want to answer,ΣΥΡΙΖΑ,9.054,4,37,38,75.1334,low,ok,True
SURVEY_01,FinalSample_EuroelectionsENG.sav,2019-04-24 00:00:00,2019.0,4.0,Q2,2019-Q2,auto_from_sav_date_column:Vdatesub,True,occupation_group,I don't want to answer,Χρυσή Αυγή,13.9951,6,37,38,75.1334,low,ok,True
SURVEY_01,FinalSample_EuroelectionsENG.sav,2019-04-24 00:00:00,2019.0,4.0,Q2,2019-Q2,auto_from_sav_date_column:Vdatesub,True,occupation_group,homemaker,other_party,26.8359,10,55,56,119.7902,low,ok,True
SURVEY_01,FinalSample_EuroelectionsENG.sav,2019-04-24 00:00:00,2019.0,4.0,Q2,2019-Q2,auto_from_sav_date_column:Vdatesub,True,occupation_group,homemaker,ΚΚΕ,4.6987,3,55,56,119.7902,low,ok,True
SURVEY_01,FinalSample_EuroelectionsENG.sav,2019-04-24 00:00:00,2019.0,4.0,Q2,2019-Q2,auto_from_sav_date_column:Vdatesub,True,occupation_group,homemaker,ΝΔ,23.342,17,55,56,119.7902,low,ok,True
SURVEY_01,FinalSample_EuroelectionsENG.sav,2019-04-24 00:00:00,2019.0,4.0,Q2,2019-Q2,auto_from_sav_date_column:Vdatesub,True,occupation_group,homemaker,ΠΑΣΟΚ/ΚΙΝΑΛ,2.293,2,55,56,119.7902,low,ok,True
SURVEY_01,FinalSample_EuroelectionsENG.sav,2019-04-24 00:00:00,2019.0,4.0,Q2,2019-Q2,auto_from_sav_date_column:Vdatesub,True,occupation_group,homemaker,ΣΥΡΙΖΑ,33.9931,19,55,56,119.7902,low,ok,True
SURVEY_01,FinalSample_EuroelectionsENG.sav,2019-04-24 00:00:00,2019.0,4.0,Q2,2019-Q2,auto_from_sav_date_column:Vdatesub,True,occupation_group,homemaker,Χρυσή Αυγή,8.8372,4,55,56,119.7902,low,ok,True
SURVEY_01,FinalSample_EuroelectionsENG.sav,2019-04-24 00:00:00,2019.0,4.0,Q2,2019-Q2,auto_from_sav_date_column:Vdatesub,True,occupation_group,private_sector,other_party,20.8123,57,282,297,548.925,medium,ok,True
SURVEY_01,FinalSample_EuroelectionsENG.sav,2019-04-24 00:00:00,2019.0,4.0,Q2,2019-Q2,auto_from_sav_date_column:Vdatesub,True,occupation_group,private_sector,ΑΝΕΛ,0.2949,1,282,297,548.925,medium,ok,True
SURVEY_01,FinalSample_EuroelectionsENG.sav,2019-04-24 00:00:00,2019.0,4.0,Q2,2019-Q2,auto_from_sav_date_column:Vdatesub,True,occupation_group,private_sector,Ελληνική Λύση,2.0283,6,282,297,548.925,medium,ok,True
SURVEY_01,FinalSample_EuroelectionsENG.sav,2019-04-24 00:00:00,2019.0,4.0,Q2,2019-Q2,auto_from_sav_date_column:Vdatesub,True,occupation_group,private_sector,ΚΚΕ,4.6143,16,282,297,548.925,medium,ok,True
SURVEY_01,FinalSample_EuroelectionsENG.sav,2019-04-24 00:00:00,2019.0,4.0,Q2,2019-Q2,auto_from_sav_date_column:Vdatesub,True,occupation_group,private_sector,ΜέΡΑ25,0.3182,1,282,297,548.925,medium,ok,True
SURVEY_01,FinalSample_EuroelectionsENG.sav,2019-04-24 00:00:00,2019.0,4.0,Q2,2019-Q2,auto_from_sav_date_column:Vdatesub,True,occupation_group,private_sector,ΝΔ,28.7067,82,282,297,548.925,medium,ok,True
SURVEY_01,FinalSample_EuroelectionsENG.sav,2019-04-24 00:00:00,2019.0,4.0,Q2,2019-Q2,auto_from_sav_date_column:Vdatesub,True,occupation_group,private_sector,ΠΑΣΟΚ/ΚΙΝΑΛ,5.253,17,282,297,548.925,medium,ok,True
SURVEY_01,FinalSample_EuroelectionsENG.sav,2019-04-24 00:00:00,2019.0,4.0,Q2,2019-Q2,auto_from_sav_date_column:Vdatesub,True,occupation_group,private_sector,Πλεύση Ελευθερίας,0.4134,1,282,297,548.925,medium,ok,True
SURVEY_01,FinalSample_EuroelectionsENG.sav,2019-04-24 00:00:00,2019.0,4.0,Q2,2019-Q2,auto_from_sav_date_column:Vdatesub,True,occupation_group,private_sector,Ποτάμι,1.8528,4,282,297,548.925,medium,ok,True
SURVEY_01,FinalSample_EuroelectionsENG.sav,2019-04-24 00:00:00,2019.0,4.0,Q2,2019-Q2,auto_from_sav_date_column:Vdatesub,True,occupation_group,private_sector,ΣΥΡΙΖΑ,28.3202,74,282,297,548.925,medium,ok,True
SURVEY_01,FinalSample_EuroelectionsENG.sav,2019-04-24 00:00:00,2019.0,4.0,Q2,2019-Q2,auto_from_sav_date_column:Vdatesub,True,occupation_group,private_sector,Χρυσή Αυγή,7.3859,23,282,297,548.925,medium,ok,True
SURVEY_01,FinalSample_EuroelectionsENG.sav,2019-04-24 00:00:00,2019.0,4.0,Q2,2019-Q2,auto_from_sav_date_column:Vdatesub,True,occupation_group,public_sector,other_party,17.6147,34,194,200,396.2523,medium,ok,True
SURVEY_01,FinalSample_EuroelectionsENG.sav,2019-04-24 00:00:00,2019.0,4.0,Q2,2019-Q2,auto_from_sav_date_column:Vdatesub,True,occupation_group,public_sector,ΑΝΕΛ,2.1246,4,194,200,396.2523,medium,ok,True
SURVEY_01,FinalSample_EuroelectionsENG.sav,2019-04-24 00:00:00,2019.0,4.0,Q2,2019-Q2,auto_from_sav_date_column:Vdatesub,True,occupation_group,public_sector,Ελληνική Λύση,0.4648,1,194,200,396.2523,medium,ok,True
SURVEY_01,FinalSample_EuroelectionsENG.sav,2019-04-24 00:00:00,2019.0,4.0,Q2,2019-Q2,auto_from_sav_date_column:Vdatesub,True,occupation_group,public_sector,ΚΚΕ,1.3445,3,194,200,396.2523,medium,ok,True
SURVEY_01,FinalSample_EuroelectionsENG.sav,2019-04-24 00:00:00,2019.0,4.0,Q2,2019-Q2,auto_from_sav_date_column:Vdatesub,True,occupation_group,public_sector,ΝΔ,27.8081,57,194,200,396.2523,medium,ok,True
SURVEY_01,FinalSample_EuroelectionsENG.sav,2019-04-24 00:00:00,2019.0,4.0,Q2,2019-Q2,auto_from_sav_date_column:Vdatesub,True,occupation_group,public_sector,ΠΑΣΟΚ/ΚΙΝΑΛ,7.6731,17,194,200,396.2523,medium,ok,True
SURVEY_01,FinalSample_EuroelectionsENG.sav,2019-04-24 00:00:00,2019.0,4.0,Q2,2019-Q2,auto_from_sav_date_column:Vdatesub,True,occupation_group,public_sector,Πλεύση Ελευθερίας,0.6105,1,194,200,396.2523,medium,ok,True
SURVEY_01,FinalSample_EuroelectionsENG.sav,2019-04-24 00:00:00,2019.0,4.0,Q2,2019-Q2,auto_from_sav_date_column:Vdatesub,True,occupation_group,public_sector,Ποτάμι,0.5727,1,194,200,396.2523,medium,ok,True
SURVEY_01,FinalSample_EuroelectionsENG.sav,2019-04-24 00:00:00,2019.0,4.0,Q2,2019-Q2,auto_from_sav_date_column:Vdatesub,True,occupation_group,public_sector,ΣΥΡΙΖΑ,36.9569,67,194,200,396.2523,medium,ok,True
SURVEY_01,FinalSample_EuroelectionsENG.sav,2019-04-24 00:00:00,2019.0,4.0,Q2,2019-Q2,auto_from_sav_date_column:Vdatesub,True,occupation_group,public_sector,Χρυσή Αυγή,4.83,9,194,200,396.2523,medium,ok,True
SURVEY_01,FinalSample_EuroelectionsENG.sav,2019-04-24 00:00:00,2019.0,4.0,Q2,2019-Q2,auto_from_sav_date_column:Vdatesub,True,occupation_group,rentier,other_party,16.9267,2,11,11,16.8714,low,ok,False
SURVEY_01,FinalSample_EuroelectionsENG.sav,2019-04-24 00:00:00,2019.0,4.0,Q2,2019-Q2,auto_from_sav_date_column:Vdatesub,True,occupation_group,rentier,ΝΔ,38.5267,4,11,11,16.8714,low,ok,False
SURVEY_01,FinalSample_EuroelectionsENG.sav,2019-04-24 00:00:00,2019.0,4.0,Q2,2019-Q2,auto_from_sav_date_column:Vdatesub,True,occupation_group,rentier,ΣΥΡΙΖΑ,24.9941,3,11,11,16.8714,low,ok,False
SURVEY_01,FinalSample_EuroelectionsENG.sav,2019-04-24 00:00:00,2019.0,4.0,Q2,2019-Q2,auto_from_sav_date_column:Vdatesub,True,occupation_group,rentier,Χρυσή Αυγή,19.5526,2,11,11,16.8714,low,ok,False
SURVEY_01,FinalSample_EuroelectionsENG.sav,2019-04-24 00:00:00,2019.0,4.0,Q2,2019-Q2,auto_from_sav_date_column:Vdatesub,True,occupation_group,retired,other_party,13.5778,63,471,479,859.5227,high,ok,True
SURVEY_01,FinalSample_EuroelectionsENG.sav,2019-04-24 00:00:00,2019.0,4.0,Q2,2019-Q2,auto_from_sav_date_column:Vdatesub,True,occupation_group,retired,ΑΝΕΛ,0.7592,4,471,479,859.5227,high,ok,True
SURVEY_01,FinalSample_EuroelectionsENG.sav,2019-04-24 00:00:00,2019.0,4.0,Q2,2019-Q2,auto_from_sav_date_column:Vdatesub,True,occupation_group,retired,Ελληνική Λύση,1.5491,7,471,479,859.5227,high,ok,True
SURVEY_01,FinalSample_EuroelectionsENG.sav,2019-04-24 00:00:00,2019.0,4.0,Q2,2019-Q2,auto_from_sav_date_column:Vdatesub,True,occupation_group,retired,ΚΚΕ,1.7176,6,471,479,859.5227,high,ok,True
SURVEY_01,FinalSample_EuroelectionsENG.sav,2019-04-24 00:00:00,2019.0,4.0,Q2,2019-Q2,auto_from_sav_date_column:Vdatesub,True,occupation_group,retired,ΜέΡΑ25,0.4302,2,471,479,859.5227,high,ok,True
SURVEY_01,FinalSample_EuroelectionsENG.sav,2019-04-24 00:00:00,2019.0,4.0,Q2,2019-Q2,auto_from_sav_date_column:Vdatesub,True,occupation_group,retired,ΝΔ,34.9225,171,471,479,859.5227,high,ok,True
SURVEY_01,FinalSample_EuroelectionsENG.sav,2019-04-24 00:00:00,2019.0,4.0,Q2,2019-Q2,auto_from_sav_date_column:Vdatesub,True,occupation_group,retired,ΠΑΣΟΚ/ΚΙΝΑΛ,8.8822,42,471,479,859.5227,high,ok,True
SURVEY_01,FinalSample_EuroelectionsENG.sav,2019-04-24 00:00:00,2019.0,4.0,Q2,2019-Q2,auto_from_sav_date_column:Vdatesub,True,occupation_group,retired,Πλεύση Ελευθερίας,1.1413,5,471,479,859.5227,high,ok,True
SURVEY_01,FinalSample_EuroelectionsENG.sav,2019-04-24 00:00:00,2019.0,4.0,Q2,2019-Q2,auto_from_sav_date_column:Vdatesub,True,occupation_group,retired,Ποτάμι,1.151,6,471,479,859.5227,high,ok,True
SURVEY_01,FinalSample_EuroelectionsENG.sav,2019-04-24 00:00:00,2019.0,4.0,Q2,2019-Q2,auto_from_sav_date_column:Vdatesub,True,occupation_group,retired,ΣΥΡΙΖΑ,32.0314,145,471,479,859.5227,high,ok,True
SURVEY_01,FinalSample_EuroelectionsENG.sav,2019-04-24 00:00:00,2019.0,4.0,Q2,2019-Q2,auto_from_sav_date_column:Vdatesub,True,occupation_group,retired,Χρυσή Αυγή,3.8377,20,471,479,859.5227,high,ok,True
SURVEY_01,FinalSample_EuroelectionsENG.sav,2019-04-24 00:00:00,2019.0,4.0,Q2,2019-Q2,auto_from_sav_date_column:Vdatesub,True,occupation_group,self_employed,other_party,13.0502,27,191,193,371.8201,medium,ok,True
SURVEY_01,FinalSample_EuroelectionsENG.sav,2019-04-24 00:00:00,2019.0,4.0,Q2,2019-Q2,auto_from_sav_date_column:Vdatesub,True,occupation_group,self_employed,ΑΝΕΛ,0.9195,2,191,193,371.8201,medium,ok,True
SURVEY_01,FinalSample_EuroelectionsENG.sav,2019-04-24 00:00:00,2019.0,4.0,Q2,2019-Q2,auto_from_sav_date_column:Vdatesub,True,occupation_group,self_employed,Ελληνική Λύση,2.327,4,191,193,371.8201,medium,ok,True
SURVEY_01,FinalSample_EuroelectionsENG.sav,2019-04-24 00:00:00,2019.0,4.0,Q2,2019-Q2,auto_from_sav_date_column:Vdatesub,True,occupation_group,self_employed,ΚΚΕ,6.4059,13,191,193,371.8201,medium,ok,True
SURVEY_01,FinalSample_EuroelectionsENG.sav,2019-04-24 00:00:00,2019.0,4.0,Q2,2019-Q2,auto_from_sav_date_column:Vdatesub,True,occupation_group,self_employed,ΝΔ,30.3762,57,191,193,371.8201,medium,ok,True
SURVEY_01,FinalSample_EuroelectionsENG.sav,2019-04-24 00:00:00,2019.0,4.0,Q2,2019-Q2,auto_from_sav_date_column:Vdatesub,True,occupation_group,self_employed,ΠΑΣΟΚ/ΚΙΝΑΛ,7.5316,13,191,193,371.8201,medium,ok,True
SURVEY_01,FinalSample_EuroelectionsENG.sav,2019-04-24 00:00:00,2019.0,4.0,Q2,2019-Q2,auto_from_sav_date_column:Vdatesub,True,occupation_group,self_employed,Πλεύση Ελευθερίας,0.8555,1,191,193,371.8201,medium,ok,True
SURVEY_01,FinalSample_EuroelectionsENG.sav,2019-04-24 00:00:00,2019.0,4.0,Q2,2019-Q2,auto_from_sav_date_column:Vdatesub,True,occupation_group,self_employed,Ποτάμι,1.1947,2,191,193,371.8201,medium,ok,True
SURVEY_01,FinalSample_EuroelectionsENG.sav,2019-04-24 00:00:00,2019.0,4.0,Q2,2019-Q2,auto_from_sav_date_column:Vdatesub,True,occupation_group,self_employed,ΣΥΡΙΖΑ,31.673,58,191,193,371.8201,medium,ok,True
SURVEY_01,FinalSample_EuroelectionsENG.sav,2019-04-24 00:00:00,2019.0,4.0,Q2,2019-Q2,auto_from_sav_date_column:Vdatesub,True,occupation_group,self_employed,Χρυσή Αυγή,5.6664,14,191,193,371.8201,medium,ok,True
SURVEY_01,FinalSample_EuroelectionsENG.sav,2019-04-24 00:00:00,2019.0,4.0,Q2,2019-Q2,auto_from_sav_date_column:Vdatesub,True,occupation_group,soldier,other_party,24.8634,2,8,8,9.3846,low,ok,False
SURVEY_01,FinalSample_EuroelectionsENG.sav,2019-04-24 00:00:00,2019.0,4.0,Q2,2019-Q2,auto_from_sav_date_column:Vdatesub,True,occupation_group,soldier,ΝΔ,12.5683,1,8,8,9.3846,low,ok,False
SURVEY_01,FinalSample_EuroelectionsENG.sav,2019-04-24 00:00:00,2019.0,4.0,Q2,2019-Q2,auto_from_sav_date_column:Vdatesub,True,occupation_group,soldier,ΣΥΡΙΖΑ,50.0,4,8,8,9.3846,low,ok,False
SURVEY_01,FinalSample_EuroelectionsENG.sav,2019-04-24 00:00:00,2019.0,4.0,Q2,2019-Q2,auto_from_sav_date_column:Vdatesub,True,occupation_group,soldier,Χρυσή Αυγή,12.5683,1,8,8,9.3846,low,ok,False
SURVEY_01,FinalSample_EuroelectionsENG.sav,2019-04-24 00:00:00,2019.0,4.0,Q2,2019-Q2,auto_from_sav_date_column:Vdatesub,True,occupation_group,student,other_party,26.9939,42,164,175,240.5489,medium,ok,True
SURVEY_01,FinalSample_EuroelectionsENG.sav,2019-04-24 00:00:00,2019.0,4.0,Q2,2019-Q2,auto_from_sav_date_column:Vdatesub,True,occupation_group,student,ΑΝΕΛ,0.6367,1,164,175,240.5489,medium,ok,True
SURVEY_01,FinalSample_EuroelectionsENG.sav,2019-04-24 00:00:00,2019.0,4.0,Q2,2019-Q2,auto_from_sav_date_column:Vdatesub,True,occupation_group,student,Ελληνική Λύση,0.7051,1,164,175,240.5489,medium,ok,True
SURVEY_01,FinalSample_EuroelectionsENG.sav,2019-04-24 00:00:00,2019.0,4.0,Q2,2019-Q2,auto_from_sav_date_column:Vdatesub,True,occupation_group,student,ΚΚΕ,4.5848,8,164,175,240.5489,medium,ok,True
SURVEY_01,FinalSample_EuroelectionsENG.sav,2019-04-24 00:00:00,2019.0,4.0,Q2,2019-Q2,auto_from_sav_date_column:Vdatesub,True,occupation_group,student,ΝΔ,21.5749,35,164,175,240.5489,medium,ok,True
SURVEY_01,FinalSample_EuroelectionsENG.sav,2019-04-24 00:00:00,2019.0,4.0,Q2,2019-Q2,auto_from_sav_date_column:Vdatesub,True,occupation_group,student,ΠΑΣΟΚ/ΚΙΝΑΛ,6.8404,11,164,175,240.5489,medium,ok,True
SURVEY_01,FinalSample_EuroelectionsENG.sav,2019-04-24 00:00:00,2019.0,4.0,Q2,2019-Q2,auto_from_sav_date_column:Vdatesub,True,occupation_group,student,Ποτάμι,0.5756,1,164,175,240.5489,medium,ok,True
SURVEY_01,FinalSample_EuroelectionsENG.sav,2019-04-24 00:00:00,2019.0,4.0,Q2,2019-Q2,auto_from_sav_date_column:Vdatesub,True,occupation_group,student,ΣΥΡΙΖΑ,28.648,49,164,175,240.5489,medium,ok,True
SURVEY_01,FinalSample_EuroelectionsENG.sav,2019-04-24 00:00:00,2019.0,4.0,Q2,2019-Q2,auto_from_sav_date_column:Vdatesub,True,occupation_group,student,Χρυσή Αυγή,9.4406,16,164,175,240.5489,medium,ok,True
SURVEY_01,FinalSample_EuroelectionsENG.sav,2019-04-24 00:00:00,2019.0,4.0,Q2,2019-Q2,auto_from_sav_date_column:Vdatesub,True,occupation_group,unemployed,other_party,29.2632,33,111,118,213.6971,medium,ok,True
SURVEY_01,FinalSample_EuroelectionsENG.sav,2019-04-24 00:00:00,2019.0,4.0,Q2,2019-Q2,auto_from_sav_date_column:Vdatesub,True,occupation_group,unemployed,ΑΝΕΛ,0.8619,1,111,118,213.6971,medium,ok,True
SURVEY_01,FinalSample_EuroelectionsENG.sav,2019-04-24 00:00:00,2019.0,4.0,Q2,2019-Q2,auto_from_sav_date_column:Vdatesub,True,occupation_group,unemployed,Ελληνική Λύση,3.7991,4,111,118,213.6971,medium,ok,True
SURVEY_01,FinalSample_EuroelectionsENG.sav,2019-04-24 00:00:00,2019.0,4.0,Q2,2019-Q2,auto_from_sav_date_column:Vdatesub,True,occupation_group,unemployed,ΚΚΕ,5.4146,6,111,118,213.6971,medium,ok,True
SURVEY_01,FinalSample_EuroelectionsENG.sav,2019-04-24 00:00:00,2019.0,4.0,Q2,2019-Q2,auto_from_sav_date_column:Vdatesub,True,occupation_group,unemployed,ΜέΡΑ25,1.0619,1,111,118,213.6971,medium,ok,True
SURVEY_01,FinalSample_EuroelectionsENG.sav,2019-04-24 00:00:00,2019.0,4.0,Q2,2019-Q2,auto_from_sav_date_column:Vdatesub,True,occupation_group,unemployed,ΝΔ,24.0301,29,111,118,213.6971,medium,ok,True
SURVEY_01,FinalSample_EuroelectionsENG.sav,2019-04-24 00:00:00,2019.0,4.0,Q2,2019-Q2,auto_from_sav_date_column:Vdatesub,True,occupation_group,unemployed,ΣΥΡΙΖΑ,20.5561,20,111,118,213.6971,medium,ok,True
SURVEY_01,FinalSample_EuroelectionsENG.sav,2019-04-24 00:00:00,2019.0,4.0,Q2,2019-Q2,auto_from_sav_date_column:Vdatesub,True,occupation_group,unemployed,Χρυσή Αυγή,15.0131,17,111,118,213.6971,medium,ok,True
SURVEY_01,FinalSample_EuroelectionsENG.sav,2019-04-24 00:00:00,2019.0,4.0,Q2,2019-Q2,auto_from_sav_date_column:Vdatesub,True,left_right_group,center,other_party,21.345,161,789,819,1479.8662,high,ok,True
SURVEY_01,FinalSample_EuroelectionsENG.sav,2019-04-24 00:00:00,2019.0,4.0,Q2,2019-Q2,auto_from_sav_date_column:Vdatesub,True,left_right_group,center,ΑΝΕΛ,0.9102,8,789,819,1479.8662,high,ok,True
SURVEY_01,FinalSample_EuroelectionsENG.sav,2019-04-24 00:00:00,2019.0,4.0,Q2,2019-Q2,auto_from_sav_date_column:Vdatesub,True,left_right_group,center,Ελληνική Λύση,1.607,13,789,819,1479.8662,high,ok,True
SURVEY_01,FinalSample_EuroelectionsENG.sav,2019-04-24 00:00:00,2019.0,4.0,Q2,2019-Q2,auto_from_sav_date_column:Vdatesub,True,left_right_group,center,ΚΚΕ,1.1182,9,789,819,1479.8662,high,ok,True
SURVEY_01,FinalSample_EuroelectionsENG.sav,2019-04-24 00:00:00,2019.0,4.0,Q2,2019-Q2,auto_from_sav_date_column:Vdatesub,True,left_right_group,center,ΜέΡΑ25,0.2499,2,789,819,1479.8662,high,ok,True
SURVEY_01,FinalSample_EuroelectionsENG.sav,2019-04-24 00:00:00,2019.0,4.0,Q2,2019-Q2,auto_from_sav_date_column:Vdatesub,True,left_right_group,center,ΝΔ,28.7329,239,789,819,1479.8662,high,ok,True
SURVEY_01,FinalSample_EuroelectionsENG.sav,2019-04-24 00:00:00,2019.0,4.0,Q2,2019-Q2,auto_from_sav_date_column:Vdatesub,True,left_right_group,center,ΠΑΣΟΚ/ΚΙΝΑΛ,11.3507,93,789,819,1479.8662,high,ok,True
SURVEY_01,FinalSample_EuroelectionsENG.sav,2019-04-24 00:00:00,2019.0,4.0,Q2,2019-Q2,auto_from_sav_date_column:Vdatesub,True,left_right_group,center,Πλεύση Ελευθερίας,0.6289,4,789,819,1479.8662,high,ok,True
SURVEY_01,FinalSample_EuroelectionsENG.sav,2019-04-24 00:00:00,2019.0,4.0,Q2,2019-Q2,auto_from_sav_date_column:Vdatesub,True,left_right_group,center,Ποτάμι,1.9927,14,789,819,1479.8662,high,ok,True
SURVEY_01,FinalSample_EuroelectionsENG.sav,2019-04-24 00:00:00,2019.0,4.0,Q2,2019-Q2,auto_from_sav_date_column:Vdatesub,True,left_right_group,center,ΣΥΡΙΖΑ,28.5819,217,789,819,1479.8662,high,ok,True
SURVEY_01,FinalSample_EuroelectionsENG.sav,2019-04-24 00:00:00,2019.0,4.0,Q2,2019-Q2,auto_from_sav_date_column:Vdatesub,True,left_right_group,center,Χρυσή Αυγή,3.4827,29,789,819,1479.8662,high,ok,True
SURVEY_01,FinalSample_EuroelectionsENG.sav,2019-04-24 00:00:00,2019.0,4.0,Q2,2019-Q2,auto_from_sav_date_column:Vdatesub,True,left_right_group,left,other_party,12.2454,43,333,339,642.2087,high,ok,True
SURVEY_01,FinalSample_EuroelectionsENG.sav,2019-04-24 00:00:00,2019.0,4.0,Q2,2019-Q2,auto_from_sav_date_column:Vdatesub,True,left_right_group,left,ΑΝΕΛ,0.7534,2,333,339,642.2087,high,ok,True
SURVEY_01,FinalSample_EuroelectionsENG.sav,2019-04-24 00:00:00,2019.0,4.0,Q2,2019-Q2,auto_from_sav_date_column:Vdatesub,True,left_right_group,left,Ελληνική Λύση,0.289,1,333,339,642.2087,high,ok,True
SURVEY_01,FinalSample_EuroelectionsENG.sav,2019-04-24 00:00:00,2019.0,4.0,Q2,2019-Q2,auto_from_sav_date_column:Vdatesub,True,left_right_group,left,ΚΚΕ,12.4583,44,333,339,642.2087,high,ok,True
SURVEY_01,FinalSample_EuroelectionsENG.sav,2019-04-24 00:00:00,2019.0,4.0,Q2,2019-Q2,auto_from_sav_date_column:Vdatesub,True,left_right_group,left,ΝΔ,1.6086,7,333,339,642.2087,high,ok,True
SURVEY_01,FinalSample_EuroelectionsENG.sav,2019-04-24 00:00:00,2019.0,4.0,Q2,2019-Q2,auto_from_sav_date_column:Vdatesub,True,left_right_group,left,ΠΑΣΟΚ/ΚΙΝΑΛ,3.4023,11,333,339,642.2087,high,ok,True
SURVEY_01,FinalSample_EuroelectionsENG.sav,2019-04-24 00:00:00,2019.0,4.0,Q2,2019-Q2,auto_from_sav_date_column:Vdatesub,True,left_right_group,left,Πλεύση Ελευθερίας,1.002,3,333,339,642.2087,high,ok,True
SURVEY_01,FinalSample_EuroelectionsENG.sav,2019-04-24 00:00:00,2019.0,4.0,Q2,2019-Q2,auto_from_sav_date_column:Vdatesub,True,left_right_group,left,ΣΥΡΙΖΑ,68.241,222,333,339,642.2087,high,ok,True
SURVEY_01,FinalSample_EuroelectionsENG.sav,2019-04-24 00:00:00,2019.0,4.0,Q2,2019-Q2,auto_from_sav_date_column:Vdatesub,True,left_right_group,right,other_party,19.0219,91,487,507,895.1276,high,ok,True
SURVEY_01,FinalSample_EuroelectionsENG.sav,2019-04-24 00:00:00,2019.0,4.0,Q2,2019-Q2,auto_from_sav_date_column:Vdatesub,True,left_right_group,right,ΑΝΕΛ,0.6944,4,487,507,895.1276,high,ok,True
SURVEY_01,FinalSample_EuroelectionsENG.sav,2019-04-24 00:00:00,2019.0,4.0,Q2,2019-Q2,auto_from_sav_date_column:Vdatesub,True,left_right_group,right,Ελληνική Λύση,3.4508,15,487,507,895.1276,high,ok,True
SURVEY_01,FinalSample_EuroelectionsENG.sav,2019-04-24 00:00:00,2019.0,4.0,Q2,2019-Q2,auto_from_sav_date_column:Vdatesub,True,left_right_group,right,ΚΚΕ,0.507,3,487,507,895.1276,high,ok,True
SURVEY_01,FinalSample_EuroelectionsENG.sav,2019-04-24 00:00:00,2019.0,4.0,Q2,2019-Q2,auto_from_sav_date_column:Vdatesub,True,left_right_group,right,ΜέΡΑ25,0.4487,2,487,507,895.1276,high,ok,True
SURVEY_01,FinalSample_EuroelectionsENG.sav,2019-04-24 00:00:00,2019.0,4.0,Q2,2019-Q2,auto_from_sav_date_column:Vdatesub,True,left_right_group,right,ΝΔ,51.9927,251,487,507,895.1276,high,ok,True
SURVEY_01,FinalSample_EuroelectionsENG.sav,2019-04-24 00:00:00,2019.0,4.0,Q2,2019-Q2,auto_from_sav_date_column:Vdatesub,True,left_right_group,right,ΠΑΣΟΚ/ΚΙΝΑΛ,0.9702,5,487,507,895.1276,high,ok,True
SURVEY_01,FinalSample_EuroelectionsENG.sav,2019-04-24 00:00:00,2019.0,4.0,Q2,2019-Q2,auto_from_sav_date_column:Vdatesub,True,left_right_group,right,Πλεύση Ελευθερίας,0.4115,2,487,507,895.1276,high,ok,True
SURVEY_01,FinalSample_EuroelectionsENG.sav,2019-04-24 00:00:00,2019.0,4.0,Q2,2019-Q2,auto_from_sav_date_column:Vdatesub,True,left_right_group,right,Ποτάμι,0.2058,1,487,507,895.1276,high,ok,True
SURVEY_01,FinalSample_EuroelectionsENG.sav,2019-04-24 00:00:00,2019.0,4.0,Q2,2019-Q2,auto_from_sav_date_column:Vdatesub,True,left_right_group,right,ΣΥΡΙΖΑ,5.5921,26,487,507,895.1276,high,ok,True
SURVEY_01,FinalSample_EuroelectionsENG.sav,2019-04-24 00:00:00,2019.0,4.0,Q2,2019-Q2,auto_from_sav_date_column:Vdatesub,True,left_right_group,right,Χρυσή Αυγή,16.7049,87,487,507,895.1276,high,ok,True
SURVEY_01,FinalSample_EuroelectionsENG.sav,2019-04-24 00:00:00,2019.0,4.0,Q2,2019-Q2,auto_from_sav_date_column:Vdatesub,True,previous_vote_party,other_party,other_party,32.2376,174,537,559,962.9533,high,ok,True
SURVEY_01,FinalSample_EuroelectionsENG.sav,2019-04-24 00:00:00,2019.0,4.0,Q2,2019-Q2,auto_from_sav_date_column:Vdatesub,True,previous_vote_party,other_party,ΑΝΕΛ,0.6017,4,537,559,962.9533,high,ok,True
SURVEY_01,FinalSample_EuroelectionsENG.sav,2019-04-24 00:00:00,2019.0,4.0,Q2,2019-Q2,auto_from_sav_date_column:Vdatesub,True,previous_vote_party,other_party,Ελληνική Λύση,1.8046,10,537,559,962.9533,high,ok,True
SURVEY_01,FinalSample_EuroelectionsENG.sav,2019-04-24 00:00:00,2019.0,4.0,Q2,2019-Q2,auto_from_sav_date_column:Vdatesub,True,previous_vote_party,other_party,ΚΚΕ,10.1493,54,537,559,962.9533,high,ok,True
SURVEY_01,FinalSample_EuroelectionsENG.sav,2019-04-24 00:00:00,2019.0,4.0,Q2,2019-Q2,auto_from_sav_date_column:Vdatesub,True,previous_vote_party,other_party,ΜέΡΑ25,0.6098,3,537,559,962.9533,high,ok,True
SURVEY_01,FinalSample_EuroelectionsENG.sav,2019-04-24 00:00:00,2019.0,4.0,Q2,2019-Q2,auto_from_sav_date_column:Vdatesub,True,previous_vote_party,other_party,ΝΔ,16.319,87,537,559,962.9533,high,ok,True
SURVEY_01,FinalSample_EuroelectionsENG.sav,2019-04-24 00:00:00,2019.0,4.0,Q2,2019-Q2,auto_from_sav_date_column:Vdatesub,True,previous_vote_party,other_party,ΠΑΣΟΚ/ΚΙΝΑΛ,13.8351,72,537,559,962.9533,high,ok,True
SURVEY_01,FinalSample_EuroelectionsENG.sav,2019-04-24 00:00:00,2019.0,4.0,Q2,2019-Q2,auto_from_sav_date_column:Vdatesub,True,previous_vote_party,other_party,Πλεύση Ελευθερίας,1.26,6,537,559,962.9533,high,ok,True
SURVEY_01,FinalSample_EuroelectionsENG.sav,2019-04-24 00:00:00,2019.0,4.0,Q2,2019-Q2,auto_from_sav_date_column:Vdatesub,True,previous_vote_party,other_party,ΣΥΡΙΖΑ,19.2602,102,537,559,962.9533,high,ok,True
SURVEY_01,FinalSample_EuroelectionsENG.sav,2019-04-24 00:00:00,2019.0,4.0,Q2,2019-Q2,auto_from_sav_date_column:Vdatesub,True,previous_vote_party,other_party,Χρυσή Αυγή,3.9227,25,537,559,962.9533,high,ok,True
SURVEY_01,FinalSample_EuroelectionsENG.sav,2019-04-24 00:00:00,2019.0,4.0,Q2,2019-Q2,auto_from_sav_date_column:Vdatesub,True,previous_vote_party,ΑΝΕΛ,other_party,28.4787,12,45,50,86.2287,low,ok,True
SURVEY_01,FinalSample_EuroelectionsENG.sav,2019-04-24 00:00:00,2019.0,4.0,Q2,2019-Q2,auto_from_sav_date_column:Vdatesub,True,previous_vote_party,ΑΝΕΛ,ΑΝΕΛ,16.1088,8,45,50,86.2287,low,ok,True
SURVEY_01,FinalSample_EuroelectionsENG.sav,2019-04-24 00:00:00,2019.0,4.0,Q2,2019-Q2,auto_from_sav_date_column:Vdatesub,True,previous_vote_party,ΑΝΕΛ,Ελληνική Λύση,11.5408,4,45,50,86.2287,low,ok,True
SURVEY_01,FinalSample_EuroelectionsENG.sav,2019-04-24 00:00:00,2019.0,4.0,Q2,2019-Q2,auto_from_sav_date_column:Vdatesub,True,previous_vote_party,ΑΝΕΛ,ΝΔ,24.2124,13,45,50,86.2287,low,ok,True
SURVEY_01,FinalSample_EuroelectionsENG.sav,2019-04-24 00:00:00,2019.0,4.0,Q2,2019-Q2,auto_from_sav_date_column:Vdatesub,True,previous_vote_party,ΑΝΕΛ,ΣΥΡΙΖΑ,14.4732,5,45,50,86.2287,low,ok,True
SURVEY_01,FinalSample_EuroelectionsENG.sav,2019-04-24 00:00:00,2019.0,4.0,Q2,2019-Q2,auto_from_sav_date_column:Vdatesub,True,previous_vote_party,ΑΝΕΛ,Χρυσή Αυγή,5.186,3,45,50,86.2287,low,ok,True
SURVEY_01,FinalSample_EuroelectionsENG.sav,2019-04-24 00:00:00,2019.0,4.0,Q2,2019-Q2,auto_from_sav_date_column:Vdatesub,True,previous_vote_party,ΝΔ,other_party,5.7782,21,381,385,703.7542,high,ok,True
SURVEY_01,FinalSample_EuroelectionsENG.sav,2019-04-24 00:00:00,2019.0,4.0,Q2,2019-Q2,auto_from_sav_date_column:Vdatesub,True,previous_vote_party,ΝΔ,Ελληνική Λύση,0.7484,3,381,385,703.7542,high,ok,True
SURVEY_01,FinalSample_EuroelectionsENG.sav,2019-04-24 00:00:00,2019.0,4.0,Q2,2019-Q2,auto_from_sav_date_column:Vdatesub,True,previous_vote_party,ΝΔ,ΝΔ,83.3949,320,381,385,703.7542,high,ok,True
SURVEY_01,FinalSample_EuroelectionsENG.sav,2019-04-24 00:00:00,2019.0,4.0,Q2,2019-Q2,auto_from_sav_date_column:Vdatesub,True,previous_vote_party,ΝΔ,ΠΑΣΟΚ/ΚΙΝΑΛ,1.0923,5,381,385,703.7542,high,ok,True
SURVEY_01,FinalSample_EuroelectionsENG.sav,2019-04-24 00:00:00,2019.0,4.0,Q2,2019-Q2,auto_from_sav_date_column:Vdatesub,True,previous_vote_party,ΝΔ,Ποτάμι,0.1658,1,381,385,703.7542,high,ok,True
SURVEY_01,FinalSample_EuroelectionsENG.sav,2019-04-24 00:00:00,2019.0,4.0,Q2,2019-Q2,auto_from_sav_date_column:Vdatesub,True,previous_vote_party,ΝΔ,ΣΥΡΙΖΑ,6.5306,23,381,385,703.7542,high,ok,True
SURVEY_01,FinalSample_EuroelectionsENG.sav,2019-04-24 00:00:00,2019.0,4.0,Q2,2019-Q2,auto_from_sav_date_column:Vdatesub,True,previous_vote_party,ΝΔ,Χρυσή Αυγή,2.2899,8,381,385,703.7542,high,ok,True
SURVEY_01,FinalSample_EuroelectionsENG.sav,2019-04-24 00:00:00,2019.0,4.0,Q2,2019-Q2,auto_from_sav_date_column:Vdatesub,True,previous_vote_party,Ποτάμι,other_party,15.0797,9,56,56,104.6655,low,ok,True
SURVEY_01,FinalSample_EuroelectionsENG.sav,2019-04-24 00:00:00,2019.0,4.0,Q2,2019-Q2,auto_from_sav_date_column:Vdatesub,True,previous_vote_party,Ποτάμι,ΝΔ,24.6204,15,56,56,104.6655,low,ok,True
SURVEY_01,FinalSample_EuroelectionsENG.sav,2019-04-24 00:00:00,2019.0,4.0,Q2,2019-Q2,auto_from_sav_date_column:Vdatesub,True,previous_vote_party,Ποτάμι,ΠΑΣΟΚ/ΚΙΝΑΛ,21.7949,12,56,56,104.6655,low,ok,True
SURVEY_01,FinalSample_EuroelectionsENG.sav,2019-04-24 00:00:00,2019.0,4.0,Q2,2019-Q2,auto_from_sav_date_column:Vdatesub,True,previous_vote_party,Ποτάμι,Ποτάμι,28.8205,14,56,56,104.6655,low,ok,True
SURVEY_01,FinalSample_EuroelectionsENG.sav,2019-04-24 00:00:00,2019.0,4.0,Q2,2019-Q2,auto_from_sav_date_column:Vdatesub,True,previous_vote_party,Ποτάμι,ΣΥΡΙΖΑ,8.7291,5,56,56,104.6655,low,ok,True
SURVEY_01,FinalSample_EuroelectionsENG.sav,2019-04-24 00:00:00,2019.0,4.0,Q2,2019-Q2,auto_from_sav_date_column:Vdatesub,True,previous_vote_party,Ποτάμι,Χρυσή Αυγή,0.9554,1,56,56,104.6655,low,ok,True
SURVEY_01,FinalSample_EuroelectionsENG.sav,2019-04-24 00:00:00,2019.0,4.0,Q2,2019-Q2,auto_from_sav_date_column:Vdatesub,True,previous_vote_party,ΣΥΡΙΖΑ,other_party,14.1164,60,468,485,929.9877,high,ok,True
SURVEY_01,FinalSample_EuroelectionsENG.sav,2019-04-24 00:00:00,2019.0,4.0,Q2,2019-Q2,auto_from_sav_date_column:Vdatesub,True,previous_vote_party,ΣΥΡΙΖΑ,ΑΝΕΛ,0.5202,2,468,485,929.9877,high,ok,True
SURVEY_01,FinalSample_EuroelectionsENG.sav,2019-04-24 00:00:00,2019.0,4.0,Q2,2019-Q2,auto_from_sav_date_column:Vdatesub,True,previous_vote_party,ΣΥΡΙΖΑ,Ελληνική Λύση,1.3093,7,468,485,929.9877,high,ok,True
SURVEY_01,FinalSample_EuroelectionsENG.sav,2019-04-24 00:00:00,2019.0,4.0,Q2,2019-Q2,auto_from_sav_date_column:Vdatesub,True,previous_vote_party,ΣΥΡΙΖΑ,ΚΚΕ,0.3615,2,468,485,929.9877,high,ok,True
SURVEY_01,FinalSample_EuroelectionsENG.sav,2019-04-24 00:00:00,2019.0,4.0,Q2,2019-Q2,auto_from_sav_date_column:Vdatesub,True,previous_vote_party,ΣΥΡΙΖΑ,ΜέΡΑ25,0.1981,1,468,485,929.9877,high,ok,True
SURVEY_01,FinalSample_EuroelectionsENG.sav,2019-04-24 00:00:00,2019.0,4.0,Q2,2019-Q2,auto_from_sav_date_column:Vdatesub,True,previous_vote_party,ΣΥΡΙΖΑ,ΝΔ,8.4295,44,468,485,929.9877,high,ok,True
SURVEY_01,FinalSample_EuroelectionsENG.sav,2019-04-24 00:00:00,2019.0,4.0,Q2,2019-Q2,auto_from_sav_date_column:Vdatesub,True,previous_vote_party,ΣΥΡΙΖΑ,ΠΑΣΟΚ/ΚΙΝΑΛ,3.2447,17,468,485,929.9877,high,ok,True
SURVEY_01,FinalSample_EuroelectionsENG.sav,2019-04-24 00:00:00,2019.0,4.0,Q2,2019-Q2,auto_from_sav_date_column:Vdatesub,True,previous_vote_party,ΣΥΡΙΖΑ,Πλεύση Ελευθερίας,0.7841,3,468,485,929.9877,high,ok,True
SURVEY_01,FinalSample_EuroelectionsENG.sav,2019-04-24 00:00:00,2019.0,4.0,Q2,2019-Q2,auto_from_sav_date_column:Vdatesub,True,previous_vote_party,ΣΥΡΙΖΑ,ΣΥΡΙΖΑ,69.6572,324,468,485,929.9877,high,ok,True
SURVEY_01,FinalSample_EuroelectionsENG.sav,2019-04-24 00:00:00,2019.0,4.0,Q2,2019-Q2,auto_from_sav_date_column:Vdatesub,True,previous_vote_party,ΣΥΡΙΖΑ,Χρυσή Αυγή,1.3791,8,468,485,929.9877,high,ok,True
SURVEY_01,FinalSample_EuroelectionsENG.sav,2019-04-24 00:00:00,2019.0,4.0,Q2,2019-Q2,auto_from_sav_date_column:Vdatesub,True,previous_vote_party,Χρυσή Αυγή,other_party,2.6147,3,90,96,162.7887,low,ok,True
SURVEY_01,FinalSample_EuroelectionsENG.sav,2019-04-24 00:00:00,2019.0,4.0,Q2,2019-Q2,auto_from_sav_date_column:Vdatesub,True,previous_vote_party,Χρυσή Αυγή,Ελληνική Λύση,4.3595,3,90,96,162.7887,low,ok,True
SURVEY_01,FinalSample_EuroelectionsENG.sav,2019-04-24 00:00:00,2019.0,4.0,Q2,2019-Q2,auto_from_sav_date_column:Vdatesub,True,previous_vote_party,Χρυσή Αυγή,ΝΔ,13.8535,13,90,96,162.7887,low,ok,True
SURVEY_01,FinalSample_EuroelectionsENG.sav,2019-04-24 00:00:00,2019.0,4.0,Q2,2019-Q2,auto_from_sav_date_column:Vdatesub,True,previous_vote_party,Χρυσή Αυγή,ΣΥΡΙΖΑ,1.3861,1,90,96,162.7887,low,ok,True
SURVEY_01,FinalSample_EuroelectionsENG.sav,2019-04-24 00:00:00,2019.0,4.0,Q2,2019-Q2,auto_from_sav_date_column:Vdatesub,True,previous_vote_party,Χρυσή Αυγή,Χρυσή Αυγή,77.7861,70,90,96,162.7887,low,ok,True
SURVEY_01,FinalSample_EuroelectionsENG.sav,2019-04-24 00:00:00,2019.0,4.0,Q2,2019-Q2,auto_from_sav_date_column:Vdatesub,True,region_group,01,other_party,51.9555,3,7,7,14.9516,low,ok,False
SURVEY_01,FinalSample_EuroelectionsENG.sav,2019-04-24 00:00:00,2019.0,4.0,Q2,2019-Q2,auto_from_sav_date_column:Vdatesub,True,region_group,01,ΝΔ,16.7849,1,7,7,14.9516,low,ok,False
SURVEY_01,FinalSample_EuroelectionsENG.sav,2019-04-24 00:00:00,2019.0,4.0,Q2,2019-Q2,auto_from_sav_date_column:Vdatesub,True,region_group,01,ΣΥΡΙΖΑ,22.0632,2,7,7,14.9516,low,ok,False
SURVEY_01,FinalSample_EuroelectionsENG.sav,2019-04-24 00:00:00,2019.0,4.0,Q2,2019-Q2,auto_from_sav_date_column:Vdatesub,True,region_group,01,Χρυσή Αυγή,9.1963,1,7,7,14.9516,low,ok,False
SURVEY_01,FinalSample_EuroelectionsENG.sav,2019-04-24 00:00:00,2019.0,4.0,Q2,2019-Q2,auto_from_sav_date_column:Vdatesub,True,region_group,02,other_party,22.7894,1,4,4,7.1044,low,ok,False
SURVEY_01,FinalSample_EuroelectionsENG.sav,2019-04-24 00:00:00,2019.0,4.0,Q2,2019-Q2,auto_from_sav_date_column:Vdatesub,True,region_group,02,Ελληνική Λύση,19.3542,1,4,4,7.1044,low,ok,False
SURVEY_01,FinalSample_EuroelectionsENG.sav,2019-04-24 00:00:00,2019.0,4.0,Q2,2019-Q2,auto_from_sav_date_column:Vdatesub,True,region_group,02,ΠΑΣΟΚ/ΚΙΝΑΛ,33.981,1,4,4,7.1044,low,ok,False
SURVEY_01,FinalSample_EuroelectionsENG.sav,2019-04-24 00:00:00,2019.0,4.0,Q2,2019-Q2,auto_from_sav_date_column:Vdatesub,True,region_group,02,Χρυσή Αυγή,23.8754,1,4,4,7.1044,low,ok,False
SURVEY_01,FinalSample_EuroelectionsENG.sav,2019-04-24 00:00:00,2019.0,4.0,Q2,2019-Q2,auto_from_sav_date_column:Vdatesub,True,region_group,03,other_party,20.7798,2,8,9,12.5589,low,ok,False
SURVEY_01,FinalSample_EuroelectionsENG.sav,2019-04-24 00:00:00,2019.0,4.0,Q2,2019-Q2,auto_from_sav_date_column:Vdatesub,True,region_group,03,ΝΔ,37.0562,3,8,9,12.5589,low,ok,False
SURVEY_01,FinalSample_EuroelectionsENG.sav,2019-04-24 00:00:00,2019.0,4.0,Q2,2019-Q2,auto_from_sav_date_column:Vdatesub,True,region_group,03,ΠΑΣΟΚ/ΚΙΝΑΛ,9.2896,1,8,9,12.5589,low,ok,False
SURVEY_01,FinalSample_EuroelectionsENG.sav,2019-04-24 00:00:00,2019.0,4.0,Q2,2019-Q2,auto_from_sav_date_column:Vdatesub,True,region_group,03,ΣΥΡΙΖΑ,12.8917,1,8,9,12.5589,low,ok,False
SURVEY_01,FinalSample_EuroelectionsENG.sav,2019-04-24 00:00:00,2019.0,4.0,Q2,2019-Q2,auto_from_sav_date_column:Vdatesub,True,region_group,03,Χρυσή Αυγή,19.9828,1,8,9,12.5589,low,ok,False
SURVEY_01,FinalSample_EuroelectionsENG.sav,2019-04-24 00:00:00,2019.0,4.0,Q2,2019-Q2,auto_from_sav_date_column:Vdatesub,True,region_group,04,ΑΝΕΛ,15.912,1,8,8,15.2027,low,ok,False
SURVEY_01,FinalSample_EuroelectionsENG.sav,2019-04-24 00:00:00,2019.0,4.0,Q2,2019-Q2,auto_from_sav_date_column:Vdatesub,True,region_group,04,Ελληνική Λύση,19.4804,2,8,8,15.2027,low,ok,False
SURVEY_01,FinalSample_EuroelectionsENG.sav,2019-04-24 00:00:00,2019.0,4.0,Q2,2019-Q2,auto_from_sav_date_column:Vdatesub,True,region_group,04,ΚΚΕ,9.492,1,8,8,15.2027,low,ok,False
SURVEY_01,FinalSample_EuroelectionsENG.sav,2019-04-24 00:00:00,2019.0,4.0,Q2,2019-Q2,auto_from_sav_date_column:Vdatesub,True,region_group,04,ΝΔ,46.008,3,8,8,15.2027,low,ok,False
SURVEY_01,FinalSample_EuroelectionsENG.sav,2019-04-24 00:00:00,2019.0,4.0,Q2,2019-Q2,auto_from_sav_date_column:Vdatesub,True,region_group,04,Χρυσή Αυγή,9.1077,1,8,8,15.2027,low,ok,False
SURVEY_01,FinalSample_EuroelectionsENG.sav,2019-04-24 00:00:00,2019.0,4.0,Q2,2019-Q2,auto_from_sav_date_column:Vdatesub,True,region_group,05,other_party,14.5291,4,22,23,41.1805,low,ok,False
SURVEY_01,FinalSample_EuroelectionsENG.sav,2019-04-24 00:00:00,2019.0,4.0,Q2,2019-Q2,auto_from_sav_date_column:Vdatesub,True,region_group,05,Ελληνική Λύση,4.1189,1,22,23,41.1805,low,ok,False
SURVEY_01,FinalSample_EuroelectionsENG.sav,2019-04-24 00:00:00,2019.0,4.0,Q2,2019-Q2,auto_from_sav_date_column:Vdatesub,True,region_group,05,ΚΚΕ,7.4579,2,22,23,41.1805,low,ok,False
SURVEY_01,FinalSample_EuroelectionsENG.sav,2019-04-24 00:00:00,2019.0,4.0,Q2,2019-Q2,auto_from_sav_date_column:Vdatesub,True,region_group,05,ΝΔ,29.9598,6,22,23,41.1805,low,ok,False
SURVEY_01,FinalSample_EuroelectionsENG.sav,2019-04-24 00:00:00,2019.0,4.0,Q2,2019-Q2,auto_from_sav_date_column:Vdatesub,True,region_group,05,ΠΑΣΟΚ/ΚΙΝΑΛ,2.8642,1,22,23,41.1805,low,ok,False
SURVEY_01,FinalSample_EuroelectionsENG.sav,2019-04-24 00:00:00,2019.0,4.0,Q2,2019-Q2,auto_from_sav_date_column:Vdatesub,True,region_group,05,ΣΥΡΙΖΑ,30.4694,6,22,23,41.1805,low,ok,False
SURVEY_01,FinalSample_EuroelectionsENG.sav,2019-04-24 00:00:00,2019.0,4.0,Q2,2019-Q2,auto_from_sav_date_column:Vdatesub,True,region_group,05,Χρυσή Αυγή,10.6006,2,22,23,41.1805,low,ok,False
SURVEY_01,FinalSample_EuroelectionsENG.sav,2019-04-24 00:00:00,2019.0,4.0,Q2,2019-Q2,auto_from_sav_date_column:Vdatesub,True,region_group,06,ΣΥΡΙΖΑ,54.452,2,3,3,5.3002,low,ok,False
SURVEY_01,FinalSample_EuroelectionsENG.sav,2019-04-24 00:00:00,2019.0,4.0,Q2,2019-Q2,auto_from_sav_date_column:Vdatesub,True,region_group,06,Χρυσή Αυγή,45.548,1,3,3,5.3002,low,ok,False
SURVEY_01,FinalSample_EuroelectionsENG.sav,2019-04-24 00:00:00,2019.0,4.0,Q2,2019-Q2,auto_from_sav_date_column:Vdatesub,True,region_group,07,other_party,15.9584,2,9,9,22.0876,low,ok,False
SURVEY_01,FinalSample_EuroelectionsENG.sav,2019-04-24 00:00:00,2019.0,4.0,Q2,2019-Q2,auto_from_sav_date_column:Vdatesub,True,region_group,07,Ελληνική Λύση,16.4281,1,9,9,22.0876,low,ok,False
SURVEY_01,FinalSample_EuroelectionsENG.sav,2019-04-24 00:00:00,2019.0,4.0,Q2,2019-Q2,auto_from_sav_date_column:Vdatesub,True,region_group,07,ΝΔ,53.2551,5,9,9,22.0876,low,ok,False
SURVEY_01,FinalSample_EuroelectionsENG.sav,2019-04-24 00:00:00,2019.0,4.0,Q2,2019-Q2,auto_from_sav_date_column:Vdatesub,True,region_group,07,ΣΥΡΙΖΑ,14.3584,1,9,9,22.0876,low,ok,False
SURVEY_01,FinalSample_EuroelectionsENG.sav,2019-04-24 00:00:00,2019.0,4.0,Q2,2019-Q2,auto_from_sav_date_column:Vdatesub,True,region_group,08,other_party,100.0,1,1,1,3.181,low,ok,False
SURVEY_01,FinalSample_EuroelectionsENG.sav,2019-04-24 00:00:00,2019.0,4.0,Q2,2019-Q2,auto_from_sav_date_column:Vdatesub,True,region_group,09,ΠΑΣΟΚ/ΚΙΝΑΛ,43.2768,1,2,2,4.256,low,ok,False
SURVEY_01,FinalSample_EuroelectionsENG.sav,2019-04-24 00:00:00,2019.0,4.0,Q2,2019-Q2,auto_from_sav_date_column:Vdatesub,True,region_group,09,ΣΥΡΙΖΑ,56.7232,1,2,2,4.256,low,ok,False
SURVEY_01,FinalSample_EuroelectionsENG.sav,2019-04-24 00:00:00,2019.0,4.0,Q2,2019-Q2,auto_from_sav_date_column:Vdatesub,True,region_group,10,other_party,65.9176,1,2,2,3.4231,low,ok,False
SURVEY_01,FinalSample_EuroelectionsENG.sav,2019-04-24 00:00:00,2019.0,4.0,Q2,2019-Q2,auto_from_sav_date_column:Vdatesub,True,region_group,10,ΠΑΣΟΚ/ΚΙΝΑΛ,34.0824,1,2,2,3.4231,low,ok,False
SURVEY_01,FinalSample_EuroelectionsENG.sav,2019-04-24 00:00:00,2019.0,4.0,Q2,2019-Q2,auto_from_sav_date_column:Vdatesub,True,region_group,11,other_party,21.1896,4,17,18,28.5259,low,ok,False
SURVEY_01,FinalSample_EuroelectionsENG.sav,2019-04-24 00:00:00,2019.0,4.0,Q2,2019-Q2,auto_from_sav_date_column:Vdatesub,True,region_group,11,ΚΚΕ,3.8764,1,17,18,28.5259,low,ok,False
SURVEY_01,FinalSample_EuroelectionsENG.sav,2019-04-24 00:00:00,2019.0,4.0,Q2,2019-Q2,auto_from_sav_date_column:Vdatesub,True,region_group,11,ΝΔ,37.3466,6,17,18,28.5259,low,ok,False
SURVEY_01,FinalSample_EuroelectionsENG.sav,2019-04-24 00:00:00,2019.0,4.0,Q2,2019-Q2,auto_from_sav_date_column:Vdatesub,True,region_group,11,ΣΥΡΙΖΑ,10.5466,2,17,18,28.5259,low,ok,False
SURVEY_01,FinalSample_EuroelectionsENG.sav,2019-04-24 00:00:00,2019.0,4.0,Q2,2019-Q2,auto_from_sav_date_column:Vdatesub,True,region_group,11,Χρυσή Αυγή,27.0409,4,17,18,28.5259,low,ok,False
SURVEY_01,FinalSample_EuroelectionsENG.sav,2019-04-24 00:00:00,2019.0,4.0,Q2,2019-Q2,auto_from_sav_date_column:Vdatesub,True,region_group,12,other_party,35.6223,2,5,5,10.6699,low,ok,False
SURVEY_01,FinalSample_EuroelectionsENG.sav,2019-04-24 00:00:00,2019.0,4.0,Q2,2019-Q2,auto_from_sav_date_column:Vdatesub,True,region_group,12,ΝΔ,34.6547,2,5,5,10.6699,low,ok,False
SURVEY_01,FinalSample_EuroelectionsENG.sav,2019-04-24 00:00:00,2019.0,4.0,Q2,2019-Q2,auto_from_sav_date_column:Vdatesub,True,region_group,12,ΣΥΡΙΖΑ,29.723,1,5,5,10.6699,low,ok,False
SURVEY_01,FinalSample_EuroelectionsENG.sav,2019-04-24 00:00:00,2019.0,4.0,Q2,2019-Q2,auto_from_sav_date_column:Vdatesub,True,region_group,13,other_party,20.166,53,273,286,512.2074,medium,ok,True
SURVEY_01,FinalSample_EuroelectionsENG.sav,2019-04-24 00:00:00,2019.0,4.0,Q2,2019-Q2,auto_from_sav_date_column:Vdatesub,True,region_group,13,ΑΝΕΛ,1.1309,3,273,286,512.2074,medium,ok,True
SURVEY_01,FinalSample_EuroelectionsENG.sav,2019-04-24 00:00:00,2019.0,4.0,Q2,2019-Q2,auto_from_sav_date_column:Vdatesub,True,region_group,13,Ελληνική Λύση,2.6137,6,273,286,512.2074,medium,ok,True
SURVEY_01,FinalSample_EuroelectionsENG.sav,2019-04-24 00:00:00,2019.0,4.0,Q2,2019-Q2,auto_from_sav_date_column:Vdatesub,True,region_group,13,ΚΚΕ,2.5268,9,273,286,512.2074,medium,ok,True
SURVEY_01,FinalSample_EuroelectionsENG.sav,2019-04-24 00:00:00,2019.0,4.0,Q2,2019-Q2,auto_from_sav_date_column:Vdatesub,True,region_group,13,ΜέΡΑ25,1.1464,3,273,286,512.2074,medium,ok,True
SURVEY_01,FinalSample_EuroelectionsENG.sav,2019-04-24 00:00:00,2019.0,4.0,Q2,2019-Q2,auto_from_sav_date_column:Vdatesub,True,region_group,13,ΝΔ,27.9013,82,273,286,512.2074,medium,ok,True
SURVEY_01,FinalSample_EuroelectionsENG.sav,2019-04-24 00:00:00,2019.0,4.0,Q2,2019-Q2,auto_from_sav_date_column:Vdatesub,True,region_group,13,ΠΑΣΟΚ/ΚΙΝΑΛ,4.7144,13,273,286,512.2074,medium,ok,True
SURVEY_01,FinalSample_EuroelectionsENG.sav,2019-04-24 00:00:00,2019.0,4.0,Q2,2019-Q2,auto_from_sav_date_column:Vdatesub,True,region_group,13,Πλεύση Ελευθερίας,1.4252,4,273,286,512.2074,medium,ok,True
SURVEY_01,FinalSample_EuroelectionsENG.sav,2019-04-24 00:00:00,2019.0,4.0,Q2,2019-Q2,auto_from_sav_date_column:Vdatesub,True,region_group,13,Ποτάμι,0.7084,1,273,286,512.2074,medium,ok,True
SURVEY_01,FinalSample_EuroelectionsENG.sav,2019-04-24 00:00:00,2019.0,4.0,Q2,2019-Q2,auto_from_sav_date_column:Vdatesub,True,region_group,13,ΣΥΡΙΖΑ,28.1736,71,273,286,512.2074,medium,ok,True
SURVEY_01,FinalSample_EuroelectionsENG.sav,2019-04-24 00:00:00,2019.0,4.0,Q2,2019-Q2,auto_from_sav_date_column:Vdatesub,True,region_group,13,Χρυσή Αυγή,9.4932,28,273,286,512.2074,medium,ok,True
SURVEY_01,FinalSample_EuroelectionsENG.sav,2019-04-24 00:00:00,2019.0,4.0,Q2,2019-Q2,auto_from_sav_date_column:Vdatesub,True,region_group,14,ΝΔ,51.5115,4,8,8,14.1595,low,ok,False
SURVEY_01,FinalSample_EuroelectionsENG.sav,2019-04-24 00:00:00,2019.0,4.0,Q2,2019-Q2,auto_from_sav_date_column:Vdatesub,True,region_group,14,ΣΥΡΙΖΑ,40.1586,3,8,8,14.1595,low,ok,False
SURVEY_01,FinalSample_EuroelectionsENG.sav,2019-04-24 00:00:00,2019.0,4.0,Q2,2019-Q2,auto_from_sav_date_column:Vdatesub,True,region_group,14,Χρυσή Αυγή,8.33,1,8,8,14.1595,low,ok,False
SURVEY_01,FinalSample_EuroelectionsENG.sav,2019-04-24 00:00:00,2019.0,4.0,Q2,2019-Q2,auto_from_sav_date_column:Vdatesub,True,region_group,16,other_party,30.9124,1,3,3,7.3408,low,ok,False
SURVEY_01,FinalSample_EuroelectionsENG.sav,2019-04-24 00:00:00,2019.0,4.0,Q2,2019-Q2,auto_from_sav_date_column:Vdatesub,True,region_group,16,ΝΔ,49.4299,1,3,3,7.3408,low,ok,False
SURVEY_01,FinalSample_EuroelectionsENG.sav,2019-04-24 00:00:00,2019.0,4.0,Q2,2019-Q2,auto_from_sav_date_column:Vdatesub,True,region_group,16,ΠΑΣΟΚ/ΚΙΝΑΛ,19.6577,1,3,3,7.3408,low,ok,False
SURVEY_01,FinalSample_EuroelectionsENG.sav,2019-04-24 00:00:00,2019.0,4.0,Q2,2019-Q2,auto_from_sav_date_column:Vdatesub,True,region_group,17,other_party,7.2846,1,13,13,23.9799,low,ok,False
SURVEY_01,FinalSample_EuroelectionsENG.sav,2019-04-24 00:00:00,2019.0,4.0,Q2,2019-Q2,auto_from_sav_date_column:Vdatesub,True,region_group,17,ΝΔ,50.8816,6,13,13,23.9799,low,ok,False
SURVEY_01,FinalSample_EuroelectionsENG.sav,2019-04-24 00:00:00,2019.0,4.0,Q2,2019-Q2,auto_from_sav_date_column:Vdatesub,True,region_group,17,ΠΑΣΟΚ/ΚΙΝΑΛ,9.4096,1,13,13,23.9799,low,ok,False
SURVEY_01,FinalSample_EuroelectionsENG.sav,2019-04-24 00:00:00,2019.0,4.0,Q2,2019-Q2,auto_from_sav_date_column:Vdatesub,True,region_group,17,ΣΥΡΙΖΑ,24.7434,4,13,13,23.9799,low,ok,False
SURVEY_01,FinalSample_EuroelectionsENG.sav,2019-04-24 00:00:00,2019.0,4.0,Q2,2019-Q2,auto_from_sav_date_column:Vdatesub,True,region_group,17,Χρυσή Αυγή,7.6809,1,13,13,23.9799,low,ok,False
SURVEY_01,FinalSample_EuroelectionsENG.sav,2019-04-24 00:00:00,2019.0,4.0,Q2,2019-Q2,auto_from_sav_date_column:Vdatesub,True,region_group,18,ΝΔ,50.9407,1,2,2,4.4295,low,ok,False
SURVEY_01,FinalSample_EuroelectionsENG.sav,2019-04-24 00:00:00,2019.0,4.0,Q2,2019-Q2,auto_from_sav_date_column:Vdatesub,True,region_group,18,Χρυσή Αυγή,49.0593,1,2,2,4.4295,low,ok,False
SURVEY_01,FinalSample_EuroelectionsENG.sav,2019-04-24 00:00:00,2019.0,4.0,Q2,2019-Q2,auto_from_sav_date_column:Vdatesub,True,region_group,19,other_party,44.4313,2,6,6,9.0363,low,ok,False
SURVEY_01,FinalSample_EuroelectionsENG.sav,2019-04-24 00:00:00,2019.0,4.0,Q2,2019-Q2,auto_from_sav_date_column:Vdatesub,True,region_group,19,Ελληνική Λύση,20.3829,1,6,6,9.0363,low,ok,False
SURVEY_01,FinalSample_EuroelectionsENG.sav,2019-04-24 00:00:00,2019.0,4.0,Q2,2019-Q2,auto_from_sav_date_column:Vdatesub,True,region_group,19,ΝΔ,35.1858,3,6,6,9.0363,low,ok,False
SURVEY_01,FinalSample_EuroelectionsENG.sav,2019-04-24 00:00:00,2019.0,4.0,Q2,2019-Q2,auto_from_sav_date_column:Vdatesub,True,region_group,21,ΚΚΕ,12.064,2,16,17,25.0534,low,ok,False
SURVEY_01,FinalSample_EuroelectionsENG.sav,2019-04-24 00:00:00,2019.0,4.0,Q2,2019-Q2,auto_from_sav_date_column:Vdatesub,True,region_group,21,ΝΔ,47.5183,7,16,17,25.0534,low,ok,False
SURVEY_01,FinalSample_EuroelectionsENG.sav,2019-04-24 00:00:00,2019.0,4.0,Q2,2019-Q2,auto_from_sav_date_column:Vdatesub,True,region_group,21,ΣΥΡΙΖΑ,28.5969,5,16,17,25.0534,low,ok,False
SURVEY_01,FinalSample_EuroelectionsENG.sav,2019-04-24 00:00:00,2019.0,4.0,Q2,2019-Q2,auto_from_sav_date_column:Vdatesub,True,region_group,21,Χρυσή Αυγή,11.8209,2,16,17,25.0534,low,ok,False
SURVEY_01,FinalSample_EuroelectionsENG.sav,2019-04-24 00:00:00,2019.0,4.0,Q2,2019-Q2,auto_from_sav_date_column:Vdatesub,True,region_group,22,other_party,14.8394,1,8,8,16.3015,low,ok,False
SURVEY_01,FinalSample_EuroelectionsENG.sav,2019-04-24 00:00:00,2019.0,4.0,Q2,2019-Q2,auto_from_sav_date_column:Vdatesub,True,region_group,22,ΝΔ,34.6147,3,8,8,16.3015,low,ok,False
SURVEY_01,FinalSample_EuroelectionsENG.sav,2019-04-24 00:00:00,2019.0,4.0,Q2,2019-Q2,auto_from_sav_date_column:Vdatesub,True,region_group,22,Ποτάμι,11.2987,1,8,8,16.3015,low,ok,False
SURVEY_01,FinalSample_EuroelectionsENG.sav,2019-04-24 00:00:00,2019.0,4.0,Q2,2019-Q2,auto_from_sav_date_column:Vdatesub,True,region_group,22,ΣΥΡΙΖΑ,39.2472,3,8,8,16.3015,low,ok,False
SURVEY_01,FinalSample_EuroelectionsENG.sav,2019-04-24 00:00:00,2019.0,4.0,Q2,2019-Q2,auto_from_sav_date_column:Vdatesub,True,region_group,23,ΝΔ,56.3205,2,3,3,4.975,low,ok,False
SURVEY_01,FinalSample_EuroelectionsENG.sav,2019-04-24 00:00:00,2019.0,4.0,Q2,2019-Q2,auto_from_sav_date_column:Vdatesub,True,region_group,23,ΣΥΡΙΖΑ,43.6795,1,3,3,4.975,low,ok,False
SURVEY_01,FinalSample_EuroelectionsENG.sav,2019-04-24 00:00:00,2019.0,4.0,Q2,2019-Q2,auto_from_sav_date_column:Vdatesub,True,region_group,24,other_party,19.9358,5,23,23,39.614,low,ok,False
SURVEY_01,FinalSample_EuroelectionsENG.sav,2019-04-24 00:00:00,2019.0,4.0,Q2,2019-Q2,auto_from_sav_date_column:Vdatesub,True,region_group,24,ΚΚΕ,3.471,1,23,23,39.614,low,ok,False
SURVEY_01,FinalSample_EuroelectionsENG.sav,2019-04-24 00:00:00,2019.0,4.0,Q2,2019-Q2,auto_from_sav_date_column:Vdatesub,True,region_group,24,ΝΔ,8.01,2,23,23,39.614,low,ok,False
SURVEY_01,FinalSample_EuroelectionsENG.sav,2019-04-24 00:00:00,2019.0,4.0,Q2,2019-Q2,auto_from_sav_date_column:Vdatesub,True,region_group,24,ΠΑΣΟΚ/ΚΙΝΑΛ,8.0299,1,23,23,39.614,low,ok,False
SURVEY_01,FinalSample_EuroelectionsENG.sav,2019-04-24 00:00:00,2019.0,4.0,Q2,2019-Q2,auto_from_sav_date_column:Vdatesub,True,region_group,24,ΣΥΡΙΖΑ,42.0385,9,23,23,39.614,low,ok,False
SURVEY_01,FinalSample_EuroelectionsENG.sav,2019-04-24 00:00:00,2019.0,4.0,Q2,2019-Q2,auto_from_sav_date_column:Vdatesub,True,region_group,24,Χρυσή Αυγή,18.5148,5,23,23,39.614,low,ok,False
SURVEY_01,FinalSample_EuroelectionsENG.sav,2019-04-24 00:00:00,2019.0,4.0,Q2,2019-Q2,auto_from_sav_date_column:Vdatesub,True,region_group,25,ΝΔ,30.6304,5,15,15,23.1142,low,ok,False
SURVEY_01,FinalSample_EuroelectionsENG.sav,2019-04-24 00:00:00,2019.0,4.0,Q2,2019-Q2,auto_from_sav_date_column:Vdatesub,True,region_group,25,ΠΑΣΟΚ/ΚΙΝΑΛ,12.4799,2,15,15,23.1142,low,ok,False
SURVEY_01,FinalSample_EuroelectionsENG.sav,2019-04-24 00:00:00,2019.0,4.0,Q2,2019-Q2,auto_from_sav_date_column:Vdatesub,True,region_group,25,ΣΥΡΙΖΑ,56.8897,8,15,15,23.1142,low,ok,False
SURVEY_01,FinalSample_EuroelectionsENG.sav,2019-04-24 00:00:00,2019.0,4.0,Q2,2019-Q2,auto_from_sav_date_column:Vdatesub,True,region_group,27,ΝΔ,57.4358,2,3,3,5.3313,low,ok,False
SURVEY_01,FinalSample_EuroelectionsENG.sav,2019-04-24 00:00:00,2019.0,4.0,Q2,2019-Q2,auto_from_sav_date_column:Vdatesub,True,region_group,27,ΣΥΡΙΖΑ,42.5642,1,3,3,5.3313,low,ok,False
SURVEY_01,FinalSample_EuroelectionsENG.sav,2019-04-24 00:00:00,2019.0,4.0,Q2,2019-Q2,auto_from_sav_date_column:Vdatesub,True,region_group,28,other_party,50.0,1,2,2,3.6837,low,ok,False
SURVEY_01,FinalSample_EuroelectionsENG.sav,2019-04-24 00:00:00,2019.0,4.0,Q2,2019-Q2,auto_from_sav_date_column:Vdatesub,True,region_group,28,ΣΥΡΙΖΑ,50.0,1,2,2,3.6837,low,ok,False
SURVEY_01,FinalSample_EuroelectionsENG.sav,2019-04-24 00:00:00,2019.0,4.0,Q2,2019-Q2,auto_from_sav_date_column:Vdatesub,True,region_group,29,ΝΔ,100.0,4,4,4,7.9446,low,ok,False
SURVEY_01,FinalSample_EuroelectionsENG.sav,2019-04-24 00:00:00,2019.0,4.0,Q2,2019-Q2,auto_from_sav_date_column:Vdatesub,True,region_group,31,other_party,24.6663,2,8,10,13.6826,low,ok,False
SURVEY_01,FinalSample_EuroelectionsENG.sav,2019-04-24 00:00:00,2019.0,4.0,Q2,2019-Q2,auto_from_sav_date_column:Vdatesub,True,region_group,31,ΝΔ,26.4232,2,8,10,13.6826,low,ok,False
SURVEY_01,FinalSample_EuroelectionsENG.sav,2019-04-24 00:00:00,2019.0,4.0,Q2,2019-Q2,auto_from_sav_date_column:Vdatesub,True,region_group,31,ΠΑΣΟΚ/ΚΙΝΑΛ,26.9226,2,8,10,13.6826,low,ok,False
SURVEY_01,FinalSample_EuroelectionsENG.sav,2019-04-24 00:00:00,2019.0,4.0,Q2,2019-Q2,auto_from_sav_date_column:Vdatesub,True,region_group,31,ΣΥΡΙΖΑ,21.9879,2,8,10,13.6826,low,ok,False
SURVEY_01,FinalSample_EuroelectionsENG.sav,2019-04-24 00:00:00,2019.0,4.0,Q2,2019-Q2,auto_from_sav_date_column:Vdatesub,True,region_group,32,ΝΔ,19.0083,1,4,4,5.8173,low,ok,False
SURVEY_01,FinalSample_EuroelectionsENG.sav,2019-04-24 00:00:00,2019.0,4.0,Q2,2019-Q2,auto_from_sav_date_column:Vdatesub,True,region_group,32,ΠΑΣΟΚ/ΚΙΝΑΛ,17.1901,1,4,4,5.8173,low,ok,False
SURVEY_01,FinalSample_EuroelectionsENG.sav,2019-04-24 00:00:00,2019.0,4.0,Q2,2019-Q2,auto_from_sav_date_column:Vdatesub,True,region_group,32,ΣΥΡΙΖΑ,31.9008,1,4,4,5.8173,low,ok,False
SURVEY_01,FinalSample_EuroelectionsENG.sav,2019-04-24 00:00:00,2019.0,4.0,Q2,2019-Q2,auto_from_sav_date_column:Vdatesub,True,region_group,32,Χρυσή Αυγή,31.9008,1,4,4,5.8173,low,ok,False
SURVEY_01,FinalSample_EuroelectionsENG.sav,2019-04-24 00:00:00,2019.0,4.0,Q2,2019-Q2,auto_from_sav_date_column:Vdatesub,True,region_group,33,ΝΔ,57.1031,2,3,3,5.2601,low,ok,False
SURVEY_01,FinalSample_EuroelectionsENG.sav,2019-04-24 00:00:00,2019.0,4.0,Q2,2019-Q2,auto_from_sav_date_column:Vdatesub,True,region_group,33,ΣΥΡΙΖΑ,42.8969,1,3,3,5.2601,low,ok,False
SURVEY_01,FinalSample_EuroelectionsENG.sav,2019-04-24 00:00:00,2019.0,4.0,Q2,2019-Q2,auto_from_sav_date_column:Vdatesub,True,region_group,34,other_party,7.4158,1,11,12,21.8324,low,ok,False
SURVEY_01,FinalSample_EuroelectionsENG.sav,2019-04-24 00:00:00,2019.0,4.0,Q2,2019-Q2,auto_from_sav_date_column:Vdatesub,True,region_group,34,ΑΝΕΛ,5.3437,1,11,12,21.8324,low,ok,False
SURVEY_01,FinalSample_EuroelectionsENG.sav,2019-04-24 00:00:00,2019.0,4.0,Q2,2019-Q2,auto_from_sav_date_column:Vdatesub,True,region_group,34,ΝΔ,20.3674,3,11,12,21.8324,low,ok,False
SURVEY_01,FinalSample_EuroelectionsENG.sav,2019-04-24 00:00:00,2019.0,4.0,Q2,2019-Q2,auto_from_sav_date_column:Vdatesub,True,region_group,34,Πλεύση Ελευθερίας,11.0801,1,11,12,21.8324,low,ok,False
SURVEY_01,FinalSample_EuroelectionsENG.sav,2019-04-24 00:00:00,2019.0,4.0,Q2,2019-Q2,auto_from_sav_date_column:Vdatesub,True,region_group,34,ΣΥΡΙΖΑ,44.7129,4,11,12,21.8324,low,ok,False
SURVEY_01,FinalSample_EuroelectionsENG.sav,2019-04-24 00:00:00,2019.0,4.0,Q2,2019-Q2,auto_from_sav_date_column:Vdatesub,True,region_group,34,Χρυσή Αυγή,11.0801,1,11,12,21.8324,low,ok,False
SURVEY_01,FinalSample_EuroelectionsENG.sav,2019-04-24 00:00:00,2019.0,4.0,Q2,2019-Q2,auto_from_sav_date_column:Vdatesub,True,region_group,35,other_party,18.2133,168,921,951,1734.5006,high,ok,True
SURVEY_01,FinalSample_EuroelectionsENG.sav,2019-04-24 00:00:00,2019.0,4.0,Q2,2019-Q2,auto_from_sav_date_column:Vdatesub,True,region_group,35,ΑΝΕΛ,0.676,7,921,951,1734.5006,high,ok,True
SURVEY_01,FinalSample_EuroelectionsENG.sav,2019-04-24 00:00:00,2019.0,4.0,Q2,2019-Q2,auto_from_sav_date_column:Vdatesub,True,region_group,35,Ελληνική Λύση,1.7602,16,921,951,1734.5006,high,ok,True
SURVEY_01,FinalSample_EuroelectionsENG.sav,2019-04-24 00:00:00,2019.0,4.0,Q2,2019-Q2,auto_from_sav_date_column:Vdatesub,True,region_group,35,ΚΚΕ,4.1869,37,921,951,1734.5006,high,ok,True
SURVEY_01,FinalSample_EuroelectionsENG.sav,2019-04-24 00:00:00,2019.0,4.0,Q2,2019-Q2,auto_from_sav_date_column:Vdatesub,True,region_group,35,ΜέΡΑ25,0.1062,1,921,951,1734.5006,high,ok,True
SURVEY_01,FinalSample_EuroelectionsENG.sav,2019-04-24 00:00:00,2019.0,4.0,Q2,2019-Q2,auto_from_sav_date_column:Vdatesub,True,region_group,35,ΝΔ,30.7243,289,921,951,1734.5006,high,ok,True
SURVEY_01,FinalSample_EuroelectionsENG.sav,2019-04-24 00:00:00,2019.0,4.0,Q2,2019-Q2,auto_from_sav_date_column:Vdatesub,True,region_group,35,ΠΑΣΟΚ/ΚΙΝΑΛ,7.2865,69,921,951,1734.5006,high,ok,True
SURVEY_01,FinalSample_EuroelectionsENG.sav,2019-04-24 00:00:00,2019.0,4.0,Q2,2019-Q2,auto_from_sav_date_column:Vdatesub,True,region_group,35,Πλεύση Ελευθερίας,0.3226,2,921,951,1734.5006,high,ok,True
SURVEY_01,FinalSample_EuroelectionsENG.sav,2019-04-24 00:00:00,2019.0,4.0,Q2,2019-Q2,auto_from_sav_date_column:Vdatesub,True,region_group,35,Ποτάμι,1.151,11,921,951,1734.5006,high,ok,True
SURVEY_01,FinalSample_EuroelectionsENG.sav,2019-04-24 00:00:00,2019.0,4.0,Q2,2019-Q2,auto_from_sav_date_column:Vdatesub,True,region_group,35,ΣΥΡΙΖΑ,30.6948,273,921,951,1734.5006,high,ok,True
SURVEY_01,FinalSample_EuroelectionsENG.sav,2019-04-24 00:00:00,2019.0,4.0,Q2,2019-Q2,auto_from_sav_date_column:Vdatesub,True,region_group,35,Χρυσή Αυγή,4.8783,48,921,951,1734.5006,high,ok,True
SURVEY_01,FinalSample_EuroelectionsENG.sav,2019-04-24 00:00:00,2019.0,4.0,Q2,2019-Q2,auto_from_sav_date_column:Vdatesub,True,region_group,36,ΝΔ,32.8801,2,6,7,10.3985,low,ok,False
SURVEY_01,FinalSample_EuroelectionsENG.sav,2019-04-24 00:00:00,2019.0,4.0,Q2,2019-Q2,auto_from_sav_date_column:Vdatesub,True,region_group,36,ΣΥΡΙΖΑ,55.7771,3,6,7,10.3985,low,ok,False
SURVEY_01,FinalSample_EuroelectionsENG.sav,2019-04-24 00:00:00,2019.0,4.0,Q2,2019-Q2,auto_from_sav_date_column:Vdatesub,True,region_group,36,Χρυσή Αυγή,11.3428,1,6,7,10.3985,low,ok,False
SURVEY_01,FinalSample_EuroelectionsENG.sav,2019-04-24 00:00:00,2019.0,4.0,Q2,2019-Q2,auto_from_sav_date_column:Vdatesub,True,region_group,37,other_party,9.7906,1,11,12,17.3249,low,ok,False
SURVEY_01,FinalSample_EuroelectionsENG.sav,2019-04-24 00:00:00,2019.0,4.0,Q2,2019-Q2,auto_from_sav_date_column:Vdatesub,True,region_group,37,Ελληνική Λύση,6.3826,1,11,12,17.3249,low,ok,False
SURVEY_01,FinalSample_EuroelectionsENG.sav,2019-04-24 00:00:00,2019.0,4.0,Q2,2019-Q2,auto_from_sav_date_column:Vdatesub,True,region_group,37,ΝΔ,12.3211,2,11,12,17.3249,low,ok,False
SURVEY_01,FinalSample_EuroelectionsENG.sav,2019-04-24 00:00:00,2019.0,4.0,Q2,2019-Q2,auto_from_sav_date_column:Vdatesub,True,region_group,37,Ποτάμι,20.9443,1,11,12,17.3249,low,ok,False
SURVEY_01,FinalSample_EuroelectionsENG.sav,2019-04-24 00:00:00,2019.0,4.0,Q2,2019-Q2,auto_from_sav_date_column:Vdatesub,True,region_group,37,ΣΥΡΙΖΑ,41.2163,5,11,12,17.3249,low,ok,False
SURVEY_01,FinalSample_EuroelectionsENG.sav,2019-04-24 00:00:00,2019.0,4.0,Q2,2019-Q2,auto_from_sav_date_column:Vdatesub,True,region_group,37,Χρυσή Αυγή,9.3452,1,11,12,17.3249,low,ok,False
SURVEY_01,FinalSample_EuroelectionsENG.sav,2019-04-24 00:00:00,2019.0,4.0,Q2,2019-Q2,auto_from_sav_date_column:Vdatesub,True,region_group,38,other_party,23.3655,9,37,37,81.5169,low,ok,True
SURVEY_01,FinalSample_EuroelectionsENG.sav,2019-04-24 00:00:00,2019.0,4.0,Q2,2019-Q2,auto_from_sav_date_column:Vdatesub,True,region_group,38,ΝΔ,11.7028,6,37,37,81.5169,low,ok,True
SURVEY_01,FinalSample_EuroelectionsENG.sav,2019-04-24 00:00:00,2019.0,4.0,Q2,2019-Q2,auto_from_sav_date_column:Vdatesub,True,region_group,38,ΠΑΣΟΚ/ΚΙΝΑΛ,5.6781,2,37,37,81.5169,low,ok,True
SURVEY_01,FinalSample_EuroelectionsENG.sav,2019-04-24 00:00:00,2019.0,4.0,Q2,2019-Q2,auto_from_sav_date_column:Vdatesub,True,region_group,38,Πλεύση Ελευθερίας,2.2595,1,37,37,81.5169,low,ok,True
SURVEY_01,FinalSample_EuroelectionsENG.sav,2019-04-24 00:00:00,2019.0,4.0,Q2,2019-Q2,auto_from_sav_date_column:Vdatesub,True,region_group,38,ΣΥΡΙΖΑ,48.888,16,37,37,81.5169,low,ok,True
SURVEY_01,FinalSample_EuroelectionsENG.sav,2019-04-24 00:00:00,2019.0,4.0,Q2,2019-Q2,auto_from_sav_date_column:Vdatesub,True,region_group,38,Χρυσή Αυγή,8.1062,3,37,37,81.5169,low,ok,True
SURVEY_01,FinalSample_EuroelectionsENG.sav,2019-04-24 00:00:00,2019.0,4.0,Q2,2019-Q2,auto_from_sav_date_column:Vdatesub,True,region_group,39,other_party,21.2497,2,7,7,11.9138,low,ok,False
SURVEY_01,FinalSample_EuroelectionsENG.sav,2019-04-24 00:00:00,2019.0,4.0,Q2,2019-Q2,auto_from_sav_date_column:Vdatesub,True,region_group,39,ΝΔ,59.8108,4,7,7,11.9138,low,ok,False
SURVEY_01,FinalSample_EuroelectionsENG.sav,2019-04-24 00:00:00,2019.0,4.0,Q2,2019-Q2,auto_from_sav_date_column:Vdatesub,True,region_group,39,Χρυσή Αυγή,18.9395,1,7,7,11.9138,low,ok,False
SURVEY_01,FinalSample_EuroelectionsENG.sav,2019-04-24 00:00:00,2019.0,4.0,Q2,2019-Q2,auto_from_sav_date_column:Vdatesub,True,region_group,40,other_party,11.0727,3,29,29,55.9332,low,ok,False
SURVEY_01,FinalSample_EuroelectionsENG.sav,2019-04-24 00:00:00,2019.0,4.0,Q2,2019-Q2,auto_from_sav_date_column:Vdatesub,True,region_group,40,ΝΔ,27.1896,9,29,29,55.9332,low,ok,False
SURVEY_01,FinalSample_EuroelectionsENG.sav,2019-04-24 00:00:00,2019.0,4.0,Q2,2019-Q2,auto_from_sav_date_column:Vdatesub,True,region_group,40,ΠΑΣΟΚ/ΚΙΝΑΛ,12.651,4,29,29,55.9332,low,ok,False
SURVEY_01,FinalSample_EuroelectionsENG.sav,2019-04-24 00:00:00,2019.0,4.0,Q2,2019-Q2,auto_from_sav_date_column:Vdatesub,True,region_group,40,ΣΥΡΙΖΑ,49.0867,13,29,29,55.9332,low,ok,False
SURVEY_01,FinalSample_EuroelectionsENG.sav,2019-04-24 00:00:00,2019.0,4.0,Q2,2019-Q2,auto_from_sav_date_column:Vdatesub,True,region_group,41,ΠΑΣΟΚ/ΚΙΝΑΛ,57.8534,1,2,2,2.7985,low,ok,False
SURVEY_01,FinalSample_EuroelectionsENG.sav,2019-04-24 00:00:00,2019.0,4.0,Q2,2019-Q2,auto_from_sav_date_column:Vdatesub,True,region_group,41,ΣΥΡΙΖΑ,42.1466,1,2,2,2.7985,low,ok,False
SURVEY_01,FinalSample_EuroelectionsENG.sav,2019-04-24 00:00:00,2019.0,4.0,Q2,2019-Q2,auto_from_sav_date_column:Vdatesub,True,region_group,42,other_party,26.8391,1,5,5,9.0131,low,ok,False
SURVEY_01,FinalSample_EuroelectionsENG.sav,2019-04-24 00:00:00,2019.0,4.0,Q2,2019-Q2,auto_from_sav_date_column:Vdatesub,True,region_group,42,ΝΔ,55.1977,3,5,5,9.0131,low,ok,False
SURVEY_01,FinalSample_EuroelectionsENG.sav,2019-04-24 00:00:00,2019.0,4.0,Q2,2019-Q2,auto_from_sav_date_column:Vdatesub,True,region_group,42,Χρυσή Αυγή,17.9632,1,5,5,9.0131,low,ok,False
SURVEY_01,FinalSample_EuroelectionsENG.sav,2019-04-24 00:00:00,2019.0,4.0,Q2,2019-Q2,auto_from_sav_date_column:Vdatesub,True,region_group,43,other_party,34.5699,1,5,6,10.4963,low,ok,False
SURVEY_01,FinalSample_EuroelectionsENG.sav,2019-04-24 00:00:00,2019.0,4.0,Q2,2019-Q2,auto_from_sav_date_column:Vdatesub,True,region_group,43,ΝΔ,32.5737,2,5,6,10.4963,low,ok,False
SURVEY_01,FinalSample_EuroelectionsENG.sav,2019-04-24 00:00:00,2019.0,4.0,Q2,2019-Q2,auto_from_sav_date_column:Vdatesub,True,region_group,43,Ποτάμι,21.6193,1,5,6,10.4963,low,ok,False
SURVEY_01,FinalSample_EuroelectionsENG.sav,2019-04-24 00:00:00,2019.0,4.0,Q2,2019-Q2,auto_from_sav_date_column:Vdatesub,True,region_group,43,Χρυσή Αυγή,11.2371,1,5,6,10.4963,low,ok,False
SURVEY_01,FinalSample_EuroelectionsENG.sav,2019-04-24 00:00:00,2019.0,4.0,Q2,2019-Q2,auto_from_sav_date_column:Vdatesub,True,region_group,44,other_party,25.1289,2,8,8,17.3013,low,ok,False
SURVEY_01,FinalSample_EuroelectionsENG.sav,2019-04-24 00:00:00,2019.0,4.0,Q2,2019-Q2,auto_from_sav_date_column:Vdatesub,True,region_group,44,ΠΑΣΟΚ/ΚΙΝΑΛ,28.459,2,8,8,17.3013,low,ok,False
SURVEY_01,FinalSample_EuroelectionsENG.sav,2019-04-24 00:00:00,2019.0,4.0,Q2,2019-Q2,auto_from_sav_date_column:Vdatesub,True,region_group,44,ΣΥΡΙΖΑ,46.4121,4,8,8,17.3013,low,ok,False
SURVEY_01,FinalSample_EuroelectionsENG.sav,2019-04-24 00:00:00,2019.0,4.0,Q2,2019-Q2,auto_from_sav_date_column:Vdatesub,True,region_group,45,other_party,38.8057,14,41,42,77.1006,low,ok,True
SURVEY_01,FinalSample_EuroelectionsENG.sav,2019-04-24 00:00:00,2019.0,4.0,Q2,2019-Q2,auto_from_sav_date_column:Vdatesub,True,region_group,45,ΑΝΕΛ,1.297,1,41,42,77.1006,low,ok,True
SURVEY_01,FinalSample_EuroelectionsENG.sav,2019-04-24 00:00:00,2019.0,4.0,Q2,2019-Q2,auto_from_sav_date_column:Vdatesub,True,region_group,45,ΚΚΕ,2.9266,1,41,42,77.1006,low,ok,True
SURVEY_01,FinalSample_EuroelectionsENG.sav,2019-04-24 00:00:00,2019.0,4.0,Q2,2019-Q2,auto_from_sav_date_column:Vdatesub,True,region_group,45,ΝΔ,21.3026,9,41,42,77.1006,low,ok,True
SURVEY_01,FinalSample_EuroelectionsENG.sav,2019-04-24 00:00:00,2019.0,4.0,Q2,2019-Q2,auto_from_sav_date_column:Vdatesub,True,region_group,45,ΠΑΣΟΚ/ΚΙΝΑΛ,6.309,3,41,42,77.1006,low,ok,True
SURVEY_01,FinalSample_EuroelectionsENG.sav,2019-04-24 00:00:00,2019.0,4.0,Q2,2019-Q2,auto_from_sav_date_column:Vdatesub,True,region_group,45,ΣΥΡΙΖΑ,21.3766,9,41,42,77.1006,low,ok,True
SURVEY_01,FinalSample_EuroelectionsENG.sav,2019-04-24 00:00:00,2019.0,4.0,Q2,2019-Q2,auto_from_sav_date_column:Vdatesub,True,region_group,45,Χρυσή Αυγή,7.9825,4,41,42,77.1006,low,ok,True
SURVEY_01,FinalSample_EuroelectionsENG.sav,2019-04-24 00:00:00,2019.0,4.0,Q2,2019-Q2,auto_from_sav_date_column:Vdatesub,True,region_group,46,other_party,30.4164,1,3,3,3.8778,low,ok,False
SURVEY_01,FinalSample_EuroelectionsENG.sav,2019-04-24 00:00:00,2019.0,4.0,Q2,2019-Q2,auto_from_sav_date_column:Vdatesub,True,region_group,46,ΝΔ,69.5836,2,3,3,3.8778,low,ok,False
SURVEY_01,FinalSample_EuroelectionsENG.sav,2019-04-24 00:00:00,2019.0,4.0,Q2,2019-Q2,auto_from_sav_date_column:Vdatesub,True,region_group,47,other_party,22.1291,2,10,11,18.5199,low,ok,False
SURVEY_01,FinalSample_EuroelectionsENG.sav,2019-04-24 00:00:00,2019.0,4.0,Q2,2019-Q2,auto_from_sav_date_column:Vdatesub,True,region_group,47,ΝΔ,54.5304,5,10,11,18.5199,low,ok,False
SURVEY_01,FinalSample_EuroelectionsENG.sav,2019-04-24 00:00:00,2019.0,4.0,Q2,2019-Q2,auto_from_sav_date_column:Vdatesub,True,region_group,47,ΣΥΡΙΖΑ,23.3405,3,10,11,18.5199,low,ok,False
SURVEY_01,FinalSample_EuroelectionsENG.sav,2019-04-24 00:00:00,2019.0,4.0,Q2,2019-Q2,auto_from_sav_date_column:Vdatesub,True,region_group,49,other_party,17.6715,1,6,6,14.2015,low,ok,False
SURVEY_01,FinalSample_EuroelectionsENG.sav,2019-04-24 00:00:00,2019.0,4.0,Q2,2019-Q2,auto_from_sav_date_column:Vdatesub,True,region_group,49,ΑΝΕΛ,17.0338,1,6,6,14.2015,low,ok,False
SURVEY_01,FinalSample_EuroelectionsENG.sav,2019-04-24 00:00:00,2019.0,4.0,Q2,2019-Q2,auto_from_sav_date_column:Vdatesub,True,region_group,49,ΝΔ,39.744,3,6,6,14.2015,low,ok,False
SURVEY_01,FinalSample_EuroelectionsENG.sav,2019-04-24 00:00:00,2019.0,4.0,Q2,2019-Q2,auto_from_sav_date_column:Vdatesub,True,region_group,49,ΣΥΡΙΖΑ,25.5507,1,6,6,14.2015,low,ok,False
SURVEY_01,FinalSample_EuroelectionsENG.sav,2019-04-24 00:00:00,2019.0,4.0,Q2,2019-Q2,auto_from_sav_date_column:Vdatesub,True,region_group,50,ΠΑΣΟΚ/ΚΙΝΑΛ,32.4195,1,3,3,4.994,low,ok,False
SURVEY_01,FinalSample_EuroelectionsENG.sav,2019-04-24 00:00:00,2019.0,4.0,Q2,2019-Q2,auto_from_sav_date_column:Vdatesub,True,region_group,50,Πλεύση Ελευθερίας,45.4387,1,3,3,4.994,low,ok,False
SURVEY_01,FinalSample_EuroelectionsENG.sav,2019-04-24 00:00:00,2019.0,4.0,Q2,2019-Q2,auto_from_sav_date_column:Vdatesub,True,region_group,50,Χρυσή Αυγή,22.1417,1,3,3,4.994,low,ok,False
SURVEY_01,FinalSample_EuroelectionsENG.sav,2019-04-24 00:00:00,2019.0,4.0,Q2,2019-Q2,auto_from_sav_date_column:Vdatesub,True,region_group,51,other_party,15.0094,2,11,11,19.1592,low,ok,False
SURVEY_01,FinalSample_EuroelectionsENG.sav,2019-04-24 00:00:00,2019.0,4.0,Q2,2019-Q2,auto_from_sav_date_column:Vdatesub,True,region_group,51,ΚΚΕ,11.7772,1,11,11,19.1592,low,ok,False
SURVEY_01,FinalSample_EuroelectionsENG.sav,2019-04-24 00:00:00,2019.0,4.0,Q2,2019-Q2,auto_from_sav_date_column:Vdatesub,True,region_group,51,ΝΔ,19.1881,2,11,11,19.1592,low,ok,False
SURVEY_01,FinalSample_EuroelectionsENG.sav,2019-04-24 00:00:00,2019.0,4.0,Q2,2019-Q2,auto_from_sav_date_column:Vdatesub,True,region_group,51,ΠΑΣΟΚ/ΚΙΝΑΛ,5.37,1,11,11,19.1592,low,ok,False
SURVEY_01,FinalSample_EuroelectionsENG.sav,2019-04-24 00:00:00,2019.0,4.0,Q2,2019-Q2,auto_from_sav_date_column:Vdatesub,True,region_group,51,ΣΥΡΙΖΑ,43.4359,4,11,11,19.1592,low,ok,False
SURVEY_01,FinalSample_EuroelectionsENG.sav,2019-04-24 00:00:00,2019.0,4.0,Q2,2019-Q2,auto_from_sav_date_column:Vdatesub,True,region_group,51,Χρυσή Αυγή,5.2194,1,11,11,19.1592,low,ok,False
SURVEY_01,FinalSample_EuroelectionsENG.sav,2019-04-24 00:00:00,2019.0,4.0,Q2,2019-Q2,auto_from_sav_date_column:Vdatesub,True,region_group,65,Χρυσή Αυγή,100.0,1,1,1,1.8558,low,ok,False
SURVEY_01,FinalSample_EuroelectionsENG.sav,2019-04-24 00:00:00,2019.0,4.0,Q2,2019-Q2,auto_from_sav_date_column:Vdatesub,True,region_group,H9,ΣΥΡΙΖΑ,100.0,1,1,1,1.1795,low,ok,False
SURVEY_01,FinalSample_EuroelectionsENG.sav,2019-04-24 00:00:00,2019.0,4.0,Q2,2019-Q2,auto_from_sav_date_column:Vdatesub,True,region_group,L1,Χρυσή Αυγή,100.0,1,1,1,1.0288,low,ok,False
SURVEY_01,FinalSample_EuroelectionsENG.sav,2019-04-24 00:00:00,2019.0,4.0,Q2,2019-Q2,auto_from_sav_date_column:Vdatesub,True,region_group,M1,ΚΚΕ,100.0,1,1,1,1.0,low,ok,False
SURVEY_02,export_dataset.sav,,,,unknown,undated,time_missing,False,gender,female,other_party,6.6537,44,489,665,867.091,high,ok,True
SURVEY_02,export_dataset.sav,,,,unknown,undated,time_missing,False,gender,female,Ένωση Κεντρώων,0.1386,1,489,665,867.091,high,ok,True
SURVEY_02,export_dataset.sav,,,,unknown,undated,time_missing,False,gender,female,Ελληνική Λύση,2.646,9,489,665,867.091,high,ok,True
SURVEY_02,export_dataset.sav,,,,unknown,undated,time_missing,False,gender,female,ΚΚΕ,4.9412,28,489,665,867.091,high,ok,True
SURVEY_02,export_dataset.sav,,,,unknown,undated,time_missing,False,gender,female,ΜέΡΑ25,2.3652,13,489,665,867.091,high,ok,True
SURVEY_02,export_dataset.sav,,,,unknown,undated,time_missing,False,gender,female,ΝΔ,36.3808,178,489,665,867.091,high,ok,True
SURVEY_02,export_dataset.sav,,,,unknown,undated,time_missing,False,gender,female,ΠΑΣΟΚ/ΚΙΝΑΛ,9.9153,57,489,665,867.091,high,ok,True
SURVEY_02,export_dataset.sav,,,,unknown,undated,time_missing,False,gender,female,Πλεύση Ελευθερίας,0.6602,2,489,665,867.091,high,ok,True
SURVEY_02,export_dataset.sav,,,,unknown,undated,time_missing,False,gender,female,ΣΥΡΙΖΑ,35.8494,155,489,665,867.091,high,ok,True
SURVEY_02,export_dataset.sav,,,,unknown,undated,time_missing,False,gender,female,Χρυσή Αυγή,0.4495,2,489,665,867.091,high,ok,True
SURVEY_02,export_dataset.sav,,,,unknown,undated,time_missing,False,gender,male,other_party,6.1841,95,1067,1431,814.5391,high,ok,True
SURVEY_02,export_dataset.sav,,,,unknown,undated,time_missing,False,gender,male,Ένωση Κεντρώων,0.4932,6,1067,1431,814.5391,high,ok,True
SURVEY_02,export_dataset.sav,,,,unknown,undated,time_missing,False,gender,male,Ελληνική Λύση,6.0628,64,1067,1431,814.5391,high,ok,True
SURVEY_02,export_dataset.sav,,,,unknown,undated,time_missing,False,gender,male,ΚΚΕ,6.6689,78,1067,1431,814.5391,high,ok,True
SURVEY_02,export_dataset.sav,,,,unknown,undated,time_missing,False,gender,male,ΜέΡΑ25,2.6734,36,1067,1431,814.5391,high,ok,True
SURVEY_02,export_dataset.sav,,,,unknown,undated,time_missing,False,gender,male,ΝΔ,35.7883,382,1067,1431,814.5391,high,ok,True
SURVEY_02,export_dataset.sav,,,,unknown,undated,time_missing,False,gender,male,ΠΑΣΟΚ/ΚΙΝΑΛ,15.6171,154,1067,1431,814.5391,high,ok,True
SURVEY_02,export_dataset.sav,,,,unknown,undated,time_missing,False,gender,male,Πλεύση Ελευθερίας,0.8235,9,1067,1431,814.5391,high,ok,True
SURVEY_02,export_dataset.sav,,,,unknown,undated,time_missing,False,gender,male,ΣΥΡΙΖΑ,24.6887,235,1067,1431,814.5391,high,ok,True
SURVEY_02,export_dataset.sav,,,,unknown,undated,time_missing,False,gender,male,Χρυσή Αυγή,0.9999,8,1067,1431,814.5391,high,ok,True
SURVEY_02,export_dataset.sav,,,,unknown,undated,time_missing,False,age_group,18-24,other_party,13.0356,12,83,125,137.3144,low,ok,True
SURVEY_02,export_dataset.sav,,,,unknown,undated,time_missing,False,age_group,18-24,Ένωση Κεντρώων,0.7314,1,83,125,137.3144,low,ok,True
SURVEY_02,export_dataset.sav,,,,unknown,undated,time_missing,False,age_group,18-24,Ελληνική Λύση,2.3519,2,83,125,137.3144,low,ok,True
SURVEY_02,export_dataset.sav,,,,unknown,undated,time_missing,False,age_group,18-24,ΚΚΕ,8.157,7,83,125,137.3144,low,ok,True
SURVEY_02,export_dataset.sav,,,,unknown,undated,time_missing,False,age_group,18-24,ΜέΡΑ25,5.0933,6,83,125,137.3144,low,ok,True
SURVEY_02,export_dataset.sav,,,,unknown,undated,time_missing,False,age_group,18-24,ΝΔ,33.5125,27,83,125,137.3144,low,ok,True
SURVEY_02,export_dataset.sav,,,,unknown,undated,time_missing,False,age_group,18-24,ΠΑΣΟΚ/ΚΙΝΑΛ,10.0594,9,83,125,137.3144,low,ok,True
SURVEY_02,export_dataset.sav,,,,unknown,undated,time_missing,False,age_group,18-24,Πλεύση Ελευθερίας,4.0892,2,83,125,137.3144,low,ok,True
SURVEY_02,export_dataset.sav,,,,unknown,undated,time_missing,False,age_group,18-24,ΣΥΡΙΖΑ,22.9697,17,83,125,137.3144,low,ok,True
SURVEY_02,export_dataset.sav,,,,unknown,undated,time_missing,False,age_group,25-39,other_party,5.9771,53,561,798,500.6337,high,ok,True
SURVEY_02,export_dataset.sav,,,,unknown,undated,time_missing,False,age_group,25-39,Ένωση Κεντρώων,0.4991,4,561,798,500.6337,high,ok,True
SURVEY_02,export_dataset.sav,,,,unknown,undated,time_missing,False,age_group,25-39,Ελληνική Λύση,4.402,30,561,798,500.6337,high,ok,True
SURVEY_02,export_dataset.sav,,,,unknown,undated,time_missing,False,age_group,25-39,ΚΚΕ,7.706,53,561,798,500.6337,high,ok,True
SURVEY_02,export_dataset.sav,,,,unknown,undated,time_missing,False,age_group,25-39,ΜέΡΑ25,5.2026,26,561,798,500.6337,high,ok,True
SURVEY_02,export_dataset.sav,,,,unknown,undated,time_missing,False,age_group,25-39,ΝΔ,25.6614,153,561,798,500.6337,high,ok,True
SURVEY_02,export_dataset.sav,,,,unknown,undated,time_missing,False,age_group,25-39,ΠΑΣΟΚ/ΚΙΝΑΛ,11.3082,72,561,798,500.6337,high,ok,True
SURVEY_02,export_dataset.sav,,,,unknown,undated,time_missing,False,age_group,25-39,Πλεύση Ελευθερίας,0.2569,2,561,798,500.6337,high,ok,True
SURVEY_02,export_dataset.sav,,,,unknown,undated,time_missing,False,age_group,25-39,ΣΥΡΙΖΑ,38.3151,165,561,798,500.6337,high,ok,True
SURVEY_02,export_dataset.sav,,,,unknown,undated,time_missing,False,age_group,25-39,Χρυσή Αυγή,0.6717,3,561,798,500.6337,high,ok,True
SURVEY_02,export_dataset.sav,,,,unknown,undated,time_missing,False,age_group,40-54,other_party,9.3638,49,465,611,311.0056,high,ok,True
SURVEY_02,export_dataset.sav,,,,unknown,undated,time_missing,False,age_group,40-54,Ένωση Κεντρώων,0.552,2,465,611,311.0056,high,ok,True
SURVEY_02,export_dataset.sav,,,,unknown,undated,time_missing,False,age_group,40-54,Ελληνική Λύση,4.2545,22,465,611,311.0056,high,ok,True
SURVEY_02,export_dataset.sav,,,,unknown,undated,time_missing,False,age_group,40-54,ΚΚΕ,3.8003,19,465,611,311.0056,high,ok,True
SURVEY_02,export_dataset.sav,,,,unknown,undated,time_missing,False,age_group,40-54,ΜέΡΑ25,2.2938,13,465,611,311.0056,high,ok,True
SURVEY_02,export_dataset.sav,,,,unknown,undated,time_missing,False,age_group,40-54,ΝΔ,38.7368,195,465,611,311.0056,high,ok,True
SURVEY_02,export_dataset.sav,,,,unknown,undated,time_missing,False,age_group,40-54,ΠΑΣΟΚ/ΚΙΝΑΛ,11.8763,56,465,611,311.0056,high,ok,True
SURVEY_02,export_dataset.sav,,,,unknown,undated,time_missing,False,age_group,40-54,Πλεύση Ελευθερίας,1.1397,5,465,611,311.0056,high,ok,True
SURVEY_02,export_dataset.sav,,,,unknown,undated,time_missing,False,age_group,40-54,ΣΥΡΙΖΑ,26.9776,100,465,611,311.0056,high,ok,True
SURVEY_02,export_dataset.sav,,,,unknown,undated,time_missing,False,age_group,40-54,Χρυσή Αυγή,1.0052,4,465,611,311.0056,high,ok,True
SURVEY_02,export_dataset.sav,,,,unknown,undated,time_missing,False,age_group,55+,other_party,4.3071,23,437,543,722.4995,high,ok,True
SURVEY_02,export_dataset.sav,,,,unknown,undated,time_missing,False,age_group,55+,Ελληνική Λύση,4.2269,18,437,543,722.4995,high,ok,True
SURVEY_02,export_dataset.sav,,,,unknown,undated,time_missing,False,age_group,55+,ΚΚΕ,4.8304,26,437,543,722.4995,high,ok,True
SURVEY_02,export_dataset.sav,,,,unknown,undated,time_missing,False,age_group,55+,ΜέΡΑ25,0.2921,4,437,543,722.4995,high,ok,True
SURVEY_02,export_dataset.sav,,,,unknown,undated,time_missing,False,age_group,55+,ΝΔ,42.6497,180,437,543,722.4995,high,ok,True
SURVEY_02,export_dataset.sav,,,,unknown,undated,time_missing,False,age_group,55+,ΠΑΣΟΚ/ΚΙΝΑΛ,14.6465,74,437,543,722.4995,high,ok,True
SURVEY_02,export_dataset.sav,,,,unknown,undated,time_missing,False,age_group,55+,Πλεύση Ελευθερίας,0.275,2,437,543,722.4995,high,ok,True
SURVEY_02,export_dataset.sav,,,,unknown,undated,time_missing,False,age_group,55+,ΣΥΡΙΖΑ,28.0037,107,437,543,722.4995,high,ok,True
SURVEY_02,export_dataset.sav,,,,unknown,undated,time_missing,False,age_group,55+,Χρυσή Αυγή,0.7686,3,437,543,722.4995,high,ok,True
SURVEY_02,export_dataset.sav,,,,unknown,undated,time_missing,False,education_group,high_education,other_party,5.6769,79,897,1207,1021.5858,high,ok,True
SURVEY_02,export_dataset.sav,,,,unknown,undated,time_missing,False,education_group,high_education,Ένωση Κεντρώων,0.1662,3,897,1207,1021.5858,high,ok,True
SURVEY_02,export_dataset.sav,,,,unknown,undated,time_missing,False,education_group,high_education,Ελληνική Λύση,2.6918,28,897,1207,1021.5858,high,ok,True
SURVEY_02,export_dataset.sav,,,,unknown,undated,time_missing,False,education_group,high_education,ΚΚΕ,6.2461,68,897,1207,1021.5858,high,ok,True
SURVEY_02,export_dataset.sav,,,,unknown,undated,time_missing,False,education_group,high_education,ΜέΡΑ25,2.3114,27,897,1207,1021.5858,high,ok,True
SURVEY_02,export_dataset.sav,,,,unknown,undated,time_missing,False,education_group,high_education,ΝΔ,39.1709,341,897,1207,1021.5858,high,ok,True
SURVEY_02,export_dataset.sav,,,,unknown,undated,time_missing,False,education_group,high_education,ΠΑΣΟΚ/ΚΙΝΑΛ,11.7274,108,897,1207,1021.5858,high,ok,True
SURVEY_02,export_dataset.sav,,,,unknown,undated,time_missing,False,education_group,high_education,Πλεύση Ελευθερίας,0.4557,5,897,1207,1021.5858,high,ok,True
SURVEY_02,export_dataset.sav,,,,unknown,undated,time_missing,False,education_group,high_education,ΣΥΡΙΖΑ,31.1412,235,897,1207,1021.5858,high,ok,True
SURVEY_02,export_dataset.sav,,,,unknown,undated,time_missing,False,education_group,high_education,Χρυσή Αυγή,0.4124,3,897,1207,1021.5858,high,ok,True
SURVEY_02,export_dataset.sav,,,,unknown,undated,time_missing,False,education_group,low_education,other_party,11.0265,7,69,92,62.5976,low,ok,True
SURVEY_02,export_dataset.sav,,,,unknown,undated,time_missing,False,education_group,low_education,Ένωση Κεντρώων,1.0338,1,69,92,62.5976,low,ok,True
SURVEY_02,export_dataset.sav,,,,unknown,undated,time_missing,False,education_group,low_education,Ελληνική Λύση,9.1591,5,69,92,62.5976,low,ok,True
SURVEY_02,export_dataset.sav,,,,unknown,undated,time_missing,False,education_group,low_education,ΚΚΕ,3.1836,2,69,92,62.5976,low,ok,True
SURVEY_02,export_dataset.sav,,,,unknown,undated,time_missing,False,education_group,low_education,ΜέΡΑ25,0.9516,1,69,92,62.5976,low,ok,True
SURVEY_02,export_dataset.sav,,,,unknown,undated,time_missing,False,education_group,low_education,ΝΔ,22.5701,16,69,92,62.5976,low,ok,True
SURVEY_02,export_dataset.sav,,,,unknown,undated,time_missing,False,education_group,low_education,ΠΑΣΟΚ/ΚΙΝΑΛ,13.0872,11,69,92,62.5976,low,ok,True
SURVEY_02,export_dataset.sav,,,,unknown,undated,time_missing,False,education_group,low_education,ΣΥΡΙΖΑ,35.1362,23,69,92,62.5976,low,ok,True
SURVEY_02,export_dataset.sav,,,,unknown,undated,time_missing,False,education_group,low_education,Χρυσή Αυγή,3.8519,3,69,92,62.5976,low,ok,True
SURVEY_02,export_dataset.sav,,,,unknown,undated,time_missing,False,education_group,medium_education,other_party,7.1749,50,579,774,588.4644,high,ok,True
SURVEY_02,export_dataset.sav,,,,unknown,undated,time_missing,False,education_group,medium_education,Ένωση Κεντρώων,0.4885,3,579,774,588.4644,high,ok,True
SURVEY_02,export_dataset.sav,,,,unknown,undated,time_missing,False,education_group,medium_education,Ελληνική Λύση,6.5691,39,579,774,588.4644,high,ok,True
SURVEY_02,export_dataset.sav,,,,unknown,undated,time_missing,False,education_group,medium_education,ΚΚΕ,5.0557,34,579,774,588.4644,high,ok,True
SURVEY_02,export_dataset.sav,,,,unknown,undated,time_missing,False,education_group,medium_education,ΜέΡΑ25,3.0717,21,579,774,588.4644,high,ok,True
SURVEY_02,export_dataset.sav,,,,unknown,undated,time_missing,False,education_group,medium_education,ΝΔ,32.5808,202,579,774,588.4644,high,ok,True
SURVEY_02,export_dataset.sav,,,,unknown,undated,time_missing,False,education_group,medium_education,ΠΑΣΟΚ/ΚΙΝΑΛ,14.2054,90,579,774,588.4644,high,ok,True
SURVEY_02,export_dataset.sav,,,,unknown,undated,time_missing,False,education_group,medium_education,Πλεύση Ελευθερίας,1.3215,6,579,774,588.4644,high,ok,True
SURVEY_02,export_dataset.sav,,,,unknown,undated,time_missing,False,education_group,medium_education,ΣΥΡΙΖΑ,28.6116,130,579,774,588.4644,high,ok,True
SURVEY_02,export_dataset.sav,,,,unknown,undated,time_missing,False,education_group,medium_education,Χρυσή Αυγή,0.9207,4,579,774,588.4644,high,ok,True
SURVEY_02,export_dataset.sav,,,,unknown,undated,time_missing,False,education_group,Δεν γνωρίζω/ Δεν απαντώ,other_party,10.5457,3,11,23,8.9824,low,ok,False
SURVEY_02,export_dataset.sav,,,,unknown,undated,time_missing,False,education_group,Δεν γνωρίζω/ Δεν απαντώ,Ελληνική Λύση,4.8747,1,11,23,8.9824,low,ok,False
SURVEY_02,export_dataset.sav,,,,unknown,undated,time_missing,False,education_group,Δεν γνωρίζω/ Δεν απαντώ,ΚΚΕ,17.9466,2,11,23,8.9824,low,ok,False
SURVEY_02,export_dataset.sav,,,,unknown,undated,time_missing,False,education_group,Δεν γνωρίζω/ Δεν απαντώ,ΝΔ,10.5228,1,11,23,8.9824,low,ok,False
SURVEY_02,export_dataset.sav,,,,unknown,undated,time_missing,False,education_group,Δεν γνωρίζω/ Δεν απαντώ,ΠΑΣΟΚ/ΚΙΝΑΛ,17.7145,2,11,23,8.9824,low,ok,False
SURVEY_02,export_dataset.sav,,,,unknown,undated,time_missing,False,education_group,Δεν γνωρίζω/ Δεν απαντώ,ΣΥΡΙΖΑ,38.3958,2,11,23,8.9824,low,ok,False
SURVEY_02,export_dataset.sav,,,,unknown,undated,time_missing,False,occupation_group,homemaker,other_party,3.4948,1,24,41,30.6983,low,ok,False
SURVEY_02,export_dataset.sav,,,,unknown,undated,time_missing,False,occupation_group,homemaker,ΚΚΕ,8.7584,2,24,41,30.6983,low,ok,False
SURVEY_02,export_dataset.sav,,,,unknown,undated,time_missing,False,occupation_group,homemaker,ΝΔ,41.9645,11,24,41,30.6983,low,ok,False
SURVEY_02,export_dataset.sav,,,,unknown,undated,time_missing,False,occupation_group,homemaker,ΠΑΣΟΚ/ΚΙΝΑΛ,18.6871,5,24,41,30.6983,low,ok,False
SURVEY_02,export_dataset.sav,,,,unknown,undated,time_missing,False,occupation_group,homemaker,ΣΥΡΙΖΑ,27.0952,5,24,41,30.6983,low,ok,False
SURVEY_02,export_dataset.sav,,,,unknown,undated,time_missing,False,occupation_group,private_sector,other_party,4.793,33,467,634,409.5342,high,ok,True
SURVEY_02,export_dataset.sav,,,,unknown,undated,time_missing,False,occupation_group,private_sector,Ένωση Κεντρώων,0.6095,3,467,634,409.5342,high,ok,True
SURVEY_02,export_dataset.sav,,,,unknown,undated,time_missing,False,occupation_group,private_sector,Ελληνική Λύση,6.7569,33,467,634,409.5342,high,ok,True
SURVEY_02,export_dataset.sav,,,,unknown,undated,time_missing,False,occupation_group,private_sector,ΚΚΕ,7.6929,43,467,634,409.5342,high,ok,True
SURVEY_02,export_dataset.sav,,,,unknown,undated,time_missing,False,occupation_group,private_sector,ΜέΡΑ25,5.0123,22,467,634,409.5342,high,ok,True
SURVEY_02,export_dataset.sav,,,,unknown,undated,time_missing,False,occupation_group,private_sector,ΝΔ,27.0896,141,467,634,409.5342,high,ok,True
SURVEY_02,export_dataset.sav,,,,unknown,undated,time_missing,False,occupation_group,private_sector,ΠΑΣΟΚ/ΚΙΝΑΛ,12.4807,61,467,634,409.5342,high,ok,True
SURVEY_02,export_dataset.sav,,,,unknown,undated,time_missing,False,occupation_group,private_sector,Πλεύση Ελευθερίας,0.5157,3,467,634,409.5342,high,ok,True
SURVEY_02,export_dataset.sav,,,,unknown,undated,time_missing,False,occupation_group,private_sector,ΣΥΡΙΖΑ,34.3808,125,467,634,409.5342,high,ok,True
SURVEY_02,export_dataset.sav,,,,unknown,undated,time_missing,False,occupation_group,private_sector,Χρυσή Αυγή,0.6685,3,467,634,409.5342,high,ok,True
SURVEY_02,export_dataset.sav,,,,unknown,undated,time_missing,False,occupation_group,public_sector,other_party,5.8169,21,238,321,202.5496,medium,ok,True
SURVEY_02,export_dataset.sav,,,,unknown,undated,time_missing,False,occupation_group,public_sector,Ένωση Κεντρώων,0.2438,1,238,321,202.5496,medium,ok,True
SURVEY_02,export_dataset.sav,,,,unknown,undated,time_missing,False,occupation_group,public_sector,Ελληνική Λύση,2.3615,7,238,321,202.5496,medium,ok,True
SURVEY_02,export_dataset.sav,,,,unknown,undated,time_missing,False,occupation_group,public_sector,ΚΚΕ,4.2147,12,238,321,202.5496,medium,ok,True
SURVEY_02,export_dataset.sav,,,,unknown,undated,time_missing,False,occupation_group,public_sector,ΜέΡΑ25,1.9183,6,238,321,202.5496,medium,ok,True
SURVEY_02,export_dataset.sav,,,,unknown,undated,time_missing,False,occupation_group,public_sector,ΝΔ,35.5009,91,238,321,202.5496,medium,ok,True
SURVEY_02,export_dataset.sav,,,,unknown,undated,time_missing,False,occupation_group,public_sector,ΠΑΣΟΚ/ΚΙΝΑΛ,8.9431,24,238,321,202.5496,medium,ok,True
SURVEY_02,export_dataset.sav,,,,unknown,undated,time_missing,False,occupation_group,public_sector,Πλεύση Ελευθερίας,0.2422,1,238,321,202.5496,medium,ok,True
SURVEY_02,export_dataset.sav,,,,unknown,undated,time_missing,False,occupation_group,public_sector,ΣΥΡΙΖΑ,40.3432,74,238,321,202.5496,medium,ok,True
SURVEY_02,export_dataset.sav,,,,unknown,undated,time_missing,False,occupation_group,public_sector,Χρυσή Αυγή,0.4154,1,238,321,202.5496,medium,ok,True
SURVEY_02,export_dataset.sav,,,,unknown,undated,time_missing,False,occupation_group,retired,other_party,3.7004,9,204,252,449.9801,medium,ok,True
SURVEY_02,export_dataset.sav,,,,unknown,undated,time_missing,False,occupation_group,retired,Ελληνική Λύση,3.7447,8,204,252,449.9801,medium,ok,True
SURVEY_02,export_dataset.sav,,,,unknown,undated,time_missing,False,occupation_group,retired,ΚΚΕ,3.7788,10,204,252,449.9801,medium,ok,True
SURVEY_02,export_dataset.sav,,,,unknown,undated,time_missing,False,occupation_group,retired,ΝΔ,44.2531,83,204,252,449.9801,medium,ok,True
SURVEY_02,export_dataset.sav,,,,unknown,undated,time_missing,False,occupation_group,retired,ΠΑΣΟΚ/ΚΙΝΑΛ,15.0058,35,204,252,449.9801,medium,ok,True
SURVEY_02,export_dataset.sav,,,,unknown,undated,time_missing,False,occupation_group,retired,ΣΥΡΙΖΑ,28.2831,56,204,252,449.9801,medium,ok,True
SURVEY_02,export_dataset.sav,,,,unknown,undated,time_missing,False,occupation_group,retired,Χρυσή Αυγή,1.2341,3,204,252,449.9801,medium,ok,True
SURVEY_02,export_dataset.sav,,,,unknown,undated,time_missing,False,occupation_group,self_employed,other_party,8.4583,48,453,592,377.487,high,ok,True
SURVEY_02,export_dataset.sav,,,,unknown,undated,time_missing,False,occupation_group,self_employed,Ένωση Κεντρώων,0.324,1,453,592,377.487,high,ok,True
SURVEY_02,export_dataset.sav,,,,unknown,undated,time_missing,False,occupation_group,self_employed,Ελληνική Λύση,4.0844,19,453,592,377.487,high,ok,True
SURVEY_02,export_dataset.sav,,,,unknown,undated,time_missing,False,occupation_group,self_employed,ΚΚΕ,5.5356,25,453,592,377.487,high,ok,True
SURVEY_02,export_dataset.sav,,,,unknown,undated,time_missing,False,occupation_group,self_employed,ΜέΡΑ25,2.1446,11,453,592,377.487,high,ok,True
SURVEY_02,export_dataset.sav,,,,unknown,undated,time_missing,False,occupation_group,self_employed,ΝΔ,41.6811,189,453,592,377.487,high,ok,True
SURVEY_02,export_dataset.sav,,,,unknown,undated,time_missing,False,occupation_group,self_employed,ΠΑΣΟΚ/ΚΙΝΑΛ,12.9273,68,453,592,377.487,high,ok,True
SURVEY_02,export_dataset.sav,,,,unknown,undated,time_missing,False,occupation_group,self_employed,Πλεύση Ελευθερίας,0.3626,3,453,592,377.487,high,ok,True
SURVEY_02,export_dataset.sav,,,,unknown,undated,time_missing,False,occupation_group,self_employed,ΣΥΡΙΖΑ,24.2572,87,453,592,377.487,high,ok,True
SURVEY_02,export_dataset.sav,,,,unknown,undated,time_missing,False,occupation_group,self_employed,Χρυσή Αυγή,0.2252,2,453,592,377.487,high,ok,True
SURVEY_02,export_dataset.sav,,,,unknown,undated,time_missing,False,occupation_group,student,other_party,15.4049,10,70,96,110.0409,low,ok,True
SURVEY_02,export_dataset.sav,,,,unknown,undated,time_missing,False,occupation_group,student,Ένωση Κεντρώων,0.9127,1,70,96,110.0409,low,ok,True
SURVEY_02,export_dataset.sav,,,,unknown,undated,time_missing,False,occupation_group,student,Ελληνική Λύση,1.204,1,70,96,110.0409,low,ok,True
SURVEY_02,export_dataset.sav,,,,unknown,undated,time_missing,False,occupation_group,student,ΚΚΕ,7.4834,6,70,96,110.0409,low,ok,True
SURVEY_02,export_dataset.sav,,,,unknown,undated,time_missing,False,occupation_group,student,ΜέΡΑ25,6.3556,6,70,96,110.0409,low,ok,True
SURVEY_02,export_dataset.sav,,,,unknown,undated,time_missing,False,occupation_group,student,ΝΔ,25.5251,20,70,96,110.0409,low,ok,True
SURVEY_02,export_dataset.sav,,,,unknown,undated,time_missing,False,occupation_group,student,ΠΑΣΟΚ/ΚΙΝΑΛ,8.218,6,70,96,110.0409,low,ok,True
SURVEY_02,export_dataset.sav,,,,unknown,undated,time_missing,False,occupation_group,student,Πλεύση Ελευθερίας,5.1027,2,70,96,110.0409,low,ok,True
SURVEY_02,export_dataset.sav,,,,unknown,undated,time_missing,False,occupation_group,student,ΣΥΡΙΖΑ,29.7936,18,70,96,110.0409,low,ok,True
SURVEY_02,export_dataset.sav,,,,unknown,undated,time_missing,False,occupation_group,unemployed,other_party,11.168,11,71,109,74.2709,low,ok,True
SURVEY_02,export_dataset.sav,,,,unknown,undated,time_missing,False,occupation_group,unemployed,Ένωση Κεντρώων,0.0031,1,71,109,74.2709,low,ok,True
SURVEY_02,export_dataset.sav,,,,unknown,undated,time_missing,False,occupation_group,unemployed,Ελληνική Λύση,8.4542,5,71,109,74.2709,low,ok,True
SURVEY_02,export_dataset.sav,,,,unknown,undated,time_missing,False,occupation_group,unemployed,ΚΚΕ,9.9026,7,71,109,74.2709,low,ok,True
SURVEY_02,export_dataset.sav,,,,unknown,undated,time_missing,False,occupation_group,unemployed,ΜέΡΑ25,3.7463,4,71,109,74.2709,low,ok,True
SURVEY_02,export_dataset.sav,,,,unknown,undated,time_missing,False,occupation_group,unemployed,ΝΔ,20.1361,12,71,109,74.2709,low,ok,True
SURVEY_02,export_dataset.sav,,,,unknown,undated,time_missing,False,occupation_group,unemployed,ΠΑΣΟΚ/ΚΙΝΑΛ,8.5107,6,71,109,74.2709,low,ok,True
SURVEY_02,export_dataset.sav,,,,unknown,undated,time_missing,False,occupation_group,unemployed,Πλεύση Ελευθερίας,3.832,2,71,109,74.2709,low,ok,True
SURVEY_02,export_dataset.sav,,,,unknown,undated,time_missing,False,occupation_group,unemployed,ΣΥΡΙΖΑ,31.474,22,71,109,74.2709,low,ok,True
SURVEY_02,export_dataset.sav,,,,unknown,undated,time_missing,False,occupation_group,unemployed,Χρυσή Αυγή,2.7731,1,71,109,74.2709,low,ok,True
SURVEY_02,export_dataset.sav,,,,unknown,undated,time_missing,False,occupation_group,Δεν γνωρίζω/ Δεν απαντώ,other_party,4.5801,4,18,39,20.7888,low,ok,False
SURVEY_02,export_dataset.sav,,,,unknown,undated,time_missing,False,occupation_group,Δεν γνωρίζω/ Δεν απαντώ,ΚΚΕ,4.5467,1,18,39,20.7888,low,ok,False
SURVEY_02,export_dataset.sav,,,,unknown,undated,time_missing,False,occupation_group,Δεν γνωρίζω/ Δεν απαντώ,ΝΔ,41.9767,7,18,39,20.7888,low,ok,False
SURVEY_02,export_dataset.sav,,,,unknown,undated,time_missing,False,occupation_group,Δεν γνωρίζω/ Δεν απαντώ,ΠΑΣΟΚ/ΚΙΝΑΛ,19.4791,3,18,39,20.7888,low,ok,False
SURVEY_02,export_dataset.sav,,,,unknown,undated,time_missing,False,occupation_group,Δεν γνωρίζω/ Δεν απαντώ,ΣΥΡΙΖΑ,29.4174,3,18,39,20.7888,low,ok,False
SURVEY_02,export_dataset.sav,,,,unknown,undated,time_missing,False,occupation_group,Εισοδηματίας,other_party,12.8011,2,11,12,6.2804,low,ok,False
SURVEY_02,export_dataset.sav,,,,unknown,undated,time_missing,False,occupation_group,Εισοδηματίας,ΝΔ,47.6616,6,11,12,6.2804,low,ok,False
SURVEY_02,export_dataset.sav,,,,unknown,undated,time_missing,False,occupation_group,Εισοδηματίας,ΠΑΣΟΚ/ΚΙΝΑΛ,39.5373,3,11,12,6.2804,low,ok,False
SURVEY_02,export_dataset.sav,,,,unknown,undated,time_missing,False,left_right_group,center,other_party,5.0524,42,686,819,732.4761,high,ok,True
SURVEY_02,export_dataset.sav,,,,unknown,undated,time_missing,False,left_right_group,center,Ένωση Κεντρώων,0.6239,5,686,819,732.4761,high,ok,True
SURVEY_02,export_dataset.sav,,,,unknown,undated,time_missing,False,left_right_group,center,Ελληνική Λύση,4.0931,20,686,819,732.4761,high,ok,True
SURVEY_02,export_dataset.sav,,,,unknown,undated,time_missing,False,left_right_group,center,ΚΚΕ,2.6019,19,686,819,732.4761,high,ok,True
SURVEY_02,export_dataset.sav,,,,unknown,undated,time_missing,False,left_right_group,center,ΜέΡΑ25,1.5435,15,686,819,732.4761,high,ok,True
SURVEY_02,export_dataset.sav,,,,unknown,undated,time_missing,False,left_right_group,center,ΝΔ,40.8004,275,686,819,732.4761,high,ok,True
SURVEY_02,export_dataset.sav,,,,unknown,undated,time_missing,False,left_right_group,center,ΠΑΣΟΚ/ΚΙΝΑΛ,20.9152,149,686,819,732.4761,high,ok,True
SURVEY_02,export_dataset.sav,,,,unknown,undated,time_missing,False,left_right_group,center,Πλεύση Ελευθερίας,0.4092,4,686,819,732.4761,high,ok,True
SURVEY_02,export_dataset.sav,,,,unknown,undated,time_missing,False,left_right_group,center,ΣΥΡΙΖΑ,23.6344,154,686,819,732.4761,high,ok,True
SURVEY_02,export_dataset.sav,,,,unknown,undated,time_missing,False,left_right_group,center,Χρυσή Αυγή,0.3259,3,686,819,732.4761,high,ok,True
SURVEY_02,export_dataset.sav,,,,unknown,undated,time_missing,False,left_right_group,left,other_party,5.1264,16,221,244,293.3115,medium,ok,True
SURVEY_02,export_dataset.sav,,,,unknown,undated,time_missing,False,left_right_group,left,ΚΚΕ,17.7722,59,221,244,293.3115,medium,ok,True
SURVEY_02,export_dataset.sav,,,,unknown,undated,time_missing,False,left_right_group,left,ΜέΡΑ25,3.0488,10,221,244,293.3115,medium,ok,True
SURVEY_02,export_dataset.sav,,,,unknown,undated,time_missing,False,left_right_group,left,ΝΔ,0.1497,2,221,244,293.3115,medium,ok,True
SURVEY_02,export_dataset.sav,,,,unknown,undated,time_missing,False,left_right_group,left,ΠΑΣΟΚ/ΚΙΝΑΛ,3.1611,7,221,244,293.3115,medium,ok,True
SURVEY_02,export_dataset.sav,,,,unknown,undated,time_missing,False,left_right_group,left,Πλεύση Ελευθερίας,0.8921,2,221,244,293.3115,medium,ok,True
SURVEY_02,export_dataset.sav,,,,unknown,undated,time_missing,False,left_right_group,left,ΣΥΡΙΖΑ,68.712,124,221,244,293.3115,medium,ok,True
SURVEY_02,export_dataset.sav,,,,unknown,undated,time_missing,False,left_right_group,left,Χρυσή Αυγή,1.1377,1,221,244,293.3115,medium,ok,True
SURVEY_02,export_dataset.sav,,,,unknown,undated,time_missing,False,left_right_group,right,other_party,8.542,81,649,1033,655.8425,high,ok,True
SURVEY_02,export_dataset.sav,,,,unknown,undated,time_missing,False,left_right_group,right,Ένωση Κεντρώων,0.099,2,649,1033,655.8425,high,ok,True
SURVEY_02,export_dataset.sav,,,,unknown,undated,time_missing,False,left_right_group,right,Ελληνική Λύση,6.4568,53,649,1033,655.8425,high,ok,True
SURVEY_02,export_dataset.sav,,,,unknown,undated,time_missing,False,left_right_group,right,ΚΚΕ,3.9612,28,649,1033,655.8425,high,ok,True
SURVEY_02,export_dataset.sav,,,,unknown,undated,time_missing,False,left_right_group,right,ΜέΡΑ25,3.3599,24,649,1033,655.8425,high,ok,True
SURVEY_02,export_dataset.sav,,,,unknown,undated,time_missing,False,left_right_group,right,ΝΔ,46.9125,283,649,1033,655.8425,high,ok,True
SURVEY_02,export_dataset.sav,,,,unknown,undated,time_missing,False,left_right_group,right,ΠΑΣΟΚ/ΚΙΝΑΛ,7.7323,55,649,1033,655.8425,high,ok,True
SURVEY_02,export_dataset.sav,,,,unknown,undated,time_missing,False,left_right_group,right,Πλεύση Ελευθερίας,1.0396,5,649,1033,655.8425,high,ok,True
SURVEY_02,export_dataset.sav,,,,unknown,undated,time_missing,False,left_right_group,right,ΣΥΡΙΖΑ,20.9334,112,649,1033,655.8425,high,ok,True
SURVEY_02,export_dataset.sav,,,,unknown,undated,time_missing,False,left_right_group,right,Χρυσή Αυγή,0.9633,6,649,1033,655.8425,high,ok,True
SURVEY_02,export_dataset.sav,,,,unknown,undated,time_missing,False,previous_vote_party,other_party,other_party,26.6139,74,203,340,141.1919,medium,ok,True
SURVEY_02,export_dataset.sav,,,,unknown,undated,time_missing,False,previous_vote_party,other_party,Ένωση Κεντρώων,1.2176,3,203,340,141.1919,medium,ok,True
SURVEY_02,export_dataset.sav,,,,unknown,undated,time_missing,False,previous_vote_party,other_party,Ελληνική Λύση,4.8066,10,203,340,141.1919,medium,ok,True
SURVEY_02,export_dataset.sav,,,,unknown,undated,time_missing,False,previous_vote_party,other_party,ΚΚΕ,5.5458,8,203,340,141.1919,medium,ok,True
SURVEY_02,export_dataset.sav,,,,unknown,undated,time_missing,False,previous_vote_party,other_party,ΜέΡΑ25,3.9151,10,203,340,141.1919,medium,ok,True
SURVEY_02,export_dataset.sav,,,,unknown,undated,time_missing,False,previous_vote_party,other_party,ΝΔ,20.2849,29,203,340,141.1919,medium,ok,True
SURVEY_02,export_dataset.sav,,,,unknown,undated,time_missing,False,previous_vote_party,other_party,ΠΑΣΟΚ/ΚΙΝΑΛ,15.9665,26,203,340,141.1919,medium,ok,True
SURVEY_02,export_dataset.sav,,,,unknown,undated,time_missing,False,previous_vote_party,other_party,Πλεύση Ελευθερίας,0.1563,1,203,340,141.1919,medium,ok,True
SURVEY_02,export_dataset.sav,,,,unknown,undated,time_missing,False,previous_vote_party,other_party,ΣΥΡΙΖΑ,20.8745,40,203,340,141.1919,medium,ok,True
SURVEY_02,export_dataset.sav,,,,unknown,undated,time_missing,False,previous_vote_party,other_party,Χρυσή Αυγή,0.6188,2,203,340,141.1919,medium,ok,True
SURVEY_02,export_dataset.sav,,,,unknown,undated,time_missing,False,previous_vote_party,Ένωση Κεντρώων,Ένωση Κεντρώων,7.79,2,15,22,16.6138,low,ok,False
SURVEY_02,export_dataset.sav,,,,unknown,undated,time_missing,False,previous_vote_party,Ένωση Κεντρώων,Ελληνική Λύση,22.1284,4,15,22,16.6138,low,ok,False
SURVEY_02,export_dataset.sav,,,,unknown,undated,time_missing,False,previous_vote_party,Ένωση Κεντρώων,ΝΔ,30.8302,4,15,22,16.6138,low,ok,False
SURVEY_02,export_dataset.sav,,,,unknown,undated,time_missing,False,previous_vote_party,Ένωση Κεντρώων,ΠΑΣΟΚ/ΚΙΝΑΛ,9.0243,2,15,22,16.6138,low,ok,False
SURVEY_02,export_dataset.sav,,,,unknown,undated,time_missing,False,previous_vote_party,Ένωση Κεντρώων,ΣΥΡΙΖΑ,30.2272,3,15,22,16.6138,low,ok,False
SURVEY_02,export_dataset.sav,,,,unknown,undated,time_missing,False,previous_vote_party,Ελληνική Λύση,other_party,5.7814,3,34,42,54.9901,low,ok,True
SURVEY_02,export_dataset.sav,,,,unknown,undated,time_missing,False,previous_vote_party,Ελληνική Λύση,Ελληνική Λύση,75.9802,24,34,42,54.9901,low,ok,True
SURVEY_02,export_dataset.sav,,,,unknown,undated,time_missing,False,previous_vote_party,Ελληνική Λύση,ΝΔ,8.7108,4,34,42,54.9901,low,ok,True
SURVEY_02,export_dataset.sav,,,,unknown,undated,time_missing,False,previous_vote_party,Ελληνική Λύση,ΠΑΣΟΚ/ΚΙΝΑΛ,3.6957,1,34,42,54.9901,low,ok,True
SURVEY_02,export_dataset.sav,,,,unknown,undated,time_missing,False,previous_vote_party,Ελληνική Λύση,ΣΥΡΙΖΑ,5.8319,2,34,42,54.9901,low,ok,True
SURVEY_02,export_dataset.sav,,,,unknown,undated,time_missing,False,previous_vote_party,ΚΚΕ,other_party,4.3704,3,97,108,88.496,low,ok,True
SURVEY_02,export_dataset.sav,,,,unknown,undated,time_missing,False,previous_vote_party,ΚΚΕ,Ελληνική Λύση,0.5233,1,97,108,88.496,low,ok,True
SURVEY_02,export_dataset.sav,,,,unknown,undated,time_missing,False,previous_vote_party,ΚΚΕ,ΚΚΕ,78.3889,76,97,108,88.496,low,ok,True
SURVEY_02,export_dataset.sav,,,,unknown,undated,time_missing,False,previous_vote_party,ΚΚΕ,ΝΔ,0.9342,2,97,108,88.496,low,ok,True
SURVEY_02,export_dataset.sav,,,,unknown,undated,time_missing,False,previous_vote_party,ΚΚΕ,ΠΑΣΟΚ/ΚΙΝΑΛ,5.0626,5,97,108,88.496,low,ok,True
SURVEY_02,export_dataset.sav,,,,unknown,undated,time_missing,False,previous_vote_party,ΚΚΕ,ΣΥΡΙΖΑ,10.7206,10,97,108,88.496,low,ok,True
SURVEY_02,export_dataset.sav,,,,unknown,undated,time_missing,False,previous_vote_party,ΜέΡΑ25,other_party,14.2387,6,48,63,49.0023,low,ok,True
SURVEY_02,export_dataset.sav,,,,unknown,undated,time_missing,False,previous_vote_party,ΜέΡΑ25,Ελληνική Λύση,1.846,1,48,63,49.0023,low,ok,True
SURVEY_02,export_dataset.sav,,,,unknown,undated,time_missing,False,previous_vote_party,ΜέΡΑ25,ΚΚΕ,7.8066,3,48,63,49.0023,low,ok,True
SURVEY_02,export_dataset.sav,,,,unknown,undated,time_missing,False,previous_vote_party,ΜέΡΑ25,ΜέΡΑ25,32.847,19,48,63,49.0023,low,ok,True
SURVEY_02,export_dataset.sav,,,,unknown,undated,time_missing,False,previous_vote_party,ΜέΡΑ25,ΝΔ,1.846,1,48,63,49.0023,low,ok,True
SURVEY_02,export_dataset.sav,,,,unknown,undated,time_missing,False,previous_vote_party,ΜέΡΑ25,ΠΑΣΟΚ/ΚΙΝΑΛ,23.4269,8,48,63,49.0023,low,ok,True
SURVEY_02,export_dataset.sav,,,,unknown,undated,time_missing,False,previous_vote_party,ΜέΡΑ25,ΣΥΡΙΖΑ,17.9886,10,48,63,49.0023,low,ok,True
SURVEY_02,export_dataset.sav,,,,unknown,undated,time_missing,False,previous_vote_party,ΝΔ,other_party,2.9646,26,619,748,627.7283,high,ok,True
SURVEY_02,export_dataset.sav,,,,unknown,undated,time_missing,False,previous_vote_party,ΝΔ,Ένωση Κεντρώων,0.16,1,619,748,627.7283,high,ok,True
SURVEY_02,export_dataset.sav,,,,unknown,undated,time_missing,False,previous_vote_party,ΝΔ,Ελληνική Λύση,1.488,18,619,748,627.7283,high,ok,True
SURVEY_02,export_dataset.sav,,,,unknown,undated,time_missing,False,previous_vote_party,ΝΔ,ΚΚΕ,0.588,5,619,748,627.7283,high,ok,True
SURVEY_02,export_dataset.sav,,,,unknown,undated,time_missing,False,previous_vote_party,ΝΔ,ΜέΡΑ25,0.3042,4,619,748,627.7283,high,ok,True
SURVEY_02,export_dataset.sav,,,,unknown,undated,time_missing,False,previous_vote_party,ΝΔ,ΝΔ,83.328,474,619,748,627.7283,high,ok,True
SURVEY_02,export_dataset.sav,,,,unknown,undated,time_missing,False,previous_vote_party,ΝΔ,ΠΑΣΟΚ/ΚΙΝΑΛ,6.7426,47,619,748,627.7283,high,ok,True
SURVEY_02,export_dataset.sav,,,,unknown,undated,time_missing,False,previous_vote_party,ΝΔ,Πλεύση Ελευθερίας,0.2177,3,619,748,627.7283,high,ok,True
SURVEY_02,export_dataset.sav,,,,unknown,undated,time_missing,False,previous_vote_party,ΝΔ,ΣΥΡΙΖΑ,4.0674,39,619,748,627.7283,high,ok,True
SURVEY_02,export_dataset.sav,,,,unknown,undated,time_missing,False,previous_vote_party,ΝΔ,Χρυσή Αυγή,0.1395,2,619,748,627.7283,high,ok,True
SURVEY_02,export_dataset.sav,,,,unknown,undated,time_missing,False,previous_vote_party,ΠΑΣΟΚ/ΚΙΝΑΛ,other_party,7.2706,3,116,122,145.1524,medium,ok,True
SURVEY_02,export_dataset.sav,,,,unknown,undated,time_missing,False,previous_vote_party,ΠΑΣΟΚ/ΚΙΝΑΛ,ΚΚΕ,0.3685,1,116,122,145.1524,medium,ok,True
SURVEY_02,export_dataset.sav,,,,unknown,undated,time_missing,False,previous_vote_party,ΠΑΣΟΚ/ΚΙΝΑΛ,ΝΔ,14.8701,14,116,122,145.1524,medium,ok,True
SURVEY_02,export_dataset.sav,,,,unknown,undated,time_missing,False,previous_vote_party,ΠΑΣΟΚ/ΚΙΝΑΛ,ΠΑΣΟΚ/ΚΙΝΑΛ,71.7226,90,116,122,145.1524,medium,ok,True
SURVEY_02,export_dataset.sav,,,,unknown,undated,time_missing,False,previous_vote_party,ΠΑΣΟΚ/ΚΙΝΑΛ,ΣΥΡΙΖΑ,5.7682,8,116,122,145.1524,medium,ok,True
SURVEY_02,export_dataset.sav,,,,unknown,undated,time_missing,False,previous_vote_party,Πλεύση Ελευθερίας,other_party,42.7508,5,12,16,19.7494,low,ok,False
SURVEY_02,export_dataset.sav,,,,unknown,undated,time_missing,False,previous_vote_party,Πλεύση Ελευθερίας,ΝΔ,3.5952,1,12,16,19.7494,low,ok,False
SURVEY_02,export_dataset.sav,,,,unknown,undated,time_missing,False,previous_vote_party,Πλεύση Ελευθερίας,ΠΑΣΟΚ/ΚΙΝΑΛ,8.7998,1,12,16,19.7494,low,ok,False
SURVEY_02,export_dataset.sav,,,,unknown,undated,time_missing,False,previous_vote_party,Πλεύση Ελευθερίας,Πλεύση Ελευθερίας,44.8542,5,12,16,19.7494,low,ok,False
SURVEY_02,export_dataset.sav,,,,unknown,undated,time_missing,False,previous_vote_party,ΣΥΡΙΖΑ,other_party,3.4004,13,334,379,508.6196,high,ok,True
SURVEY_02,export_dataset.sav,,,,unknown,undated,time_missing,False,previous_vote_party,ΣΥΡΙΖΑ,Ελληνική Λύση,1.1283,5,334,379,508.6196,high,ok,True
SURVEY_02,export_dataset.sav,,,,unknown,undated,time_missing,False,previous_vote_party,ΣΥΡΙΖΑ,ΚΚΕ,2.3422,10,334,379,508.6196,high,ok,True
SURVEY_02,export_dataset.sav,,,,unknown,undated,time_missing,False,previous_vote_party,ΣΥΡΙΖΑ,ΜέΡΑ25,3.6005,14,334,379,508.6196,high,ok,True
SURVEY_02,export_dataset.sav,,,,unknown,undated,time_missing,False,previous_vote_party,ΣΥΡΙΖΑ,ΝΔ,2.9056,13,334,379,508.6196,high,ok,True
SURVEY_02,export_dataset.sav,,,,unknown,undated,time_missing,False,previous_vote_party,ΣΥΡΙΖΑ,ΠΑΣΟΚ/ΚΙΝΑΛ,4.177,19,334,379,508.6196,high,ok,True
SURVEY_02,export_dataset.sav,,,,unknown,undated,time_missing,False,previous_vote_party,ΣΥΡΙΖΑ,Πλεύση Ελευθερίας,0.1728,1,334,379,508.6196,high,ok,True
SURVEY_02,export_dataset.sav,,,,unknown,undated,time_missing,False,previous_vote_party,ΣΥΡΙΖΑ,ΣΥΡΙΖΑ,82.2732,259,334,379,508.6196,high,ok,True
SURVEY_02,export_dataset.sav,,,,unknown,undated,time_missing,False,previous_vote_party,Χρυσή Αυγή,Ελληνική Λύση,13.7306,2,11,39,15.4754,low,ok,False
SURVEY_02,export_dataset.sav,,,,unknown,undated,time_missing,False,previous_vote_party,Χρυσή Αυγή,ΝΔ,12.5979,2,11,39,15.4754,low,ok,False
SURVEY_02,export_dataset.sav,,,,unknown,undated,time_missing,False,previous_vote_party,Χρυσή Αυγή,Πλεύση Ελευθερίας,7.1605,1,11,39,15.4754,low,ok,False
SURVEY_02,export_dataset.sav,,,,unknown,undated,time_missing,False,previous_vote_party,Χρυσή Αυγή,Χρυσή Αυγή,66.5109,6,11,39,15.4754,low,ok,False
SURVEY_02,export_dataset.sav,,,,unknown,undated,time_missing,False,region_group,Ήπειρος,other_party,4.0104,3,42,54,42.7016,low,ok,True
SURVEY_02,export_dataset.sav,,,,unknown,undated,time_missing,False,region_group,Ήπειρος,Ένωση Κεντρώων,2.352,1,42,54,42.7016,low,ok,True
SURVEY_02,export_dataset.sav,,,,unknown,undated,time_missing,False,region_group,Ήπειρος,Ελληνική Λύση,3.6911,2,42,54,42.7016,low,ok,True
SURVEY_02,export_dataset.sav,,,,unknown,undated,time_missing,False,region_group,Ήπειρος,ΚΚΕ,3.7389,2,42,54,42.7016,low,ok,True
SURVEY_02,export_dataset.sav,,,,unknown,undated,time_missing,False,region_group,Ήπειρος,ΜέΡΑ25,2.5514,1,42,54,42.7016,low,ok,True
SURVEY_02,export_dataset.sav,,,,unknown,undated,time_missing,False,region_group,Ήπειρος,ΝΔ,29.5516,14,42,54,42.7016,low,ok,True
SURVEY_02,export_dataset.sav,,,,unknown,undated,time_missing,False,region_group,Ήπειρος,ΠΑΣΟΚ/ΚΙΝΑΛ,11.7332,5,42,54,42.7016,low,ok,True
SURVEY_02,export_dataset.sav,,,,unknown,undated,time_missing,False,region_group,Ήπειρος,Πλεύση Ελευθερίας,3.8141,1,42,54,42.7016,low,ok,True
SURVEY_02,export_dataset.sav,,,,unknown,undated,time_missing,False,region_group,Ήπειρος,ΣΥΡΙΖΑ,29.7169,11,42,54,42.7016,low,ok,True
SURVEY_02,export_dataset.sav,,,,unknown,undated,time_missing,False,region_group,Ήπειρος,Χρυσή Αυγή,8.8404,2,42,54,42.7016,low,ok,True
SURVEY_02,export_dataset.sav,,,,unknown,undated,time_missing,False,region_group,Ανατολική Μακεδονία Θράκη,other_party,7.6369,10,66,88,71.9971,low,ok,True
SURVEY_02,export_dataset.sav,,,,unknown,undated,time_missing,False,region_group,Ανατολική Μακεδονία Θράκη,Ελληνική Λύση,15.7117,3,66,88,71.9971,low,ok,True
SURVEY_02,export_dataset.sav,,,,unknown,undated,time_missing,False,region_group,Ανατολική Μακεδονία Θράκη,ΚΚΕ,2.5703,1,66,88,71.9971,low,ok,True
SURVEY_02,export_dataset.sav,,,,unknown,undated,time_missing,False,region_group,Ανατολική Μακεδονία Θράκη,ΜέΡΑ25,3.7039,2,66,88,71.9971,low,ok,True
SURVEY_02,export_dataset.sav,,,,unknown,undated,time_missing,False,region_group,Ανατολική Μακεδονία Θράκη,ΝΔ,33.5671,27,66,88,71.9971,low,ok,True
SURVEY_02,export_dataset.sav,,,,unknown,undated,time_missing,False,region_group,Ανατολική Μακεδονία Θράκη,ΠΑΣΟΚ/ΚΙΝΑΛ,14.0446,10,66,88,71.9971,low,ok,True
SURVEY_02,export_dataset.sav,,,,unknown,undated,time_missing,False,region_group,Ανατολική Μακεδονία Θράκη,ΣΥΡΙΖΑ,21.2266,12,66,88,71.9971,low,ok,True
SURVEY_02,export_dataset.sav,,,,unknown,undated,time_missing,False,region_group,Ανατολική Μακεδονία Θράκη,Χρυσή Αυγή,1.5391,1,66,88,71.9971,low,ok,True
SURVEY_02,export_dataset.sav,,,,unknown,undated,time_missing,False,region_group,Αττική,other_party,5.0189,48,624,838,699.5435,high,ok,True
SURVEY_02,export_dataset.sav,,,,unknown,undated,time_missing,False,region_group,Αττική,Ένωση Κεντρώων,0.2643,2,624,838,699.5435,high,ok,True
SURVEY_02,export_dataset.sav,,,,unknown,undated,time_missing,False,region_group,Αττική,Ελληνική Λύση,2.8141,17,624,838,699.5435,high,ok,True
SURVEY_02,export_dataset.sav,,,,unknown,undated,time_missing,False,region_group,Αττική,ΚΚΕ,4.765,42,624,838,699.5435,high,ok,True
SURVEY_02,export_dataset.sav,,,,unknown,undated,time_missing,False,region_group,Αττική,ΜέΡΑ25,2.8031,24,624,838,699.5435,high,ok,True
SURVEY_02,export_dataset.sav,,,,unknown,undated,time_missing,False,region_group,Αττική,ΝΔ,42.3056,263,624,838,699.5435,high,ok,True
SURVEY_02,export_dataset.sav,,,,unknown,undated,time_missing,False,region_group,Αττική,ΠΑΣΟΚ/ΚΙΝΑΛ,9.427,66,624,838,699.5435,high,ok,True
SURVEY_02,export_dataset.sav,,,,unknown,undated,time_missing,False,region_group,Αττική,Πλεύση Ελευθερίας,0.4247,3,624,838,699.5435,high,ok,True
SURVEY_02,export_dataset.sav,,,,unknown,undated,time_missing,False,region_group,Αττική,ΣΥΡΙΖΑ,31.9897,156,624,838,699.5435,high,ok,True
SURVEY_02,export_dataset.sav,,,,unknown,undated,time_missing,False,region_group,Αττική,Χρυσή Αυγή,0.1875,3,624,838,699.5435,high,ok,True
SURVEY_02,export_dataset.sav,,,,unknown,undated,time_missing,False,region_group,Βόρειο Αιγαίο,other_party,2.9829,4,29,40,24.1071,low,ok,False
SURVEY_02,export_dataset.sav,,,,unknown,undated,time_missing,False,region_group,Βόρειο Αιγαίο,Ελληνική Λύση,2.0348,1,29,40,24.1071,low,ok,False
SURVEY_02,export_dataset.sav,,,,unknown,undated,time_missing,False,region_group,Βόρειο Αιγαίο,ΚΚΕ,2.2188,1,29,40,24.1071,low,ok,False
SURVEY_02,export_dataset.sav,,,,unknown,undated,time_missing,False,region_group,Βόρειο Αιγαίο,ΜέΡΑ25,5.804,2,29,40,24.1071,low,ok,False
SURVEY_02,export_dataset.sav,,,,unknown,undated,time_missing,False,region_group,Βόρειο Αιγαίο,ΝΔ,47.1462,12,29,40,24.1071,low,ok,False
SURVEY_02,export_dataset.sav,,,,unknown,undated,time_missing,False,region_group,Βόρειο Αιγαίο,ΠΑΣΟΚ/ΚΙΝΑΛ,21.7833,5,29,40,24.1071,low,ok,False
SURVEY_02,export_dataset.sav,,,,unknown,undated,time_missing,False,region_group,Βόρειο Αιγαίο,ΣΥΡΙΖΑ,18.0299,4,29,40,24.1071,low,ok,False
SURVEY_02,export_dataset.sav,,,,unknown,undated,time_missing,False,region_group,Δεν γνωρίζω/ Δεν απαντώ,other_party,0.1286,3,9,25,3.8587,low,ok,False
SURVEY_02,export_dataset.sav,,,,unknown,undated,time_missing,False,region_group,Δεν γνωρίζω/ Δεν απαντώ,ΚΚΕ,41.7766,2,9,25,3.8587,low,ok,False
SURVEY_02,export_dataset.sav,,,,unknown,undated,time_missing,False,region_group,Δεν γνωρίζω/ Δεν απαντώ,ΝΔ,0.0,1,9,25,3.8587,low,ok,False
SURVEY_02,export_dataset.sav,,,,unknown,undated,time_missing,False,region_group,Δεν γνωρίζω/ Δεν απαντώ,ΠΑΣΟΚ/ΚΙΝΑΛ,38.5627,1,9,25,3.8587,low,ok,False
SURVEY_02,export_dataset.sav,,,,unknown,undated,time_missing,False,region_group,Δεν γνωρίζω/ Δεν απαντώ,ΣΥΡΙΖΑ,19.5321,2,9,25,3.8587,low,ok,False
SURVEY_02,export_dataset.sav,,,,unknown,undated,time_missing,False,region_group,Δυτική Ελλάδα,other_party,7.65,6,76,92,73.2043,low,ok,True
SURVEY_02,export_dataset.sav,,,,unknown,undated,time_missing,False,region_group,Δυτική Ελλάδα,Ένωση Κεντρώων,1.6705,1,76,92,73.2043,low,ok,True
SURVEY_02,export_dataset.sav,,,,unknown,undated,time_missing,False,region_group,Δυτική Ελλάδα,Ελληνική Λύση,1.1342,1,76,92,73.2043,low,ok,True
SURVEY_02,export_dataset.sav,,,,unknown,undated,time_missing,False,region_group,Δυτική Ελλάδα,ΚΚΕ,7.3946,9,76,92,73.2043,low,ok,True
SURVEY_02,export_dataset.sav,,,,unknown,undated,time_missing,False,region_group,Δυτική Ελλάδα,ΜέΡΑ25,1.9884,2,76,92,73.2043,low,ok,True
SURVEY_02,export_dataset.sav,,,,unknown,undated,time_missing,False,region_group,Δυτική Ελλάδα,ΝΔ,28.0563,24,76,92,73.2043,low,ok,True
SURVEY_02,export_dataset.sav,,,,unknown,undated,time_missing,False,region_group,Δυτική Ελλάδα,ΠΑΣΟΚ/ΚΙΝΑΛ,22.6568,13,76,92,73.2043,low,ok,True
SURVEY_02,export_dataset.sav,,,,unknown,undated,time_missing,False,region_group,Δυτική Ελλάδα,Πλεύση Ελευθερίας,0.9699,1,76,92,73.2043,low,ok,True
SURVEY_02,export_dataset.sav,,,,unknown,undated,time_missing,False,region_group,Δυτική Ελλάδα,ΣΥΡΙΖΑ,26.9655,18,76,92,73.2043,low,ok,True
SURVEY_02,export_dataset.sav,,,,unknown,undated,time_missing,False,region_group,Δυτική Ελλάδα,Χρυσή Αυγή,1.5137,1,76,92,73.2043,low,ok,True
SURVEY_02,export_dataset.sav,,,,unknown,undated,time_missing,False,region_group,Δυτική Μακεδονία,other_party,10.9575,7,48,62,43.0509,low,ok,True
SURVEY_02,export_dataset.sav,,,,unknown,undated,time_missing,False,region_group,Δυτική Μακεδονία,Ελληνική Λύση,3.2407,2,48,62,43.0509,low,ok,True
SURVEY_02,export_dataset.sav,,,,unknown,undated,time_missing,False,region_group,Δυτική Μακεδονία,ΚΚΕ,3.8759,3,48,62,43.0509,low,ok,True
SURVEY_02,export_dataset.sav,,,,unknown,undated,time_missing,False,region_group,Δυτική Μακεδονία,ΝΔ,45.1085,16,48,62,43.0509,low,ok,True
SURVEY_02,export_dataset.sav,,,,unknown,undated,time_missing,False,region_group,Δυτική Μακεδονία,ΠΑΣΟΚ/ΚΙΝΑΛ,15.9891,6,48,62,43.0509,low,ok,True
SURVEY_02,export_dataset.sav,,,,unknown,undated,time_missing,False,region_group,Δυτική Μακεδονία,ΣΥΡΙΖΑ,20.8283,14,48,62,43.0509,low,ok,True
SURVEY_02,export_dataset.sav,,,,unknown,undated,time_missing,False,region_group,Θεσσαλία,other_party,5.3174,8,79,114,84.0395,low,ok,True
SURVEY_02,export_dataset.sav,,,,unknown,undated,time_missing,False,region_group,Θεσσαλία,Ελληνική Λύση,6.4346,5,79,114,84.0395,low,ok,True
SURVEY_02,export_dataset.sav,,,,unknown,undated,time_missing,False,region_group,Θεσσαλία,ΚΚΕ,4.1265,4,79,114,84.0395,low,ok,True
SURVEY_02,export_dataset.sav,,,,unknown,undated,time_missing,False,region_group,Θεσσαλία,ΜέΡΑ25,2.9757,2,79,114,84.0395,low,ok,True
SURVEY_02,export_dataset.sav,,,,unknown,undated,time_missing,False,region_group,Θεσσαλία,ΝΔ,32.5521,23,79,114,84.0395,low,ok,True
SURVEY_02,export_dataset.sav,,,,unknown,undated,time_missing,False,region_group,Θεσσαλία,ΠΑΣΟΚ/ΚΙΝΑΛ,10.21,11,79,114,84.0395,low,ok,True
SURVEY_02,export_dataset.sav,,,,unknown,undated,time_missing,False,region_group,Θεσσαλία,Πλεύση Ελευθερίας,0.2626,1,79,114,84.0395,low,ok,True
SURVEY_02,export_dataset.sav,,,,unknown,undated,time_missing,False,region_group,Θεσσαλία,ΣΥΡΙΖΑ,38.121,25,79,114,84.0395,low,ok,True
SURVEY_02,export_dataset.sav,,,,unknown,undated,time_missing,False,region_group,Ιόνια νησιά,other_party,15.0483,6,43,51,44.8275,low,ok,True
SURVEY_02,export_dataset.sav,,,,unknown,undated,time_missing,False,region_group,Ιόνια νησιά,Ελληνική Λύση,1.901,1,43,51,44.8275,low,ok,True
SURVEY_02,export_dataset.sav,,,,unknown,undated,time_missing,False,region_group,Ιόνια νησιά,ΚΚΕ,17.7821,5,43,51,44.8275,low,ok,True
SURVEY_02,export_dataset.sav,,,,unknown,undated,time_missing,False,region_group,Ιόνια νησιά,ΜέΡΑ25,3.5439,3,43,51,44.8275,low,ok,True
SURVEY_02,export_dataset.sav,,,,unknown,undated,time_missing,False,region_group,Ιόνια νησιά,ΝΔ,17.091,6,43,51,44.8275,low,ok,True
SURVEY_02,export_dataset.sav,,,,unknown,undated,time_missing,False,region_group,Ιόνια νησιά,ΠΑΣΟΚ/ΚΙΝΑΛ,12.9397,10,43,51,44.8275,low,ok,True
SURVEY_02,export_dataset.sav,,,,unknown,undated,time_missing,False,region_group,Ιόνια νησιά,ΣΥΡΙΖΑ,31.694,12,43,51,44.8275,low,ok,True
SURVEY_02,export_dataset.sav,,,,unknown,undated,time_missing,False,region_group,Κεντρική Μακεδονία,other_party,11.6001,27,220,308,260.0131,medium,ok,True
SURVEY_02,export_dataset.sav,,,,unknown,undated,time_missing,False,region_group,Κεντρική Μακεδονία,Ένωση Κεντρώων,0.0009,1,220,308,260.0131,medium,ok,True
SURVEY_02,export_dataset.sav,,,,unknown,undated,time_missing,False,region_group,Κεντρική Μακεδονία,Ελληνική Λύση,9.1081,28,220,308,260.0131,medium,ok,True
SURVEY_02,export_dataset.sav,,,,unknown,undated,time_missing,False,region_group,Κεντρική Μακεδονία,ΚΚΕ,4.8151,12,220,308,260.0131,medium,ok,True
SURVEY_02,export_dataset.sav,,,,unknown,undated,time_missing,False,region_group,Κεντρική Μακεδονία,ΜέΡΑ25,2.6346,6,220,308,260.0131,medium,ok,True
SURVEY_02,export_dataset.sav,,,,unknown,undated,time_missing,False,region_group,Κεντρική Μακεδονία,ΝΔ,28.812,64,220,308,260.0131,medium,ok,True
SURVEY_02,export_dataset.sav,,,,unknown,undated,time_missing,False,region_group,Κεντρική Μακεδονία,ΠΑΣΟΚ/ΚΙΝΑΛ,16.2317,32,220,308,260.0131,medium,ok,True
SURVEY_02,export_dataset.sav,,,,unknown,undated,time_missing,False,region_group,Κεντρική Μακεδονία,Πλεύση Ελευθερίας,1.5331,1,220,308,260.0131,medium,ok,True
SURVEY_02,export_dataset.sav,,,,unknown,undated,time_missing,False,region_group,Κεντρική Μακεδονία,ΣΥΡΙΖΑ,23.7653,47,220,308,260.0131,medium,ok,True
SURVEY_02,export_dataset.sav,,,,unknown,undated,time_missing,False,region_group,Κεντρική Μακεδονία,Χρυσή Αυγή,1.4992,2,220,308,260.0131,medium,ok,True
SURVEY_02,export_dataset.sav,,,,unknown,undated,time_missing,False,region_group,Κρήτη,other_party,3.1583,5,89,114,100.7515,low,ok,True
SURVEY_02,export_dataset.sav,,,,unknown,undated,time_missing,False,region_group,Κρήτη,Ένωση Κεντρώων,1.1325,2,89,114,100.7515,low,ok,True
SURVEY_02,export_dataset.sav,,,,unknown,undated,time_missing,False,region_group,Κρήτη,Ελληνική Λύση,1.0758,2,89,114,100.7515,low,ok,True
SURVEY_02,export_dataset.sav,,,,unknown,undated,time_missing,False,region_group,Κρήτη,ΚΚΕ,6.4753,6,89,114,100.7515,low,ok,True
SURVEY_02,export_dataset.sav,,,,unknown,undated,time_missing,False,region_group,Κρήτη,ΜέΡΑ25,2.437,3,89,114,100.7515,low,ok,True
SURVEY_02,export_dataset.sav,,,,unknown,undated,time_missing,False,region_group,Κρήτη,ΝΔ,26.614,27,89,114,100.7515,low,ok,True
SURVEY_02,export_dataset.sav,,,,unknown,undated,time_missing,False,region_group,Κρήτη,ΠΑΣΟΚ/ΚΙΝΑΛ,19.4134,17,89,114,100.7515,low,ok,True
SURVEY_02,export_dataset.sav,,,,unknown,undated,time_missing,False,region_group,Κρήτη,ΣΥΡΙΖΑ,39.6937,27,89,114,100.7515,low,ok,True
SURVEY_02,export_dataset.sav,,,,unknown,undated,time_missing,False,region_group,Νότιο Αιγαίο,other_party,7.7871,3,73,98,72.4286,low,ok,True
SURVEY_02,export_dataset.sav,,,,unknown,undated,time_missing,False,region_group,Νότιο Αιγαίο,Ελληνική Λύση,3.542,4,73,98,72.4286,low,ok,True
SURVEY_02,export_dataset.sav,,,,unknown,undated,time_missing,False,region_group,Νότιο Αιγαίο,ΚΚΕ,9.1066,8,73,98,72.4286,low,ok,True
SURVEY_02,export_dataset.sav,,,,unknown,undated,time_missing,False,region_group,Νότιο Αιγαίο,ΜέΡΑ25,2.1251,3,73,98,72.4286,low,ok,True
SURVEY_02,export_dataset.sav,,,,unknown,undated,time_missing,False,region_group,Νότιο Αιγαίο,ΝΔ,41.0287,28,73,98,72.4286,low,ok,True
SURVEY_02,export_dataset.sav,,,,unknown,undated,time_missing,False,region_group,Νότιο Αιγαίο,ΠΑΣΟΚ/ΚΙΝΑΛ,10.6573,10,73,98,72.4286,low,ok,True
SURVEY_02,export_dataset.sav,,,,unknown,undated,time_missing,False,region_group,Νότιο Αιγαίο,Πλεύση Ελευθερίας,2.4952,3,73,98,72.4286,low,ok,True
SURVEY_02,export_dataset.sav,,,,unknown,undated,time_missing,False,region_group,Νότιο Αιγαίο,ΣΥΡΙΖΑ,23.2579,14,73,98,72.4286,low,ok,True
SURVEY_02,export_dataset.sav,,,,unknown,undated,time_missing,False,region_group,Πελοπόννησος,other_party,1.8655,4,88,118,91.567,low,ok,True
SURVEY_02,export_dataset.sav,,,,unknown,undated,time_missing,False,region_group,Πελοπόννησος,Ελληνική Λύση,1.8727,3,88,118,91.567,low,ok,True
SURVEY_02,export_dataset.sav,,,,unknown,undated,time_missing,False,region_group,Πελοπόννησος,ΚΚΕ,1.6514,2,88,118,91.567,low,ok,True
SURVEY_02,export_dataset.sav,,,,unknown,undated,time_missing,False,region_group,Πελοπόννησος,ΝΔ,39.2106,31,88,118,91.567,low,ok,True
SURVEY_02,export_dataset.sav,,,,unknown,undated,time_missing,False,region_group,Πελοπόννησος,ΠΑΣΟΚ/ΚΙΝΑΛ,8.6685,12,88,118,91.567,low,ok,True
SURVEY_02,export_dataset.sav,,,,unknown,undated,time_missing,False,region_group,Πελοπόννησος,Πλεύση Ελευθερίας,1.2102,1,88,118,91.567,low,ok,True
SURVEY_02,export_dataset.sav,,,,unknown,undated,time_missing,False,region_group,Πελοπόννησος,ΣΥΡΙΖΑ,44.6022,34,88,118,91.567,low,ok,True
SURVEY_02,export_dataset.sav,,,,unknown,undated,time_missing,False,region_group,Πελοπόννησος,Χρυσή Αυγή,0.919,1,88,118,91.567,low,ok,True
SURVEY_02,export_dataset.sav,,,,unknown,undated,time_missing,False,region_group,Στερεά Ελλάδα,other_party,4.0229,5,70,94,69.5398,low,ok,True
SURVEY_02,export_dataset.sav,,,,unknown,undated,time_missing,False,region_group,Στερεά Ελλάδα,Ελληνική Λύση,2.4896,4,70,94,69.5398,low,ok,True
SURVEY_02,export_dataset.sav,,,,unknown,undated,time_missing,False,region_group,Στερεά Ελλάδα,ΚΚΕ,18.07,9,70,94,69.5398,low,ok,True
SURVEY_02,export_dataset.sav,,,,unknown,undated,time_missing,False,region_group,Στερεά Ελλάδα,ΜέΡΑ25,1.6249,1,70,94,69.5398,low,ok,True
SURVEY_02,export_dataset.sav,,,,unknown,undated,time_missing,False,region_group,Στερεά Ελλάδα,ΝΔ,29.5381,24,70,94,69.5398,low,ok,True
SURVEY_02,export_dataset.sav,,,,unknown,undated,time_missing,False,region_group,Στερεά Ελλάδα,ΠΑΣΟΚ/ΚΙΝΑΛ,14.5303,13,70,94,69.5398,low,ok,True
SURVEY_02,export_dataset.sav,,,,unknown,undated,time_missing,False,region_group,Στερεά Ελλάδα,ΣΥΡΙΖΑ,29.7241,14,70,94,69.5398,low,ok,True
SURVEY_03,export_dataset_weighted.sav,2022-12-10 23:27:12,2022.0,12.0,Q4,2022-Q4,auto_from_sav_date_column:startdate,True,gender,female,other_party,4.7529,32,612,939,855.4232,high,ok,True
SURVEY_03,export_dataset_weighted.sav,2022-12-10 23:27:12,2022.0,12.0,Q4,2022-Q4,auto_from_sav_date_column:startdate,True,gender,female,Ελληνική Λύση,2.5586,14,612,939,855.4232,high,ok,True
SURVEY_03,export_dataset_weighted.sav,2022-12-10 23:27:12,2022.0,12.0,Q4,2022-Q4,auto_from_sav_date_column:startdate,True,gender,female,ΚΚΕ,7.3759,53,612,939,855.4232,high,ok,True
SURVEY_03,export_dataset_weighted.sav,2022-12-10 23:27:12,2022.0,12.0,Q4,2022-Q4,auto_from_sav_date_column:startdate,True,gender,female,ΜέΡΑ25,2.6084,13,612,939,855.4232,high,ok,True
SURVEY_03,export_dataset_weighted.sav,2022-12-10 23:27:12,2022.0,12.0,Q4,2022-Q4,auto_from_sav_date_column:startdate,True,gender,female,ΝΔ,39.7093,278,612,939,855.4232,high,ok,True
SURVEY_03,export_dataset_weighted.sav,2022-12-10 23:27:12,2022.0,12.0,Q4,2022-Q4,auto_from_sav_date_column:startdate,True,gender,female,ΠΑΣΟΚ/ΚΙΝΑΛ,12.578,80,612,939,855.4232,high,ok,True
SURVEY_03,export_dataset_weighted.sav,2022-12-10 23:27:12,2022.0,12.0,Q4,2022-Q4,auto_from_sav_date_column:startdate,True,gender,female,Πλεύση Ελευθερίας,0.5578,3,612,939,855.4232,high,ok,True
SURVEY_03,export_dataset_weighted.sav,2022-12-10 23:27:12,2022.0,12.0,Q4,2022-Q4,auto_from_sav_date_column:startdate,True,gender,female,ΣΥΡΙΖΑ,27.6009,127,612,939,855.4232,high,ok,True
SURVEY_03,export_dataset_weighted.sav,2022-12-10 23:27:12,2022.0,12.0,Q4,2022-Q4,auto_from_sav_date_column:startdate,True,gender,female,Χρυσή Αυγή,2.2583,12,612,939,855.4232,high,ok,True
SURVEY_03,export_dataset_weighted.sav,2022-12-10 23:27:12,2022.0,12.0,Q4,2022-Q4,auto_from_sav_date_column:startdate,True,gender,male,other_party,5.9983,80,1151,1515,953.8104,high,ok,True
SURVEY_03,export_dataset_weighted.sav,2022-12-10 23:27:12,2022.0,12.0,Q4,2022-Q4,auto_from_sav_date_column:startdate,True,gender,male,Ελληνική Λύση,3.9158,28,1151,1515,953.8104,high,ok,True
SURVEY_03,export_dataset_weighted.sav,2022-12-10 23:27:12,2022.0,12.0,Q4,2022-Q4,auto_from_sav_date_column:startdate,True,gender,male,ΚΚΕ,5.9115,79,1151,1515,953.8104,high,ok,True
SURVEY_03,export_dataset_weighted.sav,2022-12-10 23:27:12,2022.0,12.0,Q4,2022-Q4,auto_from_sav_date_column:startdate,True,gender,male,ΜέΡΑ25,4.4538,54,1151,1515,953.8104,high,ok,True
SURVEY_03,export_dataset_weighted.sav,2022-12-10 23:27:12,2022.0,12.0,Q4,2022-Q4,auto_from_sav_date_column:startdate,True,gender,male,ΝΔ,36.6399,505,1151,1515,953.8104,high,ok,True
SURVEY_03,export_dataset_weighted.sav,2022-12-10 23:27:12,2022.0,12.0,Q4,2022-Q4,auto_from_sav_date_column:startdate,True,gender,male,ΠΑΣΟΚ/ΚΙΝΑΛ,13.461,129,1151,1515,953.8104,high,ok,True
SURVEY_03,export_dataset_weighted.sav,2022-12-10 23:27:12,2022.0,12.0,Q4,2022-Q4,auto_from_sav_date_column:startdate,True,gender,male,Πλεύση Ελευθερίας,0.5939,6,1151,1515,953.8104,high,ok,True
SURVEY_03,export_dataset_weighted.sav,2022-12-10 23:27:12,2022.0,12.0,Q4,2022-Q4,auto_from_sav_date_column:startdate,True,gender,male,ΣΥΡΙΖΑ,27.6084,254,1151,1515,953.8104,high,ok,True
SURVEY_03,export_dataset_weighted.sav,2022-12-10 23:27:12,2022.0,12.0,Q4,2022-Q4,auto_from_sav_date_column:startdate,True,gender,male,Χρυσή Αυγή,1.4174,16,1151,1515,953.8104,high,ok,True
SURVEY_03,export_dataset_weighted.sav,2022-12-10 23:27:12,2022.0,12.0,Q4,2022-Q4,auto_from_sav_date_column:startdate,True,age_group,18-24,other_party,8.1455,11,126,223,129.4779,medium,ok,True
SURVEY_03,export_dataset_weighted.sav,2022-12-10 23:27:12,2022.0,12.0,Q4,2022-Q4,auto_from_sav_date_column:startdate,True,age_group,18-24,Ελληνική Λύση,1.7362,3,126,223,129.4779,medium,ok,True
SURVEY_03,export_dataset_weighted.sav,2022-12-10 23:27:12,2022.0,12.0,Q4,2022-Q4,auto_from_sav_date_column:startdate,True,age_group,18-24,ΚΚΕ,4.2584,6,126,223,129.4779,medium,ok,True
SURVEY_03,export_dataset_weighted.sav,2022-12-10 23:27:12,2022.0,12.0,Q4,2022-Q4,auto_from_sav_date_column:startdate,True,age_group,18-24,ΜέΡΑ25,2.9657,8,126,223,129.4779,medium,ok,True
SURVEY_03,export_dataset_weighted.sav,2022-12-10 23:27:12,2022.0,12.0,Q4,2022-Q4,auto_from_sav_date_column:startdate,True,age_group,18-24,ΝΔ,23.4308,35,126,223,129.4779,medium,ok,True
SURVEY_03,export_dataset_weighted.sav,2022-12-10 23:27:12,2022.0,12.0,Q4,2022-Q4,auto_from_sav_date_column:startdate,True,age_group,18-24,ΠΑΣΟΚ/ΚΙΝΑΛ,24.984,27,126,223,129.4779,medium,ok,True
SURVEY_03,export_dataset_weighted.sav,2022-12-10 23:27:12,2022.0,12.0,Q4,2022-Q4,auto_from_sav_date_column:startdate,True,age_group,18-24,Πλεύση Ελευθερίας,1.4154,1,126,223,129.4779,medium,ok,True
SURVEY_03,export_dataset_weighted.sav,2022-12-10 23:27:12,2022.0,12.0,Q4,2022-Q4,auto_from_sav_date_column:startdate,True,age_group,18-24,ΣΥΡΙΖΑ,26.9662,28,126,223,129.4779,medium,ok,True
SURVEY_03,export_dataset_weighted.sav,2022-12-10 23:27:12,2022.0,12.0,Q4,2022-Q4,auto_from_sav_date_column:startdate,True,age_group,18-24,Χρυσή Αυγή,6.098,7,126,223,129.4779,medium,ok,True
SURVEY_03,export_dataset_weighted.sav,2022-12-10 23:27:12,2022.0,12.0,Q4,2022-Q4,auto_from_sav_date_column:startdate,True,age_group,25-39,other_party,7.3629,27,414,618,349.6203,high,ok,True
SURVEY_03,export_dataset_weighted.sav,2022-12-10 23:27:12,2022.0,12.0,Q4,2022-Q4,auto_from_sav_date_column:startdate,True,age_group,25-39,Ελληνική Λύση,2.3186,8,414,618,349.6203,high,ok,True
SURVEY_03,export_dataset_weighted.sav,2022-12-10 23:27:12,2022.0,12.0,Q4,2022-Q4,auto_from_sav_date_column:startdate,True,age_group,25-39,ΚΚΕ,10.1392,45,414,618,349.6203,high,ok,True
SURVEY_03,export_dataset_weighted.sav,2022-12-10 23:27:12,2022.0,12.0,Q4,2022-Q4,auto_from_sav_date_column:startdate,True,age_group,25-39,ΜέΡΑ25,5.9996,27,414,618,349.6203,high,ok,True
SURVEY_03,export_dataset_weighted.sav,2022-12-10 23:27:12,2022.0,12.0,Q4,2022-Q4,auto_from_sav_date_column:startdate,True,age_group,25-39,ΝΔ,27.8149,141,414,618,349.6203,high,ok,True
SURVEY_03,export_dataset_weighted.sav,2022-12-10 23:27:12,2022.0,12.0,Q4,2022-Q4,auto_from_sav_date_column:startdate,True,age_group,25-39,ΠΑΣΟΚ/ΚΙΝΑΛ,13.2675,47,414,618,349.6203,high,ok,True
SURVEY_03,export_dataset_weighted.sav,2022-12-10 23:27:12,2022.0,12.0,Q4,2022-Q4,auto_from_sav_date_column:startdate,True,age_group,25-39,Πλεύση Ελευθερίας,0.8096,3,414,618,349.6203,high,ok,True
SURVEY_03,export_dataset_weighted.sav,2022-12-10 23:27:12,2022.0,12.0,Q4,2022-Q4,auto_from_sav_date_column:startdate,True,age_group,25-39,ΣΥΡΙΖΑ,29.2493,105,414,618,349.6203,high,ok,True
SURVEY_03,export_dataset_weighted.sav,2022-12-10 23:27:12,2022.0,12.0,Q4,2022-Q4,auto_from_sav_date_column:startdate,True,age_group,25-39,Χρυσή Αυγή,3.0384,11,414,618,349.6203,high,ok,True
SURVEY_03,export_dataset_weighted.sav,2022-12-10 23:27:12,2022.0,12.0,Q4,2022-Q4,auto_from_sav_date_column:startdate,True,age_group,40-54,other_party,8.2236,57,745,1008,517.5447,high,ok,True
SURVEY_03,export_dataset_weighted.sav,2022-12-10 23:27:12,2022.0,12.0,Q4,2022-Q4,auto_from_sav_date_column:startdate,True,age_group,40-54,Ελληνική Λύση,3.0265,16,745,1008,517.5447,high,ok,True
SURVEY_03,export_dataset_weighted.sav,2022-12-10 23:27:12,2022.0,12.0,Q4,2022-Q4,auto_from_sav_date_column:startdate,True,age_group,40-54,ΚΚΕ,7.508,58,745,1008,517.5447,high,ok,True
SURVEY_03,export_dataset_weighted.sav,2022-12-10 23:27:12,2022.0,12.0,Q4,2022-Q4,auto_from_sav_date_column:startdate,True,age_group,40-54,ΜέΡΑ25,2.3824,20,745,1008,517.5447,high,ok,True
SURVEY_03,export_dataset_weighted.sav,2022-12-10 23:27:12,2022.0,12.0,Q4,2022-Q4,auto_from_sav_date_column:startdate,True,age_group,40-54,ΝΔ,37.0429,352,745,1008,517.5447,high,ok,True
SURVEY_03,export_dataset_weighted.sav,2022-12-10 23:27:12,2022.0,12.0,Q4,2022-Q4,auto_from_sav_date_column:startdate,True,age_group,40-54,ΠΑΣΟΚ/ΚΙΝΑΛ,12.0264,83,745,1008,517.5447,high,ok,True
SURVEY_03,export_dataset_weighted.sav,2022-12-10 23:27:12,2022.0,12.0,Q4,2022-Q4,auto_from_sav_date_column:startdate,True,age_group,40-54,Πλεύση Ελευθερίας,0.2786,2,745,1008,517.5447,high,ok,True
SURVEY_03,export_dataset_weighted.sav,2022-12-10 23:27:12,2022.0,12.0,Q4,2022-Q4,auto_from_sav_date_column:startdate,True,age_group,40-54,ΣΥΡΙΖΑ,28.4874,151,745,1008,517.5447,high,ok,True
SURVEY_03,export_dataset_weighted.sav,2022-12-10 23:27:12,2022.0,12.0,Q4,2022-Q4,auto_from_sav_date_column:startdate,True,age_group,40-54,Χρυσή Αυγή,1.0242,6,745,1008,517.5447,high,ok,True
SURVEY_03,export_dataset_weighted.sav,2022-12-10 23:27:12,2022.0,12.0,Q4,2022-Q4,auto_from_sav_date_column:startdate,True,age_group,55+,other_party,2.3406,17,478,605,812.5907,high,ok,True
SURVEY_03,export_dataset_weighted.sav,2022-12-10 23:27:12,2022.0,12.0,Q4,2022-Q4,auto_from_sav_date_column:startdate,True,age_group,55+,Ελληνική Λύση,4.088,15,478,605,812.5907,high,ok,True
SURVEY_03,export_dataset_weighted.sav,2022-12-10 23:27:12,2022.0,12.0,Q4,2022-Q4,auto_from_sav_date_column:startdate,True,age_group,55+,ΚΚΕ,4.8807,23,478,605,812.5907,high,ok,True
SURVEY_03,export_dataset_weighted.sav,2022-12-10 23:27:12,2022.0,12.0,Q4,2022-Q4,auto_from_sav_date_column:startdate,True,age_group,55+,ΜέΡΑ25,3.4024,12,478,605,812.5907,high,ok,True
SURVEY_03,export_dataset_weighted.sav,2022-12-10 23:27:12,2022.0,12.0,Q4,2022-Q4,auto_from_sav_date_column:startdate,True,age_group,55+,ΝΔ,45.5162,255,478,605,812.5907,high,ok,True
SURVEY_03,export_dataset_weighted.sav,2022-12-10 23:27:12,2022.0,12.0,Q4,2022-Q4,auto_from_sav_date_column:startdate,True,age_group,55+,ΠΑΣΟΚ/ΚΙΝΑΛ,11.6924,52,478,605,812.5907,high,ok,True
SURVEY_03,export_dataset_weighted.sav,2022-12-10 23:27:12,2022.0,12.0,Q4,2022-Q4,auto_from_sav_date_column:startdate,True,age_group,55+,Πλεύση Ελευθερίας,0.533,3,478,605,812.5907,high,ok,True
SURVEY_03,export_dataset_weighted.sav,2022-12-10 23:27:12,2022.0,12.0,Q4,2022-Q4,auto_from_sav_date_column:startdate,True,age_group,55+,ΣΥΡΙΖΑ,26.437,97,478,605,812.5907,high,ok,True
SURVEY_03,export_dataset_weighted.sav,2022-12-10 23:27:12,2022.0,12.0,Q4,2022-Q4,auto_from_sav_date_column:startdate,True,age_group,55+,Χρυσή Αυγή,1.1097,4,478,605,812.5907,high,ok,True
SURVEY_03,export_dataset_weighted.sav,2022-12-10 23:27:12,2022.0,12.0,Q4,2022-Q4,auto_from_sav_date_column:startdate,True,education_group,high_education,other_party,4.873,73,1144,1528,1155.1023,high,ok,True
SURVEY_03,export_dataset_weighted.sav,2022-12-10 23:27:12,2022.0,12.0,Q4,2022-Q4,auto_from_sav_date_column:startdate,True,education_group,high_education,Ελληνική Λύση,2.3056,16,1144,1528,1155.1023,high,ok,True
SURVEY_03,export_dataset_weighted.sav,2022-12-10 23:27:12,2022.0,12.0,Q4,2022-Q4,auto_from_sav_date_column:startdate,True,education_group,high_education,ΚΚΕ,7.1473,91,1144,1528,1155.1023,high,ok,True
SURVEY_03,export_dataset_weighted.sav,2022-12-10 23:27:12,2022.0,12.0,Q4,2022-Q4,auto_from_sav_date_column:startdate,True,education_group,high_education,ΜέΡΑ25,4.3423,50,1144,1528,1155.1023,high,ok,True
SURVEY_03,export_dataset_weighted.sav,2022-12-10 23:27:12,2022.0,12.0,Q4,2022-Q4,auto_from_sav_date_column:startdate,True,education_group,high_education,ΝΔ,37.4419,501,1144,1528,1155.1023,high,ok,True
SURVEY_03,export_dataset_weighted.sav,2022-12-10 23:27:12,2022.0,12.0,Q4,2022-Q4,auto_from_sav_date_column:startdate,True,education_group,high_education,ΠΑΣΟΚ/ΚΙΝΑΛ,12.4179,128,1144,1528,1155.1023,high,ok,True
SURVEY_03,export_dataset_weighted.sav,2022-12-10 23:27:12,2022.0,12.0,Q4,2022-Q4,auto_from_sav_date_column:startdate,True,education_group,high_education,Πλεύση Ελευθερίας,0.5469,7,1144,1528,1155.1023,high,ok,True
SURVEY_03,export_dataset_weighted.sav,2022-12-10 23:27:12,2022.0,12.0,Q4,2022-Q4,auto_from_sav_date_column:startdate,True,education_group,high_education,ΣΥΡΙΖΑ,30.6246,274,1144,1528,1155.1023,high,ok,True
SURVEY_03,export_dataset_weighted.sav,2022-12-10 23:27:12,2022.0,12.0,Q4,2022-Q4,auto_from_sav_date_column:startdate,True,education_group,high_education,Χρυσή Αυγή,0.3005,4,1144,1528,1155.1023,high,ok,True
SURVEY_03,export_dataset_weighted.sav,2022-12-10 23:27:12,2022.0,12.0,Q4,2022-Q4,auto_from_sav_date_column:startdate,True,education_group,low_education,other_party,3.7706,2,58,83,77.2309,low,ok,True
SURVEY_03,export_dataset_weighted.sav,2022-12-10 23:27:12,2022.0,12.0,Q4,2022-Q4,auto_from_sav_date_column:startdate,True,education_group,low_education,Ελληνική Λύση,8.8199,4,58,83,77.2309,low,ok,True
SURVEY_03,export_dataset_weighted.sav,2022-12-10 23:27:12,2022.0,12.0,Q4,2022-Q4,auto_from_sav_date_column:startdate,True,education_group,low_education,ΚΚΕ,1.8347,3,58,83,77.2309,low,ok,True
SURVEY_03,export_dataset_weighted.sav,2022-12-10 23:27:12,2022.0,12.0,Q4,2022-Q4,auto_from_sav_date_column:startdate,True,education_group,low_education,ΜέΡΑ25,1.2502,1,58,83,77.2309,low,ok,True
SURVEY_03,export_dataset_weighted.sav,2022-12-10 23:27:12,2022.0,12.0,Q4,2022-Q4,auto_from_sav_date_column:startdate,True,education_group,low_education,ΝΔ,45.6463,25,58,83,77.2309,low,ok,True
SURVEY_03,export_dataset_weighted.sav,2022-12-10 23:27:12,2022.0,12.0,Q4,2022-Q4,auto_from_sav_date_column:startdate,True,education_group,low_education,ΠΑΣΟΚ/ΚΙΝΑΛ,12.3802,8,58,83,77.2309,low,ok,True
SURVEY_03,export_dataset_weighted.sav,2022-12-10 23:27:12,2022.0,12.0,Q4,2022-Q4,auto_from_sav_date_column:startdate,True,education_group,low_education,ΣΥΡΙΖΑ,16.341,11,58,83,77.2309,low,ok,True
SURVEY_03,export_dataset_weighted.sav,2022-12-10 23:27:12,2022.0,12.0,Q4,2022-Q4,auto_from_sav_date_column:startdate,True,education_group,low_education,Χρυσή Αυγή,9.9571,4,58,83,77.2309,low,ok,True
SURVEY_03,export_dataset_weighted.sav,2022-12-10 23:27:12,2022.0,12.0,Q4,2022-Q4,auto_from_sav_date_column:startdate,True,education_group,medium_education,other_party,6.8823,37,546,813,561.8673,high,ok,True
SURVEY_03,export_dataset_weighted.sav,2022-12-10 23:27:12,2022.0,12.0,Q4,2022-Q4,auto_from_sav_date_column:startdate,True,education_group,medium_education,Ελληνική Λύση,4.5905,22,546,813,561.8673,high,ok,True
SURVEY_03,export_dataset_weighted.sav,2022-12-10 23:27:12,2022.0,12.0,Q4,2022-Q4,auto_from_sav_date_column:startdate,True,education_group,medium_education,ΚΚΕ,6.2644,37,546,813,561.8673,high,ok,True
SURVEY_03,export_dataset_weighted.sav,2022-12-10 23:27:12,2022.0,12.0,Q4,2022-Q4,auto_from_sav_date_column:startdate,True,education_group,medium_education,ΜέΡΑ25,2.433,16,546,813,561.8673,high,ok,True
SURVEY_03,export_dataset_weighted.sav,2022-12-10 23:27:12,2022.0,12.0,Q4,2022-Q4,auto_from_sav_date_column:startdate,True,education_group,medium_education,ΝΔ,38.3957,252,546,813,561.8673,high,ok,True
SURVEY_03,export_dataset_weighted.sav,2022-12-10 23:27:12,2022.0,12.0,Q4,2022-Q4,auto_from_sav_date_column:startdate,True,education_group,medium_education,ΠΑΣΟΚ/ΚΙΝΑΛ,13.5644,67,546,813,561.8673,high,ok,True
SURVEY_03,export_dataset_weighted.sav,2022-12-10 23:27:12,2022.0,12.0,Q4,2022-Q4,auto_from_sav_date_column:startdate,True,education_group,medium_education,Πλεύση Ελευθερίας,0.7331,2,546,813,561.8673,high,ok,True
SURVEY_03,export_dataset_weighted.sav,2022-12-10 23:27:12,2022.0,12.0,Q4,2022-Q4,auto_from_sav_date_column:startdate,True,education_group,medium_education,ΣΥΡΙΖΑ,23.3815,94,546,813,561.8673,high,ok,True
SURVEY_03,export_dataset_weighted.sav,2022-12-10 23:27:12,2022.0,12.0,Q4,2022-Q4,auto_from_sav_date_column:startdate,True,education_group,medium_education,Χρυσή Αυγή,3.7551,19,546,813,561.8673,high,ok,True
SURVEY_03,export_dataset_weighted.sav,2022-12-10 23:27:12,2022.0,12.0,Q4,2022-Q4,auto_from_sav_date_column:startdate,True,education_group,Δεν γνωρίζω/Δεν απαντώ,ΚΚΕ,2.0378,1,15,30,15.0331,low,ok,False
SURVEY_03,export_dataset_weighted.sav,2022-12-10 23:27:12,2022.0,12.0,Q4,2022-Q4,auto_from_sav_date_column:startdate,True,education_group,Δεν γνωρίζω/Δεν απαντώ,ΝΔ,37.7776,5,15,30,15.0331,low,ok,False
SURVEY_03,export_dataset_weighted.sav,2022-12-10 23:27:12,2022.0,12.0,Q4,2022-Q4,auto_from_sav_date_column:startdate,True,education_group,Δεν γνωρίζω/Δεν απαντώ,ΠΑΣΟΚ/ΚΙΝΑΛ,45.0529,6,15,30,15.0331,low,ok,False
SURVEY_03,export_dataset_weighted.sav,2022-12-10 23:27:12,2022.0,12.0,Q4,2022-Q4,auto_from_sav_date_column:startdate,True,education_group,Δεν γνωρίζω/Δεν απαντώ,ΣΥΡΙΖΑ,11.2947,2,15,30,15.0331,low,ok,False
SURVEY_03,export_dataset_weighted.sav,2022-12-10 23:27:12,2022.0,12.0,Q4,2022-Q4,auto_from_sav_date_column:startdate,True,education_group,Δεν γνωρίζω/Δεν απαντώ,Χρυσή Αυγή,3.837,1,15,30,15.0331,low,ok,False
SURVEY_03,export_dataset_weighted.sav,2022-12-10 23:27:12,2022.0,12.0,Q4,2022-Q4,auto_from_sav_date_column:startdate,True,occupation_group,homemaker,other_party,4.0177,2,32,47,39.9195,low,ok,True
SURVEY_03,export_dataset_weighted.sav,2022-12-10 23:27:12,2022.0,12.0,Q4,2022-Q4,auto_from_sav_date_column:startdate,True,occupation_group,homemaker,Ελληνική Λύση,4.4453,2,32,47,39.9195,low,ok,True
SURVEY_03,export_dataset_weighted.sav,2022-12-10 23:27:12,2022.0,12.0,Q4,2022-Q4,auto_from_sav_date_column:startdate,True,occupation_group,homemaker,ΚΚΕ,2.366,1,32,47,39.9195,low,ok,True
SURVEY_03,export_dataset_weighted.sav,2022-12-10 23:27:12,2022.0,12.0,Q4,2022-Q4,auto_from_sav_date_column:startdate,True,occupation_group,homemaker,ΝΔ,43.3464,17,32,47,39.9195,low,ok,True
SURVEY_03,export_dataset_weighted.sav,2022-12-10 23:27:12,2022.0,12.0,Q4,2022-Q4,auto_from_sav_date_column:startdate,True,occupation_group,homemaker,ΠΑΣΟΚ/ΚΙΝΑΛ,18.5956,4,32,47,39.9195,low,ok,True
SURVEY_03,export_dataset_weighted.sav,2022-12-10 23:27:12,2022.0,12.0,Q4,2022-Q4,auto_from_sav_date_column:startdate,True,occupation_group,homemaker,Πλεύση Ελευθερίας,1.3644,1,32,47,39.9195,low,ok,True
SURVEY_03,export_dataset_weighted.sav,2022-12-10 23:27:12,2022.0,12.0,Q4,2022-Q4,auto_from_sav_date_column:startdate,True,occupation_group,homemaker,ΣΥΡΙΖΑ,25.8645,5,32,47,39.9195,low,ok,True
SURVEY_03,export_dataset_weighted.sav,2022-12-10 23:27:12,2022.0,12.0,Q4,2022-Q4,auto_from_sav_date_column:startdate,True,occupation_group,private_sector,other_party,7.1309,40,555,790,418.1054,high,ok,True
SURVEY_03,export_dataset_weighted.sav,2022-12-10 23:27:12,2022.0,12.0,Q4,2022-Q4,auto_from_sav_date_column:startdate,True,occupation_group,private_sector,Ελληνική Λύση,3.3026,12,555,790,418.1054,high,ok,True
SURVEY_03,export_dataset_weighted.sav,2022-12-10 23:27:12,2022.0,12.0,Q4,2022-Q4,auto_from_sav_date_column:startdate,True,occupation_group,private_sector,ΚΚΕ,9.7697,60,555,790,418.1054,high,ok,True
SURVEY_03,export_dataset_weighted.sav,2022-12-10 23:27:12,2022.0,12.0,Q4,2022-Q4,auto_from_sav_date_column:startdate,True,occupation_group,private_sector,ΜέΡΑ25,3.0612,22,555,790,418.1054,high,ok,True
SURVEY_03,export_dataset_weighted.sav,2022-12-10 23:27:12,2022.0,12.0,Q4,2022-Q4,auto_from_sav_date_column:startdate,True,occupation_group,private_sector,ΝΔ,31.1338,217,555,790,418.1054,high,ok,True
SURVEY_03,export_dataset_weighted.sav,2022-12-10 23:27:12,2022.0,12.0,Q4,2022-Q4,auto_from_sav_date_column:startdate,True,occupation_group,private_sector,ΠΑΣΟΚ/ΚΙΝΑΛ,14.1317,64,555,790,418.1054,high,ok,True
SURVEY_03,export_dataset_weighted.sav,2022-12-10 23:27:12,2022.0,12.0,Q4,2022-Q4,auto_from_sav_date_column:startdate,True,occupation_group,private_sector,Πλεύση Ελευθερίας,0.5467,2,555,790,418.1054,high,ok,True
SURVEY_03,export_dataset_weighted.sav,2022-12-10 23:27:12,2022.0,12.0,Q4,2022-Q4,auto_from_sav_date_column:startdate,True,occupation_group,private_sector,ΣΥΡΙΖΑ,29.4284,131,555,790,418.1054,high,ok,True
SURVEY_03,export_dataset_weighted.sav,2022-12-10 23:27:12,2022.0,12.0,Q4,2022-Q4,auto_from_sav_date_column:startdate,True,occupation_group,private_sector,Χρυσή Αυγή,1.4949,7,555,790,418.1054,high,ok,True
SURVEY_03,export_dataset_weighted.sav,2022-12-10 23:27:12,2022.0,12.0,Q4,2022-Q4,auto_from_sav_date_column:startdate,True,occupation_group,public_sector,other_party,9.7363,23,262,368,247.7404,medium,ok,True
SURVEY_03,export_dataset_weighted.sav,2022-12-10 23:27:12,2022.0,12.0,Q4,2022-Q4,auto_from_sav_date_column:startdate,True,occupation_group,public_sector,Ελληνική Λύση,0.9284,3,262,368,247.7404,medium,ok,True
SURVEY_03,export_dataset_weighted.sav,2022-12-10 23:27:12,2022.0,12.0,Q4,2022-Q4,auto_from_sav_date_column:startdate,True,occupation_group,public_sector,ΚΚΕ,4.8359,14,262,368,247.7404,medium,ok,True
SURVEY_03,export_dataset_weighted.sav,2022-12-10 23:27:12,2022.0,12.0,Q4,2022-Q4,auto_from_sav_date_column:startdate,True,occupation_group,public_sector,ΜέΡΑ25,1.7289,6,262,368,247.7404,medium,ok,True
SURVEY_03,export_dataset_weighted.sav,2022-12-10 23:27:12,2022.0,12.0,Q4,2022-Q4,auto_from_sav_date_column:startdate,True,occupation_group,public_sector,ΝΔ,32.4546,110,262,368,247.7404,medium,ok,True
SURVEY_03,export_dataset_weighted.sav,2022-12-10 23:27:12,2022.0,12.0,Q4,2022-Q4,auto_from_sav_date_column:startdate,True,occupation_group,public_sector,ΠΑΣΟΚ/ΚΙΝΑΛ,14.3356,37,262,368,247.7404,medium,ok,True
SURVEY_03,export_dataset_weighted.sav,2022-12-10 23:27:12,2022.0,12.0,Q4,2022-Q4,auto_from_sav_date_column:startdate,True,occupation_group,public_sector,Πλεύση Ελευθερίας,0.3938,1,262,368,247.7404,medium,ok,True
SURVEY_03,export_dataset_weighted.sav,2022-12-10 23:27:12,2022.0,12.0,Q4,2022-Q4,auto_from_sav_date_column:startdate,True,occupation_group,public_sector,ΣΥΡΙΖΑ,35.3188,67,262,368,247.7404,medium,ok,True
SURVEY_03,export_dataset_weighted.sav,2022-12-10 23:27:12,2022.0,12.0,Q4,2022-Q4,auto_from_sav_date_column:startdate,True,occupation_group,public_sector,Χρυσή Αυγή,0.2677,1,262,368,247.7404,medium,ok,True
SURVEY_03,export_dataset_weighted.sav,2022-12-10 23:27:12,2022.0,12.0,Q4,2022-Q4,auto_from_sav_date_column:startdate,True,occupation_group,retired,other_party,1.4034,5,220,262,490.7843,medium,ok,True
SURVEY_03,export_dataset_weighted.sav,2022-12-10 23:27:12,2022.0,12.0,Q4,2022-Q4,auto_from_sav_date_column:startdate,True,occupation_group,retired,Ελληνική Λύση,4.9653,8,220,262,490.7843,medium,ok,True
SURVEY_03,export_dataset_weighted.sav,2022-12-10 23:27:12,2022.0,12.0,Q4,2022-Q4,auto_from_sav_date_column:startdate,True,occupation_group,retired,ΚΚΕ,5.656,10,220,262,490.7843,medium,ok,True
SURVEY_03,export_dataset_weighted.sav,2022-12-10 23:27:12,2022.0,12.0,Q4,2022-Q4,auto_from_sav_date_column:startdate,True,occupation_group,retired,ΜέΡΑ25,5.0213,9,220,262,490.7843,medium,ok,True
SURVEY_03,export_dataset_weighted.sav,2022-12-10 23:27:12,2022.0,12.0,Q4,2022-Q4,auto_from_sav_date_column:startdate,True,occupation_group,retired,ΝΔ,47.1758,119,220,262,490.7843,medium,ok,True
SURVEY_03,export_dataset_weighted.sav,2022-12-10 23:27:12,2022.0,12.0,Q4,2022-Q4,auto_from_sav_date_column:startdate,True,occupation_group,retired,ΠΑΣΟΚ/ΚΙΝΑΛ,12.3056,29,220,262,490.7843,medium,ok,True
SURVEY_03,export_dataset_weighted.sav,2022-12-10 23:27:12,2022.0,12.0,Q4,2022-Q4,auto_from_sav_date_column:startdate,True,occupation_group,retired,Πλεύση Ελευθερίας,0.6838,2,220,262,490.7843,medium,ok,True
SURVEY_03,export_dataset_weighted.sav,2022-12-10 23:27:12,2022.0,12.0,Q4,2022-Q4,auto_from_sav_date_column:startdate,True,occupation_group,retired,ΣΥΡΙΖΑ,22.789,38,220,262,490.7843,medium,ok,True
SURVEY_03,export_dataset_weighted.sav,2022-12-10 23:27:12,2022.0,12.0,Q4,2022-Q4,auto_from_sav_date_column:startdate,True,occupation_group,self_employed,other_party,5.2369,26,425,556,351.9739,high,ok,True
SURVEY_03,export_dataset_weighted.sav,2022-12-10 23:27:12,2022.0,12.0,Q4,2022-Q4,auto_from_sav_date_column:startdate,True,occupation_group,self_employed,Ελληνική Λύση,2.725,8,425,556,351.9739,high,ok,True
SURVEY_03,export_dataset_weighted.sav,2022-12-10 23:27:12,2022.0,12.0,Q4,2022-Q4,auto_from_sav_date_column:startdate,True,occupation_group,self_employed,ΚΚΕ,4.7713,23,425,556,351.9739,high,ok,True
SURVEY_03,export_dataset_weighted.sav,2022-12-10 23:27:12,2022.0,12.0,Q4,2022-Q4,auto_from_sav_date_column:startdate,True,occupation_group,self_employed,ΜέΡΑ25,4.5406,17,425,556,351.9739,high,ok,True
SURVEY_03,export_dataset_weighted.sav,2022-12-10 23:27:12,2022.0,12.0,Q4,2022-Q4,auto_from_sav_date_column:startdate,True,occupation_group,self_employed,ΝΔ,41.6582,224,425,556,351.9739,high,ok,True
SURVEY_03,export_dataset_weighted.sav,2022-12-10 23:27:12,2022.0,12.0,Q4,2022-Q4,auto_from_sav_date_column:startdate,True,occupation_group,self_employed,ΠΑΣΟΚ/ΚΙΝΑΛ,8.3937,34,425,556,351.9739,high,ok,True
SURVEY_03,export_dataset_weighted.sav,2022-12-10 23:27:12,2022.0,12.0,Q4,2022-Q4,auto_from_sav_date_column:startdate,True,occupation_group,self_employed,Πλεύση Ελευθερίας,0.4096,2,425,556,351.9739,high,ok,True
SURVEY_03,export_dataset_weighted.sav,2022-12-10 23:27:12,2022.0,12.0,Q4,2022-Q4,auto_from_sav_date_column:startdate,True,occupation_group,self_employed,ΣΥΡΙΖΑ,29.3387,84,425,556,351.9739,high,ok,True
SURVEY_03,export_dataset_weighted.sav,2022-12-10 23:27:12,2022.0,12.0,Q4,2022-Q4,auto_from_sav_date_column:startdate,True,occupation_group,self_employed,Χρυσή Αυγή,2.926,7,425,556,351.9739,high,ok,True
SURVEY_03,export_dataset_weighted.sav,2022-12-10 23:27:12,2022.0,12.0,Q4,2022-Q4,auto_from_sav_date_column:startdate,True,occupation_group,student,other_party,8.5479,8,88,151,92.9245,low,ok,True
SURVEY_03,export_dataset_weighted.sav,2022-12-10 23:27:12,2022.0,12.0,Q4,2022-Q4,auto_from_sav_date_column:startdate,True,occupation_group,student,Ελληνική Λύση,1.8791,2,88,151,92.9245,low,ok,True
SURVEY_03,export_dataset_weighted.sav,2022-12-10 23:27:12,2022.0,12.0,Q4,2022-Q4,auto_from_sav_date_column:startdate,True,occupation_group,student,ΚΚΕ,10.5748,9,88,151,92.9245,low,ok,True
SURVEY_03,export_dataset_weighted.sav,2022-12-10 23:27:12,2022.0,12.0,Q4,2022-Q4,auto_from_sav_date_column:startdate,True,occupation_group,student,ΜέΡΑ25,3.3558,7,88,151,92.9245,low,ok,True
SURVEY_03,export_dataset_weighted.sav,2022-12-10 23:27:12,2022.0,12.0,Q4,2022-Q4,auto_from_sav_date_column:startdate,True,occupation_group,student,ΝΔ,23.5807,24,88,151,92.9245,low,ok,True
SURVEY_03,export_dataset_weighted.sav,2022-12-10 23:27:12,2022.0,12.0,Q4,2022-Q4,auto_from_sav_date_column:startdate,True,occupation_group,student,ΠΑΣΟΚ/ΚΙΝΑΛ,19.9575,16,88,151,92.9245,low,ok,True
SURVEY_03,export_dataset_weighted.sav,2022-12-10 23:27:12,2022.0,12.0,Q4,2022-Q4,auto_from_sav_date_column:startdate,True,occupation_group,student,Πλεύση Ελευθερίας,1.9721,1,88,151,92.9245,low,ok,True
SURVEY_03,export_dataset_weighted.sav,2022-12-10 23:27:12,2022.0,12.0,Q4,2022-Q4,auto_from_sav_date_column:startdate,True,occupation_group,student,ΣΥΡΙΖΑ,23.7432,16,88,151,92.9245,low,ok,True
SURVEY_03,export_dataset_weighted.sav,2022-12-10 23:27:12,2022.0,12.0,Q4,2022-Q4,auto_from_sav_date_column:startdate,True,occupation_group,student,Χρυσή Αυγή,6.3888,5,88,151,92.9245,low,ok,True
SURVEY_03,export_dataset_weighted.sav,2022-12-10 23:27:12,2022.0,12.0,Q4,2022-Q4,auto_from_sav_date_column:startdate,True,occupation_group,unemployed,other_party,5.0411,3,88,135,77.5156,low,ok,True
SURVEY_03,export_dataset_weighted.sav,2022-12-10 23:27:12,2022.0,12.0,Q4,2022-Q4,auto_from_sav_date_column:startdate,True,occupation_group,unemployed,Ελληνική Λύση,5.1012,5,88,135,77.5156,low,ok,True
SURVEY_03,export_dataset_weighted.sav,2022-12-10 23:27:12,2022.0,12.0,Q4,2022-Q4,auto_from_sav_date_column:startdate,True,occupation_group,unemployed,ΚΚΕ,7.39,9,88,135,77.5156,low,ok,True
SURVEY_03,export_dataset_weighted.sav,2022-12-10 23:27:12,2022.0,12.0,Q4,2022-Q4,auto_from_sav_date_column:startdate,True,occupation_group,unemployed,ΜέΡΑ25,1.6063,3,88,135,77.5156,low,ok,True
SURVEY_03,export_dataset_weighted.sav,2022-12-10 23:27:12,2022.0,12.0,Q4,2022-Q4,auto_from_sav_date_column:startdate,True,occupation_group,unemployed,ΝΔ,32.6135,33,88,135,77.5156,low,ok,True
SURVEY_03,export_dataset_weighted.sav,2022-12-10 23:27:12,2022.0,12.0,Q4,2022-Q4,auto_from_sav_date_column:startdate,True,occupation_group,unemployed,ΠΑΣΟΚ/ΚΙΝΑΛ,13.1064,11,88,135,77.5156,low,ok,True
SURVEY_03,export_dataset_weighted.sav,2022-12-10 23:27:12,2022.0,12.0,Q4,2022-Q4,auto_from_sav_date_column:startdate,True,occupation_group,unemployed,ΣΥΡΙΖΑ,24.383,19,88,135,77.5156,low,ok,True
SURVEY_03,export_dataset_weighted.sav,2022-12-10 23:27:12,2022.0,12.0,Q4,2022-Q4,auto_from_sav_date_column:startdate,True,occupation_group,unemployed,Χρυσή Αυγή,10.7585,5,88,135,77.5156,low,ok,True
SURVEY_03,export_dataset_weighted.sav,2022-12-10 23:27:12,2022.0,12.0,Q4,2022-Q4,auto_from_sav_date_column:startdate,True,occupation_group,Αγρότης,other_party,9.1482,3,41,56,37.3347,low,ok,True
SURVEY_03,export_dataset_weighted.sav,2022-12-10 23:27:12,2022.0,12.0,Q4,2022-Q4,auto_from_sav_date_column:startdate,True,occupation_group,Αγρότης,ΚΚΕ,5.3944,2,41,56,37.3347,low,ok,True
SURVEY_03,export_dataset_weighted.sav,2022-12-10 23:27:12,2022.0,12.0,Q4,2022-Q4,auto_from_sav_date_column:startdate,True,occupation_group,Αγρότης,ΜέΡΑ25,1.1718,1,41,56,37.3347,low,ok,True
SURVEY_03,export_dataset_weighted.sav,2022-12-10 23:27:12,2022.0,12.0,Q4,2022-Q4,auto_from_sav_date_column:startdate,True,occupation_group,Αγρότης,ΝΔ,34.7484,19,41,56,37.3347,low,ok,True
SURVEY_03,export_dataset_weighted.sav,2022-12-10 23:27:12,2022.0,12.0,Q4,2022-Q4,auto_from_sav_date_column:startdate,True,occupation_group,Αγρότης,ΠΑΣΟΚ/ΚΙΝΑΛ,25.5443,9,41,56,37.3347,low,ok,True
SURVEY_03,export_dataset_weighted.sav,2022-12-10 23:27:12,2022.0,12.0,Q4,2022-Q4,auto_from_sav_date_column:startdate,True,occupation_group,Αγρότης,ΣΥΡΙΖΑ,23.993,7,41,56,37.3347,low,ok,True
SURVEY_03,export_dataset_weighted.sav,2022-12-10 23:27:12,2022.0,12.0,Q4,2022-Q4,auto_from_sav_date_column:startdate,True,occupation_group,Βοηθός σε οικογενειακή επιχείρηση,ΚΚΕ,14.5378,1,12,16,12.2304,low,ok,False
SURVEY_03,export_dataset_weighted.sav,2022-12-10 23:27:12,2022.0,12.0,Q4,2022-Q4,auto_from_sav_date_column:startdate,True,occupation_group,Βοηθός σε οικογενειακή επιχείρηση,ΜέΡΑ25,13.7178,1,12,16,12.2304,low,ok,False
SURVEY_03,export_dataset_weighted.sav,2022-12-10 23:27:12,2022.0,12.0,Q4,2022-Q4,auto_from_sav_date_column:startdate,True,occupation_group,Βοηθός σε οικογενειακή επιχείρηση,ΝΔ,63.7435,8,12,16,12.2304,low,ok,False
SURVEY_03,export_dataset_weighted.sav,2022-12-10 23:27:12,2022.0,12.0,Q4,2022-Q4,auto_from_sav_date_column:startdate,True,occupation_group,Βοηθός σε οικογενειακή επιχείρηση,ΣΥΡΙΖΑ,8.0009,2,12,16,12.2304,low,ok,False
SURVEY_03,export_dataset_weighted.sav,2022-12-10 23:27:12,2022.0,12.0,Q4,2022-Q4,auto_from_sav_date_column:startdate,True,occupation_group,Δεν απαντώ,other_party,2.0635,1,29,59,30.2648,low,ok,False
SURVEY_03,export_dataset_weighted.sav,2022-12-10 23:27:12,2022.0,12.0,Q4,2022-Q4,auto_from_sav_date_column:startdate,True,occupation_group,Δεν απαντώ,Ελληνική Λύση,5.5954,2,29,59,30.2648,low,ok,False
SURVEY_03,export_dataset_weighted.sav,2022-12-10 23:27:12,2022.0,12.0,Q4,2022-Q4,auto_from_sav_date_column:startdate,True,occupation_group,Δεν απαντώ,ΚΚΕ,2.0244,2,29,59,30.2648,low,ok,False
SURVEY_03,export_dataset_weighted.sav,2022-12-10 23:27:12,2022.0,12.0,Q4,2022-Q4,auto_from_sav_date_column:startdate,True,occupation_group,Δεν απαντώ,ΜέΡΑ25,2.0049,1,29,59,30.2648,low,ok,False
SURVEY_03,export_dataset_weighted.sav,2022-12-10 23:27:12,2022.0,12.0,Q4,2022-Q4,auto_from_sav_date_column:startdate,True,occupation_group,Δεν απαντώ,ΝΔ,29.6422,7,29,59,30.2648,low,ok,False
SURVEY_03,export_dataset_weighted.sav,2022-12-10 23:27:12,2022.0,12.0,Q4,2022-Q4,auto_from_sav_date_column:startdate,True,occupation_group,Δεν απαντώ,ΠΑΣΟΚ/ΚΙΝΑΛ,16.6401,4,29,59,30.2648,low,ok,False
SURVEY_03,export_dataset_weighted.sav,2022-12-10 23:27:12,2022.0,12.0,Q4,2022-Q4,auto_from_sav_date_column:startdate,True,occupation_group,Δεν απαντώ,ΣΥΡΙΖΑ,38.7071,10,29,59,30.2648,low,ok,False
SURVEY_03,export_dataset_weighted.sav,2022-12-10 23:27:12,2022.0,12.0,Q4,2022-Q4,auto_from_sav_date_column:startdate,True,occupation_group,Δεν απαντώ,Χρυσή Αυγή,3.3224,2,29,59,30.2648,low,ok,False
SURVEY_03,export_dataset_weighted.sav,2022-12-10 23:27:12,2022.0,12.0,Q4,2022-Q4,auto_from_sav_date_column:startdate,True,occupation_group,Εισοδηματίας,other_party,10.7223,1,11,14,10.4401,low,ok,False
SURVEY_03,export_dataset_weighted.sav,2022-12-10 23:27:12,2022.0,12.0,Q4,2022-Q4,auto_from_sav_date_column:startdate,True,occupation_group,Εισοδηματίας,ΚΚΕ,11.4461,1,11,14,10.4401,low,ok,False
SURVEY_03,export_dataset_weighted.sav,2022-12-10 23:27:12,2022.0,12.0,Q4,2022-Q4,auto_from_sav_date_column:startdate,True,occupation_group,Εισοδηματίας,ΝΔ,59.2761,5,11,14,10.4401,low,ok,False
SURVEY_03,export_dataset_weighted.sav,2022-12-10 23:27:12,2022.0,12.0,Q4,2022-Q4,auto_from_sav_date_column:startdate,True,occupation_group,Εισοδηματίας,ΠΑΣΟΚ/ΚΙΝΑΛ,7.1689,1,11,14,10.4401,low,ok,False
SURVEY_03,export_dataset_weighted.sav,2022-12-10 23:27:12,2022.0,12.0,Q4,2022-Q4,auto_from_sav_date_column:startdate,True,occupation_group,Εισοδηματίας,ΣΥΡΙΖΑ,8.1079,2,11,14,10.4401,low,ok,False
SURVEY_03,export_dataset_weighted.sav,2022-12-10 23:27:12,2022.0,12.0,Q4,2022-Q4,auto_from_sav_date_column:startdate,True,occupation_group,Εισοδηματίας,Χρυσή Αυγή,3.2787,1,11,14,10.4401,low,ok,False
SURVEY_03,export_dataset_weighted.sav,2022-12-10 23:27:12,2022.0,12.0,Q4,2022-Q4,auto_from_sav_date_column:startdate,True,left_right_group,center,other_party,3.3086,22,699,866,728.9869,high,ok,True
SURVEY_03,export_dataset_weighted.sav,2022-12-10 23:27:12,2022.0,12.0,Q4,2022-Q4,auto_from_sav_date_column:startdate,True,left_right_group,center,Ελληνική Λύση,1.6673,12,699,866,728.9869,high,ok,True
SURVEY_03,export_dataset_weighted.sav,2022-12-10 23:27:12,2022.0,12.0,Q4,2022-Q4,auto_from_sav_date_column:startdate,True,left_right_group,center,ΚΚΕ,2.5079,15,699,866,728.9869,high,ok,True
SURVEY_03,export_dataset_weighted.sav,2022-12-10 23:27:12,2022.0,12.0,Q4,2022-Q4,auto_from_sav_date_column:startdate,True,left_right_group,center,ΜέΡΑ25,2.0673,17,699,866,728.9869,high,ok,True
SURVEY_03,export_dataset_weighted.sav,2022-12-10 23:27:12,2022.0,12.0,Q4,2022-Q4,auto_from_sav_date_column:startdate,True,left_right_group,center,ΝΔ,40.8893,339,699,866,728.9869,high,ok,True
SURVEY_03,export_dataset_weighted.sav,2022-12-10 23:27:12,2022.0,12.0,Q4,2022-Q4,auto_from_sav_date_column:startdate,True,left_right_group,center,ΠΑΣΟΚ/ΚΙΝΑΛ,21.0674,128,699,866,728.9869,high,ok,True
SURVEY_03,export_dataset_weighted.sav,2022-12-10 23:27:12,2022.0,12.0,Q4,2022-Q4,auto_from_sav_date_column:startdate,True,left_right_group,center,Πλεύση Ελευθερίας,0.6139,3,699,866,728.9869,high,ok,True
SURVEY_03,export_dataset_weighted.sav,2022-12-10 23:27:12,2022.0,12.0,Q4,2022-Q4,auto_from_sav_date_column:startdate,True,left_right_group,center,ΣΥΡΙΖΑ,27.1462,157,699,866,728.9869,high,ok,True
SURVEY_03,export_dataset_weighted.sav,2022-12-10 23:27:12,2022.0,12.0,Q4,2022-Q4,auto_from_sav_date_column:startdate,True,left_right_group,center,Χρυσή Αυγή,0.7322,6,699,866,728.9869,high,ok,True
SURVEY_03,export_dataset_weighted.sav,2022-12-10 23:27:12,2022.0,12.0,Q4,2022-Q4,auto_from_sav_date_column:startdate,True,left_right_group,left,other_party,4.7648,16,249,285,291.6571,medium,ok,True
SURVEY_03,export_dataset_weighted.sav,2022-12-10 23:27:12,2022.0,12.0,Q4,2022-Q4,auto_from_sav_date_column:startdate,True,left_right_group,left,ΚΚΕ,20.0374,83,249,285,291.6571,medium,ok,True
SURVEY_03,export_dataset_weighted.sav,2022-12-10 23:27:12,2022.0,12.0,Q4,2022-Q4,auto_from_sav_date_column:startdate,True,left_right_group,left,ΜέΡΑ25,7.0287,18,249,285,291.6571,medium,ok,True
SURVEY_03,export_dataset_weighted.sav,2022-12-10 23:27:12,2022.0,12.0,Q4,2022-Q4,auto_from_sav_date_column:startdate,True,left_right_group,left,ΝΔ,0.1139,1,249,285,291.6571,medium,ok,True
SURVEY_03,export_dataset_weighted.sav,2022-12-10 23:27:12,2022.0,12.0,Q4,2022-Q4,auto_from_sav_date_column:startdate,True,left_right_group,left,ΠΑΣΟΚ/ΚΙΝΑΛ,8.7877,16,249,285,291.6571,medium,ok,True
SURVEY_03,export_dataset_weighted.sav,2022-12-10 23:27:12,2022.0,12.0,Q4,2022-Q4,auto_from_sav_date_column:startdate,True,left_right_group,left,Πλεύση Ελευθερίας,0.1105,1,249,285,291.6571,medium,ok,True
SURVEY_03,export_dataset_weighted.sav,2022-12-10 23:27:12,2022.0,12.0,Q4,2022-Q4,auto_from_sav_date_column:startdate,True,left_right_group,left,ΣΥΡΙΖΑ,59.157,114,249,285,291.6571,medium,ok,True
SURVEY_03,export_dataset_weighted.sav,2022-12-10 23:27:12,2022.0,12.0,Q4,2022-Q4,auto_from_sav_date_column:startdate,True,left_right_group,right,other_party,7.5899,74,815,1303,788.5896,high,ok,True
SURVEY_03,export_dataset_weighted.sav,2022-12-10 23:27:12,2022.0,12.0,Q4,2022-Q4,auto_from_sav_date_column:startdate,True,left_right_group,right,Ελληνική Λύση,5.9705,30,815,1303,788.5896,high,ok,True
SURVEY_03,export_dataset_weighted.sav,2022-12-10 23:27:12,2022.0,12.0,Q4,2022-Q4,auto_from_sav_date_column:startdate,True,left_right_group,right,ΚΚΕ,5.422,34,815,1303,788.5896,high,ok,True
SURVEY_03,export_dataset_weighted.sav,2022-12-10 23:27:12,2022.0,12.0,Q4,2022-Q4,auto_from_sav_date_column:startdate,True,left_right_group,right,ΜέΡΑ25,3.7058,32,815,1303,788.5896,high,ok,True
SURVEY_03,export_dataset_weighted.sav,2022-12-10 23:27:12,2022.0,12.0,Q4,2022-Q4,auto_from_sav_date_column:startdate,True,left_right_group,right,ΝΔ,49.5503,443,815,1303,788.5896,high,ok,True
SURVEY_03,export_dataset_weighted.sav,2022-12-10 23:27:12,2022.0,12.0,Q4,2022-Q4,auto_from_sav_date_column:startdate,True,left_right_group,right,ΠΑΣΟΚ/ΚΙΝΑΛ,7.2,65,815,1303,788.5896,high,ok,True
SURVEY_03,export_dataset_weighted.sav,2022-12-10 23:27:12,2022.0,12.0,Q4,2022-Q4,auto_from_sav_date_column:startdate,True,left_right_group,right,Πλεύση Ελευθερίας,0.715,5,815,1303,788.5896,high,ok,True
SURVEY_03,export_dataset_weighted.sav,2022-12-10 23:27:12,2022.0,12.0,Q4,2022-Q4,auto_from_sav_date_column:startdate,True,left_right_group,right,ΣΥΡΙΖΑ,16.3594,110,815,1303,788.5896,high,ok,True
SURVEY_03,export_dataset_weighted.sav,2022-12-10 23:27:12,2022.0,12.0,Q4,2022-Q4,auto_from_sav_date_column:startdate,True,left_right_group,right,Χρυσή Αυγή,3.4871,22,815,1303,788.5896,high,ok,True
SURVEY_03,export_dataset_weighted.sav,2022-12-10 23:27:12,2022.0,12.0,Q4,2022-Q4,auto_from_sav_date_column:startdate,True,previous_vote_party,other_party,other_party,28.8016,61,199,365,181.279,medium,ok,True
SURVEY_03,export_dataset_weighted.sav,2022-12-10 23:27:12,2022.0,12.0,Q4,2022-Q4,auto_from_sav_date_column:startdate,True,previous_vote_party,other_party,Ελληνική Λύση,1.9441,5,199,365,181.279,medium,ok,True
SURVEY_03,export_dataset_weighted.sav,2022-12-10 23:27:12,2022.0,12.0,Q4,2022-Q4,auto_from_sav_date_column:startdate,True,previous_vote_party,other_party,ΚΚΕ,7.316,14,199,365,181.279,medium,ok,True
SURVEY_03,export_dataset_weighted.sav,2022-12-10 23:27:12,2022.0,12.0,Q4,2022-Q4,auto_from_sav_date_column:startdate,True,previous_vote_party,other_party,ΜέΡΑ25,1.835,5,199,365,181.279,medium,ok,True
SURVEY_03,export_dataset_weighted.sav,2022-12-10 23:27:12,2022.0,12.0,Q4,2022-Q4,auto_from_sav_date_column:startdate,True,previous_vote_party,other_party,ΝΔ,20.9819,44,199,365,181.279,medium,ok,True
SURVEY_03,export_dataset_weighted.sav,2022-12-10 23:27:12,2022.0,12.0,Q4,2022-Q4,auto_from_sav_date_column:startdate,True,previous_vote_party,other_party,ΠΑΣΟΚ/ΚΙΝΑΛ,19.7954,28,199,365,181.279,medium,ok,True
SURVEY_03,export_dataset_weighted.sav,2022-12-10 23:27:12,2022.0,12.0,Q4,2022-Q4,auto_from_sav_date_column:startdate,True,previous_vote_party,other_party,Πλεύση Ελευθερίας,0.8938,3,199,365,181.279,medium,ok,True
SURVEY_03,export_dataset_weighted.sav,2022-12-10 23:27:12,2022.0,12.0,Q4,2022-Q4,auto_from_sav_date_column:startdate,True,previous_vote_party,other_party,ΣΥΡΙΖΑ,17.1647,37,199,365,181.279,medium,ok,True
SURVEY_03,export_dataset_weighted.sav,2022-12-10 23:27:12,2022.0,12.0,Q4,2022-Q4,auto_from_sav_date_column:startdate,True,previous_vote_party,other_party,Χρυσή Αυγή,1.2675,2,199,365,181.279,medium,ok,True
SURVEY_03,export_dataset_weighted.sav,2022-12-10 23:27:12,2022.0,12.0,Q4,2022-Q4,auto_from_sav_date_column:startdate,True,previous_vote_party,Ένωση Κεντρώων,other_party,29.4537,3,12,24,7.8572,low,ok,False
SURVEY_03,export_dataset_weighted.sav,2022-12-10 23:27:12,2022.0,12.0,Q4,2022-Q4,auto_from_sav_date_column:startdate,True,previous_vote_party,Ένωση Κεντρώων,ΜέΡΑ25,20.753,1,12,24,7.8572,low,ok,False
SURVEY_03,export_dataset_weighted.sav,2022-12-10 23:27:12,2022.0,12.0,Q4,2022-Q4,auto_from_sav_date_column:startdate,True,previous_vote_party,Ένωση Κεντρώων,ΝΔ,11.5644,2,12,24,7.8572,low,ok,False
SURVEY_03,export_dataset_weighted.sav,2022-12-10 23:27:12,2022.0,12.0,Q4,2022-Q4,auto_from_sav_date_column:startdate,True,previous_vote_party,Ένωση Κεντρώων,ΠΑΣΟΚ/ΚΙΝΑΛ,20.9121,3,12,24,7.8572,low,ok,False
SURVEY_03,export_dataset_weighted.sav,2022-12-10 23:27:12,2022.0,12.0,Q4,2022-Q4,auto_from_sav_date_column:startdate,True,previous_vote_party,Ένωση Κεντρώων,ΣΥΡΙΖΑ,9.1155,2,12,24,7.8572,low,ok,False
SURVEY_03,export_dataset_weighted.sav,2022-12-10 23:27:12,2022.0,12.0,Q4,2022-Q4,auto_from_sav_date_column:startdate,True,previous_vote_party,Ένωση Κεντρώων,Χρυσή Αυγή,8.2013,1,12,24,7.8572,low,ok,False
SURVEY_03,export_dataset_weighted.sav,2022-12-10 23:27:12,2022.0,12.0,Q4,2022-Q4,auto_from_sav_date_column:startdate,True,previous_vote_party,Ελληνική Λύση,other_party,2.1094,1,25,40,48.66,low,ok,False
SURVEY_03,export_dataset_weighted.sav,2022-12-10 23:27:12,2022.0,12.0,Q4,2022-Q4,auto_from_sav_date_column:startdate,True,previous_vote_party,Ελληνική Λύση,Ελληνική Λύση,73.7689,17,25,40,48.66,low,ok,False
SURVEY_03,export_dataset_weighted.sav,2022-12-10 23:27:12,2022.0,12.0,Q4,2022-Q4,auto_from_sav_date_column:startdate,True,previous_vote_party,Ελληνική Λύση,ΝΔ,15.9928,4,25,40,48.66,low,ok,False
SURVEY_03,export_dataset_weighted.sav,2022-12-10 23:27:12,2022.0,12.0,Q4,2022-Q4,auto_from_sav_date_column:startdate,True,previous_vote_party,Ελληνική Λύση,ΠΑΣΟΚ/ΚΙΝΑΛ,2.07,1,25,40,48.66,low,ok,False
SURVEY_03,export_dataset_weighted.sav,2022-12-10 23:27:12,2022.0,12.0,Q4,2022-Q4,auto_from_sav_date_column:startdate,True,previous_vote_party,Ελληνική Λύση,ΣΥΡΙΖΑ,2.6753,1,25,40,48.66,low,ok,False
SURVEY_03,export_dataset_weighted.sav,2022-12-10 23:27:12,2022.0,12.0,Q4,2022-Q4,auto_from_sav_date_column:startdate,True,previous_vote_party,Ελληνική Λύση,Χρυσή Αυγή,3.3836,1,25,40,48.66,low,ok,False
SURVEY_03,export_dataset_weighted.sav,2022-12-10 23:27:12,2022.0,12.0,Q4,2022-Q4,auto_from_sav_date_column:startdate,True,previous_vote_party,ΚΚΕ,ΚΚΕ,88.6601,97,106,119,96.4349,medium,ok,True
SURVEY_03,export_dataset_weighted.sav,2022-12-10 23:27:12,2022.0,12.0,Q4,2022-Q4,auto_from_sav_date_column:startdate,True,previous_vote_party,ΚΚΕ,ΜέΡΑ25,3.6294,4,106,119,96.4349,medium,ok,True
SURVEY_03,export_dataset_weighted.sav,2022-12-10 23:27:12,2022.0,12.0,Q4,2022-Q4,auto_from_sav_date_column:startdate,True,previous_vote_party,ΚΚΕ,ΠΑΣΟΚ/ΚΙΝΑΛ,4.2437,1,106,119,96.4349,medium,ok,True
SURVEY_03,export_dataset_weighted.sav,2022-12-10 23:27:12,2022.0,12.0,Q4,2022-Q4,auto_from_sav_date_column:startdate,True,previous_vote_party,ΚΚΕ,ΣΥΡΙΖΑ,3.4668,4,106,119,96.4349,medium,ok,True
SURVEY_03,export_dataset_weighted.sav,2022-12-10 23:27:12,2022.0,12.0,Q4,2022-Q4,auto_from_sav_date_column:startdate,True,previous_vote_party,ΜέΡΑ25,other_party,2.4791,2,68,93,47.5944,low,ok,True
SURVEY_03,export_dataset_weighted.sav,2022-12-10 23:27:12,2022.0,12.0,Q4,2022-Q4,auto_from_sav_date_column:startdate,True,previous_vote_party,ΜέΡΑ25,Ελληνική Λύση,1.0503,2,68,93,47.5944,low,ok,True
SURVEY_03,export_dataset_weighted.sav,2022-12-10 23:27:12,2022.0,12.0,Q4,2022-Q4,auto_from_sav_date_column:startdate,True,previous_vote_party,ΜέΡΑ25,ΚΚΕ,0.8279,2,68,93,47.5944,low,ok,True
SURVEY_03,export_dataset_weighted.sav,2022-12-10 23:27:12,2022.0,12.0,Q4,2022-Q4,auto_from_sav_date_column:startdate,True,previous_vote_party,ΜέΡΑ25,ΜέΡΑ25,65.7783,36,68,93,47.5944,low,ok,True
SURVEY_03,export_dataset_weighted.sav,2022-12-10 23:27:12,2022.0,12.0,Q4,2022-Q4,auto_from_sav_date_column:startdate,True,previous_vote_party,ΜέΡΑ25,ΝΔ,5.1692,5,68,93,47.5944,low,ok,True
SURVEY_03,export_dataset_weighted.sav,2022-12-10 23:27:12,2022.0,12.0,Q4,2022-Q4,auto_from_sav_date_column:startdate,True,previous_vote_party,ΜέΡΑ25,ΠΑΣΟΚ/ΚΙΝΑΛ,5.3772,8,68,93,47.5944,low,ok,True
SURVEY_03,export_dataset_weighted.sav,2022-12-10 23:27:12,2022.0,12.0,Q4,2022-Q4,auto_from_sav_date_column:startdate,True,previous_vote_party,ΜέΡΑ25,ΣΥΡΙΖΑ,9.6777,12,68,93,47.5944,low,ok,True
SURVEY_03,export_dataset_weighted.sav,2022-12-10 23:27:12,2022.0,12.0,Q4,2022-Q4,auto_from_sav_date_column:startdate,True,previous_vote_party,ΜέΡΑ25,Χρυσή Αυγή,9.6403,1,68,93,47.5944,low,ok,True
SURVEY_03,export_dataset_weighted.sav,2022-12-10 23:27:12,2022.0,12.0,Q4,2022-Q4,auto_from_sav_date_column:startdate,True,previous_vote_party,ΝΔ,other_party,2.3245,24,773,923,620.9133,high,ok,True
SURVEY_03,export_dataset_weighted.sav,2022-12-10 23:27:12,2022.0,12.0,Q4,2022-Q4,auto_from_sav_date_column:startdate,True,previous_vote_party,ΝΔ,Ελληνική Λύση,1.4078,9,773,923,620.9133,high,ok,True
SURVEY_03,export_dataset_weighted.sav,2022-12-10 23:27:12,2022.0,12.0,Q4,2022-Q4,auto_from_sav_date_column:startdate,True,previous_vote_party,ΝΔ,ΚΚΕ,0.1431,2,773,923,620.9133,high,ok,True
SURVEY_03,export_dataset_weighted.sav,2022-12-10 23:27:12,2022.0,12.0,Q4,2022-Q4,auto_from_sav_date_column:startdate,True,previous_vote_party,ΝΔ,ΜέΡΑ25,1.3189,7,773,923,620.9133,high,ok,True
SURVEY_03,export_dataset_weighted.sav,2022-12-10 23:27:12,2022.0,12.0,Q4,2022-Q4,auto_from_sav_date_column:startdate,True,previous_vote_party,ΝΔ,ΝΔ,85.9534,660,773,923,620.9133,high,ok,True
SURVEY_03,export_dataset_weighted.sav,2022-12-10 23:27:12,2022.0,12.0,Q4,2022-Q4,auto_from_sav_date_column:startdate,True,previous_vote_party,ΝΔ,ΠΑΣΟΚ/ΚΙΝΑΛ,4.4827,34,773,923,620.9133,high,ok,True
SURVEY_03,export_dataset_weighted.sav,2022-12-10 23:27:12,2022.0,12.0,Q4,2022-Q4,auto_from_sav_date_column:startdate,True,previous_vote_party,ΝΔ,Πλεύση Ελευθερίας,0.3162,1,773,923,620.9133,high,ok,True
SURVEY_03,export_dataset_weighted.sav,2022-12-10 23:27:12,2022.0,12.0,Q4,2022-Q4,auto_from_sav_date_column:startdate,True,previous_vote_party,ΝΔ,ΣΥΡΙΖΑ,3.7338,34,773,923,620.9133,high,ok,True
SURVEY_03,export_dataset_weighted.sav,2022-12-10 23:27:12,2022.0,12.0,Q4,2022-Q4,auto_from_sav_date_column:startdate,True,previous_vote_party,ΝΔ,Χρυσή Αυγή,0.3196,2,773,923,620.9133,high,ok,True
SURVEY_03,export_dataset_weighted.sav,2022-12-10 23:27:12,2022.0,12.0,Q4,2022-Q4,auto_from_sav_date_column:startdate,True,previous_vote_party,ΠΑΣΟΚ/ΚΙΝΑΛ,other_party,0.7619,2,134,147,156.6027,medium,ok,True
SURVEY_03,export_dataset_weighted.sav,2022-12-10 23:27:12,2022.0,12.0,Q4,2022-Q4,auto_from_sav_date_column:startdate,True,previous_vote_party,ΠΑΣΟΚ/ΚΙΝΑΛ,Ελληνική Λύση,1.2893,3,134,147,156.6027,medium,ok,True
SURVEY_03,export_dataset_weighted.sav,2022-12-10 23:27:12,2022.0,12.0,Q4,2022-Q4,auto_from_sav_date_column:startdate,True,previous_vote_party,ΠΑΣΟΚ/ΚΙΝΑΛ,ΚΚΕ,0.3379,1,134,147,156.6027,medium,ok,True
SURVEY_03,export_dataset_weighted.sav,2022-12-10 23:27:12,2022.0,12.0,Q4,2022-Q4,auto_from_sav_date_column:startdate,True,previous_vote_party,ΠΑΣΟΚ/ΚΙΝΑΛ,ΜέΡΑ25,0.5016,1,134,147,156.6027,medium,ok,True
SURVEY_03,export_dataset_weighted.sav,2022-12-10 23:27:12,2022.0,12.0,Q4,2022-Q4,auto_from_sav_date_column:startdate,True,previous_vote_party,ΠΑΣΟΚ/ΚΙΝΑΛ,ΝΔ,24.0639,25,134,147,156.6027,medium,ok,True
SURVEY_03,export_dataset_weighted.sav,2022-12-10 23:27:12,2022.0,12.0,Q4,2022-Q4,auto_from_sav_date_column:startdate,True,previous_vote_party,ΠΑΣΟΚ/ΚΙΝΑΛ,ΠΑΣΟΚ/ΚΙΝΑΛ,68.0982,93,134,147,156.6027,medium,ok,True
SURVEY_03,export_dataset_weighted.sav,2022-12-10 23:27:12,2022.0,12.0,Q4,2022-Q4,auto_from_sav_date_column:startdate,True,previous_vote_party,ΠΑΣΟΚ/ΚΙΝΑΛ,ΣΥΡΙΖΑ,4.9473,9,134,147,156.6027,medium,ok,True
SURVEY_03,export_dataset_weighted.sav,2022-12-10 23:27:12,2022.0,12.0,Q4,2022-Q4,auto_from_sav_date_column:startdate,True,previous_vote_party,Πλεύση Ελευθερίας,Ελληνική Λύση,6.2923,1,11,16,15.9976,low,ok,False
SURVEY_03,export_dataset_weighted.sav,2022-12-10 23:27:12,2022.0,12.0,Q4,2022-Q4,auto_from_sav_date_column:startdate,True,previous_vote_party,Πλεύση Ελευθερίας,ΜέΡΑ25,2.9563,1,11,16,15.9976,low,ok,False
SURVEY_03,export_dataset_weighted.sav,2022-12-10 23:27:12,2022.0,12.0,Q4,2022-Q4,auto_from_sav_date_column:startdate,True,previous_vote_party,Πλεύση Ελευθερίας,ΝΔ,35.0428,3,11,16,15.9976,low,ok,False
SURVEY_03,export_dataset_weighted.sav,2022-12-10 23:27:12,2022.0,12.0,Q4,2022-Q4,auto_from_sav_date_column:startdate,True,previous_vote_party,Πλεύση Ελευθερίας,ΠΑΣΟΚ/ΚΙΝΑΛ,9.0572,1,11,16,15.9976,low,ok,False
SURVEY_03,export_dataset_weighted.sav,2022-12-10 23:27:12,2022.0,12.0,Q4,2022-Q4,auto_from_sav_date_column:startdate,True,previous_vote_party,Πλεύση Ελευθερίας,Πλεύση Ελευθερίας,36.1503,4,11,16,15.9976,low,ok,False
SURVEY_03,export_dataset_weighted.sav,2022-12-10 23:27:12,2022.0,12.0,Q4,2022-Q4,auto_from_sav_date_column:startdate,True,previous_vote_party,Πλεύση Ελευθερίας,ΣΥΡΙΖΑ,10.5011,1,11,16,15.9976,low,ok,False
SURVEY_03,export_dataset_weighted.sav,2022-12-10 23:27:12,2022.0,12.0,Q4,2022-Q4,auto_from_sav_date_column:startdate,True,previous_vote_party,ΣΥΡΙΖΑ,other_party,1.4664,4,362,420,541.8111,high,ok,True
SURVEY_03,export_dataset_weighted.sav,2022-12-10 23:27:12,2022.0,12.0,Q4,2022-Q4,auto_from_sav_date_column:startdate,True,previous_vote_party,ΣΥΡΙΖΑ,Ελληνική Λύση,0.3146,2,362,420,541.8111,high,ok,True
SURVEY_03,export_dataset_weighted.sav,2022-12-10 23:27:12,2022.0,12.0,Q4,2022-Q4,auto_from_sav_date_column:startdate,True,previous_vote_party,ΣΥΡΙΖΑ,ΚΚΕ,3.4038,15,362,420,541.8111,high,ok,True
SURVEY_03,export_dataset_weighted.sav,2022-12-10 23:27:12,2022.0,12.0,Q4,2022-Q4,auto_from_sav_date_column:startdate,True,previous_vote_party,ΣΥΡΙΖΑ,ΜέΡΑ25,2.7183,11,362,420,541.8111,high,ok,True
SURVEY_03,export_dataset_weighted.sav,2022-12-10 23:27:12,2022.0,12.0,Q4,2022-Q4,auto_from_sav_date_column:startdate,True,previous_vote_party,ΣΥΡΙΖΑ,ΝΔ,6.3373,23,362,420,541.8111,high,ok,True
SURVEY_03,export_dataset_weighted.sav,2022-12-10 23:27:12,2022.0,12.0,Q4,2022-Q4,auto_from_sav_date_column:startdate,True,previous_vote_party,ΣΥΡΙΖΑ,ΠΑΣΟΚ/ΚΙΝΑΛ,8.3584,31,362,420,541.8111,high,ok,True
SURVEY_03,export_dataset_weighted.sav,2022-12-10 23:27:12,2022.0,12.0,Q4,2022-Q4,auto_from_sav_date_column:startdate,True,previous_vote_party,ΣΥΡΙΖΑ,ΣΥΡΙΖΑ,77.0808,275,362,420,541.8111,high,ok,True
SURVEY_03,export_dataset_weighted.sav,2022-12-10 23:27:12,2022.0,12.0,Q4,2022-Q4,auto_from_sav_date_column:startdate,True,previous_vote_party,ΣΥΡΙΖΑ,Χρυσή Αυγή,0.3203,1,362,420,541.8111,high,ok,True
SURVEY_03,export_dataset_weighted.sav,2022-12-10 23:27:12,2022.0,12.0,Q4,2022-Q4,auto_from_sav_date_column:startdate,True,previous_vote_party,Χρυσή Αυγή,other_party,5.7852,1,23,49,23.0805,low,ok,False
SURVEY_03,export_dataset_weighted.sav,2022-12-10 23:27:12,2022.0,12.0,Q4,2022-Q4,auto_from_sav_date_column:startdate,True,previous_vote_party,Χρυσή Αυγή,ΝΔ,6.0633,2,23,49,23.0805,low,ok,False
SURVEY_03,export_dataset_weighted.sav,2022-12-10 23:27:12,2022.0,12.0,Q4,2022-Q4,auto_from_sav_date_column:startdate,True,previous_vote_party,Χρυσή Αυγή,Πλεύση Ελευθερίας,4.6332,1,23,49,23.0805,low,ok,False
SURVEY_03,export_dataset_weighted.sav,2022-12-10 23:27:12,2022.0,12.0,Q4,2022-Q4,auto_from_sav_date_column:startdate,True,previous_vote_party,Χρυσή Αυγή,Χρυσή Αυγή,83.5183,19,23,49,23.0805,low,ok,False
SURVEY_03,export_dataset_weighted.sav,2022-12-10 23:27:12,2022.0,12.0,Q4,2022-Q4,auto_from_sav_date_column:startdate,True,region_group,Ήπειρος,other_party,5.9246,3,51,66,71.3751,low,ok,True
SURVEY_03,export_dataset_weighted.sav,2022-12-10 23:27:12,2022.0,12.0,Q4,2022-Q4,auto_from_sav_date_column:startdate,True,region_group,Ήπειρος,ΚΚΕ,6.0193,3,51,66,71.3751,low,ok,True
SURVEY_03,export_dataset_weighted.sav,2022-12-10 23:27:12,2022.0,12.0,Q4,2022-Q4,auto_from_sav_date_column:startdate,True,region_group,Ήπειρος,ΜέΡΑ25,0.9103,1,51,66,71.3751,low,ok,True
SURVEY_03,export_dataset_weighted.sav,2022-12-10 23:27:12,2022.0,12.0,Q4,2022-Q4,auto_from_sav_date_column:startdate,True,region_group,Ήπειρος,ΝΔ,26.4761,16,51,66,71.3751,low,ok,True
SURVEY_03,export_dataset_weighted.sav,2022-12-10 23:27:12,2022.0,12.0,Q4,2022-Q4,auto_from_sav_date_column:startdate,True,region_group,Ήπειρος,ΠΑΣΟΚ/ΚΙΝΑΛ,11.5683,9,51,66,71.3751,low,ok,True
SURVEY_03,export_dataset_weighted.sav,2022-12-10 23:27:12,2022.0,12.0,Q4,2022-Q4,auto_from_sav_date_column:startdate,True,region_group,Ήπειρος,ΣΥΡΙΖΑ,46.8488,18,51,66,71.3751,low,ok,True
SURVEY_03,export_dataset_weighted.sav,2022-12-10 23:27:12,2022.0,12.0,Q4,2022-Q4,auto_from_sav_date_column:startdate,True,region_group,Ήπειρος,Χρυσή Αυγή,2.2527,1,51,66,71.3751,low,ok,True
SURVEY_03,export_dataset_weighted.sav,2022-12-10 23:27:12,2022.0,12.0,Q4,2022-Q4,auto_from_sav_date_column:startdate,True,region_group,Ανατολική Μακεδονία Θράκη,other_party,6.9367,8,69,93,105.8114,low,ok,True
SURVEY_03,export_dataset_weighted.sav,2022-12-10 23:27:12,2022.0,12.0,Q4,2022-Q4,auto_from_sav_date_column:startdate,True,region_group,Ανατολική Μακεδονία Θράκη,ΚΚΕ,1.3539,1,69,93,105.8114,low,ok,True
SURVEY_03,export_dataset_weighted.sav,2022-12-10 23:27:12,2022.0,12.0,Q4,2022-Q4,auto_from_sav_date_column:startdate,True,region_group,Ανατολική Μακεδονία Θράκη,ΜέΡΑ25,2.8082,2,69,93,105.8114,low,ok,True
SURVEY_03,export_dataset_weighted.sav,2022-12-10 23:27:12,2022.0,12.0,Q4,2022-Q4,auto_from_sav_date_column:startdate,True,region_group,Ανατολική Μακεδονία Θράκη,ΝΔ,46.2694,37,69,93,105.8114,low,ok,True
SURVEY_03,export_dataset_weighted.sav,2022-12-10 23:27:12,2022.0,12.0,Q4,2022-Q4,auto_from_sav_date_column:startdate,True,region_group,Ανατολική Μακεδονία Θράκη,ΠΑΣΟΚ/ΚΙΝΑΛ,18.9227,8,69,93,105.8114,low,ok,True
SURVEY_03,export_dataset_weighted.sav,2022-12-10 23:27:12,2022.0,12.0,Q4,2022-Q4,auto_from_sav_date_column:startdate,True,region_group,Ανατολική Μακεδονία Θράκη,ΣΥΡΙΖΑ,18.9535,10,69,93,105.8114,low,ok,True
SURVEY_03,export_dataset_weighted.sav,2022-12-10 23:27:12,2022.0,12.0,Q4,2022-Q4,auto_from_sav_date_column:startdate,True,region_group,Ανατολική Μακεδονία Θράκη,Χρυσή Αυγή,4.7555,3,69,93,105.8114,low,ok,True
SURVEY_03,export_dataset_weighted.sav,2022-12-10 23:27:12,2022.0,12.0,Q4,2022-Q4,auto_from_sav_date_column:startdate,True,region_group,Αττική,other_party,4.7745,45,749,1034,547.235,high,ok,True
SURVEY_03,export_dataset_weighted.sav,2022-12-10 23:27:12,2022.0,12.0,Q4,2022-Q4,auto_from_sav_date_column:startdate,True,region_group,Αττική,Ελληνική Λύση,3.7775,17,749,1034,547.235,high,ok,True
SURVEY_03,export_dataset_weighted.sav,2022-12-10 23:27:12,2022.0,12.0,Q4,2022-Q4,auto_from_sav_date_column:startdate,True,region_group,Αττική,ΚΚΕ,9.6735,78,749,1034,547.235,high,ok,True
SURVEY_03,export_dataset_weighted.sav,2022-12-10 23:27:12,2022.0,12.0,Q4,2022-Q4,auto_from_sav_date_column:startdate,True,region_group,Αττική,ΜέΡΑ25,2.3069,24,749,1034,547.235,high,ok,True
SURVEY_03,export_dataset_weighted.sav,2022-12-10 23:27:12,2022.0,12.0,Q4,2022-Q4,auto_from_sav_date_column:startdate,True,region_group,Αττική,ΝΔ,38.9458,347,749,1034,547.235,high,ok,True
SURVEY_03,export_dataset_weighted.sav,2022-12-10 23:27:12,2022.0,12.0,Q4,2022-Q4,auto_from_sav_date_column:startdate,True,region_group,Αττική,ΠΑΣΟΚ/ΚΙΝΑΛ,8.2138,66,749,1034,547.235,high,ok,True
SURVEY_03,export_dataset_weighted.sav,2022-12-10 23:27:12,2022.0,12.0,Q4,2022-Q4,auto_from_sav_date_column:startdate,True,region_group,Αττική,Πλεύση Ελευθερίας,0.8134,5,749,1034,547.235,high,ok,True
SURVEY_03,export_dataset_weighted.sav,2022-12-10 23:27:12,2022.0,12.0,Q4,2022-Q4,auto_from_sav_date_column:startdate,True,region_group,Αττική,ΣΥΡΙΖΑ,29.9563,155,749,1034,547.235,high,ok,True
SURVEY_03,export_dataset_weighted.sav,2022-12-10 23:27:12,2022.0,12.0,Q4,2022-Q4,auto_from_sav_date_column:startdate,True,region_group,Αττική,Χρυσή Αυγή,1.5385,12,749,1034,547.235,high,ok,True
SURVEY_03,export_dataset_weighted.sav,2022-12-10 23:27:12,2022.0,12.0,Q4,2022-Q4,auto_from_sav_date_column:startdate,True,region_group,Βόρειο Αιγαίο,other_party,2.7655,1,34,43,37.1156,low,ok,True
SURVEY_03,export_dataset_weighted.sav,2022-12-10 23:27:12,2022.0,12.0,Q4,2022-Q4,auto_from_sav_date_column:startdate,True,region_group,Βόρειο Αιγαίο,Ελληνική Λύση,2.4879,1,34,43,37.1156,low,ok,True
SURVEY_03,export_dataset_weighted.sav,2022-12-10 23:27:12,2022.0,12.0,Q4,2022-Q4,auto_from_sav_date_column:startdate,True,region_group,Βόρειο Αιγαίο,ΚΚΕ,17.0632,3,34,43,37.1156,low,ok,True
SURVEY_03,export_dataset_weighted.sav,2022-12-10 23:27:12,2022.0,12.0,Q4,2022-Q4,auto_from_sav_date_column:startdate,True,region_group,Βόρειο Αιγαίο,ΜέΡΑ25,1.9567,1,34,43,37.1156,low,ok,True
SURVEY_03,export_dataset_weighted.sav,2022-12-10 23:27:12,2022.0,12.0,Q4,2022-Q4,auto_from_sav_date_column:startdate,True,region_group,Βόρειο Αιγαίο,ΝΔ,44.547,16,34,43,37.1156,low,ok,True
SURVEY_03,export_dataset_weighted.sav,2022-12-10 23:27:12,2022.0,12.0,Q4,2022-Q4,auto_from_sav_date_column:startdate,True,region_group,Βόρειο Αιγαίο,ΠΑΣΟΚ/ΚΙΝΑΛ,9.7418,5,34,43,37.1156,low,ok,True
SURVEY_03,export_dataset_weighted.sav,2022-12-10 23:27:12,2022.0,12.0,Q4,2022-Q4,auto_from_sav_date_column:startdate,True,region_group,Βόρειο Αιγαίο,ΣΥΡΙΖΑ,21.4379,7,34,43,37.1156,low,ok,True
SURVEY_03,export_dataset_weighted.sav,2022-12-10 23:27:12,2022.0,12.0,Q4,2022-Q4,auto_from_sav_date_column:startdate,True,region_group,Δεν γνωρίζω/ Δεν απαντώ,Ελληνική Λύση,46.2466,1,7,28,7.7453,low,ok,False
SURVEY_03,export_dataset_weighted.sav,2022-12-10 23:27:12,2022.0,12.0,Q4,2022-Q4,auto_from_sav_date_column:startdate,True,region_group,Δεν γνωρίζω/ Δεν απαντώ,ΚΚΕ,19.0785,2,7,28,7.7453,low,ok,False
SURVEY_03,export_dataset_weighted.sav,2022-12-10 23:27:12,2022.0,12.0,Q4,2022-Q4,auto_from_sav_date_column:startdate,True,region_group,Δεν γνωρίζω/ Δεν απαντώ,ΝΔ,12.9314,2,7,28,7.7453,low,ok,False
SURVEY_03,export_dataset_weighted.sav,2022-12-10 23:27:12,2022.0,12.0,Q4,2022-Q4,auto_from_sav_date_column:startdate,True,region_group,Δεν γνωρίζω/ Δεν απαντώ,ΠΑΣΟΚ/ΚΙΝΑΛ,16.3297,1,7,28,7.7453,low,ok,False
SURVEY_03,export_dataset_weighted.sav,2022-12-10 23:27:12,2022.0,12.0,Q4,2022-Q4,auto_from_sav_date_column:startdate,True,region_group,Δεν γνωρίζω/ Δεν απαντώ,ΣΥΡΙΖΑ,5.4139,1,7,28,7.7453,low,ok,False
SURVEY_03,export_dataset_weighted.sav,2022-12-10 23:27:12,2022.0,12.0,Q4,2022-Q4,auto_from_sav_date_column:startdate,True,region_group,"Δυτική Ελλάδα (Αιτωλο-ακαρνανία, Ηλεία, Αχαΐα)",other_party,7.3151,6,83,124,120.5693,low,ok,True
SURVEY_03,export_dataset_weighted.sav,2022-12-10 23:27:12,2022.0,12.0,Q4,2022-Q4,auto_from_sav_date_column:startdate,True,region_group,"Δυτική Ελλάδα (Αιτωλο-ακαρνανία, Ηλεία, Αχαΐα)",Ελληνική Λύση,0.8089,1,83,124,120.5693,low,ok,True
SURVEY_03,export_dataset_weighted.sav,2022-12-10 23:27:12,2022.0,12.0,Q4,2022-Q4,auto_from_sav_date_column:startdate,True,region_group,"Δυτική Ελλάδα (Αιτωλο-ακαρνανία, Ηλεία, Αχαΐα)",ΚΚΕ,3.5818,3,83,124,120.5693,low,ok,True
SURVEY_03,export_dataset_weighted.sav,2022-12-10 23:27:12,2022.0,12.0,Q4,2022-Q4,auto_from_sav_date_column:startdate,True,region_group,"Δυτική Ελλάδα (Αιτωλο-ακαρνανία, Ηλεία, Αχαΐα)",ΜέΡΑ25,7.1374,5,83,124,120.5693,low,ok,True
SURVEY_03,export_dataset_weighted.sav,2022-12-10 23:27:12,2022.0,12.0,Q4,2022-Q4,auto_from_sav_date_column:startdate,True,region_group,"Δυτική Ελλάδα (Αιτωλο-ακαρνανία, Ηλεία, Αχαΐα)",ΝΔ,28.1257,27,83,124,120.5693,low,ok,True
SURVEY_03,export_dataset_weighted.sav,2022-12-10 23:27:12,2022.0,12.0,Q4,2022-Q4,auto_from_sav_date_column:startdate,True,region_group,"Δυτική Ελλάδα (Αιτωλο-ακαρνανία, Ηλεία, Αχαΐα)",ΠΑΣΟΚ/ΚΙΝΑΛ,21.4833,14,83,124,120.5693,low,ok,True
SURVEY_03,export_dataset_weighted.sav,2022-12-10 23:27:12,2022.0,12.0,Q4,2022-Q4,auto_from_sav_date_column:startdate,True,region_group,"Δυτική Ελλάδα (Αιτωλο-ακαρνανία, Ηλεία, Αχαΐα)",ΣΥΡΙΖΑ,30.8389,26,83,124,120.5693,low,ok,True
SURVEY_03,export_dataset_weighted.sav,2022-12-10 23:27:12,2022.0,12.0,Q4,2022-Q4,auto_from_sav_date_column:startdate,True,region_group,"Δυτική Ελλάδα (Αιτωλο-ακαρνανία, Ηλεία, Αχαΐα)",Χρυσή Αυγή,0.7089,1,83,124,120.5693,low,ok,True
SURVEY_03,export_dataset_weighted.sav,2022-12-10 23:27:12,2022.0,12.0,Q4,2022-Q4,auto_from_sav_date_column:startdate,True,region_group,Δυτική Μακεδονία,other_party,6.7945,5,43,58,60.2327,low,ok,True
SURVEY_03,export_dataset_weighted.sav,2022-12-10 23:27:12,2022.0,12.0,Q4,2022-Q4,auto_from_sav_date_column:startdate,True,region_group,Δυτική Μακεδονία,ΝΔ,43.8117,19,43,58,60.2327,low,ok,True
SURVEY_03,export_dataset_weighted.sav,2022-12-10 23:27:12,2022.0,12.0,Q4,2022-Q4,auto_from_sav_date_column:startdate,True,region_group,Δυτική Μακεδονία,ΠΑΣΟΚ/ΚΙΝΑΛ,16.6162,7,43,58,60.2327,low,ok,True
SURVEY_03,export_dataset_weighted.sav,2022-12-10 23:27:12,2022.0,12.0,Q4,2022-Q4,auto_from_sav_date_column:startdate,True,region_group,Δυτική Μακεδονία,Πλεύση Ελευθερίας,5.1184,2,43,58,60.2327,low,ok,True
SURVEY_03,export_dataset_weighted.sav,2022-12-10 23:27:12,2022.0,12.0,Q4,2022-Q4,auto_from_sav_date_column:startdate,True,region_group,Δυτική Μακεδονία,ΣΥΡΙΖΑ,27.6592,10,43,58,60.2327,low,ok,True
SURVEY_03,export_dataset_weighted.sav,2022-12-10 23:27:12,2022.0,12.0,Q4,2022-Q4,auto_from_sav_date_column:startdate,True,region_group,Θεσσαλία,other_party,6.9126,6,92,125,137.1048,low,ok,True
SURVEY_03,export_dataset_weighted.sav,2022-12-10 23:27:12,2022.0,12.0,Q4,2022-Q4,auto_from_sav_date_column:startdate,True,region_group,Θεσσαλία,Ελληνική Λύση,2.9951,1,92,125,137.1048,low,ok,True
SURVEY_03,export_dataset_weighted.sav,2022-12-10 23:27:12,2022.0,12.0,Q4,2022-Q4,auto_from_sav_date_column:startdate,True,region_group,Θεσσαλία,ΚΚΕ,3.1219,2,92,125,137.1048,low,ok,True
SURVEY_03,export_dataset_weighted.sav,2022-12-10 23:27:12,2022.0,12.0,Q4,2022-Q4,auto_from_sav_date_column:startdate,True,region_group,Θεσσαλία,ΜέΡΑ25,8.9595,11,92,125,137.1048,low,ok,True
SURVEY_03,export_dataset_weighted.sav,2022-12-10 23:27:12,2022.0,12.0,Q4,2022-Q4,auto_from_sav_date_column:startdate,True,region_group,Θεσσαλία,ΝΔ,34.5526,42,92,125,137.1048,low,ok,True
SURVEY_03,export_dataset_weighted.sav,2022-12-10 23:27:12,2022.0,12.0,Q4,2022-Q4,auto_from_sav_date_column:startdate,True,region_group,Θεσσαλία,ΠΑΣΟΚ/ΚΙΝΑΛ,10.7011,11,92,125,137.1048,low,ok,True
SURVEY_03,export_dataset_weighted.sav,2022-12-10 23:27:12,2022.0,12.0,Q4,2022-Q4,auto_from_sav_date_column:startdate,True,region_group,Θεσσαλία,ΣΥΡΙΖΑ,32.7573,19,92,125,137.1048,low,ok,True
SURVEY_03,export_dataset_weighted.sav,2022-12-10 23:27:12,2022.0,12.0,Q4,2022-Q4,auto_from_sav_date_column:startdate,True,region_group,Ιόνια νησιά,other_party,9.2998,3,44,60,44.6577,low,ok,True
SURVEY_03,export_dataset_weighted.sav,2022-12-10 23:27:12,2022.0,12.0,Q4,2022-Q4,auto_from_sav_date_column:startdate,True,region_group,Ιόνια νησιά,Ελληνική Λύση,1.6262,1,44,60,44.6577,low,ok,True
SURVEY_03,export_dataset_weighted.sav,2022-12-10 23:27:12,2022.0,12.0,Q4,2022-Q4,auto_from_sav_date_column:startdate,True,region_group,Ιόνια νησιά,ΚΚΕ,4.4825,3,44,60,44.6577,low,ok,True
SURVEY_03,export_dataset_weighted.sav,2022-12-10 23:27:12,2022.0,12.0,Q4,2022-Q4,auto_from_sav_date_column:startdate,True,region_group,Ιόνια νησιά,ΜέΡΑ25,5.7835,3,44,60,44.6577,low,ok,True
SURVEY_03,export_dataset_weighted.sav,2022-12-10 23:27:12,2022.0,12.0,Q4,2022-Q4,auto_from_sav_date_column:startdate,True,region_group,Ιόνια νησιά,ΝΔ,33.5434,18,44,60,44.6577,low,ok,True
SURVEY_03,export_dataset_weighted.sav,2022-12-10 23:27:12,2022.0,12.0,Q4,2022-Q4,auto_from_sav_date_column:startdate,True,region_group,Ιόνια νησιά,ΠΑΣΟΚ/ΚΙΝΑΛ,8.5495,5,44,60,44.6577,low,ok,True
SURVEY_03,export_dataset_weighted.sav,2022-12-10 23:27:12,2022.0,12.0,Q4,2022-Q4,auto_from_sav_date_column:startdate,True,region_group,Ιόνια νησιά,ΣΥΡΙΖΑ,36.715,11,44,60,44.6577,low,ok,True
SURVEY_03,export_dataset_weighted.sav,2022-12-10 23:27:12,2022.0,12.0,Q4,2022-Q4,auto_from_sav_date_column:startdate,True,region_group,Κεντρική Μακεδονία,other_party,5.3483,23,263,362,305.931,medium,ok,True
SURVEY_03,export_dataset_weighted.sav,2022-12-10 23:27:12,2022.0,12.0,Q4,2022-Q4,auto_from_sav_date_column:startdate,True,region_group,Κεντρική Μακεδονία,Ελληνική Λύση,5.4845,8,263,362,305.931,medium,ok,True
SURVEY_03,export_dataset_weighted.sav,2022-12-10 23:27:12,2022.0,12.0,Q4,2022-Q4,auto_from_sav_date_column:startdate,True,region_group,Κεντρική Μακεδονία,ΚΚΕ,8.0284,19,263,362,305.931,medium,ok,True
SURVEY_03,export_dataset_weighted.sav,2022-12-10 23:27:12,2022.0,12.0,Q4,2022-Q4,auto_from_sav_date_column:startdate,True,region_group,Κεντρική Μακεδονία,ΜέΡΑ25,5.6649,11,263,362,305.931,medium,ok,True
SURVEY_03,export_dataset_weighted.sav,2022-12-10 23:27:12,2022.0,12.0,Q4,2022-Q4,auto_from_sav_date_column:startdate,True,region_group,Κεντρική Μακεδονία,ΝΔ,38.6223,113,263,362,305.931,medium,ok,True
SURVEY_03,export_dataset_weighted.sav,2022-12-10 23:27:12,2022.0,12.0,Q4,2022-Q4,auto_from_sav_date_column:startdate,True,region_group,Κεντρική Μακεδονία,ΠΑΣΟΚ/ΚΙΝΑΛ,12.9833,36,263,362,305.931,medium,ok,True
SURVEY_03,export_dataset_weighted.sav,2022-12-10 23:27:12,2022.0,12.0,Q4,2022-Q4,auto_from_sav_date_column:startdate,True,region_group,Κεντρική Μακεδονία,ΣΥΡΙΖΑ,19.7366,46,263,362,305.931,medium,ok,True
SURVEY_03,export_dataset_weighted.sav,2022-12-10 23:27:12,2022.0,12.0,Q4,2022-Q4,auto_from_sav_date_column:startdate,True,region_group,Κεντρική Μακεδονία,Χρυσή Αυγή,4.1318,7,263,362,305.931,medium,ok,True
SURVEY_03,export_dataset_weighted.sav,2022-12-10 23:27:12,2022.0,12.0,Q4,2022-Q4,auto_from_sav_date_column:startdate,True,region_group,Κρήτη,other_party,4.0084,3,98,137,92.0395,low,ok,True
SURVEY_03,export_dataset_weighted.sav,2022-12-10 23:27:12,2022.0,12.0,Q4,2022-Q4,auto_from_sav_date_column:startdate,True,region_group,Κρήτη,Ελληνική Λύση,4.3229,4,98,137,92.0395,low,ok,True
SURVEY_03,export_dataset_weighted.sav,2022-12-10 23:27:12,2022.0,12.0,Q4,2022-Q4,auto_from_sav_date_column:startdate,True,region_group,Κρήτη,ΚΚΕ,9.1625,10,98,137,92.0395,low,ok,True
SURVEY_03,export_dataset_weighted.sav,2022-12-10 23:27:12,2022.0,12.0,Q4,2022-Q4,auto_from_sav_date_column:startdate,True,region_group,Κρήτη,ΜέΡΑ25,4.1185,4,98,137,92.0395,low,ok,True
SURVEY_03,export_dataset_weighted.sav,2022-12-10 23:27:12,2022.0,12.0,Q4,2022-Q4,auto_from_sav_date_column:startdate,True,region_group,Κρήτη,ΝΔ,28.2266,34,98,137,92.0395,low,ok,True
SURVEY_03,export_dataset_weighted.sav,2022-12-10 23:27:12,2022.0,12.0,Q4,2022-Q4,auto_from_sav_date_column:startdate,True,region_group,Κρήτη,ΠΑΣΟΚ/ΚΙΝΑΛ,16.2099,14,98,137,92.0395,low,ok,True
SURVEY_03,export_dataset_weighted.sav,2022-12-10 23:27:12,2022.0,12.0,Q4,2022-Q4,auto_from_sav_date_column:startdate,True,region_group,Κρήτη,ΣΥΡΙΖΑ,31.9275,27,98,137,92.0395,low,ok,True
SURVEY_03,export_dataset_weighted.sav,2022-12-10 23:27:12,2022.0,12.0,Q4,2022-Q4,auto_from_sav_date_column:startdate,True,region_group,Κρήτη,Χρυσή Αυγή,2.0237,2,98,137,92.0395,low,ok,True
SURVEY_03,export_dataset_weighted.sav,2022-12-10 23:27:12,2022.0,12.0,Q4,2022-Q4,auto_from_sav_date_column:startdate,True,region_group,Νότιο Αιγαίο,other_party,3.4827,1,61,81,66.1601,low,ok,True
SURVEY_03,export_dataset_weighted.sav,2022-12-10 23:27:12,2022.0,12.0,Q4,2022-Q4,auto_from_sav_date_column:startdate,True,region_group,Νότιο Αιγαίο,Ελληνική Λύση,1.8002,2,61,81,66.1601,low,ok,True
SURVEY_03,export_dataset_weighted.sav,2022-12-10 23:27:12,2022.0,12.0,Q4,2022-Q4,auto_from_sav_date_column:startdate,True,region_group,Νότιο Αιγαίο,ΚΚΕ,8.6536,4,61,81,66.1601,low,ok,True
SURVEY_03,export_dataset_weighted.sav,2022-12-10 23:27:12,2022.0,12.0,Q4,2022-Q4,auto_from_sav_date_column:startdate,True,region_group,Νότιο Αιγαίο,ΜέΡΑ25,1.4699,3,61,81,66.1601,low,ok,True
SURVEY_03,export_dataset_weighted.sav,2022-12-10 23:27:12,2022.0,12.0,Q4,2022-Q4,auto_from_sav_date_column:startdate,True,region_group,Νότιο Αιγαίο,ΝΔ,40.5039,28,61,81,66.1601,low,ok,True
SURVEY_03,export_dataset_weighted.sav,2022-12-10 23:27:12,2022.0,12.0,Q4,2022-Q4,auto_from_sav_date_column:startdate,True,region_group,Νότιο Αιγαίο,ΠΑΣΟΚ/ΚΙΝΑΛ,14.8075,8,61,81,66.1601,low,ok,True
SURVEY_03,export_dataset_weighted.sav,2022-12-10 23:27:12,2022.0,12.0,Q4,2022-Q4,auto_from_sav_date_column:startdate,True,region_group,Νότιο Αιγαίο,ΣΥΡΙΖΑ,29.2823,15,61,81,66.1601,low,ok,True
SURVEY_03,export_dataset_weighted.sav,2022-12-10 23:27:12,2022.0,12.0,Q4,2022-Q4,auto_from_sav_date_column:startdate,True,region_group,Πελοπόννησος,other_party,3.4907,2,99,136,138.4713,low,ok,True
SURVEY_03,export_dataset_weighted.sav,2022-12-10 23:27:12,2022.0,12.0,Q4,2022-Q4,auto_from_sav_date_column:startdate,True,region_group,Πελοπόννησος,Ελληνική Λύση,2.4174,4,99,136,138.4713,low,ok,True
SURVEY_03,export_dataset_weighted.sav,2022-12-10 23:27:12,2022.0,12.0,Q4,2022-Q4,auto_from_sav_date_column:startdate,True,region_group,Πελοπόννησος,ΚΚΕ,2.6597,4,99,136,138.4713,low,ok,True
SURVEY_03,export_dataset_weighted.sav,2022-12-10 23:27:12,2022.0,12.0,Q4,2022-Q4,auto_from_sav_date_column:startdate,True,region_group,Πελοπόννησος,ΜέΡΑ25,1.2534,1,99,136,138.4713,low,ok,True
SURVEY_03,export_dataset_weighted.sav,2022-12-10 23:27:12,2022.0,12.0,Q4,2022-Q4,auto_from_sav_date_column:startdate,True,region_group,Πελοπόννησος,ΝΔ,50.4542,49,99,136,138.4713,low,ok,True
SURVEY_03,export_dataset_weighted.sav,2022-12-10 23:27:12,2022.0,12.0,Q4,2022-Q4,auto_from_sav_date_column:startdate,True,region_group,Πελοπόννησος,ΠΑΣΟΚ/ΚΙΝΑΛ,20.7279,17,99,136,138.4713,low,ok,True
SURVEY_03,export_dataset_weighted.sav,2022-12-10 23:27:12,2022.0,12.0,Q4,2022-Q4,auto_from_sav_date_column:startdate,True,region_group,Πελοπόννησος,Πλεύση Ελευθερίας,0.7723,1,99,136,138.4713,low,ok,True
SURVEY_03,export_dataset_weighted.sav,2022-12-10 23:27:12,2022.0,12.0,Q4,2022-Q4,auto_from_sav_date_column:startdate,True,region_group,Πελοπόννησος,ΣΥΡΙΖΑ,16.4766,19,99,136,138.4713,low,ok,True
SURVEY_03,export_dataset_weighted.sav,2022-12-10 23:27:12,2022.0,12.0,Q4,2022-Q4,auto_from_sav_date_column:startdate,True,region_group,Πελοπόννησος,Χρυσή Αυγή,1.7477,2,99,136,138.4713,low,ok,True
SURVEY_03,export_dataset_weighted.sav,2022-12-10 23:27:12,2022.0,12.0,Q4,2022-Q4,auto_from_sav_date_column:startdate,True,region_group,Στερεά Ελλάδα,other_party,7.2404,6,70,107,74.7847,low,ok,True
SURVEY_03,export_dataset_weighted.sav,2022-12-10 23:27:12,2022.0,12.0,Q4,2022-Q4,auto_from_sav_date_column:startdate,True,region_group,Στερεά Ελλάδα,Ελληνική Λύση,3.9528,2,70,107,74.7847,low,ok,True
SURVEY_03,export_dataset_weighted.sav,2022-12-10 23:27:12,2022.0,12.0,Q4,2022-Q4,auto_from_sav_date_column:startdate,True,region_group,Στερεά Ελλάδα,ΜέΡΑ25,0.6958,1,70,107,74.7847,low,ok,True
SURVEY_03,export_dataset_weighted.sav,2022-12-10 23:27:12,2022.0,12.0,Q4,2022-Q4,auto_from_sav_date_column:startdate,True,region_group,Στερεά Ελλάδα,ΝΔ,36.3577,35,70,107,74.7847,low,ok,True
SURVEY_03,export_dataset_weighted.sav,2022-12-10 23:27:12,2022.0,12.0,Q4,2022-Q4,auto_from_sav_date_column:startdate,True,region_group,Στερεά Ελλάδα,ΠΑΣΟΚ/ΚΙΝΑΛ,13.8269,8,70,107,74.7847,low,ok,True
SURVEY_03,export_dataset_weighted.sav,2022-12-10 23:27:12,2022.0,12.0,Q4,2022-Q4,auto_from_sav_date_column:startdate,True,region_group,Στερεά Ελλάδα,Πλεύση Ελευθερίας,2.4505,1,70,107,74.7847,low,ok,True
SURVEY_03,export_dataset_weighted.sav,2022-12-10 23:27:12,2022.0,12.0,Q4,2022-Q4,auto_from_sav_date_column:startdate,True,region_group,Στερεά Ελλάδα,ΣΥΡΙΖΑ,35.476,17,70,107,74.7847,low,ok,True
SURVEY_04,pol62018.sav,,2018.0,6.0,Q2,2018-Q2,filename_month_year:pol6_2018,True,gender,female,other_party,7.335,30,409,570,409.0,high,ok,True
SURVEY_04,pol62018.sav,,2018.0,6.0,Q2,2018-Q2,filename_month_year:pol6_2018,True,gender,female,Ένωση Κεντρώων,2.6895,11,409,570,409.0,high,ok,True
SURVEY_04,pol62018.sav,,2018.0,6.0,Q2,2018-Q2,filename_month_year:pol6_2018,True,gender,female,ΑΝΕΛ,0.978,4,409,570,409.0,high,ok,True
SURVEY_04,pol62018.sav,,2018.0,6.0,Q2,2018-Q2,filename_month_year:pol6_2018,True,gender,female,Ελληνική Λύση,2.2005,9,409,570,409.0,high,ok,True
SURVEY_04,pol62018.sav,,2018.0,6.0,Q2,2018-Q2,filename_month_year:pol6_2018,True,gender,female,ΚΚΕ,6.846,28,409,570,409.0,high,ok,True
SURVEY_04,pol62018.sav,,2018.0,6.0,Q2,2018-Q2,filename_month_year:pol6_2018,True,gender,female,ΝΔ,30.8068,126,409,570,409.0,high,ok,True
SURVEY_04,pol62018.sav,,2018.0,6.0,Q2,2018-Q2,filename_month_year:pol6_2018,True,gender,female,ΠΑΣΟΚ/ΚΙΝΑΛ,4.89,20,409,570,409.0,high,ok,True
SURVEY_04,pol62018.sav,,2018.0,6.0,Q2,2018-Q2,filename_month_year:pol6_2018,True,gender,female,Πλεύση Ελευθερίας,1.467,6,409,570,409.0,high,ok,True
SURVEY_04,pol62018.sav,,2018.0,6.0,Q2,2018-Q2,filename_month_year:pol6_2018,True,gender,female,ΣΥΡΙΖΑ,33.7408,138,409,570,409.0,high,ok,True
SURVEY_04,pol62018.sav,,2018.0,6.0,Q2,2018-Q2,filename_month_year:pol6_2018,True,gender,female,Χρυσή Αυγή,9.0465,37,409,570,409.0,high,ok,True
SURVEY_04,pol62018.sav,,2018.0,6.0,Q2,2018-Q2,filename_month_year:pol6_2018,True,gender,male,other_party,9.0689,75,827,990,827.0,high,ok,True
SURVEY_04,pol62018.sav,,2018.0,6.0,Q2,2018-Q2,filename_month_year:pol6_2018,True,gender,male,Ένωση Κεντρώων,1.6929,14,827,990,827.0,high,ok,True
SURVEY_04,pol62018.sav,,2018.0,6.0,Q2,2018-Q2,filename_month_year:pol6_2018,True,gender,male,ΑΝΕΛ,1.3301,11,827,990,827.0,high,ok,True
SURVEY_04,pol62018.sav,,2018.0,6.0,Q2,2018-Q2,filename_month_year:pol6_2018,True,gender,male,Ελληνική Λύση,2.4184,20,827,990,827.0,high,ok,True
SURVEY_04,pol62018.sav,,2018.0,6.0,Q2,2018-Q2,filename_month_year:pol6_2018,True,gender,male,ΚΚΕ,3.9903,33,827,990,827.0,high,ok,True
SURVEY_04,pol62018.sav,,2018.0,6.0,Q2,2018-Q2,filename_month_year:pol6_2018,True,gender,male,ΜέΡΑ25,1.0883,9,827,990,827.0,high,ok,True
SURVEY_04,pol62018.sav,,2018.0,6.0,Q2,2018-Q2,filename_month_year:pol6_2018,True,gender,male,ΝΔ,30.1088,249,827,990,827.0,high,ok,True
SURVEY_04,pol62018.sav,,2018.0,6.0,Q2,2018-Q2,filename_month_year:pol6_2018,True,gender,male,ΠΑΣΟΚ/ΚΙΝΑΛ,12.8174,106,827,990,827.0,high,ok,True
SURVEY_04,pol62018.sav,,2018.0,6.0,Q2,2018-Q2,filename_month_year:pol6_2018,True,gender,male,Πλεύση Ελευθερίας,0.6046,5,827,990,827.0,high,ok,True
SURVEY_04,pol62018.sav,,2018.0,6.0,Q2,2018-Q2,filename_month_year:pol6_2018,True,gender,male,ΣΥΡΙΖΑ,28.1741,233,827,990,827.0,high,ok,True
SURVEY_04,pol62018.sav,,2018.0,6.0,Q2,2018-Q2,filename_month_year:pol6_2018,True,gender,male,Χρυσή Αυγή,8.7062,72,827,990,827.0,high,ok,True
SURVEY_04,pol62018.sav,,2018.0,6.0,Q2,2018-Q2,filename_month_year:pol6_2018,True,age_group,18-24,other_party,9.2308,12,130,176,130.0,medium,ok,True
SURVEY_04,pol62018.sav,,2018.0,6.0,Q2,2018-Q2,filename_month_year:pol6_2018,True,age_group,18-24,Ένωση Κεντρώων,3.0769,4,130,176,130.0,medium,ok,True
SURVEY_04,pol62018.sav,,2018.0,6.0,Q2,2018-Q2,filename_month_year:pol6_2018,True,age_group,18-24,ΑΝΕΛ,0.7692,1,130,176,130.0,medium,ok,True
SURVEY_04,pol62018.sav,,2018.0,6.0,Q2,2018-Q2,filename_month_year:pol6_2018,True,age_group,18-24,Ελληνική Λύση,3.0769,4,130,176,130.0,medium,ok,True
SURVEY_04,pol62018.sav,,2018.0,6.0,Q2,2018-Q2,filename_month_year:pol6_2018,True,age_group,18-24,ΚΚΕ,8.4615,11,130,176,130.0,medium,ok,True
SURVEY_04,pol62018.sav,,2018.0,6.0,Q2,2018-Q2,filename_month_year:pol6_2018,True,age_group,18-24,ΜέΡΑ25,3.8462,5,130,176,130.0,medium,ok,True
SURVEY_04,pol62018.sav,,2018.0,6.0,Q2,2018-Q2,filename_month_year:pol6_2018,True,age_group,18-24,ΝΔ,28.4615,37,130,176,130.0,medium,ok,True
SURVEY_04,pol62018.sav,,2018.0,6.0,Q2,2018-Q2,filename_month_year:pol6_2018,True,age_group,18-24,ΠΑΣΟΚ/ΚΙΝΑΛ,7.6923,10,130,176,130.0,medium,ok,True
SURVEY_04,pol62018.sav,,2018.0,6.0,Q2,2018-Q2,filename_month_year:pol6_2018,True,age_group,18-24,Πλεύση Ελευθερίας,0.7692,1,130,176,130.0,medium,ok,True
SURVEY_04,pol62018.sav,,2018.0,6.0,Q2,2018-Q2,filename_month_year:pol6_2018,True,age_group,18-24,ΣΥΡΙΖΑ,25.3846,33,130,176,130.0,medium,ok,True
SURVEY_04,pol62018.sav,,2018.0,6.0,Q2,2018-Q2,filename_month_year:pol6_2018,True,age_group,18-24,Χρυσή Αυγή,9.2308,12,130,176,130.0,medium,ok,True
SURVEY_04,pol62018.sav,,2018.0,6.0,Q2,2018-Q2,filename_month_year:pol6_2018,True,age_group,25-39,other_party,6.8293,14,205,268,205.0,medium,ok,True
SURVEY_04,pol62018.sav,,2018.0,6.0,Q2,2018-Q2,filename_month_year:pol6_2018,True,age_group,25-39,Ένωση Κεντρώων,2.439,5,205,268,205.0,medium,ok,True
SURVEY_04,pol62018.sav,,2018.0,6.0,Q2,2018-Q2,filename_month_year:pol6_2018,True,age_group,25-39,ΑΝΕΛ,1.4634,3,205,268,205.0,medium,ok,True
SURVEY_04,pol62018.sav,,2018.0,6.0,Q2,2018-Q2,filename_month_year:pol6_2018,True,age_group,25-39,Ελληνική Λύση,1.9512,4,205,268,205.0,medium,ok,True
SURVEY_04,pol62018.sav,,2018.0,6.0,Q2,2018-Q2,filename_month_year:pol6_2018,True,age_group,25-39,ΚΚΕ,6.8293,14,205,268,205.0,medium,ok,True
SURVEY_04,pol62018.sav,,2018.0,6.0,Q2,2018-Q2,filename_month_year:pol6_2018,True,age_group,25-39,ΜέΡΑ25,0.9756,2,205,268,205.0,medium,ok,True
SURVEY_04,pol62018.sav,,2018.0,6.0,Q2,2018-Q2,filename_month_year:pol6_2018,True,age_group,25-39,ΝΔ,25.8537,53,205,268,205.0,medium,ok,True
SURVEY_04,pol62018.sav,,2018.0,6.0,Q2,2018-Q2,filename_month_year:pol6_2018,True,age_group,25-39,ΠΑΣΟΚ/ΚΙΝΑΛ,10.7317,22,205,268,205.0,medium,ok,True
SURVEY_04,pol62018.sav,,2018.0,6.0,Q2,2018-Q2,filename_month_year:pol6_2018,True,age_group,25-39,Πλεύση Ελευθερίας,1.4634,3,205,268,205.0,medium,ok,True
SURVEY_04,pol62018.sav,,2018.0,6.0,Q2,2018-Q2,filename_month_year:pol6_2018,True,age_group,25-39,ΣΥΡΙΖΑ,25.8537,53,205,268,205.0,medium,ok,True
SURVEY_04,pol62018.sav,,2018.0,6.0,Q2,2018-Q2,filename_month_year:pol6_2018,True,age_group,25-39,Χρυσή Αυγή,15.6098,32,205,268,205.0,medium,ok,True
SURVEY_04,pol62018.sav,,2018.0,6.0,Q2,2018-Q2,filename_month_year:pol6_2018,True,age_group,40-54,other_party,9.0708,41,452,581,452.0,high,ok,True
SURVEY_04,pol62018.sav,,2018.0,6.0,Q2,2018-Q2,filename_month_year:pol6_2018,True,age_group,40-54,Ένωση Κεντρώων,2.8761,13,452,581,452.0,high,ok,True
SURVEY_04,pol62018.sav,,2018.0,6.0,Q2,2018-Q2,filename_month_year:pol6_2018,True,age_group,40-54,ΑΝΕΛ,1.5487,7,452,581,452.0,high,ok,True
SURVEY_04,pol62018.sav,,2018.0,6.0,Q2,2018-Q2,filename_month_year:pol6_2018,True,age_group,40-54,Ελληνική Λύση,3.0973,14,452,581,452.0,high,ok,True
SURVEY_04,pol62018.sav,,2018.0,6.0,Q2,2018-Q2,filename_month_year:pol6_2018,True,age_group,40-54,ΚΚΕ,3.5398,16,452,581,452.0,high,ok,True
SURVEY_04,pol62018.sav,,2018.0,6.0,Q2,2018-Q2,filename_month_year:pol6_2018,True,age_group,40-54,ΜέΡΑ25,0.2212,1,452,581,452.0,high,ok,True
SURVEY_04,pol62018.sav,,2018.0,6.0,Q2,2018-Q2,filename_month_year:pol6_2018,True,age_group,40-54,ΝΔ,30.531,138,452,581,452.0,high,ok,True
SURVEY_04,pol62018.sav,,2018.0,6.0,Q2,2018-Q2,filename_month_year:pol6_2018,True,age_group,40-54,ΠΑΣΟΚ/ΚΙΝΑΛ,10.6195,48,452,581,452.0,high,ok,True
SURVEY_04,pol62018.sav,,2018.0,6.0,Q2,2018-Q2,filename_month_year:pol6_2018,True,age_group,40-54,Πλεύση Ελευθερίας,1.5487,7,452,581,452.0,high,ok,True
SURVEY_04,pol62018.sav,,2018.0,6.0,Q2,2018-Q2,filename_month_year:pol6_2018,True,age_group,40-54,ΣΥΡΙΖΑ,28.5398,129,452,581,452.0,high,ok,True
SURVEY_04,pol62018.sav,,2018.0,6.0,Q2,2018-Q2,filename_month_year:pol6_2018,True,age_group,40-54,Χρυσή Αυγή,8.4071,38,452,581,452.0,high,ok,True
SURVEY_04,pol62018.sav,,2018.0,6.0,Q2,2018-Q2,filename_month_year:pol6_2018,True,age_group,55+,other_party,8.4821,38,448,534,448.0,high,ok,True
SURVEY_04,pol62018.sav,,2018.0,6.0,Q2,2018-Q2,filename_month_year:pol6_2018,True,age_group,55+,Ένωση Κεντρώων,0.6696,3,448,534,448.0,high,ok,True
SURVEY_04,pol62018.sav,,2018.0,6.0,Q2,2018-Q2,filename_month_year:pol6_2018,True,age_group,55+,ΑΝΕΛ,0.8929,4,448,534,448.0,high,ok,True
SURVEY_04,pol62018.sav,,2018.0,6.0,Q2,2018-Q2,filename_month_year:pol6_2018,True,age_group,55+,Ελληνική Λύση,1.5625,7,448,534,448.0,high,ok,True
SURVEY_04,pol62018.sav,,2018.0,6.0,Q2,2018-Q2,filename_month_year:pol6_2018,True,age_group,55+,ΚΚΕ,4.4643,20,448,534,448.0,high,ok,True
SURVEY_04,pol62018.sav,,2018.0,6.0,Q2,2018-Q2,filename_month_year:pol6_2018,True,age_group,55+,ΜέΡΑ25,0.2232,1,448,534,448.0,high,ok,True
SURVEY_04,pol62018.sav,,2018.0,6.0,Q2,2018-Q2,filename_month_year:pol6_2018,True,age_group,55+,ΝΔ,32.5893,146,448,534,448.0,high,ok,True
SURVEY_04,pol62018.sav,,2018.0,6.0,Q2,2018-Q2,filename_month_year:pol6_2018,True,age_group,55+,ΠΑΣΟΚ/ΚΙΝΑΛ,10.2679,46,448,534,448.0,high,ok,True
SURVEY_04,pol62018.sav,,2018.0,6.0,Q2,2018-Q2,filename_month_year:pol6_2018,True,age_group,55+,ΣΥΡΙΖΑ,34.8214,156,448,534,448.0,high,ok,True
SURVEY_04,pol62018.sav,,2018.0,6.0,Q2,2018-Q2,filename_month_year:pol6_2018,True,age_group,55+,Χρυσή Αυγή,6.0268,27,448,534,448.0,high,ok,True
SURVEY_04,pol62018.sav,,2018.0,6.0,Q2,2018-Q2,filename_month_year:pol6_2018,True,education_group,high_education,other_party,8.3777,63,752,929,752.0,high,ok,True
SURVEY_04,pol62018.sav,,2018.0,6.0,Q2,2018-Q2,filename_month_year:pol6_2018,True,education_group,high_education,Ένωση Κεντρώων,1.7287,13,752,929,752.0,high,ok,True
SURVEY_04,pol62018.sav,,2018.0,6.0,Q2,2018-Q2,filename_month_year:pol6_2018,True,education_group,high_education,ΑΝΕΛ,1.0638,8,752,929,752.0,high,ok,True
SURVEY_04,pol62018.sav,,2018.0,6.0,Q2,2018-Q2,filename_month_year:pol6_2018,True,education_group,high_education,Ελληνική Λύση,1.8617,14,752,929,752.0,high,ok,True
SURVEY_04,pol62018.sav,,2018.0,6.0,Q2,2018-Q2,filename_month_year:pol6_2018,True,education_group,high_education,ΚΚΕ,3.4574,26,752,929,752.0,high,ok,True
SURVEY_04,pol62018.sav,,2018.0,6.0,Q2,2018-Q2,filename_month_year:pol6_2018,True,education_group,high_education,ΜέΡΑ25,0.7979,6,752,929,752.0,high,ok,True
SURVEY_04,pol62018.sav,,2018.0,6.0,Q2,2018-Q2,filename_month_year:pol6_2018,True,education_group,high_education,ΝΔ,30.7181,231,752,929,752.0,high,ok,True
SURVEY_04,pol62018.sav,,2018.0,6.0,Q2,2018-Q2,filename_month_year:pol6_2018,True,education_group,high_education,ΠΑΣΟΚ/ΚΙΝΑΛ,11.9681,90,752,929,752.0,high,ok,True
SURVEY_04,pol62018.sav,,2018.0,6.0,Q2,2018-Q2,filename_month_year:pol6_2018,True,education_group,high_education,Πλεύση Ελευθερίας,0.5319,4,752,929,752.0,high,ok,True
SURVEY_04,pol62018.sav,,2018.0,6.0,Q2,2018-Q2,filename_month_year:pol6_2018,True,education_group,high_education,ΣΥΡΙΖΑ,32.8457,247,752,929,752.0,high,ok,True
SURVEY_04,pol62018.sav,,2018.0,6.0,Q2,2018-Q2,filename_month_year:pol6_2018,True,education_group,high_education,Χρυσή Αυγή,6.6489,50,752,929,752.0,high,ok,True
SURVEY_04,pol62018.sav,,2018.0,6.0,Q2,2018-Q2,filename_month_year:pol6_2018,True,education_group,low_education,other_party,9.6774,6,62,77,62.0,low,ok,True
SURVEY_04,pol62018.sav,,2018.0,6.0,Q2,2018-Q2,filename_month_year:pol6_2018,True,education_group,low_education,ΑΝΕΛ,4.8387,3,62,77,62.0,low,ok,True
SURVEY_04,pol62018.sav,,2018.0,6.0,Q2,2018-Q2,filename_month_year:pol6_2018,True,education_group,low_education,Ελληνική Λύση,9.6774,6,62,77,62.0,low,ok,True
SURVEY_04,pol62018.sav,,2018.0,6.0,Q2,2018-Q2,filename_month_year:pol6_2018,True,education_group,low_education,ΚΚΕ,9.6774,6,62,77,62.0,low,ok,True
SURVEY_04,pol62018.sav,,2018.0,6.0,Q2,2018-Q2,filename_month_year:pol6_2018,True,education_group,low_education,ΝΔ,27.4194,17,62,77,62.0,low,ok,True
SURVEY_04,pol62018.sav,,2018.0,6.0,Q2,2018-Q2,filename_month_year:pol6_2018,True,education_group,low_education,ΠΑΣΟΚ/ΚΙΝΑΛ,4.8387,3,62,77,62.0,low,ok,True
SURVEY_04,pol62018.sav,,2018.0,6.0,Q2,2018-Q2,filename_month_year:pol6_2018,True,education_group,low_education,Πλεύση Ελευθερίας,1.6129,1,62,77,62.0,low,ok,True
SURVEY_04,pol62018.sav,,2018.0,6.0,Q2,2018-Q2,filename_month_year:pol6_2018,True,education_group,low_education,ΣΥΡΙΖΑ,20.9677,13,62,77,62.0,low,ok,True
SURVEY_04,pol62018.sav,,2018.0,6.0,Q2,2018-Q2,filename_month_year:pol6_2018,True,education_group,low_education,Χρυσή Αυγή,11.2903,7,62,77,62.0,low,ok,True
SURVEY_04,pol62018.sav,,2018.0,6.0,Q2,2018-Q2,filename_month_year:pol6_2018,True,education_group,medium_education,other_party,7.9518,33,415,540,415.0,high,ok,True
SURVEY_04,pol62018.sav,,2018.0,6.0,Q2,2018-Q2,filename_month_year:pol6_2018,True,education_group,medium_education,Ένωση Κεντρώων,2.6506,11,415,540,415.0,high,ok,True
SURVEY_04,pol62018.sav,,2018.0,6.0,Q2,2018-Q2,filename_month_year:pol6_2018,True,education_group,medium_education,ΑΝΕΛ,0.9639,4,415,540,415.0,high,ok,True
SURVEY_04,pol62018.sav,,2018.0,6.0,Q2,2018-Q2,filename_month_year:pol6_2018,True,education_group,medium_education,Ελληνική Λύση,2.1687,9,415,540,415.0,high,ok,True
SURVEY_04,pol62018.sav,,2018.0,6.0,Q2,2018-Q2,filename_month_year:pol6_2018,True,education_group,medium_education,ΚΚΕ,6.747,28,415,540,415.0,high,ok,True
SURVEY_04,pol62018.sav,,2018.0,6.0,Q2,2018-Q2,filename_month_year:pol6_2018,True,education_group,medium_education,ΜέΡΑ25,0.7229,3,415,540,415.0,high,ok,True
SURVEY_04,pol62018.sav,,2018.0,6.0,Q2,2018-Q2,filename_month_year:pol6_2018,True,education_group,medium_education,ΝΔ,30.3614,126,415,540,415.0,high,ok,True
SURVEY_04,pol62018.sav,,2018.0,6.0,Q2,2018-Q2,filename_month_year:pol6_2018,True,education_group,medium_education,ΠΑΣΟΚ/ΚΙΝΑΛ,7.9518,33,415,540,415.0,high,ok,True
SURVEY_04,pol62018.sav,,2018.0,6.0,Q2,2018-Q2,filename_month_year:pol6_2018,True,education_group,medium_education,Πλεύση Ελευθερίας,1.4458,6,415,540,415.0,high,ok,True
SURVEY_04,pol62018.sav,,2018.0,6.0,Q2,2018-Q2,filename_month_year:pol6_2018,True,education_group,medium_education,ΣΥΡΙΖΑ,26.506,110,415,540,415.0,high,ok,True
SURVEY_04,pol62018.sav,,2018.0,6.0,Q2,2018-Q2,filename_month_year:pol6_2018,True,education_group,medium_education,Χρυσή Αυγή,12.5301,52,415,540,415.0,high,ok,True
SURVEY_04,pol62018.sav,,2018.0,6.0,Q2,2018-Q2,filename_month_year:pol6_2018,True,education_group,Λ) Δε θέλω να απαντήσω,other_party,42.8571,3,7,14,7.0,low,ok,False
SURVEY_04,pol62018.sav,,2018.0,6.0,Q2,2018-Q2,filename_month_year:pol6_2018,True,education_group,Λ) Δε θέλω να απαντήσω,Ένωση Κεντρώων,14.2857,1,7,14,7.0,low,ok,False
SURVEY_04,pol62018.sav,,2018.0,6.0,Q2,2018-Q2,filename_month_year:pol6_2018,True,education_group,Λ) Δε θέλω να απαντήσω,ΚΚΕ,14.2857,1,7,14,7.0,low,ok,False
SURVEY_04,pol62018.sav,,2018.0,6.0,Q2,2018-Q2,filename_month_year:pol6_2018,True,education_group,Λ) Δε θέλω να απαντήσω,ΝΔ,14.2857,1,7,14,7.0,low,ok,False
SURVEY_04,pol62018.sav,,2018.0,6.0,Q2,2018-Q2,filename_month_year:pol6_2018,True,education_group,Λ) Δε θέλω να απαντήσω,ΣΥΡΙΖΑ,14.2857,1,7,14,7.0,low,ok,False
SURVEY_04,pol62018.sav,,2018.0,6.0,Q2,2018-Q2,filename_month_year:pol6_2018,True,occupation_group,private_sector,other_party,7.8189,19,243,294,243.0,medium,ok,True
SURVEY_04,pol62018.sav,,2018.0,6.0,Q2,2018-Q2,filename_month_year:pol6_2018,True,occupation_group,private_sector,Ένωση Κεντρώων,2.0576,5,243,294,243.0,medium,ok,True
SURVEY_04,pol62018.sav,,2018.0,6.0,Q2,2018-Q2,filename_month_year:pol6_2018,True,occupation_group,private_sector,ΑΝΕΛ,0.4115,1,243,294,243.0,medium,ok,True
SURVEY_04,pol62018.sav,,2018.0,6.0,Q2,2018-Q2,filename_month_year:pol6_2018,True,occupation_group,private_sector,Ελληνική Λύση,1.6461,4,243,294,243.0,medium,ok,True
SURVEY_04,pol62018.sav,,2018.0,6.0,Q2,2018-Q2,filename_month_year:pol6_2018,True,occupation_group,private_sector,ΚΚΕ,5.7613,14,243,294,243.0,medium,ok,True
SURVEY_04,pol62018.sav,,2018.0,6.0,Q2,2018-Q2,filename_month_year:pol6_2018,True,occupation_group,private_sector,ΜέΡΑ25,1.6461,4,243,294,243.0,medium,ok,True
SURVEY_04,pol62018.sav,,2018.0,6.0,Q2,2018-Q2,filename_month_year:pol6_2018,True,occupation_group,private_sector,ΝΔ,29.6296,72,243,294,243.0,medium,ok,True
SURVEY_04,pol62018.sav,,2018.0,6.0,Q2,2018-Q2,filename_month_year:pol6_2018,True,occupation_group,private_sector,ΠΑΣΟΚ/ΚΙΝΑΛ,8.2305,20,243,294,243.0,medium,ok,True
SURVEY_04,pol62018.sav,,2018.0,6.0,Q2,2018-Q2,filename_month_year:pol6_2018,True,occupation_group,private_sector,Πλεύση Ελευθερίας,1.2346,3,243,294,243.0,medium,ok,True
SURVEY_04,pol62018.sav,,2018.0,6.0,Q2,2018-Q2,filename_month_year:pol6_2018,True,occupation_group,private_sector,ΣΥΡΙΖΑ,31.6872,77,243,294,243.0,medium,ok,True
SURVEY_04,pol62018.sav,,2018.0,6.0,Q2,2018-Q2,filename_month_year:pol6_2018,True,occupation_group,private_sector,Χρυσή Αυγή,9.8765,24,243,294,243.0,medium,ok,True
SURVEY_04,pol62018.sav,,2018.0,6.0,Q2,2018-Q2,filename_month_year:pol6_2018,True,occupation_group,public_sector,other_party,9.6234,23,239,291,239.0,medium,ok,True
SURVEY_04,pol62018.sav,,2018.0,6.0,Q2,2018-Q2,filename_month_year:pol6_2018,True,occupation_group,public_sector,Ένωση Κεντρώων,2.5105,6,239,291,239.0,medium,ok,True
SURVEY_04,pol62018.sav,,2018.0,6.0,Q2,2018-Q2,filename_month_year:pol6_2018,True,occupation_group,public_sector,ΑΝΕΛ,3.3473,8,239,291,239.0,medium,ok,True
SURVEY_04,pol62018.sav,,2018.0,6.0,Q2,2018-Q2,filename_month_year:pol6_2018,True,occupation_group,public_sector,Ελληνική Λύση,3.3473,8,239,291,239.0,medium,ok,True
SURVEY_04,pol62018.sav,,2018.0,6.0,Q2,2018-Q2,filename_month_year:pol6_2018,True,occupation_group,public_sector,ΚΚΕ,2.0921,5,239,291,239.0,medium,ok,True
SURVEY_04,pol62018.sav,,2018.0,6.0,Q2,2018-Q2,filename_month_year:pol6_2018,True,occupation_group,public_sector,ΝΔ,25.9414,62,239,291,239.0,medium,ok,True
SURVEY_04,pol62018.sav,,2018.0,6.0,Q2,2018-Q2,filename_month_year:pol6_2018,True,occupation_group,public_sector,ΠΑΣΟΚ/ΚΙΝΑΛ,13.3891,32,239,291,239.0,medium,ok,True
SURVEY_04,pol62018.sav,,2018.0,6.0,Q2,2018-Q2,filename_month_year:pol6_2018,True,occupation_group,public_sector,Πλεύση Ελευθερίας,0.4184,1,239,291,239.0,medium,ok,True
SURVEY_04,pol62018.sav,,2018.0,6.0,Q2,2018-Q2,filename_month_year:pol6_2018,True,occupation_group,public_sector,ΣΥΡΙΖΑ,32.2176,77,239,291,239.0,medium,ok,True
SURVEY_04,pol62018.sav,,2018.0,6.0,Q2,2018-Q2,filename_month_year:pol6_2018,True,occupation_group,public_sector,Χρυσή Αυγή,7.113,17,239,291,239.0,medium,ok,True
SURVEY_04,pol62018.sav,,2018.0,6.0,Q2,2018-Q2,filename_month_year:pol6_2018,True,occupation_group,self_employed,other_party,9.6774,27,279,354,279.0,medium,ok,True
SURVEY_04,pol62018.sav,,2018.0,6.0,Q2,2018-Q2,filename_month_year:pol6_2018,True,occupation_group,self_employed,Ένωση Κεντρώων,1.7921,5,279,354,279.0,medium,ok,True
SURVEY_04,pol62018.sav,,2018.0,6.0,Q2,2018-Q2,filename_month_year:pol6_2018,True,occupation_group,self_employed,ΑΝΕΛ,0.7168,2,279,354,279.0,medium,ok,True
SURVEY_04,pol62018.sav,,2018.0,6.0,Q2,2018-Q2,filename_month_year:pol6_2018,True,occupation_group,self_employed,Ελληνική Λύση,2.509,7,279,354,279.0,medium,ok,True
SURVEY_04,pol62018.sav,,2018.0,6.0,Q2,2018-Q2,filename_month_year:pol6_2018,True,occupation_group,self_employed,ΚΚΕ,1.7921,5,279,354,279.0,medium,ok,True
SURVEY_04,pol62018.sav,,2018.0,6.0,Q2,2018-Q2,filename_month_year:pol6_2018,True,occupation_group,self_employed,ΜέΡΑ25,0.3584,1,279,354,279.0,medium,ok,True
SURVEY_04,pol62018.sav,,2018.0,6.0,Q2,2018-Q2,filename_month_year:pol6_2018,True,occupation_group,self_employed,ΝΔ,32.2581,90,279,354,279.0,medium,ok,True
SURVEY_04,pol62018.sav,,2018.0,6.0,Q2,2018-Q2,filename_month_year:pol6_2018,True,occupation_group,self_employed,ΠΑΣΟΚ/ΚΙΝΑΛ,11.4695,32,279,354,279.0,medium,ok,True
SURVEY_04,pol62018.sav,,2018.0,6.0,Q2,2018-Q2,filename_month_year:pol6_2018,True,occupation_group,self_employed,Πλεύση Ελευθερίας,0.7168,2,279,354,279.0,medium,ok,True
SURVEY_04,pol62018.sav,,2018.0,6.0,Q2,2018-Q2,filename_month_year:pol6_2018,True,occupation_group,self_employed,ΣΥΡΙΖΑ,30.8244,86,279,354,279.0,medium,ok,True
SURVEY_04,pol62018.sav,,2018.0,6.0,Q2,2018-Q2,filename_month_year:pol6_2018,True,occupation_group,self_employed,Χρυσή Αυγή,7.8853,22,279,354,279.0,medium,ok,True
SURVEY_04,pol62018.sav,,2018.0,6.0,Q2,2018-Q2,filename_month_year:pol6_2018,True,occupation_group,Ε) Δεν εργάζομαι,other_party,7.7748,29,373,495,373.0,high,ok,True
SURVEY_04,pol62018.sav,,2018.0,6.0,Q2,2018-Q2,filename_month_year:pol6_2018,True,occupation_group,Ε) Δεν εργάζομαι,Ένωση Κεντρώων,2.1448,8,373,495,373.0,high,ok,True
SURVEY_04,pol62018.sav,,2018.0,6.0,Q2,2018-Q2,filename_month_year:pol6_2018,True,occupation_group,Ε) Δεν εργάζομαι,ΑΝΕΛ,0.2681,1,373,495,373.0,high,ok,True
SURVEY_04,pol62018.sav,,2018.0,6.0,Q2,2018-Q2,filename_month_year:pol6_2018,True,occupation_group,Ε) Δεν εργάζομαι,Ελληνική Λύση,2.4129,9,373,495,373.0,high,ok,True
SURVEY_04,pol62018.sav,,2018.0,6.0,Q2,2018-Q2,filename_month_year:pol6_2018,True,occupation_group,Ε) Δεν εργάζομαι,ΚΚΕ,8.8472,33,373,495,373.0,high,ok,True
SURVEY_04,pol62018.sav,,2018.0,6.0,Q2,2018-Q2,filename_month_year:pol6_2018,True,occupation_group,Ε) Δεν εργάζομαι,ΜέΡΑ25,0.8043,3,373,495,373.0,high,ok,True
SURVEY_04,pol62018.sav,,2018.0,6.0,Q2,2018-Q2,filename_month_year:pol6_2018,True,occupation_group,Ε) Δεν εργάζομαι,ΝΔ,32.7078,122,373,495,373.0,high,ok,True
SURVEY_04,pol62018.sav,,2018.0,6.0,Q2,2018-Q2,filename_month_year:pol6_2018,True,occupation_group,Ε) Δεν εργάζομαι,ΠΑΣΟΚ/ΚΙΝΑΛ,8.8472,33,373,495,373.0,high,ok,True
SURVEY_04,pol62018.sav,,2018.0,6.0,Q2,2018-Q2,filename_month_year:pol6_2018,True,occupation_group,Ε) Δεν εργάζομαι,Πλεύση Ελευθερίας,1.0724,4,373,495,373.0,high,ok,True
SURVEY_04,pol62018.sav,,2018.0,6.0,Q2,2018-Q2,filename_month_year:pol6_2018,True,occupation_group,Ε) Δεν εργάζομαι,ΣΥΡΙΖΑ,26.2735,98,373,495,373.0,high,ok,True
SURVEY_04,pol62018.sav,,2018.0,6.0,Q2,2018-Q2,filename_month_year:pol6_2018,True,occupation_group,Ε) Δεν εργάζομαι,Χρυσή Αυγή,8.8472,33,373,495,373.0,high,ok,True
SURVEY_04,pol62018.sav,,2018.0,6.0,Q2,2018-Q2,filename_month_year:pol6_2018,True,occupation_group,Ζ) Δεν αναζητώ εργασία,other_party,5.7143,2,35,40,35.0,low,ok,True
SURVEY_04,pol62018.sav,,2018.0,6.0,Q2,2018-Q2,filename_month_year:pol6_2018,True,occupation_group,Ζ) Δεν αναζητώ εργασία,ΚΚΕ,5.7143,2,35,40,35.0,low,ok,True
SURVEY_04,pol62018.sav,,2018.0,6.0,Q2,2018-Q2,filename_month_year:pol6_2018,True,occupation_group,Ζ) Δεν αναζητώ εργασία,ΜέΡΑ25,2.8571,1,35,40,35.0,low,ok,True
SURVEY_04,pol62018.sav,,2018.0,6.0,Q2,2018-Q2,filename_month_year:pol6_2018,True,occupation_group,Ζ) Δεν αναζητώ εργασία,ΝΔ,20.0,7,35,40,35.0,low,ok,True
SURVEY_04,pol62018.sav,,2018.0,6.0,Q2,2018-Q2,filename_month_year:pol6_2018,True,occupation_group,Ζ) Δεν αναζητώ εργασία,ΠΑΣΟΚ/ΚΙΝΑΛ,14.2857,5,35,40,35.0,low,ok,True
SURVEY_04,pol62018.sav,,2018.0,6.0,Q2,2018-Q2,filename_month_year:pol6_2018,True,occupation_group,Ζ) Δεν αναζητώ εργασία,ΣΥΡΙΖΑ,40.0,14,35,40,35.0,low,ok,True
SURVEY_04,pol62018.sav,,2018.0,6.0,Q2,2018-Q2,filename_month_year:pol6_2018,True,occupation_group,Ζ) Δεν αναζητώ εργασία,Χρυσή Αυγή,11.4286,4,35,40,35.0,low,ok,True
SURVEY_04,pol62018.sav,,2018.0,6.0,Q2,2018-Q2,filename_month_year:pol6_2018,True,occupation_group,Η) Δε θέλω να απαντήσω,other_party,7.4627,5,67,86,67.0,low,ok,True
SURVEY_04,pol62018.sav,,2018.0,6.0,Q2,2018-Q2,filename_month_year:pol6_2018,True,occupation_group,Η) Δε θέλω να απαντήσω,Ένωση Κεντρώων,1.4925,1,67,86,67.0,low,ok,True
SURVEY_04,pol62018.sav,,2018.0,6.0,Q2,2018-Q2,filename_month_year:pol6_2018,True,occupation_group,Η) Δε θέλω να απαντήσω,ΑΝΕΛ,4.4776,3,67,86,67.0,low,ok,True
SURVEY_04,pol62018.sav,,2018.0,6.0,Q2,2018-Q2,filename_month_year:pol6_2018,True,occupation_group,Η) Δε θέλω να απαντήσω,Ελληνική Λύση,1.4925,1,67,86,67.0,low,ok,True
SURVEY_04,pol62018.sav,,2018.0,6.0,Q2,2018-Q2,filename_month_year:pol6_2018,True,occupation_group,Η) Δε θέλω να απαντήσω,ΚΚΕ,2.9851,2,67,86,67.0,low,ok,True
SURVEY_04,pol62018.sav,,2018.0,6.0,Q2,2018-Q2,filename_month_year:pol6_2018,True,occupation_group,Η) Δε θέλω να απαντήσω,ΝΔ,32.8358,22,67,86,67.0,low,ok,True
SURVEY_04,pol62018.sav,,2018.0,6.0,Q2,2018-Q2,filename_month_year:pol6_2018,True,occupation_group,Η) Δε θέλω να απαντήσω,ΠΑΣΟΚ/ΚΙΝΑΛ,5.9701,4,67,86,67.0,low,ok,True
SURVEY_04,pol62018.sav,,2018.0,6.0,Q2,2018-Q2,filename_month_year:pol6_2018,True,occupation_group,Η) Δε θέλω να απαντήσω,Πλεύση Ελευθερίας,1.4925,1,67,86,67.0,low,ok,True
SURVEY_04,pol62018.sav,,2018.0,6.0,Q2,2018-Q2,filename_month_year:pol6_2018,True,occupation_group,Η) Δε θέλω να απαντήσω,ΣΥΡΙΖΑ,28.3582,19,67,86,67.0,low,ok,True
SURVEY_04,pol62018.sav,,2018.0,6.0,Q2,2018-Q2,filename_month_year:pol6_2018,True,occupation_group,Η) Δε θέλω να απαντήσω,Χρυσή Αυγή,13.4328,9,67,86,67.0,low,ok,True
SURVEY_04,pol62018.sav,,2018.0,6.0,Q2,2018-Q2,filename_month_year:pol6_2018,True,left_right_group,center,other_party,6.6879,42,628,800,628.0,high,ok,True
SURVEY_04,pol62018.sav,,2018.0,6.0,Q2,2018-Q2,filename_month_year:pol6_2018,True,left_right_group,center,Ένωση Κεντρώων,3.1847,20,628,800,628.0,high,ok,True
SURVEY_04,pol62018.sav,,2018.0,6.0,Q2,2018-Q2,filename_month_year:pol6_2018,True,left_right_group,center,ΑΝΕΛ,1.5924,10,628,800,628.0,high,ok,True
SURVEY_04,pol62018.sav,,2018.0,6.0,Q2,2018-Q2,filename_month_year:pol6_2018,True,left_right_group,center,Ελληνική Λύση,1.7516,11,628,800,628.0,high,ok,True
SURVEY_04,pol62018.sav,,2018.0,6.0,Q2,2018-Q2,filename_month_year:pol6_2018,True,left_right_group,center,ΚΚΕ,1.7516,11,628,800,628.0,high,ok,True
SURVEY_04,pol62018.sav,,2018.0,6.0,Q2,2018-Q2,filename_month_year:pol6_2018,True,left_right_group,center,ΜέΡΑ25,0.6369,4,628,800,628.0,high,ok,True
SURVEY_04,pol62018.sav,,2018.0,6.0,Q2,2018-Q2,filename_month_year:pol6_2018,True,left_right_group,center,ΝΔ,37.1019,233,628,800,628.0,high,ok,True
SURVEY_04,pol62018.sav,,2018.0,6.0,Q2,2018-Q2,filename_month_year:pol6_2018,True,left_right_group,center,ΠΑΣΟΚ/ΚΙΝΑΛ,18.3121,115,628,800,628.0,high,ok,True
SURVEY_04,pol62018.sav,,2018.0,6.0,Q2,2018-Q2,filename_month_year:pol6_2018,True,left_right_group,center,Πλεύση Ελευθερίας,1.2739,8,628,800,628.0,high,ok,True
SURVEY_04,pol62018.sav,,2018.0,6.0,Q2,2018-Q2,filename_month_year:pol6_2018,True,left_right_group,center,ΣΥΡΙΖΑ,24.2038,152,628,800,628.0,high,ok,True
SURVEY_04,pol62018.sav,,2018.0,6.0,Q2,2018-Q2,filename_month_year:pol6_2018,True,left_right_group,center,Χρυσή Αυγή,3.5032,22,628,800,628.0,high,ok,True
SURVEY_04,pol62018.sav,,2018.0,6.0,Q2,2018-Q2,filename_month_year:pol6_2018,True,left_right_group,left,other_party,8.8136,26,295,333,295.0,medium,ok,True
SURVEY_04,pol62018.sav,,2018.0,6.0,Q2,2018-Q2,filename_month_year:pol6_2018,True,left_right_group,left,Ένωση Κεντρώων,0.339,1,295,333,295.0,medium,ok,True
SURVEY_04,pol62018.sav,,2018.0,6.0,Q2,2018-Q2,filename_month_year:pol6_2018,True,left_right_group,left,ΑΝΕΛ,0.339,1,295,333,295.0,medium,ok,True
SURVEY_04,pol62018.sav,,2018.0,6.0,Q2,2018-Q2,filename_month_year:pol6_2018,True,left_right_group,left,ΚΚΕ,14.9153,44,295,333,295.0,medium,ok,True
SURVEY_04,pol62018.sav,,2018.0,6.0,Q2,2018-Q2,filename_month_year:pol6_2018,True,left_right_group,left,ΜέΡΑ25,1.6949,5,295,333,295.0,medium,ok,True
SURVEY_04,pol62018.sav,,2018.0,6.0,Q2,2018-Q2,filename_month_year:pol6_2018,True,left_right_group,left,ΝΔ,0.678,2,295,333,295.0,medium,ok,True
SURVEY_04,pol62018.sav,,2018.0,6.0,Q2,2018-Q2,filename_month_year:pol6_2018,True,left_right_group,left,ΠΑΣΟΚ/ΚΙΝΑΛ,3.3898,10,295,333,295.0,medium,ok,True
SURVEY_04,pol62018.sav,,2018.0,6.0,Q2,2018-Q2,filename_month_year:pol6_2018,True,left_right_group,left,Πλεύση Ελευθερίας,1.0169,3,295,333,295.0,medium,ok,True
SURVEY_04,pol62018.sav,,2018.0,6.0,Q2,2018-Q2,filename_month_year:pol6_2018,True,left_right_group,left,ΣΥΡΙΖΑ,67.4576,199,295,333,295.0,medium,ok,True
SURVEY_04,pol62018.sav,,2018.0,6.0,Q2,2018-Q2,filename_month_year:pol6_2018,True,left_right_group,left,Χρυσή Αυγή,1.3559,4,295,333,295.0,medium,ok,True
SURVEY_04,pol62018.sav,,2018.0,6.0,Q2,2018-Q2,filename_month_year:pol6_2018,True,left_right_group,right,other_party,9.0517,21,232,265,232.0,medium,ok,True
SURVEY_04,pol62018.sav,,2018.0,6.0,Q2,2018-Q2,filename_month_year:pol6_2018,True,left_right_group,right,ΑΝΕΛ,1.2931,3,232,265,232.0,medium,ok,True
SURVEY_04,pol62018.sav,,2018.0,6.0,Q2,2018-Q2,filename_month_year:pol6_2018,True,left_right_group,right,Ελληνική Λύση,4.3103,10,232,265,232.0,medium,ok,True
SURVEY_04,pol62018.sav,,2018.0,6.0,Q2,2018-Q2,filename_month_year:pol6_2018,True,left_right_group,right,ΝΔ,53.0172,123,232,265,232.0,medium,ok,True
SURVEY_04,pol62018.sav,,2018.0,6.0,Q2,2018-Q2,filename_month_year:pol6_2018,True,left_right_group,right,ΠΑΣΟΚ/ΚΙΝΑΛ,0.431,1,232,265,232.0,medium,ok,True
SURVEY_04,pol62018.sav,,2018.0,6.0,Q2,2018-Q2,filename_month_year:pol6_2018,True,left_right_group,right,ΣΥΡΙΖΑ,4.7414,11,232,265,232.0,medium,ok,True
SURVEY_04,pol62018.sav,,2018.0,6.0,Q2,2018-Q2,filename_month_year:pol6_2018,True,left_right_group,right,Χρυσή Αυγή,27.1552,63,232,265,232.0,medium,ok,True
SURVEY_04,pol62018.sav,,2018.0,6.0,Q2,2018-Q2,filename_month_year:pol6_2018,True,previous_vote_party,other_party,other_party,21.3376,67,314,398,314.0,high,ok,True
SURVEY_04,pol62018.sav,,2018.0,6.0,Q2,2018-Q2,filename_month_year:pol6_2018,True,previous_vote_party,other_party,Ένωση Κεντρώων,2.2293,7,314,398,314.0,high,ok,True
SURVEY_04,pol62018.sav,,2018.0,6.0,Q2,2018-Q2,filename_month_year:pol6_2018,True,previous_vote_party,other_party,Ελληνική Λύση,1.9108,6,314,398,314.0,high,ok,True
SURVEY_04,pol62018.sav,,2018.0,6.0,Q2,2018-Q2,filename_month_year:pol6_2018,True,previous_vote_party,other_party,ΚΚΕ,3.5032,11,314,398,314.0,high,ok,True
SURVEY_04,pol62018.sav,,2018.0,6.0,Q2,2018-Q2,filename_month_year:pol6_2018,True,previous_vote_party,other_party,ΜέΡΑ25,0.9554,3,314,398,314.0,high,ok,True
SURVEY_04,pol62018.sav,,2018.0,6.0,Q2,2018-Q2,filename_month_year:pol6_2018,True,previous_vote_party,other_party,ΝΔ,18.4713,58,314,398,314.0,high,ok,True
SURVEY_04,pol62018.sav,,2018.0,6.0,Q2,2018-Q2,filename_month_year:pol6_2018,True,previous_vote_party,other_party,ΠΑΣΟΚ/ΚΙΝΑΛ,28.9809,91,314,398,314.0,high,ok,True
SURVEY_04,pol62018.sav,,2018.0,6.0,Q2,2018-Q2,filename_month_year:pol6_2018,True,previous_vote_party,other_party,Πλεύση Ελευθερίας,1.2739,4,314,398,314.0,high,ok,True
SURVEY_04,pol62018.sav,,2018.0,6.0,Q2,2018-Q2,filename_month_year:pol6_2018,True,previous_vote_party,other_party,ΣΥΡΙΖΑ,16.5605,52,314,398,314.0,high,ok,True
SURVEY_04,pol62018.sav,,2018.0,6.0,Q2,2018-Q2,filename_month_year:pol6_2018,True,previous_vote_party,other_party,Χρυσή Αυγή,4.7771,15,314,398,314.0,high,ok,True
SURVEY_04,pol62018.sav,,2018.0,6.0,Q2,2018-Q2,filename_month_year:pol6_2018,True,previous_vote_party,Ένωση Κεντρώων,other_party,5.5556,1,18,28,18.0,low,ok,False
SURVEY_04,pol62018.sav,,2018.0,6.0,Q2,2018-Q2,filename_month_year:pol6_2018,True,previous_vote_party,Ένωση Κεντρώων,Ένωση Κεντρώων,22.2222,4,18,28,18.0,low,ok,False
SURVEY_04,pol62018.sav,,2018.0,6.0,Q2,2018-Q2,filename_month_year:pol6_2018,True,previous_vote_party,Ένωση Κεντρώων,ΑΝΕΛ,5.5556,1,18,28,18.0,low,ok,False
SURVEY_04,pol62018.sav,,2018.0,6.0,Q2,2018-Q2,filename_month_year:pol6_2018,True,previous_vote_party,Ένωση Κεντρώων,Ελληνική Λύση,11.1111,2,18,28,18.0,low,ok,False
SURVEY_04,pol62018.sav,,2018.0,6.0,Q2,2018-Q2,filename_month_year:pol6_2018,True,previous_vote_party,Ένωση Κεντρώων,ΝΔ,50.0,9,18,28,18.0,low,ok,False
SURVEY_04,pol62018.sav,,2018.0,6.0,Q2,2018-Q2,filename_month_year:pol6_2018,True,previous_vote_party,Ένωση Κεντρώων,ΣΥΡΙΖΑ,5.5556,1,18,28,18.0,low,ok,False
SURVEY_04,pol62018.sav,,2018.0,6.0,Q2,2018-Q2,filename_month_year:pol6_2018,True,previous_vote_party,ΑΝΕΛ,other_party,21.9512,9,41,61,41.0,low,ok,True
SURVEY_04,pol62018.sav,,2018.0,6.0,Q2,2018-Q2,filename_month_year:pol6_2018,True,previous_vote_party,ΑΝΕΛ,Ένωση Κεντρώων,4.878,2,41,61,41.0,low,ok,True
SURVEY_04,pol62018.sav,,2018.0,6.0,Q2,2018-Q2,filename_month_year:pol6_2018,True,previous_vote_party,ΑΝΕΛ,ΑΝΕΛ,24.3902,10,41,61,41.0,low,ok,True
SURVEY_04,pol62018.sav,,2018.0,6.0,Q2,2018-Q2,filename_month_year:pol6_2018,True,previous_vote_party,ΑΝΕΛ,Ελληνική Λύση,9.7561,4,41,61,41.0,low,ok,True
SURVEY_04,pol62018.sav,,2018.0,6.0,Q2,2018-Q2,filename_month_year:pol6_2018,True,previous_vote_party,ΑΝΕΛ,ΝΔ,29.2683,12,41,61,41.0,low,ok,True
SURVEY_04,pol62018.sav,,2018.0,6.0,Q2,2018-Q2,filename_month_year:pol6_2018,True,previous_vote_party,ΑΝΕΛ,Χρυσή Αυγή,9.7561,4,41,61,41.0,low,ok,True
SURVEY_04,pol62018.sav,,2018.0,6.0,Q2,2018-Q2,filename_month_year:pol6_2018,True,previous_vote_party,ΚΚΕ,other_party,2.0,1,50,54,50.0,low,ok,True
SURVEY_04,pol62018.sav,,2018.0,6.0,Q2,2018-Q2,filename_month_year:pol6_2018,True,previous_vote_party,ΚΚΕ,Ένωση Κεντρώων,2.0,1,50,54,50.0,low,ok,True
SURVEY_04,pol62018.sav,,2018.0,6.0,Q2,2018-Q2,filename_month_year:pol6_2018,True,previous_vote_party,ΚΚΕ,Ελληνική Λύση,2.0,1,50,54,50.0,low,ok,True
SURVEY_04,pol62018.sav,,2018.0,6.0,Q2,2018-Q2,filename_month_year:pol6_2018,True,previous_vote_party,ΚΚΕ,ΚΚΕ,70.0,35,50,54,50.0,low,ok,True
SURVEY_04,pol62018.sav,,2018.0,6.0,Q2,2018-Q2,filename_month_year:pol6_2018,True,previous_vote_party,ΚΚΕ,ΜέΡΑ25,2.0,1,50,54,50.0,low,ok,True
SURVEY_04,pol62018.sav,,2018.0,6.0,Q2,2018-Q2,filename_month_year:pol6_2018,True,previous_vote_party,ΚΚΕ,ΝΔ,8.0,4,50,54,50.0,low,ok,True
SURVEY_04,pol62018.sav,,2018.0,6.0,Q2,2018-Q2,filename_month_year:pol6_2018,True,previous_vote_party,ΚΚΕ,ΣΥΡΙΖΑ,10.0,5,50,54,50.0,low,ok,True
SURVEY_04,pol62018.sav,,2018.0,6.0,Q2,2018-Q2,filename_month_year:pol6_2018,True,previous_vote_party,ΚΚΕ,Χρυσή Αυγή,4.0,2,50,54,50.0,low,ok,True
SURVEY_04,pol62018.sav,,2018.0,6.0,Q2,2018-Q2,filename_month_year:pol6_2018,True,previous_vote_party,ΝΔ,other_party,3.0303,8,264,278,264.0,medium,ok,True
SURVEY_04,pol62018.sav,,2018.0,6.0,Q2,2018-Q2,filename_month_year:pol6_2018,True,previous_vote_party,ΝΔ,Ένωση Κεντρώων,1.8939,5,264,278,264.0,medium,ok,True
SURVEY_04,pol62018.sav,,2018.0,6.0,Q2,2018-Q2,filename_month_year:pol6_2018,True,previous_vote_party,ΝΔ,ΑΝΕΛ,1.1364,3,264,278,264.0,medium,ok,True
SURVEY_04,pol62018.sav,,2018.0,6.0,Q2,2018-Q2,filename_month_year:pol6_2018,True,previous_vote_party,ΝΔ,Ελληνική Λύση,0.7576,2,264,278,264.0,medium,ok,True
SURVEY_04,pol62018.sav,,2018.0,6.0,Q2,2018-Q2,filename_month_year:pol6_2018,True,previous_vote_party,ΝΔ,ΝΔ,79.9242,211,264,278,264.0,medium,ok,True
SURVEY_04,pol62018.sav,,2018.0,6.0,Q2,2018-Q2,filename_month_year:pol6_2018,True,previous_vote_party,ΝΔ,ΠΑΣΟΚ/ΚΙΝΑΛ,1.1364,3,264,278,264.0,medium,ok,True
SURVEY_04,pol62018.sav,,2018.0,6.0,Q2,2018-Q2,filename_month_year:pol6_2018,True,previous_vote_party,ΝΔ,Πλεύση Ελευθερίας,0.3788,1,264,278,264.0,medium,ok,True
SURVEY_04,pol62018.sav,,2018.0,6.0,Q2,2018-Q2,filename_month_year:pol6_2018,True,previous_vote_party,ΝΔ,ΣΥΡΙΖΑ,8.7121,23,264,278,264.0,medium,ok,True
SURVEY_04,pol62018.sav,,2018.0,6.0,Q2,2018-Q2,filename_month_year:pol6_2018,True,previous_vote_party,ΝΔ,Χρυσή Αυγή,3.0303,8,264,278,264.0,medium,ok,True
SURVEY_04,pol62018.sav,,2018.0,6.0,Q2,2018-Q2,filename_month_year:pol6_2018,True,previous_vote_party,Ποτάμι,other_party,10.0,4,40,59,40.0,low,ok,True
SURVEY_04,pol62018.sav,,2018.0,6.0,Q2,2018-Q2,filename_month_year:pol6_2018,True,previous_vote_party,Ποτάμι,Ένωση Κεντρώων,2.5,1,40,59,40.0,low,ok,True
SURVEY_04,pol62018.sav,,2018.0,6.0,Q2,2018-Q2,filename_month_year:pol6_2018,True,previous_vote_party,Ποτάμι,ΚΚΕ,2.5,1,40,59,40.0,low,ok,True
SURVEY_04,pol62018.sav,,2018.0,6.0,Q2,2018-Q2,filename_month_year:pol6_2018,True,previous_vote_party,Ποτάμι,ΝΔ,45.0,18,40,59,40.0,low,ok,True
SURVEY_04,pol62018.sav,,2018.0,6.0,Q2,2018-Q2,filename_month_year:pol6_2018,True,previous_vote_party,Ποτάμι,ΠΑΣΟΚ/ΚΙΝΑΛ,17.5,7,40,59,40.0,low,ok,True
SURVEY_04,pol62018.sav,,2018.0,6.0,Q2,2018-Q2,filename_month_year:pol6_2018,True,previous_vote_party,Ποτάμι,ΣΥΡΙΖΑ,15.0,6,40,59,40.0,low,ok,True
SURVEY_04,pol62018.sav,,2018.0,6.0,Q2,2018-Q2,filename_month_year:pol6_2018,True,previous_vote_party,Ποτάμι,Χρυσή Αυγή,7.5,3,40,59,40.0,low,ok,True
SURVEY_04,pol62018.sav,,2018.0,6.0,Q2,2018-Q2,filename_month_year:pol6_2018,True,previous_vote_party,ΣΥΡΙΖΑ,other_party,1.7413,7,402,469,402.0,high,ok,True
SURVEY_04,pol62018.sav,,2018.0,6.0,Q2,2018-Q2,filename_month_year:pol6_2018,True,previous_vote_party,ΣΥΡΙΖΑ,Ένωση Κεντρώων,0.7463,3,402,469,402.0,high,ok,True
SURVEY_04,pol62018.sav,,2018.0,6.0,Q2,2018-Q2,filename_month_year:pol6_2018,True,previous_vote_party,ΣΥΡΙΖΑ,ΑΝΕΛ,0.2488,1,402,469,402.0,high,ok,True
SURVEY_04,pol62018.sav,,2018.0,6.0,Q2,2018-Q2,filename_month_year:pol6_2018,True,previous_vote_party,ΣΥΡΙΖΑ,Ελληνική Λύση,1.2438,5,402,469,402.0,high,ok,True
SURVEY_04,pol62018.sav,,2018.0,6.0,Q2,2018-Q2,filename_month_year:pol6_2018,True,previous_vote_party,ΣΥΡΙΖΑ,ΚΚΕ,3.2338,13,402,469,402.0,high,ok,True
SURVEY_04,pol62018.sav,,2018.0,6.0,Q2,2018-Q2,filename_month_year:pol6_2018,True,previous_vote_party,ΣΥΡΙΖΑ,ΜέΡΑ25,1.2438,5,402,469,402.0,high,ok,True
SURVEY_04,pol62018.sav,,2018.0,6.0,Q2,2018-Q2,filename_month_year:pol6_2018,True,previous_vote_party,ΣΥΡΙΖΑ,ΝΔ,10.9453,44,402,469,402.0,high,ok,True
SURVEY_04,pol62018.sav,,2018.0,6.0,Q2,2018-Q2,filename_month_year:pol6_2018,True,previous_vote_party,ΣΥΡΙΖΑ,ΠΑΣΟΚ/ΚΙΝΑΛ,4.9751,20,402,469,402.0,high,ok,True
SURVEY_04,pol62018.sav,,2018.0,6.0,Q2,2018-Q2,filename_month_year:pol6_2018,True,previous_vote_party,ΣΥΡΙΖΑ,Πλεύση Ελευθερίας,1.4925,6,402,469,402.0,high,ok,True
SURVEY_04,pol62018.sav,,2018.0,6.0,Q2,2018-Q2,filename_month_year:pol6_2018,True,previous_vote_party,ΣΥΡΙΖΑ,ΣΥΡΙΖΑ,68.9055,277,402,469,402.0,high,ok,True
SURVEY_04,pol62018.sav,,2018.0,6.0,Q2,2018-Q2,filename_month_year:pol6_2018,True,previous_vote_party,ΣΥΡΙΖΑ,Χρυσή Αυγή,5.2239,21,402,469,402.0,high,ok,True
SURVEY_04,pol62018.sav,,2018.0,6.0,Q2,2018-Q2,filename_month_year:pol6_2018,True,previous_vote_party,Χρυσή Αυγή,other_party,4.4776,3,67,75,67.0,low,ok,True
SURVEY_04,pol62018.sav,,2018.0,6.0,Q2,2018-Q2,filename_month_year:pol6_2018,True,previous_vote_party,Χρυσή Αυγή,Ένωση Κεντρώων,1.4925,1,67,75,67.0,low,ok,True
SURVEY_04,pol62018.sav,,2018.0,6.0,Q2,2018-Q2,filename_month_year:pol6_2018,True,previous_vote_party,Χρυσή Αυγή,Ελληνική Λύση,7.4627,5,67,75,67.0,low,ok,True
SURVEY_04,pol62018.sav,,2018.0,6.0,Q2,2018-Q2,filename_month_year:pol6_2018,True,previous_vote_party,Χρυσή Αυγή,ΝΔ,8.9552,6,67,75,67.0,low,ok,True
SURVEY_04,pol62018.sav,,2018.0,6.0,Q2,2018-Q2,filename_month_year:pol6_2018,True,previous_vote_party,Χρυσή Αυγή,Χρυσή Αυγή,77.6119,52,67,75,67.0,low,ok,True
SURVEY_04,pol62018.sav,,2018.0,6.0,Q2,2018-Q2,filename_month_year:pol6_2018,True,region_group,Α) Αττική,other_party,11.1979,43,384,469,384.0,high,ok,True
SURVEY_04,pol62018.sav,,2018.0,6.0,Q2,2018-Q2,filename_month_year:pol6_2018,True,region_group,Α) Αττική,Ένωση Κεντρώων,1.0417,4,384,469,384.0,high,ok,True
SURVEY_04,pol62018.sav,,2018.0,6.0,Q2,2018-Q2,filename_month_year:pol6_2018,True,region_group,Α) Αττική,ΑΝΕΛ,0.5208,2,384,469,384.0,high,ok,True
SURVEY_04,pol62018.sav,,2018.0,6.0,Q2,2018-Q2,filename_month_year:pol6_2018,True,region_group,Α) Αττική,Ελληνική Λύση,1.8229,7,384,469,384.0,high,ok,True
SURVEY_04,pol62018.sav,,2018.0,6.0,Q2,2018-Q2,filename_month_year:pol6_2018,True,region_group,Α) Αττική,ΚΚΕ,5.9896,23,384,469,384.0,high,ok,True
SURVEY_04,pol62018.sav,,2018.0,6.0,Q2,2018-Q2,filename_month_year:pol6_2018,True,region_group,Α) Αττική,ΝΔ,32.8125,126,384,469,384.0,high,ok,True
SURVEY_04,pol62018.sav,,2018.0,6.0,Q2,2018-Q2,filename_month_year:pol6_2018,True,region_group,Α) Αττική,ΠΑΣΟΚ/ΚΙΝΑΛ,7.5521,29,384,469,384.0,high,ok,True
SURVEY_04,pol62018.sav,,2018.0,6.0,Q2,2018-Q2,filename_month_year:pol6_2018,True,region_group,Α) Αττική,Πλεύση Ελευθερίας,1.5625,6,384,469,384.0,high,ok,True
SURVEY_04,pol62018.sav,,2018.0,6.0,Q2,2018-Q2,filename_month_year:pol6_2018,True,region_group,Α) Αττική,ΣΥΡΙΖΑ,30.2083,116,384,469,384.0,high,ok,True
SURVEY_04,pol62018.sav,,2018.0,6.0,Q2,2018-Q2,filename_month_year:pol6_2018,True,region_group,Α) Αττική,Χρυσή Αυγή,7.2917,28,384,469,384.0,high,ok,True
SURVEY_04,pol62018.sav,,2018.0,6.0,Q2,2018-Q2,filename_month_year:pol6_2018,True,region_group,Β) Στερεά Ελλάδα,other_party,9.0909,5,55,69,55.0,low,ok,True
SURVEY_04,pol62018.sav,,2018.0,6.0,Q2,2018-Q2,filename_month_year:pol6_2018,True,region_group,Β) Στερεά Ελλάδα,Ένωση Κεντρώων,1.8182,1,55,69,55.0,low,ok,True
SURVEY_04,pol62018.sav,,2018.0,6.0,Q2,2018-Q2,filename_month_year:pol6_2018,True,region_group,Β) Στερεά Ελλάδα,Ελληνική Λύση,3.6364,2,55,69,55.0,low,ok,True
SURVEY_04,pol62018.sav,,2018.0,6.0,Q2,2018-Q2,filename_month_year:pol6_2018,True,region_group,Β) Στερεά Ελλάδα,ΚΚΕ,16.3636,9,55,69,55.0,low,ok,True
SURVEY_04,pol62018.sav,,2018.0,6.0,Q2,2018-Q2,filename_month_year:pol6_2018,True,region_group,Β) Στερεά Ελλάδα,ΝΔ,27.2727,15,55,69,55.0,low,ok,True
SURVEY_04,pol62018.sav,,2018.0,6.0,Q2,2018-Q2,filename_month_year:pol6_2018,True,region_group,Β) Στερεά Ελλάδα,ΠΑΣΟΚ/ΚΙΝΑΛ,12.7273,7,55,69,55.0,low,ok,True
SURVEY_04,pol62018.sav,,2018.0,6.0,Q2,2018-Q2,filename_month_year:pol6_2018,True,region_group,Β) Στερεά Ελλάδα,ΣΥΡΙΖΑ,25.4545,14,55,69,55.0,low,ok,True
SURVEY_04,pol62018.sav,,2018.0,6.0,Q2,2018-Q2,filename_month_year:pol6_2018,True,region_group,Β) Στερεά Ελλάδα,Χρυσή Αυγή,3.6364,2,55,69,55.0,low,ok,True
SURVEY_04,pol62018.sav,,2018.0,6.0,Q2,2018-Q2,filename_month_year:pol6_2018,True,region_group,Γ) Κεντρική Μακεδονία,other_party,8.1545,19,233,328,233.0,medium,ok,True
SURVEY_04,pol62018.sav,,2018.0,6.0,Q2,2018-Q2,filename_month_year:pol6_2018,True,region_group,Γ) Κεντρική Μακεδονία,Ένωση Κεντρώων,3.4335,8,233,328,233.0,medium,ok,True
SURVEY_04,pol62018.sav,,2018.0,6.0,Q2,2018-Q2,filename_month_year:pol6_2018,True,region_group,Γ) Κεντρική Μακεδονία,ΑΝΕΛ,3.4335,8,233,328,233.0,medium,ok,True
SURVEY_04,pol62018.sav,,2018.0,6.0,Q2,2018-Q2,filename_month_year:pol6_2018,True,region_group,Γ) Κεντρική Μακεδονία,Ελληνική Λύση,3.0043,7,233,328,233.0,medium,ok,True
SURVEY_04,pol62018.sav,,2018.0,6.0,Q2,2018-Q2,filename_month_year:pol6_2018,True,region_group,Γ) Κεντρική Μακεδονία,ΚΚΕ,2.1459,5,233,328,233.0,medium,ok,True
SURVEY_04,pol62018.sav,,2018.0,6.0,Q2,2018-Q2,filename_month_year:pol6_2018,True,region_group,Γ) Κεντρική Μακεδονία,ΜέΡΑ25,0.8584,2,233,328,233.0,medium,ok,True
SURVEY_04,pol62018.sav,,2018.0,6.0,Q2,2018-Q2,filename_month_year:pol6_2018,True,region_group,Γ) Κεντρική Μακεδονία,ΝΔ,26.6094,62,233,328,233.0,medium,ok,True
SURVEY_04,pol62018.sav,,2018.0,6.0,Q2,2018-Q2,filename_month_year:pol6_2018,True,region_group,Γ) Κεντρική Μακεδονία,ΠΑΣΟΚ/ΚΙΝΑΛ,9.4421,22,233,328,233.0,medium,ok,True
SURVEY_04,pol62018.sav,,2018.0,6.0,Q2,2018-Q2,filename_month_year:pol6_2018,True,region_group,Γ) Κεντρική Μακεδονία,Πλεύση Ελευθερίας,0.4292,1,233,328,233.0,medium,ok,True
SURVEY_04,pol62018.sav,,2018.0,6.0,Q2,2018-Q2,filename_month_year:pol6_2018,True,region_group,Γ) Κεντρική Μακεδονία,ΣΥΡΙΖΑ,31.3305,73,233,328,233.0,medium,ok,True
SURVEY_04,pol62018.sav,,2018.0,6.0,Q2,2018-Q2,filename_month_year:pol6_2018,True,region_group,Γ) Κεντρική Μακεδονία,Χρυσή Αυγή,11.1588,26,233,328,233.0,medium,ok,True
SURVEY_04,pol62018.sav,,2018.0,6.0,Q2,2018-Q2,filename_month_year:pol6_2018,True,region_group,Δ) Κρήτη,other_party,6.5574,4,61,78,61.0,low,ok,True
SURVEY_04,pol62018.sav,,2018.0,6.0,Q2,2018-Q2,filename_month_year:pol6_2018,True,region_group,Δ) Κρήτη,Ένωση Κεντρώων,4.918,3,61,78,61.0,low,ok,True
SURVEY_04,pol62018.sav,,2018.0,6.0,Q2,2018-Q2,filename_month_year:pol6_2018,True,region_group,Δ) Κρήτη,ΑΝΕΛ,3.2787,2,61,78,61.0,low,ok,True
SURVEY_04,pol62018.sav,,2018.0,6.0,Q2,2018-Q2,filename_month_year:pol6_2018,True,region_group,Δ) Κρήτη,Ελληνική Λύση,3.2787,2,61,78,61.0,low,ok,True
SURVEY_04,pol62018.sav,,2018.0,6.0,Q2,2018-Q2,filename_month_year:pol6_2018,True,region_group,Δ) Κρήτη,ΚΚΕ,4.918,3,61,78,61.0,low,ok,True
SURVEY_04,pol62018.sav,,2018.0,6.0,Q2,2018-Q2,filename_month_year:pol6_2018,True,region_group,Δ) Κρήτη,ΜέΡΑ25,1.6393,1,61,78,61.0,low,ok,True
SURVEY_04,pol62018.sav,,2018.0,6.0,Q2,2018-Q2,filename_month_year:pol6_2018,True,region_group,Δ) Κρήτη,ΝΔ,27.8689,17,61,78,61.0,low,ok,True
SURVEY_04,pol62018.sav,,2018.0,6.0,Q2,2018-Q2,filename_month_year:pol6_2018,True,region_group,Δ) Κρήτη,ΠΑΣΟΚ/ΚΙΝΑΛ,13.1148,8,61,78,61.0,low,ok,True
SURVEY_04,pol62018.sav,,2018.0,6.0,Q2,2018-Q2,filename_month_year:pol6_2018,True,region_group,Δ) Κρήτη,ΣΥΡΙΖΑ,24.5902,15,61,78,61.0,low,ok,True
SURVEY_04,pol62018.sav,,2018.0,6.0,Q2,2018-Q2,filename_month_year:pol6_2018,True,region_group,Δ) Κρήτη,Χρυσή Αυγή,9.8361,6,61,78,61.0,low,ok,True
SURVEY_04,pol62018.sav,,2018.0,6.0,Q2,2018-Q2,filename_month_year:pol6_2018,True,region_group,Ε) Ανατολική Μακεδονία & Θράκη,other_party,6.6667,5,75,88,75.0,low,ok,True
SURVEY_04,pol62018.sav,,2018.0,6.0,Q2,2018-Q2,filename_month_year:pol6_2018,True,region_group,Ε) Ανατολική Μακεδονία & Θράκη,Ένωση Κεντρώων,1.3333,1,75,88,75.0,low,ok,True
SURVEY_04,pol62018.sav,,2018.0,6.0,Q2,2018-Q2,filename_month_year:pol6_2018,True,region_group,Ε) Ανατολική Μακεδονία & Θράκη,ΑΝΕΛ,1.3333,1,75,88,75.0,low,ok,True
SURVEY_04,pol62018.sav,,2018.0,6.0,Q2,2018-Q2,filename_month_year:pol6_2018,True,region_group,Ε) Ανατολική Μακεδονία & Θράκη,Ελληνική Λύση,4.0,3,75,88,75.0,low,ok,True
SURVEY_04,pol62018.sav,,2018.0,6.0,Q2,2018-Q2,filename_month_year:pol6_2018,True,region_group,Ε) Ανατολική Μακεδονία & Θράκη,ΚΚΕ,1.3333,1,75,88,75.0,low,ok,True
SURVEY_04,pol62018.sav,,2018.0,6.0,Q2,2018-Q2,filename_month_year:pol6_2018,True,region_group,Ε) Ανατολική Μακεδονία & Θράκη,ΜέΡΑ25,1.3333,1,75,88,75.0,low,ok,True
SURVEY_04,pol62018.sav,,2018.0,6.0,Q2,2018-Q2,filename_month_year:pol6_2018,True,region_group,Ε) Ανατολική Μακεδονία & Θράκη,ΝΔ,34.6667,26,75,88,75.0,low,ok,True
SURVEY_04,pol62018.sav,,2018.0,6.0,Q2,2018-Q2,filename_month_year:pol6_2018,True,region_group,Ε) Ανατολική Μακεδονία & Θράκη,ΠΑΣΟΚ/ΚΙΝΑΛ,5.3333,4,75,88,75.0,low,ok,True
SURVEY_04,pol62018.sav,,2018.0,6.0,Q2,2018-Q2,filename_month_year:pol6_2018,True,region_group,Ε) Ανατολική Μακεδονία & Θράκη,ΣΥΡΙΖΑ,36.0,27,75,88,75.0,low,ok,True
SURVEY_04,pol62018.sav,,2018.0,6.0,Q2,2018-Q2,filename_month_year:pol6_2018,True,region_group,Ε) Ανατολική Μακεδονία & Θράκη,Χρυσή Αυγή,8.0,6,75,88,75.0,low,ok,True
SURVEY_04,pol62018.sav,,2018.0,6.0,Q2,2018-Q2,filename_month_year:pol6_2018,True,region_group,Ζ) Ήπειρος,other_party,9.6154,5,52,65,52.0,low,ok,True
SURVEY_04,pol62018.sav,,2018.0,6.0,Q2,2018-Q2,filename_month_year:pol6_2018,True,region_group,Ζ) Ήπειρος,Ένωση Κεντρώων,1.9231,1,52,65,52.0,low,ok,True
SURVEY_04,pol62018.sav,,2018.0,6.0,Q2,2018-Q2,filename_month_year:pol6_2018,True,region_group,Ζ) Ήπειρος,ΚΚΕ,7.6923,4,52,65,52.0,low,ok,True
SURVEY_04,pol62018.sav,,2018.0,6.0,Q2,2018-Q2,filename_month_year:pol6_2018,True,region_group,Ζ) Ήπειρος,ΝΔ,23.0769,12,52,65,52.0,low,ok,True
SURVEY_04,pol62018.sav,,2018.0,6.0,Q2,2018-Q2,filename_month_year:pol6_2018,True,region_group,Ζ) Ήπειρος,ΠΑΣΟΚ/ΚΙΝΑΛ,15.3846,8,52,65,52.0,low,ok,True
SURVEY_04,pol62018.sav,,2018.0,6.0,Q2,2018-Q2,filename_month_year:pol6_2018,True,region_group,Ζ) Ήπειρος,ΣΥΡΙΖΑ,38.4615,20,52,65,52.0,low,ok,True
SURVEY_04,pol62018.sav,,2018.0,6.0,Q2,2018-Q2,filename_month_year:pol6_2018,True,region_group,Ζ) Ήπειρος,Χρυσή Αυγή,3.8462,2,52,65,52.0,low,ok,True
SURVEY_04,pol62018.sav,,2018.0,6.0,Q2,2018-Q2,filename_month_year:pol6_2018,True,region_group,Η) Ιόνιοι Νήσοι,other_party,4.0,1,25,32,25.0,low,ok,False
SURVEY_04,pol62018.sav,,2018.0,6.0,Q2,2018-Q2,filename_month_year:pol6_2018,True,region_group,Η) Ιόνιοι Νήσοι,Ένωση Κεντρώων,4.0,1,25,32,25.0,low,ok,False
SURVEY_04,pol62018.sav,,2018.0,6.0,Q2,2018-Q2,filename_month_year:pol6_2018,True,region_group,Η) Ιόνιοι Νήσοι,Ελληνική Λύση,4.0,1,25,32,25.0,low,ok,False
SURVEY_04,pol62018.sav,,2018.0,6.0,Q2,2018-Q2,filename_month_year:pol6_2018,True,region_group,Η) Ιόνιοι Νήσοι,ΚΚΕ,8.0,2,25,32,25.0,low,ok,False
SURVEY_04,pol62018.sav,,2018.0,6.0,Q2,2018-Q2,filename_month_year:pol6_2018,True,region_group,Η) Ιόνιοι Νήσοι,ΝΔ,52.0,13,25,32,25.0,low,ok,False
SURVEY_04,pol62018.sav,,2018.0,6.0,Q2,2018-Q2,filename_month_year:pol6_2018,True,region_group,Η) Ιόνιοι Νήσοι,ΠΑΣΟΚ/ΚΙΝΑΛ,8.0,2,25,32,25.0,low,ok,False
SURVEY_04,pol62018.sav,,2018.0,6.0,Q2,2018-Q2,filename_month_year:pol6_2018,True,region_group,Η) Ιόνιοι Νήσοι,ΣΥΡΙΖΑ,8.0,2,25,32,25.0,low,ok,False
SURVEY_04,pol62018.sav,,2018.0,6.0,Q2,2018-Q2,filename_month_year:pol6_2018,True,region_group,Η) Ιόνιοι Νήσοι,Χρυσή Αυγή,12.0,3,25,32,25.0,low,ok,False
SURVEY_04,pol62018.sav,,2018.0,6.0,Q2,2018-Q2,filename_month_year:pol6_2018,True,region_group,Θ) Βόρειο Αιγαίο,other_party,2.5641,1,39,43,39.0,low,ok,True
SURVEY_04,pol62018.sav,,2018.0,6.0,Q2,2018-Q2,filename_month_year:pol6_2018,True,region_group,Θ) Βόρειο Αιγαίο,Ένωση Κεντρώων,2.5641,1,39,43,39.0,low,ok,True
SURVEY_04,pol62018.sav,,2018.0,6.0,Q2,2018-Q2,filename_month_year:pol6_2018,True,region_group,Θ) Βόρειο Αιγαίο,ΚΚΕ,2.5641,1,39,43,39.0,low,ok,True
SURVEY_04,pol62018.sav,,2018.0,6.0,Q2,2018-Q2,filename_month_year:pol6_2018,True,region_group,Θ) Βόρειο Αιγαίο,ΝΔ,28.2051,11,39,43,39.0,low,ok,True
SURVEY_04,pol62018.sav,,2018.0,6.0,Q2,2018-Q2,filename_month_year:pol6_2018,True,region_group,Θ) Βόρειο Αιγαίο,ΠΑΣΟΚ/ΚΙΝΑΛ,12.8205,5,39,43,39.0,low,ok,True
SURVEY_04,pol62018.sav,,2018.0,6.0,Q2,2018-Q2,filename_month_year:pol6_2018,True,region_group,Θ) Βόρειο Αιγαίο,Πλεύση Ελευθερίας,2.5641,1,39,43,39.0,low,ok,True
SURVEY_04,pol62018.sav,,2018.0,6.0,Q2,2018-Q2,filename_month_year:pol6_2018,True,region_group,Θ) Βόρειο Αιγαίο,ΣΥΡΙΖΑ,33.3333,13,39,43,39.0,low,ok,True
SURVEY_04,pol62018.sav,,2018.0,6.0,Q2,2018-Q2,filename_month_year:pol6_2018,True,region_group,Θ) Βόρειο Αιγαίο,Χρυσή Αυγή,15.3846,6,39,43,39.0,low,ok,True
SURVEY_04,pol62018.sav,,2018.0,6.0,Q2,2018-Q2,filename_month_year:pol6_2018,True,region_group,Ι) Πελοπόννησος,other_party,7.5758,5,66,81,66.0,low,ok,True
SURVEY_04,pol62018.sav,,2018.0,6.0,Q2,2018-Q2,filename_month_year:pol6_2018,True,region_group,Ι) Πελοπόννησος,Ένωση Κεντρώων,1.5152,1,66,81,66.0,low,ok,True
SURVEY_04,pol62018.sav,,2018.0,6.0,Q2,2018-Q2,filename_month_year:pol6_2018,True,region_group,Ι) Πελοπόννησος,ΑΝΕΛ,3.0303,2,66,81,66.0,low,ok,True
SURVEY_04,pol62018.sav,,2018.0,6.0,Q2,2018-Q2,filename_month_year:pol6_2018,True,region_group,Ι) Πελοπόννησος,Ελληνική Λύση,3.0303,2,66,81,66.0,low,ok,True
SURVEY_04,pol62018.sav,,2018.0,6.0,Q2,2018-Q2,filename_month_year:pol6_2018,True,region_group,Ι) Πελοπόννησος,ΚΚΕ,6.0606,4,66,81,66.0,low,ok,True
SURVEY_04,pol62018.sav,,2018.0,6.0,Q2,2018-Q2,filename_month_year:pol6_2018,True,region_group,Ι) Πελοπόννησος,ΜέΡΑ25,1.5152,1,66,81,66.0,low,ok,True
SURVEY_04,pol62018.sav,,2018.0,6.0,Q2,2018-Q2,filename_month_year:pol6_2018,True,region_group,Ι) Πελοπόννησος,ΝΔ,33.3333,22,66,81,66.0,low,ok,True
SURVEY_04,pol62018.sav,,2018.0,6.0,Q2,2018-Q2,filename_month_year:pol6_2018,True,region_group,Ι) Πελοπόννησος,ΠΑΣΟΚ/ΚΙΝΑΛ,10.6061,7,66,81,66.0,low,ok,True
SURVEY_04,pol62018.sav,,2018.0,6.0,Q2,2018-Q2,filename_month_year:pol6_2018,True,region_group,Ι) Πελοπόννησος,Πλεύση Ελευθερίας,1.5152,1,66,81,66.0,low,ok,True
SURVEY_04,pol62018.sav,,2018.0,6.0,Q2,2018-Q2,filename_month_year:pol6_2018,True,region_group,Ι) Πελοπόννησος,ΣΥΡΙΖΑ,27.2727,18,66,81,66.0,low,ok,True
SURVEY_04,pol62018.sav,,2018.0,6.0,Q2,2018-Q2,filename_month_year:pol6_2018,True,region_group,Ι) Πελοπόννησος,Χρυσή Αυγή,4.5455,3,66,81,66.0,low,ok,True
SURVEY_04,pol62018.sav,,2018.0,6.0,Q2,2018-Q2,filename_month_year:pol6_2018,True,region_group,Κ) Νότιο Αιγαίο,other_party,3.3333,1,30,33,30.0,low,ok,True
SURVEY_04,pol62018.sav,,2018.0,6.0,Q2,2018-Q2,filename_month_year:pol6_2018,True,region_group,Κ) Νότιο Αιγαίο,ΚΚΕ,3.3333,1,30,33,30.0,low,ok,True
SURVEY_04,pol62018.sav,,2018.0,6.0,Q2,2018-Q2,filename_month_year:pol6_2018,True,region_group,Κ) Νότιο Αιγαίο,ΝΔ,33.3333,10,30,33,30.0,low,ok,True
SURVEY_04,pol62018.sav,,2018.0,6.0,Q2,2018-Q2,filename_month_year:pol6_2018,True,region_group,Κ) Νότιο Αιγαίο,ΠΑΣΟΚ/ΚΙΝΑΛ,16.6667,5,30,33,30.0,low,ok,True
SURVEY_04,pol62018.sav,,2018.0,6.0,Q2,2018-Q2,filename_month_year:pol6_2018,True,region_group,Κ) Νότιο Αιγαίο,ΣΥΡΙΖΑ,36.6667,11,30,33,30.0,low,ok,True
SURVEY_04,pol62018.sav,,2018.0,6.0,Q2,2018-Q2,filename_month_year:pol6_2018,True,region_group,Κ) Νότιο Αιγαίο,Χρυσή Αυγή,6.6667,2,30,33,30.0,low,ok,True
SURVEY_04,pol62018.sav,,2018.0,6.0,Q2,2018-Q2,filename_month_year:pol6_2018,True,region_group,Λ) Θεσσαλία,other_party,8.0,6,75,92,75.0,low,ok,True
SURVEY_04,pol62018.sav,,2018.0,6.0,Q2,2018-Q2,filename_month_year:pol6_2018,True,region_group,Λ) Θεσσαλία,Ένωση Κεντρώων,1.3333,1,75,92,75.0,low,ok,True
SURVEY_04,pol62018.sav,,2018.0,6.0,Q2,2018-Q2,filename_month_year:pol6_2018,True,region_group,Λ) Θεσσαλία,Ελληνική Λύση,4.0,3,75,92,75.0,low,ok,True
SURVEY_04,pol62018.sav,,2018.0,6.0,Q2,2018-Q2,filename_month_year:pol6_2018,True,region_group,Λ) Θεσσαλία,ΚΚΕ,5.3333,4,75,92,75.0,low,ok,True
SURVEY_04,pol62018.sav,,2018.0,6.0,Q2,2018-Q2,filename_month_year:pol6_2018,True,region_group,Λ) Θεσσαλία,ΜέΡΑ25,2.6667,2,75,92,75.0,low,ok,True
SURVEY_04,pol62018.sav,,2018.0,6.0,Q2,2018-Q2,filename_month_year:pol6_2018,True,region_group,Λ) Θεσσαλία,ΝΔ,34.6667,26,75,92,75.0,low,ok,True
SURVEY_04,pol62018.sav,,2018.0,6.0,Q2,2018-Q2,filename_month_year:pol6_2018,True,region_group,Λ) Θεσσαλία,ΠΑΣΟΚ/ΚΙΝΑΛ,12.0,9,75,92,75.0,low,ok,True
SURVEY_04,pol62018.sav,,2018.0,6.0,Q2,2018-Q2,filename_month_year:pol6_2018,True,region_group,Λ) Θεσσαλία,ΣΥΡΙΖΑ,21.3333,16,75,92,75.0,low,ok,True
SURVEY_04,pol62018.sav,,2018.0,6.0,Q2,2018-Q2,filename_month_year:pol6_2018,True,region_group,Λ) Θεσσαλία,Χρυσή Αυγή,10.6667,8,75,92,75.0,low,ok,True
SURVEY_04,pol62018.sav,,2018.0,6.0,Q2,2018-Q2,filename_month_year:pol6_2018,True,region_group,Μ) Δυτική Ελλάδα,other_party,6.3492,4,63,78,63.0,low,ok,True
SURVEY_04,pol62018.sav,,2018.0,6.0,Q2,2018-Q2,filename_month_year:pol6_2018,True,region_group,Μ) Δυτική Ελλάδα,ΚΚΕ,4.7619,3,63,78,63.0,low,ok,True
SURVEY_04,pol62018.sav,,2018.0,6.0,Q2,2018-Q2,filename_month_year:pol6_2018,True,region_group,Μ) Δυτική Ελλάδα,ΜέΡΑ25,3.1746,2,63,78,63.0,low,ok,True
SURVEY_04,pol62018.sav,,2018.0,6.0,Q2,2018-Q2,filename_month_year:pol6_2018,True,region_group,Μ) Δυτική Ελλάδα,ΝΔ,20.6349,13,63,78,63.0,low,ok,True
SURVEY_04,pol62018.sav,,2018.0,6.0,Q2,2018-Q2,filename_month_year:pol6_2018,True,region_group,Μ) Δυτική Ελλάδα,ΠΑΣΟΚ/ΚΙΝΑΛ,20.6349,13,63,78,63.0,low,ok,True
SURVEY_04,pol62018.sav,,2018.0,6.0,Q2,2018-Q2,filename_month_year:pol6_2018,True,region_group,Μ) Δυτική Ελλάδα,Πλεύση Ελευθερίας,1.5873,1,63,78,63.0,low,ok,True
SURVEY_04,pol62018.sav,,2018.0,6.0,Q2,2018-Q2,filename_month_year:pol6_2018,True,region_group,Μ) Δυτική Ελλάδα,ΣΥΡΙΖΑ,38.0952,24,63,78,63.0,low,ok,True
SURVEY_04,pol62018.sav,,2018.0,6.0,Q2,2018-Q2,filename_month_year:pol6_2018,True,region_group,Μ) Δυτική Ελλάδα,Χρυσή Αυγή,4.7619,3,63,78,63.0,low,ok,True
SURVEY_04,pol62018.sav,,2018.0,6.0,Q2,2018-Q2,filename_month_year:pol6_2018,True,region_group,Ν) Δυτική Μακεδονία,other_party,5.1724,3,58,73,58.0,low,ok,True
SURVEY_04,pol62018.sav,,2018.0,6.0,Q2,2018-Q2,filename_month_year:pol6_2018,True,region_group,Ν) Δυτική Μακεδονία,Ένωση Κεντρώων,5.1724,3,58,73,58.0,low,ok,True
SURVEY_04,pol62018.sav,,2018.0,6.0,Q2,2018-Q2,filename_month_year:pol6_2018,True,region_group,Ν) Δυτική Μακεδονία,Ελληνική Λύση,3.4483,2,58,73,58.0,low,ok,True
SURVEY_04,pol62018.sav,,2018.0,6.0,Q2,2018-Q2,filename_month_year:pol6_2018,True,region_group,Ν) Δυτική Μακεδονία,ΝΔ,32.7586,19,58,73,58.0,low,ok,True
SURVEY_04,pol62018.sav,,2018.0,6.0,Q2,2018-Q2,filename_month_year:pol6_2018,True,region_group,Ν) Δυτική Μακεδονία,ΠΑΣΟΚ/ΚΙΝΑΛ,10.3448,6,58,73,58.0,low,ok,True
SURVEY_04,pol62018.sav,,2018.0,6.0,Q2,2018-Q2,filename_month_year:pol6_2018,True,region_group,Ν) Δυτική Μακεδονία,ΣΥΡΙΖΑ,25.8621,15,58,73,58.0,low,ok,True
SURVEY_04,pol62018.sav,,2018.0,6.0,Q2,2018-Q2,filename_month_year:pol6_2018,True,region_group,Ν) Δυτική Μακεδονία,Χρυσή Αυγή,17.2414,10,58,73,58.0,low,ok,True
SURVEY_04,pol62018.sav,,2018.0,6.0,Q2,2018-Q2,filename_month_year:pol6_2018,True,region_group,Ξ) Δεν είμαι γραμμένος/η στους εκλογικούς καταλόγους,ΚΚΕ,50.0,1,2,3,2.0,low,ok,False
SURVEY_04,pol62018.sav,,2018.0,6.0,Q2,2018-Q2,filename_month_year:pol6_2018,True,region_group,Ξ) Δεν είμαι γραμμένος/η στους εκλογικούς καταλόγους,ΠΑΣΟΚ/ΚΙΝΑΛ,50.0,1,2,3,2.0,low,ok,False
SURVEY_04,pol62018.sav,,2018.0,6.0,Q2,2018-Q2,filename_month_year:pol6_2018,True,region_group,Ο) Δεν έχω δικαίωμα ψήφου,ΣΥΡΙΖΑ,50.0,1,2,3,2.0,low,ok,False
SURVEY_04,pol62018.sav,,2018.0,6.0,Q2,2018-Q2,filename_month_year:pol6_2018,True,region_group,Ο) Δεν έχω δικαίωμα ψήφου,Χρυσή Αυγή,50.0,1,2,3,2.0,low,ok,False
SURVEY_04,pol62018.sav,,2018.0,6.0,Q2,2018-Q2,filename_month_year:pol6_2018,True,region_group,Ρ) Δεν γνωρίζω,Πλεύση Ελευθερίας,50.0,1,2,2,2.0,low,ok,False
SURVEY_04,pol62018.sav,,2018.0,6.0,Q2,2018-Q2,filename_month_year:pol6_2018,True,region_group,Ρ) Δεν γνωρίζω,ΣΥΡΙΖΑ,50.0,1,2,2,2.0,low,ok,False
SURVEY_04,pol62018.sav,,2018.0,6.0,Q2,2018-Q2,filename_month_year:pol6_2018,True,region_group,ΣΤ) Δεν θέλω να απαντήσω,other_party,21.4286,3,14,22,14.0,low,ok,False
SURVEY_04,pol62018.sav,,2018.0,6.0,Q2,2018-Q2,filename_month_year:pol6_2018,True,region_group,ΣΤ) Δεν θέλω να απαντήσω,ΝΔ,21.4286,3,14,22,14.0,low,ok,False
SURVEY_04,pol62018.sav,,2018.0,6.0,Q2,2018-Q2,filename_month_year:pol6_2018,True,region_group,ΣΤ) Δεν θέλω να απαντήσω,ΣΥΡΙΖΑ,35.7143,5,14,22,14.0,low,ok,False
SURVEY_04,pol62018.sav,,2018.0,6.0,Q2,2018-Q2,filename_month_year:pol6_2018,True,region_group,ΣΤ) Δεν θέλω να απαντήσω,Χρυσή Αυγή,21.4286,3,14,22,14.0,low,ok,False
SURVEY_05,sample6_2018.sav,,2018.0,6.0,Q2,2018-Q2,filename_month_year:sample6_2018,True,gender,female,other_party,7.0423,25,355,447,355.0,high,ok,True
SURVEY_05,sample6_2018.sav,,2018.0,6.0,Q2,2018-Q2,filename_month_year:sample6_2018,True,gender,female,Ένωση Κεντρώων,3.0986,11,355,447,355.0,high,ok,True
SURVEY_05,sample6_2018.sav,,2018.0,6.0,Q2,2018-Q2,filename_month_year:sample6_2018,True,gender,female,ΑΝΕΛ,1.1268,4,355,447,355.0,high,ok,True
SURVEY_05,sample6_2018.sav,,2018.0,6.0,Q2,2018-Q2,filename_month_year:sample6_2018,True,gender,female,Ελληνική Λύση,2.2535,8,355,447,355.0,high,ok,True
SURVEY_05,sample6_2018.sav,,2018.0,6.0,Q2,2018-Q2,filename_month_year:sample6_2018,True,gender,female,ΚΚΕ,7.6056,27,355,447,355.0,high,ok,True
SURVEY_05,sample6_2018.sav,,2018.0,6.0,Q2,2018-Q2,filename_month_year:sample6_2018,True,gender,female,ΝΔ,32.6761,116,355,447,355.0,high,ok,True
SURVEY_05,sample6_2018.sav,,2018.0,6.0,Q2,2018-Q2,filename_month_year:sample6_2018,True,gender,female,ΠΑΣΟΚ/ΚΙΝΑΛ,5.3521,19,355,447,355.0,high,ok,True
SURVEY_05,sample6_2018.sav,,2018.0,6.0,Q2,2018-Q2,filename_month_year:sample6_2018,True,gender,female,Πλεύση Ελευθερίας,1.6901,6,355,447,355.0,high,ok,True
SURVEY_05,sample6_2018.sav,,2018.0,6.0,Q2,2018-Q2,filename_month_year:sample6_2018,True,gender,female,ΣΥΡΙΖΑ,29.8592,106,355,447,355.0,high,ok,True
SURVEY_05,sample6_2018.sav,,2018.0,6.0,Q2,2018-Q2,filename_month_year:sample6_2018,True,gender,female,Χρυσή Αυγή,9.2958,33,355,447,355.0,high,ok,True
SURVEY_05,sample6_2018.sav,,2018.0,6.0,Q2,2018-Q2,filename_month_year:sample6_2018,True,gender,male,other_party,7.9576,30,377,449,377.0,high,ok,True
SURVEY_05,sample6_2018.sav,,2018.0,6.0,Q2,2018-Q2,filename_month_year:sample6_2018,True,gender,male,Ένωση Κεντρώων,1.8568,7,377,449,377.0,high,ok,True
SURVEY_05,sample6_2018.sav,,2018.0,6.0,Q2,2018-Q2,filename_month_year:sample6_2018,True,gender,male,ΑΝΕΛ,1.3263,5,377,449,377.0,high,ok,True
SURVEY_05,sample6_2018.sav,,2018.0,6.0,Q2,2018-Q2,filename_month_year:sample6_2018,True,gender,male,Ελληνική Λύση,1.5915,6,377,449,377.0,high,ok,True
SURVEY_05,sample6_2018.sav,,2018.0,6.0,Q2,2018-Q2,filename_month_year:sample6_2018,True,gender,male,ΚΚΕ,5.5703,21,377,449,377.0,high,ok,True
SURVEY_05,sample6_2018.sav,,2018.0,6.0,Q2,2018-Q2,filename_month_year:sample6_2018,True,gender,male,ΜέΡΑ25,0.7958,3,377,449,377.0,high,ok,True
SURVEY_05,sample6_2018.sav,,2018.0,6.0,Q2,2018-Q2,filename_month_year:sample6_2018,True,gender,male,ΝΔ,31.8302,120,377,449,377.0,high,ok,True
SURVEY_05,sample6_2018.sav,,2018.0,6.0,Q2,2018-Q2,filename_month_year:sample6_2018,True,gender,male,ΠΑΣΟΚ/ΚΙΝΑΛ,11.9363,45,377,449,377.0,high,ok,True
SURVEY_05,sample6_2018.sav,,2018.0,6.0,Q2,2018-Q2,filename_month_year:sample6_2018,True,gender,male,Πλεύση Ελευθερίας,0.5305,2,377,449,377.0,high,ok,True
SURVEY_05,sample6_2018.sav,,2018.0,6.0,Q2,2018-Q2,filename_month_year:sample6_2018,True,gender,male,ΣΥΡΙΖΑ,26.5252,100,377,449,377.0,high,ok,True
SURVEY_05,sample6_2018.sav,,2018.0,6.0,Q2,2018-Q2,filename_month_year:sample6_2018,True,gender,male,Χρυσή Αυγή,10.0796,38,377,449,377.0,high,ok,True
SURVEY_05,sample6_2018.sav,,2018.0,6.0,Q2,2018-Q2,filename_month_year:sample6_2018,True,age_group,18-24,other_party,7.6923,5,65,93,65.0,low,ok,True
SURVEY_05,sample6_2018.sav,,2018.0,6.0,Q2,2018-Q2,filename_month_year:sample6_2018,True,age_group,18-24,Ένωση Κεντρώων,1.5385,1,65,93,65.0,low,ok,True
SURVEY_05,sample6_2018.sav,,2018.0,6.0,Q2,2018-Q2,filename_month_year:sample6_2018,True,age_group,18-24,Ελληνική Λύση,4.6154,3,65,93,65.0,low,ok,True
SURVEY_05,sample6_2018.sav,,2018.0,6.0,Q2,2018-Q2,filename_month_year:sample6_2018,True,age_group,18-24,ΚΚΕ,15.3846,10,65,93,65.0,low,ok,True
SURVEY_05,sample6_2018.sav,,2018.0,6.0,Q2,2018-Q2,filename_month_year:sample6_2018,True,age_group,18-24,ΜέΡΑ25,3.0769,2,65,93,65.0,low,ok,True
SURVEY_05,sample6_2018.sav,,2018.0,6.0,Q2,2018-Q2,filename_month_year:sample6_2018,True,age_group,18-24,ΝΔ,30.7692,20,65,93,65.0,low,ok,True
SURVEY_05,sample6_2018.sav,,2018.0,6.0,Q2,2018-Q2,filename_month_year:sample6_2018,True,age_group,18-24,ΠΑΣΟΚ/ΚΙΝΑΛ,6.1538,4,65,93,65.0,low,ok,True
SURVEY_05,sample6_2018.sav,,2018.0,6.0,Q2,2018-Q2,filename_month_year:sample6_2018,True,age_group,18-24,Πλεύση Ελευθερίας,1.5385,1,65,93,65.0,low,ok,True
SURVEY_05,sample6_2018.sav,,2018.0,6.0,Q2,2018-Q2,filename_month_year:sample6_2018,True,age_group,18-24,ΣΥΡΙΖΑ,16.9231,11,65,93,65.0,low,ok,True
SURVEY_05,sample6_2018.sav,,2018.0,6.0,Q2,2018-Q2,filename_month_year:sample6_2018,True,age_group,18-24,Χρυσή Αυγή,12.3077,8,65,93,65.0,low,ok,True
SURVEY_05,sample6_2018.sav,,2018.0,6.0,Q2,2018-Q2,filename_month_year:sample6_2018,True,age_group,25-39,other_party,4.2017,5,119,150,119.0,medium,ok,True
SURVEY_05,sample6_2018.sav,,2018.0,6.0,Q2,2018-Q2,filename_month_year:sample6_2018,True,age_group,25-39,Ένωση Κεντρώων,2.521,3,119,150,119.0,medium,ok,True
SURVEY_05,sample6_2018.sav,,2018.0,6.0,Q2,2018-Q2,filename_month_year:sample6_2018,True,age_group,25-39,ΑΝΕΛ,2.521,3,119,150,119.0,medium,ok,True
SURVEY_05,sample6_2018.sav,,2018.0,6.0,Q2,2018-Q2,filename_month_year:sample6_2018,True,age_group,25-39,Ελληνική Λύση,1.6807,2,119,150,119.0,medium,ok,True
SURVEY_05,sample6_2018.sav,,2018.0,6.0,Q2,2018-Q2,filename_month_year:sample6_2018,True,age_group,25-39,ΚΚΕ,6.7227,8,119,150,119.0,medium,ok,True
SURVEY_05,sample6_2018.sav,,2018.0,6.0,Q2,2018-Q2,filename_month_year:sample6_2018,True,age_group,25-39,ΝΔ,26.0504,31,119,150,119.0,medium,ok,True
SURVEY_05,sample6_2018.sav,,2018.0,6.0,Q2,2018-Q2,filename_month_year:sample6_2018,True,age_group,25-39,ΠΑΣΟΚ/ΚΙΝΑΛ,6.7227,8,119,150,119.0,medium,ok,True
SURVEY_05,sample6_2018.sav,,2018.0,6.0,Q2,2018-Q2,filename_month_year:sample6_2018,True,age_group,25-39,Πλεύση Ελευθερίας,1.6807,2,119,150,119.0,medium,ok,True
SURVEY_05,sample6_2018.sav,,2018.0,6.0,Q2,2018-Q2,filename_month_year:sample6_2018,True,age_group,25-39,ΣΥΡΙΖΑ,30.2521,36,119,150,119.0,medium,ok,True
SURVEY_05,sample6_2018.sav,,2018.0,6.0,Q2,2018-Q2,filename_month_year:sample6_2018,True,age_group,25-39,Χρυσή Αυγή,17.6471,21,119,150,119.0,medium,ok,True
SURVEY_05,sample6_2018.sav,,2018.0,6.0,Q2,2018-Q2,filename_month_year:sample6_2018,True,age_group,40-54,other_party,8.6643,24,277,337,277.0,medium,ok,True
SURVEY_05,sample6_2018.sav,,2018.0,6.0,Q2,2018-Q2,filename_month_year:sample6_2018,True,age_group,40-54,Ένωση Κεντρώων,4.3321,12,277,337,277.0,medium,ok,True
SURVEY_05,sample6_2018.sav,,2018.0,6.0,Q2,2018-Q2,filename_month_year:sample6_2018,True,age_group,40-54,ΑΝΕΛ,1.444,4,277,337,277.0,medium,ok,True
SURVEY_05,sample6_2018.sav,,2018.0,6.0,Q2,2018-Q2,filename_month_year:sample6_2018,True,age_group,40-54,Ελληνική Λύση,2.1661,6,277,337,277.0,medium,ok,True
SURVEY_05,sample6_2018.sav,,2018.0,6.0,Q2,2018-Q2,filename_month_year:sample6_2018,True,age_group,40-54,ΚΚΕ,5.0542,14,277,337,277.0,medium,ok,True
SURVEY_05,sample6_2018.sav,,2018.0,6.0,Q2,2018-Q2,filename_month_year:sample6_2018,True,age_group,40-54,ΝΔ,32.852,91,277,337,277.0,medium,ok,True
SURVEY_05,sample6_2018.sav,,2018.0,6.0,Q2,2018-Q2,filename_month_year:sample6_2018,True,age_group,40-54,ΠΑΣΟΚ/ΚΙΝΑΛ,9.3863,26,277,337,277.0,medium,ok,True
SURVEY_05,sample6_2018.sav,,2018.0,6.0,Q2,2018-Q2,filename_month_year:sample6_2018,True,age_group,40-54,Πλεύση Ελευθερίας,1.8051,5,277,337,277.0,medium,ok,True
SURVEY_05,sample6_2018.sav,,2018.0,6.0,Q2,2018-Q2,filename_month_year:sample6_2018,True,age_group,40-54,ΣΥΡΙΖΑ,24.9097,69,277,337,277.0,medium,ok,True
SURVEY_05,sample6_2018.sav,,2018.0,6.0,Q2,2018-Q2,filename_month_year:sample6_2018,True,age_group,40-54,Χρυσή Αυγή,9.3863,26,277,337,277.0,medium,ok,True
SURVEY_05,sample6_2018.sav,,2018.0,6.0,Q2,2018-Q2,filename_month_year:sample6_2018,True,age_group,55+,other_party,7.7491,21,271,316,271.0,medium,ok,True
SURVEY_05,sample6_2018.sav,,2018.0,6.0,Q2,2018-Q2,filename_month_year:sample6_2018,True,age_group,55+,Ένωση Κεντρώων,0.738,2,271,316,271.0,medium,ok,True
SURVEY_05,sample6_2018.sav,,2018.0,6.0,Q2,2018-Q2,filename_month_year:sample6_2018,True,age_group,55+,ΑΝΕΛ,0.738,2,271,316,271.0,medium,ok,True
SURVEY_05,sample6_2018.sav,,2018.0,6.0,Q2,2018-Q2,filename_month_year:sample6_2018,True,age_group,55+,Ελληνική Λύση,1.107,3,271,316,271.0,medium,ok,True
SURVEY_05,sample6_2018.sav,,2018.0,6.0,Q2,2018-Q2,filename_month_year:sample6_2018,True,age_group,55+,ΚΚΕ,5.9041,16,271,316,271.0,medium,ok,True
SURVEY_05,sample6_2018.sav,,2018.0,6.0,Q2,2018-Q2,filename_month_year:sample6_2018,True,age_group,55+,ΜέΡΑ25,0.369,1,271,316,271.0,medium,ok,True
SURVEY_05,sample6_2018.sav,,2018.0,6.0,Q2,2018-Q2,filename_month_year:sample6_2018,True,age_group,55+,ΝΔ,34.6863,94,271,316,271.0,medium,ok,True
SURVEY_05,sample6_2018.sav,,2018.0,6.0,Q2,2018-Q2,filename_month_year:sample6_2018,True,age_group,55+,ΠΑΣΟΚ/ΚΙΝΑΛ,9.5941,26,271,316,271.0,medium,ok,True
SURVEY_05,sample6_2018.sav,,2018.0,6.0,Q2,2018-Q2,filename_month_year:sample6_2018,True,age_group,55+,ΣΥΡΙΖΑ,33.2103,90,271,316,271.0,medium,ok,True
SURVEY_05,sample6_2018.sav,,2018.0,6.0,Q2,2018-Q2,filename_month_year:sample6_2018,True,age_group,55+,Χρυσή Αυγή,5.9041,16,271,316,271.0,medium,ok,True
SURVEY_05,sample6_2018.sav,,2018.0,6.0,Q2,2018-Q2,filename_month_year:sample6_2018,True,education_group,high_education,other_party,7.9545,35,440,532,440.0,high,ok,True
SURVEY_05,sample6_2018.sav,,2018.0,6.0,Q2,2018-Q2,filename_month_year:sample6_2018,True,education_group,high_education,Ένωση Κεντρώων,2.5,11,440,532,440.0,high,ok,True
SURVEY_05,sample6_2018.sav,,2018.0,6.0,Q2,2018-Q2,filename_month_year:sample6_2018,True,education_group,high_education,ΑΝΕΛ,1.1364,5,440,532,440.0,high,ok,True
SURVEY_05,sample6_2018.sav,,2018.0,6.0,Q2,2018-Q2,filename_month_year:sample6_2018,True,education_group,high_education,Ελληνική Λύση,1.1364,5,440,532,440.0,high,ok,True
SURVEY_05,sample6_2018.sav,,2018.0,6.0,Q2,2018-Q2,filename_month_year:sample6_2018,True,education_group,high_education,ΚΚΕ,4.3182,19,440,532,440.0,high,ok,True
SURVEY_05,sample6_2018.sav,,2018.0,6.0,Q2,2018-Q2,filename_month_year:sample6_2018,True,education_group,high_education,ΜέΡΑ25,0.4545,2,440,532,440.0,high,ok,True
SURVEY_05,sample6_2018.sav,,2018.0,6.0,Q2,2018-Q2,filename_month_year:sample6_2018,True,education_group,high_education,ΝΔ,33.1818,146,440,532,440.0,high,ok,True
SURVEY_05,sample6_2018.sav,,2018.0,6.0,Q2,2018-Q2,filename_month_year:sample6_2018,True,education_group,high_education,ΠΑΣΟΚ/ΚΙΝΑΛ,9.7727,43,440,532,440.0,high,ok,True
SURVEY_05,sample6_2018.sav,,2018.0,6.0,Q2,2018-Q2,filename_month_year:sample6_2018,True,education_group,high_education,Πλεύση Ελευθερίας,0.9091,4,440,532,440.0,high,ok,True
SURVEY_05,sample6_2018.sav,,2018.0,6.0,Q2,2018-Q2,filename_month_year:sample6_2018,True,education_group,high_education,ΣΥΡΙΖΑ,31.5909,139,440,532,440.0,high,ok,True
SURVEY_05,sample6_2018.sav,,2018.0,6.0,Q2,2018-Q2,filename_month_year:sample6_2018,True,education_group,high_education,Χρυσή Αυγή,7.0455,31,440,532,440.0,high,ok,True
SURVEY_05,sample6_2018.sav,,2018.0,6.0,Q2,2018-Q2,filename_month_year:sample6_2018,True,education_group,low_education,other_party,8.8235,3,34,41,34.0,low,ok,True
SURVEY_05,sample6_2018.sav,,2018.0,6.0,Q2,2018-Q2,filename_month_year:sample6_2018,True,education_group,low_education,ΑΝΕΛ,2.9412,1,34,41,34.0,low,ok,True
SURVEY_05,sample6_2018.sav,,2018.0,6.0,Q2,2018-Q2,filename_month_year:sample6_2018,True,education_group,low_education,Ελληνική Λύση,11.7647,4,34,41,34.0,low,ok,True
SURVEY_05,sample6_2018.sav,,2018.0,6.0,Q2,2018-Q2,filename_month_year:sample6_2018,True,education_group,low_education,ΚΚΕ,14.7059,5,34,41,34.0,low,ok,True
SURVEY_05,sample6_2018.sav,,2018.0,6.0,Q2,2018-Q2,filename_month_year:sample6_2018,True,education_group,low_education,ΝΔ,29.4118,10,34,41,34.0,low,ok,True
SURVEY_05,sample6_2018.sav,,2018.0,6.0,Q2,2018-Q2,filename_month_year:sample6_2018,True,education_group,low_education,ΠΑΣΟΚ/ΚΙΝΑΛ,5.8824,2,34,41,34.0,low,ok,True
SURVEY_05,sample6_2018.sav,,2018.0,6.0,Q2,2018-Q2,filename_month_year:sample6_2018,True,education_group,low_education,Πλεύση Ελευθερίας,2.9412,1,34,41,34.0,low,ok,True
SURVEY_05,sample6_2018.sav,,2018.0,6.0,Q2,2018-Q2,filename_month_year:sample6_2018,True,education_group,low_education,ΣΥΡΙΖΑ,14.7059,5,34,41,34.0,low,ok,True
SURVEY_05,sample6_2018.sav,,2018.0,6.0,Q2,2018-Q2,filename_month_year:sample6_2018,True,education_group,low_education,Χρυσή Αυγή,8.8235,3,34,41,34.0,low,ok,True
SURVEY_05,sample6_2018.sav,,2018.0,6.0,Q2,2018-Q2,filename_month_year:sample6_2018,True,education_group,medium_education,other_party,6.2745,16,255,316,255.0,medium,ok,True
SURVEY_05,sample6_2018.sav,,2018.0,6.0,Q2,2018-Q2,filename_month_year:sample6_2018,True,education_group,medium_education,Ένωση Κεντρώων,2.3529,6,255,316,255.0,medium,ok,True
SURVEY_05,sample6_2018.sav,,2018.0,6.0,Q2,2018-Q2,filename_month_year:sample6_2018,True,education_group,medium_education,ΑΝΕΛ,1.1765,3,255,316,255.0,medium,ok,True
SURVEY_05,sample6_2018.sav,,2018.0,6.0,Q2,2018-Q2,filename_month_year:sample6_2018,True,education_group,medium_education,Ελληνική Λύση,1.9608,5,255,316,255.0,medium,ok,True
SURVEY_05,sample6_2018.sav,,2018.0,6.0,Q2,2018-Q2,filename_month_year:sample6_2018,True,education_group,medium_education,ΚΚΕ,9.4118,24,255,316,255.0,medium,ok,True
SURVEY_05,sample6_2018.sav,,2018.0,6.0,Q2,2018-Q2,filename_month_year:sample6_2018,True,education_group,medium_education,ΜέΡΑ25,0.3922,1,255,316,255.0,medium,ok,True
SURVEY_05,sample6_2018.sav,,2018.0,6.0,Q2,2018-Q2,filename_month_year:sample6_2018,True,education_group,medium_education,ΝΔ,30.9804,79,255,316,255.0,medium,ok,True
SURVEY_05,sample6_2018.sav,,2018.0,6.0,Q2,2018-Q2,filename_month_year:sample6_2018,True,education_group,medium_education,ΠΑΣΟΚ/ΚΙΝΑΛ,7.451,19,255,316,255.0,medium,ok,True
SURVEY_05,sample6_2018.sav,,2018.0,6.0,Q2,2018-Q2,filename_month_year:sample6_2018,True,education_group,medium_education,Πλεύση Ελευθερίας,1.1765,3,255,316,255.0,medium,ok,True
SURVEY_05,sample6_2018.sav,,2018.0,6.0,Q2,2018-Q2,filename_month_year:sample6_2018,True,education_group,medium_education,ΣΥΡΙΖΑ,24.3137,62,255,316,255.0,medium,ok,True
SURVEY_05,sample6_2018.sav,,2018.0,6.0,Q2,2018-Q2,filename_month_year:sample6_2018,True,education_group,medium_education,Χρυσή Αυγή,14.5098,37,255,316,255.0,medium,ok,True
SURVEY_05,sample6_2018.sav,,2018.0,6.0,Q2,2018-Q2,filename_month_year:sample6_2018,True,education_group,Λ) Δε θέλω να απαντήσω,other_party,33.3333,1,3,7,3.0,low,ok,False
SURVEY_05,sample6_2018.sav,,2018.0,6.0,Q2,2018-Q2,filename_month_year:sample6_2018,True,education_group,Λ) Δε θέλω να απαντήσω,Ένωση Κεντρώων,33.3333,1,3,7,3.0,low,ok,False
SURVEY_05,sample6_2018.sav,,2018.0,6.0,Q2,2018-Q2,filename_month_year:sample6_2018,True,education_group,Λ) Δε θέλω να απαντήσω,ΝΔ,33.3333,1,3,7,3.0,low,ok,False
SURVEY_05,sample6_2018.sav,,2018.0,6.0,Q2,2018-Q2,filename_month_year:sample6_2018,True,occupation_group,private_sector,other_party,6.25,9,144,175,144.0,medium,ok,True
SURVEY_05,sample6_2018.sav,,2018.0,6.0,Q2,2018-Q2,filename_month_year:sample6_2018,True,occupation_group,private_sector,Ένωση Κεντρώων,3.4722,5,144,175,144.0,medium,ok,True
SURVEY_05,sample6_2018.sav,,2018.0,6.0,Q2,2018-Q2,filename_month_year:sample6_2018,True,occupation_group,private_sector,ΑΝΕΛ,0.6944,1,144,175,144.0,medium,ok,True
SURVEY_05,sample6_2018.sav,,2018.0,6.0,Q2,2018-Q2,filename_month_year:sample6_2018,True,occupation_group,private_sector,ΚΚΕ,6.25,9,144,175,144.0,medium,ok,True
SURVEY_05,sample6_2018.sav,,2018.0,6.0,Q2,2018-Q2,filename_month_year:sample6_2018,True,occupation_group,private_sector,ΝΔ,33.3333,48,144,175,144.0,medium,ok,True
SURVEY_05,sample6_2018.sav,,2018.0,6.0,Q2,2018-Q2,filename_month_year:sample6_2018,True,occupation_group,private_sector,ΠΑΣΟΚ/ΚΙΝΑΛ,7.6389,11,144,175,144.0,medium,ok,True
SURVEY_05,sample6_2018.sav,,2018.0,6.0,Q2,2018-Q2,filename_month_year:sample6_2018,True,occupation_group,private_sector,Πλεύση Ελευθερίας,2.0833,3,144,175,144.0,medium,ok,True
SURVEY_05,sample6_2018.sav,,2018.0,6.0,Q2,2018-Q2,filename_month_year:sample6_2018,True,occupation_group,private_sector,ΣΥΡΙΖΑ,29.8611,43,144,175,144.0,medium,ok,True
SURVEY_05,sample6_2018.sav,,2018.0,6.0,Q2,2018-Q2,filename_month_year:sample6_2018,True,occupation_group,private_sector,Χρυσή Αυγή,10.4167,15,144,175,144.0,medium,ok,True
SURVEY_05,sample6_2018.sav,,2018.0,6.0,Q2,2018-Q2,filename_month_year:sample6_2018,True,occupation_group,public_sector,other_party,9.1549,13,142,166,142.0,medium,ok,True
SURVEY_05,sample6_2018.sav,,2018.0,6.0,Q2,2018-Q2,filename_month_year:sample6_2018,True,occupation_group,public_sector,Ένωση Κεντρώων,3.5211,5,142,166,142.0,medium,ok,True
SURVEY_05,sample6_2018.sav,,2018.0,6.0,Q2,2018-Q2,filename_month_year:sample6_2018,True,occupation_group,public_sector,ΑΝΕΛ,2.1127,3,142,166,142.0,medium,ok,True
SURVEY_05,sample6_2018.sav,,2018.0,6.0,Q2,2018-Q2,filename_month_year:sample6_2018,True,occupation_group,public_sector,Ελληνική Λύση,2.8169,4,142,166,142.0,medium,ok,True
SURVEY_05,sample6_2018.sav,,2018.0,6.0,Q2,2018-Q2,filename_month_year:sample6_2018,True,occupation_group,public_sector,ΚΚΕ,2.8169,4,142,166,142.0,medium,ok,True
SURVEY_05,sample6_2018.sav,,2018.0,6.0,Q2,2018-Q2,filename_month_year:sample6_2018,True,occupation_group,public_sector,ΝΔ,28.8732,41,142,166,142.0,medium,ok,True
SURVEY_05,sample6_2018.sav,,2018.0,6.0,Q2,2018-Q2,filename_month_year:sample6_2018,True,occupation_group,public_sector,ΠΑΣΟΚ/ΚΙΝΑΛ,10.5634,15,142,166,142.0,medium,ok,True
SURVEY_05,sample6_2018.sav,,2018.0,6.0,Q2,2018-Q2,filename_month_year:sample6_2018,True,occupation_group,public_sector,Πλεύση Ελευθερίας,0.7042,1,142,166,142.0,medium,ok,True
SURVEY_05,sample6_2018.sav,,2018.0,6.0,Q2,2018-Q2,filename_month_year:sample6_2018,True,occupation_group,public_sector,ΣΥΡΙΖΑ,30.9859,44,142,166,142.0,medium,ok,True
SURVEY_05,sample6_2018.sav,,2018.0,6.0,Q2,2018-Q2,filename_month_year:sample6_2018,True,occupation_group,public_sector,Χρυσή Αυγή,8.4507,12,142,166,142.0,medium,ok,True
SURVEY_05,sample6_2018.sav,,2018.0,6.0,Q2,2018-Q2,filename_month_year:sample6_2018,True,occupation_group,self_employed,other_party,8.6093,13,151,186,151.0,medium,ok,True
SURVEY_05,sample6_2018.sav,,2018.0,6.0,Q2,2018-Q2,filename_month_year:sample6_2018,True,occupation_group,self_employed,Ένωση Κεντρώων,2.649,4,151,186,151.0,medium,ok,True
SURVEY_05,sample6_2018.sav,,2018.0,6.0,Q2,2018-Q2,filename_month_year:sample6_2018,True,occupation_group,self_employed,ΑΝΕΛ,1.3245,2,151,186,151.0,medium,ok,True
SURVEY_05,sample6_2018.sav,,2018.0,6.0,Q2,2018-Q2,filename_month_year:sample6_2018,True,occupation_group,self_employed,Ελληνική Λύση,1.3245,2,151,186,151.0,medium,ok,True
SURVEY_05,sample6_2018.sav,,2018.0,6.0,Q2,2018-Q2,filename_month_year:sample6_2018,True,occupation_group,self_employed,ΚΚΕ,2.649,4,151,186,151.0,medium,ok,True
SURVEY_05,sample6_2018.sav,,2018.0,6.0,Q2,2018-Q2,filename_month_year:sample6_2018,True,occupation_group,self_employed,ΝΔ,32.4503,49,151,186,151.0,medium,ok,True
SURVEY_05,sample6_2018.sav,,2018.0,6.0,Q2,2018-Q2,filename_month_year:sample6_2018,True,occupation_group,self_employed,ΠΑΣΟΚ/ΚΙΝΑΛ,10.596,16,151,186,151.0,medium,ok,True
SURVEY_05,sample6_2018.sav,,2018.0,6.0,Q2,2018-Q2,filename_month_year:sample6_2018,True,occupation_group,self_employed,ΣΥΡΙΖΑ,31.1258,47,151,186,151.0,medium,ok,True
SURVEY_05,sample6_2018.sav,,2018.0,6.0,Q2,2018-Q2,filename_month_year:sample6_2018,True,occupation_group,self_employed,Χρυσή Αυγή,9.2715,14,151,186,151.0,medium,ok,True
SURVEY_05,sample6_2018.sav,,2018.0,6.0,Q2,2018-Q2,filename_month_year:sample6_2018,True,occupation_group,Ε) Δεν εργάζομαι,other_party,6.4935,15,231,299,231.0,medium,ok,True
SURVEY_05,sample6_2018.sav,,2018.0,6.0,Q2,2018-Q2,filename_month_year:sample6_2018,True,occupation_group,Ε) Δεν εργάζομαι,Ένωση Κεντρώων,1.7316,4,231,299,231.0,medium,ok,True
SURVEY_05,sample6_2018.sav,,2018.0,6.0,Q2,2018-Q2,filename_month_year:sample6_2018,True,occupation_group,Ε) Δεν εργάζομαι,Ελληνική Λύση,3.0303,7,231,299,231.0,medium,ok,True
SURVEY_05,sample6_2018.sav,,2018.0,6.0,Q2,2018-Q2,filename_month_year:sample6_2018,True,occupation_group,Ε) Δεν εργάζομαι,ΚΚΕ,12.1212,28,231,299,231.0,medium,ok,True
SURVEY_05,sample6_2018.sav,,2018.0,6.0,Q2,2018-Q2,filename_month_year:sample6_2018,True,occupation_group,Ε) Δεν εργάζομαι,ΜέΡΑ25,0.8658,2,231,299,231.0,medium,ok,True
SURVEY_05,sample6_2018.sav,,2018.0,6.0,Q2,2018-Q2,filename_month_year:sample6_2018,True,occupation_group,Ε) Δεν εργάζομαι,ΝΔ,33.7662,78,231,299,231.0,medium,ok,True
SURVEY_05,sample6_2018.sav,,2018.0,6.0,Q2,2018-Q2,filename_month_year:sample6_2018,True,occupation_group,Ε) Δεν εργάζομαι,ΠΑΣΟΚ/ΚΙΝΑΛ,7.3593,17,231,299,231.0,medium,ok,True
SURVEY_05,sample6_2018.sav,,2018.0,6.0,Q2,2018-Q2,filename_month_year:sample6_2018,True,occupation_group,Ε) Δεν εργάζομαι,Πλεύση Ελευθερίας,1.2987,3,231,299,231.0,medium,ok,True
SURVEY_05,sample6_2018.sav,,2018.0,6.0,Q2,2018-Q2,filename_month_year:sample6_2018,True,occupation_group,Ε) Δεν εργάζομαι,ΣΥΡΙΖΑ,23.3766,54,231,299,231.0,medium,ok,True
SURVEY_05,sample6_2018.sav,,2018.0,6.0,Q2,2018-Q2,filename_month_year:sample6_2018,True,occupation_group,Ε) Δεν εργάζομαι,Χρυσή Αυγή,9.9567,23,231,299,231.0,medium,ok,True
SURVEY_05,sample6_2018.sav,,2018.0,6.0,Q2,2018-Q2,filename_month_year:sample6_2018,True,occupation_group,Ζ) Δεν αναζητώ εργασία,other_party,9.0909,2,22,23,22.0,low,ok,False
SURVEY_05,sample6_2018.sav,,2018.0,6.0,Q2,2018-Q2,filename_month_year:sample6_2018,True,occupation_group,Ζ) Δεν αναζητώ εργασία,ΚΚΕ,9.0909,2,22,23,22.0,low,ok,False
SURVEY_05,sample6_2018.sav,,2018.0,6.0,Q2,2018-Q2,filename_month_year:sample6_2018,True,occupation_group,Ζ) Δεν αναζητώ εργασία,ΜέΡΑ25,4.5455,1,22,23,22.0,low,ok,False
SURVEY_05,sample6_2018.sav,,2018.0,6.0,Q2,2018-Q2,filename_month_year:sample6_2018,True,occupation_group,Ζ) Δεν αναζητώ εργασία,ΝΔ,22.7273,5,22,23,22.0,low,ok,False
SURVEY_05,sample6_2018.sav,,2018.0,6.0,Q2,2018-Q2,filename_month_year:sample6_2018,True,occupation_group,Ζ) Δεν αναζητώ εργασία,ΠΑΣΟΚ/ΚΙΝΑΛ,13.6364,3,22,23,22.0,low,ok,False
SURVEY_05,sample6_2018.sav,,2018.0,6.0,Q2,2018-Q2,filename_month_year:sample6_2018,True,occupation_group,Ζ) Δεν αναζητώ εργασία,ΣΥΡΙΖΑ,27.2727,6,22,23,22.0,low,ok,False
SURVEY_05,sample6_2018.sav,,2018.0,6.0,Q2,2018-Q2,filename_month_year:sample6_2018,True,occupation_group,Ζ) Δεν αναζητώ εργασία,Χρυσή Αυγή,13.6364,3,22,23,22.0,low,ok,False
SURVEY_05,sample6_2018.sav,,2018.0,6.0,Q2,2018-Q2,filename_month_year:sample6_2018,True,occupation_group,Η) Δε θέλω να απαντήσω,other_party,7.1429,3,42,47,42.0,low,ok,True
SURVEY_05,sample6_2018.sav,,2018.0,6.0,Q2,2018-Q2,filename_month_year:sample6_2018,True,occupation_group,Η) Δε θέλω να απαντήσω,ΑΝΕΛ,7.1429,3,42,47,42.0,low,ok,True
SURVEY_05,sample6_2018.sav,,2018.0,6.0,Q2,2018-Q2,filename_month_year:sample6_2018,True,occupation_group,Η) Δε θέλω να απαντήσω,Ελληνική Λύση,2.381,1,42,47,42.0,low,ok,True
SURVEY_05,sample6_2018.sav,,2018.0,6.0,Q2,2018-Q2,filename_month_year:sample6_2018,True,occupation_group,Η) Δε θέλω να απαντήσω,ΚΚΕ,2.381,1,42,47,42.0,low,ok,True
SURVEY_05,sample6_2018.sav,,2018.0,6.0,Q2,2018-Q2,filename_month_year:sample6_2018,True,occupation_group,Η) Δε θέλω να απαντήσω,ΝΔ,35.7143,15,42,47,42.0,low,ok,True
SURVEY_05,sample6_2018.sav,,2018.0,6.0,Q2,2018-Q2,filename_month_year:sample6_2018,True,occupation_group,Η) Δε θέλω να απαντήσω,ΠΑΣΟΚ/ΚΙΝΑΛ,4.7619,2,42,47,42.0,low,ok,True
SURVEY_05,sample6_2018.sav,,2018.0,6.0,Q2,2018-Q2,filename_month_year:sample6_2018,True,occupation_group,Η) Δε θέλω να απαντήσω,Πλεύση Ελευθερίας,2.381,1,42,47,42.0,low,ok,True
SURVEY_05,sample6_2018.sav,,2018.0,6.0,Q2,2018-Q2,filename_month_year:sample6_2018,True,occupation_group,Η) Δε θέλω να απαντήσω,ΣΥΡΙΖΑ,28.5714,12,42,47,42.0,low,ok,True
SURVEY_05,sample6_2018.sav,,2018.0,6.0,Q2,2018-Q2,filename_month_year:sample6_2018,True,occupation_group,Η) Δε θέλω να απαντήσω,Χρυσή Αυγή,9.5238,4,42,47,42.0,low,ok,True
SURVEY_05,sample6_2018.sav,,2018.0,6.0,Q2,2018-Q2,filename_month_year:sample6_2018,True,left_right_group,center,other_party,5.8659,21,358,451,358.0,high,ok,True
SURVEY_05,sample6_2018.sav,,2018.0,6.0,Q2,2018-Q2,filename_month_year:sample6_2018,True,left_right_group,center,Ένωση Κεντρώων,4.1899,15,358,451,358.0,high,ok,True
SURVEY_05,sample6_2018.sav,,2018.0,6.0,Q2,2018-Q2,filename_month_year:sample6_2018,True,left_right_group,center,ΑΝΕΛ,1.3966,5,358,451,358.0,high,ok,True
SURVEY_05,sample6_2018.sav,,2018.0,6.0,Q2,2018-Q2,filename_month_year:sample6_2018,True,left_right_group,center,Ελληνική Λύση,1.676,6,358,451,358.0,high,ok,True
SURVEY_05,sample6_2018.sav,,2018.0,6.0,Q2,2018-Q2,filename_month_year:sample6_2018,True,left_right_group,center,ΚΚΕ,2.514,9,358,451,358.0,high,ok,True
SURVEY_05,sample6_2018.sav,,2018.0,6.0,Q2,2018-Q2,filename_month_year:sample6_2018,True,left_right_group,center,ΜέΡΑ25,0.2793,1,358,451,358.0,high,ok,True
SURVEY_05,sample6_2018.sav,,2018.0,6.0,Q2,2018-Q2,filename_month_year:sample6_2018,True,left_right_group,center,ΝΔ,38.2682,137,358,451,358.0,high,ok,True
SURVEY_05,sample6_2018.sav,,2018.0,6.0,Q2,2018-Q2,filename_month_year:sample6_2018,True,left_right_group,center,ΠΑΣΟΚ/ΚΙΝΑΛ,16.4804,59,358,451,358.0,high,ok,True
SURVEY_05,sample6_2018.sav,,2018.0,6.0,Q2,2018-Q2,filename_month_year:sample6_2018,True,left_right_group,center,Πλεύση Ελευθερίας,1.676,6,358,451,358.0,high,ok,True
SURVEY_05,sample6_2018.sav,,2018.0,6.0,Q2,2018-Q2,filename_month_year:sample6_2018,True,left_right_group,center,ΣΥΡΙΖΑ,25.6983,92,358,451,358.0,high,ok,True
SURVEY_05,sample6_2018.sav,,2018.0,6.0,Q2,2018-Q2,filename_month_year:sample6_2018,True,left_right_group,center,Χρυσή Αυγή,1.9553,7,358,451,358.0,high,ok,True
SURVEY_05,sample6_2018.sav,,2018.0,6.0,Q2,2018-Q2,filename_month_year:sample6_2018,True,left_right_group,left,other_party,7.8313,13,166,193,166.0,medium,ok,True
SURVEY_05,sample6_2018.sav,,2018.0,6.0,Q2,2018-Q2,filename_month_year:sample6_2018,True,left_right_group,left,ΑΝΕΛ,0.6024,1,166,193,166.0,medium,ok,True
SURVEY_05,sample6_2018.sav,,2018.0,6.0,Q2,2018-Q2,filename_month_year:sample6_2018,True,left_right_group,left,ΚΚΕ,20.4819,34,166,193,166.0,medium,ok,True
SURVEY_05,sample6_2018.sav,,2018.0,6.0,Q2,2018-Q2,filename_month_year:sample6_2018,True,left_right_group,left,ΜέΡΑ25,1.2048,2,166,193,166.0,medium,ok,True
SURVEY_05,sample6_2018.sav,,2018.0,6.0,Q2,2018-Q2,filename_month_year:sample6_2018,True,left_right_group,left,ΠΑΣΟΚ/ΚΙΝΑΛ,2.4096,4,166,193,166.0,medium,ok,True
SURVEY_05,sample6_2018.sav,,2018.0,6.0,Q2,2018-Q2,filename_month_year:sample6_2018,True,left_right_group,left,Πλεύση Ελευθερίας,1.2048,2,166,193,166.0,medium,ok,True
SURVEY_05,sample6_2018.sav,,2018.0,6.0,Q2,2018-Q2,filename_month_year:sample6_2018,True,left_right_group,left,ΣΥΡΙΖΑ,63.8554,106,166,193,166.0,medium,ok,True
SURVEY_05,sample6_2018.sav,,2018.0,6.0,Q2,2018-Q2,filename_month_year:sample6_2018,True,left_right_group,left,Χρυσή Αυγή,2.4096,4,166,193,166.0,medium,ok,True
SURVEY_05,sample6_2018.sav,,2018.0,6.0,Q2,2018-Q2,filename_month_year:sample6_2018,True,left_right_group,right,other_party,8.3871,13,155,175,155.0,medium,ok,True
SURVEY_05,sample6_2018.sav,,2018.0,6.0,Q2,2018-Q2,filename_month_year:sample6_2018,True,left_right_group,right,ΑΝΕΛ,1.2903,2,155,175,155.0,medium,ok,True
SURVEY_05,sample6_2018.sav,,2018.0,6.0,Q2,2018-Q2,filename_month_year:sample6_2018,True,left_right_group,right,Ελληνική Λύση,2.5806,4,155,175,155.0,medium,ok,True
SURVEY_05,sample6_2018.sav,,2018.0,6.0,Q2,2018-Q2,filename_month_year:sample6_2018,True,left_right_group,right,ΝΔ,56.7742,88,155,175,155.0,medium,ok,True
SURVEY_05,sample6_2018.sav,,2018.0,6.0,Q2,2018-Q2,filename_month_year:sample6_2018,True,left_right_group,right,ΠΑΣΟΚ/ΚΙΝΑΛ,0.6452,1,155,175,155.0,medium,ok,True
SURVEY_05,sample6_2018.sav,,2018.0,6.0,Q2,2018-Q2,filename_month_year:sample6_2018,True,left_right_group,right,ΣΥΡΙΖΑ,1.9355,3,155,175,155.0,medium,ok,True
SURVEY_05,sample6_2018.sav,,2018.0,6.0,Q2,2018-Q2,filename_month_year:sample6_2018,True,left_right_group,right,Χρυσή Αυγή,28.3871,44,155,175,155.0,medium,ok,True
SURVEY_05,sample6_2018.sav,,2018.0,6.0,Q2,2018-Q2,filename_month_year:sample6_2018,True,previous_vote_party,other_party,other_party,22.8758,35,153,203,153.0,medium,ok,True
SURVEY_05,sample6_2018.sav,,2018.0,6.0,Q2,2018-Q2,filename_month_year:sample6_2018,True,previous_vote_party,other_party,Ένωση Κεντρώων,1.9608,3,153,203,153.0,medium,ok,True
SURVEY_05,sample6_2018.sav,,2018.0,6.0,Q2,2018-Q2,filename_month_year:sample6_2018,True,previous_vote_party,other_party,Ελληνική Λύση,1.9608,3,153,203,153.0,medium,ok,True
SURVEY_05,sample6_2018.sav,,2018.0,6.0,Q2,2018-Q2,filename_month_year:sample6_2018,True,previous_vote_party,other_party,ΚΚΕ,5.8824,9,153,203,153.0,medium,ok,True
SURVEY_05,sample6_2018.sav,,2018.0,6.0,Q2,2018-Q2,filename_month_year:sample6_2018,True,previous_vote_party,other_party,ΜέΡΑ25,0.6536,1,153,203,153.0,medium,ok,True
SURVEY_05,sample6_2018.sav,,2018.0,6.0,Q2,2018-Q2,filename_month_year:sample6_2018,True,previous_vote_party,other_party,ΝΔ,18.9542,29,153,203,153.0,medium,ok,True
SURVEY_05,sample6_2018.sav,,2018.0,6.0,Q2,2018-Q2,filename_month_year:sample6_2018,True,previous_vote_party,other_party,ΠΑΣΟΚ/ΚΙΝΑΛ,28.7582,44,153,203,153.0,medium,ok,True
SURVEY_05,sample6_2018.sav,,2018.0,6.0,Q2,2018-Q2,filename_month_year:sample6_2018,True,previous_vote_party,other_party,Πλεύση Ελευθερίας,1.9608,3,153,203,153.0,medium,ok,True
SURVEY_05,sample6_2018.sav,,2018.0,6.0,Q2,2018-Q2,filename_month_year:sample6_2018,True,previous_vote_party,other_party,ΣΥΡΙΖΑ,11.7647,18,153,203,153.0,medium,ok,True
SURVEY_05,sample6_2018.sav,,2018.0,6.0,Q2,2018-Q2,filename_month_year:sample6_2018,True,previous_vote_party,other_party,Χρυσή Αυγή,5.2288,8,153,203,153.0,medium,ok,True
SURVEY_05,sample6_2018.sav,,2018.0,6.0,Q2,2018-Q2,filename_month_year:sample6_2018,True,previous_vote_party,Ένωση Κεντρώων,Ένωση Κεντρώων,36.3636,4,11,18,11.0,low,ok,False
SURVEY_05,sample6_2018.sav,,2018.0,6.0,Q2,2018-Q2,filename_month_year:sample6_2018,True,previous_vote_party,Ένωση Κεντρώων,ΑΝΕΛ,9.0909,1,11,18,11.0,low,ok,False
SURVEY_05,sample6_2018.sav,,2018.0,6.0,Q2,2018-Q2,filename_month_year:sample6_2018,True,previous_vote_party,Ένωση Κεντρώων,ΝΔ,45.4545,5,11,18,11.0,low,ok,False
SURVEY_05,sample6_2018.sav,,2018.0,6.0,Q2,2018-Q2,filename_month_year:sample6_2018,True,previous_vote_party,Ένωση Κεντρώων,ΣΥΡΙΖΑ,9.0909,1,11,18,11.0,low,ok,False
SURVEY_05,sample6_2018.sav,,2018.0,6.0,Q2,2018-Q2,filename_month_year:sample6_2018,True,previous_vote_party,ΑΝΕΛ,other_party,17.3913,4,23,37,23.0,low,ok,False
SURVEY_05,sample6_2018.sav,,2018.0,6.0,Q2,2018-Q2,filename_month_year:sample6_2018,True,previous_vote_party,ΑΝΕΛ,Ένωση Κεντρώων,8.6957,2,23,37,23.0,low,ok,False
SURVEY_05,sample6_2018.sav,,2018.0,6.0,Q2,2018-Q2,filename_month_year:sample6_2018,True,previous_vote_party,ΑΝΕΛ,ΑΝΕΛ,26.087,6,23,37,23.0,low,ok,False
SURVEY_05,sample6_2018.sav,,2018.0,6.0,Q2,2018-Q2,filename_month_year:sample6_2018,True,previous_vote_party,ΑΝΕΛ,Ελληνική Λύση,8.6957,2,23,37,23.0,low,ok,False
SURVEY_05,sample6_2018.sav,,2018.0,6.0,Q2,2018-Q2,filename_month_year:sample6_2018,True,previous_vote_party,ΑΝΕΛ,ΝΔ,21.7391,5,23,37,23.0,low,ok,False
SURVEY_05,sample6_2018.sav,,2018.0,6.0,Q2,2018-Q2,filename_month_year:sample6_2018,True,previous_vote_party,ΑΝΕΛ,Χρυσή Αυγή,17.3913,4,23,37,23.0,low,ok,False
SURVEY_05,sample6_2018.sav,,2018.0,6.0,Q2,2018-Q2,filename_month_year:sample6_2018,True,previous_vote_party,ΚΚΕ,other_party,2.2727,1,44,48,44.0,low,ok,True
SURVEY_05,sample6_2018.sav,,2018.0,6.0,Q2,2018-Q2,filename_month_year:sample6_2018,True,previous_vote_party,ΚΚΕ,Ένωση Κεντρώων,2.2727,1,44,48,44.0,low,ok,True
SURVEY_05,sample6_2018.sav,,2018.0,6.0,Q2,2018-Q2,filename_month_year:sample6_2018,True,previous_vote_party,ΚΚΕ,Ελληνική Λύση,2.2727,1,44,48,44.0,low,ok,True
SURVEY_05,sample6_2018.sav,,2018.0,6.0,Q2,2018-Q2,filename_month_year:sample6_2018,True,previous_vote_party,ΚΚΕ,ΚΚΕ,68.1818,30,44,48,44.0,low,ok,True
SURVEY_05,sample6_2018.sav,,2018.0,6.0,Q2,2018-Q2,filename_month_year:sample6_2018,True,previous_vote_party,ΚΚΕ,ΜέΡΑ25,2.2727,1,44,48,44.0,low,ok,True
SURVEY_05,sample6_2018.sav,,2018.0,6.0,Q2,2018-Q2,filename_month_year:sample6_2018,True,previous_vote_party,ΚΚΕ,ΝΔ,6.8182,3,44,48,44.0,low,ok,True
SURVEY_05,sample6_2018.sav,,2018.0,6.0,Q2,2018-Q2,filename_month_year:sample6_2018,True,previous_vote_party,ΚΚΕ,ΣΥΡΙΖΑ,11.3636,5,44,48,44.0,low,ok,True
SURVEY_05,sample6_2018.sav,,2018.0,6.0,Q2,2018-Q2,filename_month_year:sample6_2018,True,previous_vote_party,ΚΚΕ,Χρυσή Αυγή,4.5455,2,44,48,44.0,low,ok,True
SURVEY_05,sample6_2018.sav,,2018.0,6.0,Q2,2018-Q2,filename_month_year:sample6_2018,True,previous_vote_party,ΝΔ,other_party,3.0612,6,196,207,196.0,medium,ok,True
SURVEY_05,sample6_2018.sav,,2018.0,6.0,Q2,2018-Q2,filename_month_year:sample6_2018,True,previous_vote_party,ΝΔ,Ένωση Κεντρώων,2.551,5,196,207,196.0,medium,ok,True
SURVEY_05,sample6_2018.sav,,2018.0,6.0,Q2,2018-Q2,filename_month_year:sample6_2018,True,previous_vote_party,ΝΔ,ΑΝΕΛ,1.0204,2,196,207,196.0,medium,ok,True
SURVEY_05,sample6_2018.sav,,2018.0,6.0,Q2,2018-Q2,filename_month_year:sample6_2018,True,previous_vote_party,ΝΔ,Ελληνική Λύση,0.5102,1,196,207,196.0,medium,ok,True
SURVEY_05,sample6_2018.sav,,2018.0,6.0,Q2,2018-Q2,filename_month_year:sample6_2018,True,previous_vote_party,ΝΔ,ΝΔ,81.1224,159,196,207,196.0,medium,ok,True
SURVEY_05,sample6_2018.sav,,2018.0,6.0,Q2,2018-Q2,filename_month_year:sample6_2018,True,previous_vote_party,ΝΔ,ΠΑΣΟΚ/ΚΙΝΑΛ,1.0204,2,196,207,196.0,medium,ok,True
SURVEY_05,sample6_2018.sav,,2018.0,6.0,Q2,2018-Q2,filename_month_year:sample6_2018,True,previous_vote_party,ΝΔ,Πλεύση Ελευθερίας,0.5102,1,196,207,196.0,medium,ok,True
SURVEY_05,sample6_2018.sav,,2018.0,6.0,Q2,2018-Q2,filename_month_year:sample6_2018,True,previous_vote_party,ΝΔ,ΣΥΡΙΖΑ,7.1429,14,196,207,196.0,medium,ok,True
SURVEY_05,sample6_2018.sav,,2018.0,6.0,Q2,2018-Q2,filename_month_year:sample6_2018,True,previous_vote_party,ΝΔ,Χρυσή Αυγή,3.0612,6,196,207,196.0,medium,ok,True
SURVEY_05,sample6_2018.sav,,2018.0,6.0,Q2,2018-Q2,filename_month_year:sample6_2018,True,previous_vote_party,Ποτάμι,other_party,12.5,3,24,41,24.0,low,ok,False
SURVEY_05,sample6_2018.sav,,2018.0,6.0,Q2,2018-Q2,filename_month_year:sample6_2018,True,previous_vote_party,Ποτάμι,Ένωση Κεντρώων,4.1667,1,24,41,24.0,low,ok,False
SURVEY_05,sample6_2018.sav,,2018.0,6.0,Q2,2018-Q2,filename_month_year:sample6_2018,True,previous_vote_party,Ποτάμι,ΚΚΕ,4.1667,1,24,41,24.0,low,ok,False
SURVEY_05,sample6_2018.sav,,2018.0,6.0,Q2,2018-Q2,filename_month_year:sample6_2018,True,previous_vote_party,Ποτάμι,ΝΔ,25.0,6,24,41,24.0,low,ok,False
SURVEY_05,sample6_2018.sav,,2018.0,6.0,Q2,2018-Q2,filename_month_year:sample6_2018,True,previous_vote_party,Ποτάμι,ΠΑΣΟΚ/ΚΙΝΑΛ,20.8333,5,24,41,24.0,low,ok,False
SURVEY_05,sample6_2018.sav,,2018.0,6.0,Q2,2018-Q2,filename_month_year:sample6_2018,True,previous_vote_party,Ποτάμι,ΣΥΡΙΖΑ,20.8333,5,24,41,24.0,low,ok,False
SURVEY_05,sample6_2018.sav,,2018.0,6.0,Q2,2018-Q2,filename_month_year:sample6_2018,True,previous_vote_party,Ποτάμι,Χρυσή Αυγή,12.5,3,24,41,24.0,low,ok,False
SURVEY_05,sample6_2018.sav,,2018.0,6.0,Q2,2018-Q2,filename_month_year:sample6_2018,True,previous_vote_party,ΣΥΡΙΖΑ,other_party,1.7937,4,223,261,223.0,medium,ok,True
SURVEY_05,sample6_2018.sav,,2018.0,6.0,Q2,2018-Q2,filename_month_year:sample6_2018,True,previous_vote_party,ΣΥΡΙΖΑ,Ένωση Κεντρώων,0.4484,1,223,261,223.0,medium,ok,True
SURVEY_05,sample6_2018.sav,,2018.0,6.0,Q2,2018-Q2,filename_month_year:sample6_2018,True,previous_vote_party,ΣΥΡΙΖΑ,Ελληνική Λύση,0.8969,2,223,261,223.0,medium,ok,True
SURVEY_05,sample6_2018.sav,,2018.0,6.0,Q2,2018-Q2,filename_month_year:sample6_2018,True,previous_vote_party,ΣΥΡΙΖΑ,ΚΚΕ,3.139,7,223,261,223.0,medium,ok,True
SURVEY_05,sample6_2018.sav,,2018.0,6.0,Q2,2018-Q2,filename_month_year:sample6_2018,True,previous_vote_party,ΣΥΡΙΖΑ,ΜέΡΑ25,0.4484,1,223,261,223.0,medium,ok,True
SURVEY_05,sample6_2018.sav,,2018.0,6.0,Q2,2018-Q2,filename_month_year:sample6_2018,True,previous_vote_party,ΣΥΡΙΖΑ,ΝΔ,10.7623,24,223,261,223.0,medium,ok,True
SURVEY_05,sample6_2018.sav,,2018.0,6.0,Q2,2018-Q2,filename_month_year:sample6_2018,True,previous_vote_party,ΣΥΡΙΖΑ,ΠΑΣΟΚ/ΚΙΝΑΛ,4.0359,9,223,261,223.0,medium,ok,True
SURVEY_05,sample6_2018.sav,,2018.0,6.0,Q2,2018-Q2,filename_month_year:sample6_2018,True,previous_vote_party,ΣΥΡΙΖΑ,Πλεύση Ελευθερίας,1.7937,4,223,261,223.0,medium,ok,True
SURVEY_05,sample6_2018.sav,,2018.0,6.0,Q2,2018-Q2,filename_month_year:sample6_2018,True,previous_vote_party,ΣΥΡΙΖΑ,ΣΥΡΙΖΑ,72.1973,161,223,261,223.0,medium,ok,True
SURVEY_05,sample6_2018.sav,,2018.0,6.0,Q2,2018-Q2,filename_month_year:sample6_2018,True,previous_vote_party,ΣΥΡΙΖΑ,Χρυσή Αυγή,4.4843,10,223,261,223.0,medium,ok,True
SURVEY_05,sample6_2018.sav,,2018.0,6.0,Q2,2018-Q2,filename_month_year:sample6_2018,True,previous_vote_party,Χρυσή Αυγή,other_party,2.2727,1,44,48,44.0,low,ok,True
SURVEY_05,sample6_2018.sav,,2018.0,6.0,Q2,2018-Q2,filename_month_year:sample6_2018,True,previous_vote_party,Χρυσή Αυγή,Ένωση Κεντρώων,2.2727,1,44,48,44.0,low,ok,True
SURVEY_05,sample6_2018.sav,,2018.0,6.0,Q2,2018-Q2,filename_month_year:sample6_2018,True,previous_vote_party,Χρυσή Αυγή,Ελληνική Λύση,11.3636,5,44,48,44.0,low,ok,True
SURVEY_05,sample6_2018.sav,,2018.0,6.0,Q2,2018-Q2,filename_month_year:sample6_2018,True,previous_vote_party,Χρυσή Αυγή,ΝΔ,4.5455,2,44,48,44.0,low,ok,True
SURVEY_05,sample6_2018.sav,,2018.0,6.0,Q2,2018-Q2,filename_month_year:sample6_2018,True,previous_vote_party,Χρυσή Αυγή,Χρυσή Αυγή,79.5455,35,44,48,44.0,low,ok,True
SURVEY_05,sample6_2018.sav,,2018.0,6.0,Q2,2018-Q2,filename_month_year:sample6_2018,True,region_group,Α) Αττική,other_party,9.7674,21,215,261,215.0,medium,ok,True
SURVEY_05,sample6_2018.sav,,2018.0,6.0,Q2,2018-Q2,filename_month_year:sample6_2018,True,region_group,Α) Αττική,Ένωση Κεντρώων,1.3953,3,215,261,215.0,medium,ok,True
SURVEY_05,sample6_2018.sav,,2018.0,6.0,Q2,2018-Q2,filename_month_year:sample6_2018,True,region_group,Α) Αττική,ΑΝΕΛ,0.4651,1,215,261,215.0,medium,ok,True
SURVEY_05,sample6_2018.sav,,2018.0,6.0,Q2,2018-Q2,filename_month_year:sample6_2018,True,region_group,Α) Αττική,Ελληνική Λύση,1.3953,3,215,261,215.0,medium,ok,True
SURVEY_05,sample6_2018.sav,,2018.0,6.0,Q2,2018-Q2,filename_month_year:sample6_2018,True,region_group,Α) Αττική,ΚΚΕ,7.4419,16,215,261,215.0,medium,ok,True
SURVEY_05,sample6_2018.sav,,2018.0,6.0,Q2,2018-Q2,filename_month_year:sample6_2018,True,region_group,Α) Αττική,ΝΔ,38.1395,82,215,261,215.0,medium,ok,True
SURVEY_05,sample6_2018.sav,,2018.0,6.0,Q2,2018-Q2,filename_month_year:sample6_2018,True,region_group,Α) Αττική,ΠΑΣΟΚ/ΚΙΝΑΛ,5.5814,12,215,261,215.0,medium,ok,True
SURVEY_05,sample6_2018.sav,,2018.0,6.0,Q2,2018-Q2,filename_month_year:sample6_2018,True,region_group,Α) Αττική,Πλεύση Ελευθερίας,1.8605,4,215,261,215.0,medium,ok,True
SURVEY_05,sample6_2018.sav,,2018.0,6.0,Q2,2018-Q2,filename_month_year:sample6_2018,True,region_group,Α) Αττική,ΣΥΡΙΖΑ,26.5116,57,215,261,215.0,medium,ok,True
SURVEY_05,sample6_2018.sav,,2018.0,6.0,Q2,2018-Q2,filename_month_year:sample6_2018,True,region_group,Α) Αττική,Χρυσή Αυγή,7.4419,16,215,261,215.0,medium,ok,True
SURVEY_05,sample6_2018.sav,,2018.0,6.0,Q2,2018-Q2,filename_month_year:sample6_2018,True,region_group,Β) Στερεά Ελλάδα,other_party,5.4054,2,37,41,37.0,low,ok,True
SURVEY_05,sample6_2018.sav,,2018.0,6.0,Q2,2018-Q2,filename_month_year:sample6_2018,True,region_group,Β) Στερεά Ελλάδα,Ένωση Κεντρώων,2.7027,1,37,41,37.0,low,ok,True
SURVEY_05,sample6_2018.sav,,2018.0,6.0,Q2,2018-Q2,filename_month_year:sample6_2018,True,region_group,Β) Στερεά Ελλάδα,ΚΚΕ,21.6216,8,37,41,37.0,low,ok,True
SURVEY_05,sample6_2018.sav,,2018.0,6.0,Q2,2018-Q2,filename_month_year:sample6_2018,True,region_group,Β) Στερεά Ελλάδα,ΝΔ,27.027,10,37,41,37.0,low,ok,True
SURVEY_05,sample6_2018.sav,,2018.0,6.0,Q2,2018-Q2,filename_month_year:sample6_2018,True,region_group,Β) Στερεά Ελλάδα,ΠΑΣΟΚ/ΚΙΝΑΛ,10.8108,4,37,41,37.0,low,ok,True
SURVEY_05,sample6_2018.sav,,2018.0,6.0,Q2,2018-Q2,filename_month_year:sample6_2018,True,region_group,Β) Στερεά Ελλάδα,ΣΥΡΙΖΑ,29.7297,11,37,41,37.0,low,ok,True
SURVEY_05,sample6_2018.sav,,2018.0,6.0,Q2,2018-Q2,filename_month_year:sample6_2018,True,region_group,Β) Στερεά Ελλάδα,Χρυσή Αυγή,2.7027,1,37,41,37.0,low,ok,True
SURVEY_05,sample6_2018.sav,,2018.0,6.0,Q2,2018-Q2,filename_month_year:sample6_2018,True,region_group,Γ) Κεντρική Μακεδονία,other_party,9.0909,13,143,189,143.0,medium,ok,True
SURVEY_05,sample6_2018.sav,,2018.0,6.0,Q2,2018-Q2,filename_month_year:sample6_2018,True,region_group,Γ) Κεντρική Μακεδονία,Ένωση Κεντρώων,4.1958,6,143,189,143.0,medium,ok,True
SURVEY_05,sample6_2018.sav,,2018.0,6.0,Q2,2018-Q2,filename_month_year:sample6_2018,True,region_group,Γ) Κεντρική Μακεδονία,ΑΝΕΛ,3.4965,5,143,189,143.0,medium,ok,True
SURVEY_05,sample6_2018.sav,,2018.0,6.0,Q2,2018-Q2,filename_month_year:sample6_2018,True,region_group,Γ) Κεντρική Μακεδονία,Ελληνική Λύση,3.4965,5,143,189,143.0,medium,ok,True
SURVEY_05,sample6_2018.sav,,2018.0,6.0,Q2,2018-Q2,filename_month_year:sample6_2018,True,region_group,Γ) Κεντρική Μακεδονία,ΚΚΕ,2.7972,4,143,189,143.0,medium,ok,True
SURVEY_05,sample6_2018.sav,,2018.0,6.0,Q2,2018-Q2,filename_month_year:sample6_2018,True,region_group,Γ) Κεντρική Μακεδονία,ΝΔ,26.5734,38,143,189,143.0,medium,ok,True
SURVEY_05,sample6_2018.sav,,2018.0,6.0,Q2,2018-Q2,filename_month_year:sample6_2018,True,region_group,Γ) Κεντρική Μακεδονία,ΠΑΣΟΚ/ΚΙΝΑΛ,7.6923,11,143,189,143.0,medium,ok,True
SURVEY_05,sample6_2018.sav,,2018.0,6.0,Q2,2018-Q2,filename_month_year:sample6_2018,True,region_group,Γ) Κεντρική Μακεδονία,ΣΥΡΙΖΑ,30.7692,44,143,189,143.0,medium,ok,True
SURVEY_05,sample6_2018.sav,,2018.0,6.0,Q2,2018-Q2,filename_month_year:sample6_2018,True,region_group,Γ) Κεντρική Μακεδονία,Χρυσή Αυγή,11.8881,17,143,189,143.0,medium,ok,True
SURVEY_05,sample6_2018.sav,,2018.0,6.0,Q2,2018-Q2,filename_month_year:sample6_2018,True,region_group,Δ) Κρήτη,other_party,5.1282,2,39,51,39.0,low,ok,True
SURVEY_05,sample6_2018.sav,,2018.0,6.0,Q2,2018-Q2,filename_month_year:sample6_2018,True,region_group,Δ) Κρήτη,Ένωση Κεντρώων,7.6923,3,39,51,39.0,low,ok,True
SURVEY_05,sample6_2018.sav,,2018.0,6.0,Q2,2018-Q2,filename_month_year:sample6_2018,True,region_group,Δ) Κρήτη,ΑΝΕΛ,5.1282,2,39,51,39.0,low,ok,True
SURVEY_05,sample6_2018.sav,,2018.0,6.0,Q2,2018-Q2,filename_month_year:sample6_2018,True,region_group,Δ) Κρήτη,Ελληνική Λύση,2.5641,1,39,51,39.0,low,ok,True
SURVEY_05,sample6_2018.sav,,2018.0,6.0,Q2,2018-Q2,filename_month_year:sample6_2018,True,region_group,Δ) Κρήτη,ΚΚΕ,7.6923,3,39,51,39.0,low,ok,True
SURVEY_05,sample6_2018.sav,,2018.0,6.0,Q2,2018-Q2,filename_month_year:sample6_2018,True,region_group,Δ) Κρήτη,ΜέΡΑ25,2.5641,1,39,51,39.0,low,ok,True
SURVEY_05,sample6_2018.sav,,2018.0,6.0,Q2,2018-Q2,filename_month_year:sample6_2018,True,region_group,Δ) Κρήτη,ΝΔ,20.5128,8,39,51,39.0,low,ok,True
SURVEY_05,sample6_2018.sav,,2018.0,6.0,Q2,2018-Q2,filename_month_year:sample6_2018,True,region_group,Δ) Κρήτη,ΠΑΣΟΚ/ΚΙΝΑΛ,12.8205,5,39,51,39.0,low,ok,True
SURVEY_05,sample6_2018.sav,,2018.0,6.0,Q2,2018-Q2,filename_month_year:sample6_2018,True,region_group,Δ) Κρήτη,ΣΥΡΙΖΑ,23.0769,9,39,51,39.0,low,ok,True
SURVEY_05,sample6_2018.sav,,2018.0,6.0,Q2,2018-Q2,filename_month_year:sample6_2018,True,region_group,Δ) Κρήτη,Χρυσή Αυγή,12.8205,5,39,51,39.0,low,ok,True
SURVEY_05,sample6_2018.sav,,2018.0,6.0,Q2,2018-Q2,filename_month_year:sample6_2018,True,region_group,Ε) Ανατολική Μακεδονία & Θράκη,other_party,2.2727,1,44,53,44.0,low,ok,True
SURVEY_05,sample6_2018.sav,,2018.0,6.0,Q2,2018-Q2,filename_month_year:sample6_2018,True,region_group,Ε) Ανατολική Μακεδονία & Θράκη,Ένωση Κεντρώων,2.2727,1,44,53,44.0,low,ok,True
SURVEY_05,sample6_2018.sav,,2018.0,6.0,Q2,2018-Q2,filename_month_year:sample6_2018,True,region_group,Ε) Ανατολική Μακεδονία & Θράκη,Ελληνική Λύση,2.2727,1,44,53,44.0,low,ok,True
SURVEY_05,sample6_2018.sav,,2018.0,6.0,Q2,2018-Q2,filename_month_year:sample6_2018,True,region_group,Ε) Ανατολική Μακεδονία & Θράκη,ΚΚΕ,2.2727,1,44,53,44.0,low,ok,True
SURVEY_05,sample6_2018.sav,,2018.0,6.0,Q2,2018-Q2,filename_month_year:sample6_2018,True,region_group,Ε) Ανατολική Μακεδονία & Θράκη,ΜέΡΑ25,2.2727,1,44,53,44.0,low,ok,True
SURVEY_05,sample6_2018.sav,,2018.0,6.0,Q2,2018-Q2,filename_month_year:sample6_2018,True,region_group,Ε) Ανατολική Μακεδονία & Θράκη,ΝΔ,34.0909,15,44,53,44.0,low,ok,True
SURVEY_05,sample6_2018.sav,,2018.0,6.0,Q2,2018-Q2,filename_month_year:sample6_2018,True,region_group,Ε) Ανατολική Μακεδονία & Θράκη,ΠΑΣΟΚ/ΚΙΝΑΛ,2.2727,1,44,53,44.0,low,ok,True
SURVEY_05,sample6_2018.sav,,2018.0,6.0,Q2,2018-Q2,filename_month_year:sample6_2018,True,region_group,Ε) Ανατολική Μακεδονία & Θράκη,ΣΥΡΙΖΑ,43.1818,19,44,53,44.0,low,ok,True
SURVEY_05,sample6_2018.sav,,2018.0,6.0,Q2,2018-Q2,filename_month_year:sample6_2018,True,region_group,Ε) Ανατολική Μακεδονία & Θράκη,Χρυσή Αυγή,9.0909,4,44,53,44.0,low,ok,True
SURVEY_05,sample6_2018.sav,,2018.0,6.0,Q2,2018-Q2,filename_month_year:sample6_2018,True,region_group,Ζ) Ήπειρος,other_party,7.4074,2,27,32,27.0,low,ok,False
SURVEY_05,sample6_2018.sav,,2018.0,6.0,Q2,2018-Q2,filename_month_year:sample6_2018,True,region_group,Ζ) Ήπειρος,ΚΚΕ,7.4074,2,27,32,27.0,low,ok,False
SURVEY_05,sample6_2018.sav,,2018.0,6.0,Q2,2018-Q2,filename_month_year:sample6_2018,True,region_group,Ζ) Ήπειρος,ΝΔ,33.3333,9,27,32,27.0,low,ok,False
SURVEY_05,sample6_2018.sav,,2018.0,6.0,Q2,2018-Q2,filename_month_year:sample6_2018,True,region_group,Ζ) Ήπειρος,ΠΑΣΟΚ/ΚΙΝΑΛ,11.1111,3,27,32,27.0,low,ok,False
SURVEY_05,sample6_2018.sav,,2018.0,6.0,Q2,2018-Q2,filename_month_year:sample6_2018,True,region_group,Ζ) Ήπειρος,ΣΥΡΙΖΑ,37.037,10,27,32,27.0,low,ok,False
SURVEY_05,sample6_2018.sav,,2018.0,6.0,Q2,2018-Q2,filename_month_year:sample6_2018,True,region_group,Ζ) Ήπειρος,Χρυσή Αυγή,3.7037,1,27,32,27.0,low,ok,False
SURVEY_05,sample6_2018.sav,,2018.0,6.0,Q2,2018-Q2,filename_month_year:sample6_2018,True,region_group,Η) Ιόνιοι Νήσοι,Ένωση Κεντρώων,5.5556,1,18,24,18.0,low,ok,False
SURVEY_05,sample6_2018.sav,,2018.0,6.0,Q2,2018-Q2,filename_month_year:sample6_2018,True,region_group,Η) Ιόνιοι Νήσοι,ΚΚΕ,5.5556,1,18,24,18.0,low,ok,False
SURVEY_05,sample6_2018.sav,,2018.0,6.0,Q2,2018-Q2,filename_month_year:sample6_2018,True,region_group,Η) Ιόνιοι Νήσοι,ΝΔ,61.1111,11,18,24,18.0,low,ok,False
SURVEY_05,sample6_2018.sav,,2018.0,6.0,Q2,2018-Q2,filename_month_year:sample6_2018,True,region_group,Η) Ιόνιοι Νήσοι,ΠΑΣΟΚ/ΚΙΝΑΛ,5.5556,1,18,24,18.0,low,ok,False
SURVEY_05,sample6_2018.sav,,2018.0,6.0,Q2,2018-Q2,filename_month_year:sample6_2018,True,region_group,Η) Ιόνιοι Νήσοι,ΣΥΡΙΖΑ,11.1111,2,18,24,18.0,low,ok,False
SURVEY_05,sample6_2018.sav,,2018.0,6.0,Q2,2018-Q2,filename_month_year:sample6_2018,True,region_group,Η) Ιόνιοι Νήσοι,Χρυσή Αυγή,11.1111,2,18,24,18.0,low,ok,False
SURVEY_05,sample6_2018.sav,,2018.0,6.0,Q2,2018-Q2,filename_month_year:sample6_2018,True,region_group,Θ) Βόρειο Αιγαίο,other_party,4.1667,1,24,26,24.0,low,ok,False
SURVEY_05,sample6_2018.sav,,2018.0,6.0,Q2,2018-Q2,filename_month_year:sample6_2018,True,region_group,Θ) Βόρειο Αιγαίο,Ένωση Κεντρώων,4.1667,1,24,26,24.0,low,ok,False
SURVEY_05,sample6_2018.sav,,2018.0,6.0,Q2,2018-Q2,filename_month_year:sample6_2018,True,region_group,Θ) Βόρειο Αιγαίο,ΚΚΕ,4.1667,1,24,26,24.0,low,ok,False
SURVEY_05,sample6_2018.sav,,2018.0,6.0,Q2,2018-Q2,filename_month_year:sample6_2018,True,region_group,Θ) Βόρειο Αιγαίο,ΝΔ,25.0,6,24,26,24.0,low,ok,False
SURVEY_05,sample6_2018.sav,,2018.0,6.0,Q2,2018-Q2,filename_month_year:sample6_2018,True,region_group,Θ) Βόρειο Αιγαίο,ΠΑΣΟΚ/ΚΙΝΑΛ,8.3333,2,24,26,24.0,low,ok,False
SURVEY_05,sample6_2018.sav,,2018.0,6.0,Q2,2018-Q2,filename_month_year:sample6_2018,True,region_group,Θ) Βόρειο Αιγαίο,Πλεύση Ελευθερίας,4.1667,1,24,26,24.0,low,ok,False
SURVEY_05,sample6_2018.sav,,2018.0,6.0,Q2,2018-Q2,filename_month_year:sample6_2018,True,region_group,Θ) Βόρειο Αιγαίο,ΣΥΡΙΖΑ,33.3333,8,24,26,24.0,low,ok,False
SURVEY_05,sample6_2018.sav,,2018.0,6.0,Q2,2018-Q2,filename_month_year:sample6_2018,True,region_group,Θ) Βόρειο Αιγαίο,Χρυσή Αυγή,16.6667,4,24,26,24.0,low,ok,False
SURVEY_05,sample6_2018.sav,,2018.0,6.0,Q2,2018-Q2,filename_month_year:sample6_2018,True,region_group,Ι) Πελοπόννησος,other_party,5.5556,2,36,42,36.0,low,ok,True
SURVEY_05,sample6_2018.sav,,2018.0,6.0,Q2,2018-Q2,filename_month_year:sample6_2018,True,region_group,Ι) Πελοπόννησος,ΑΝΕΛ,2.7778,1,36,42,36.0,low,ok,True
SURVEY_05,sample6_2018.sav,,2018.0,6.0,Q2,2018-Q2,filename_month_year:sample6_2018,True,region_group,Ι) Πελοπόννησος,Ελληνική Λύση,2.7778,1,36,42,36.0,low,ok,True
SURVEY_05,sample6_2018.sav,,2018.0,6.0,Q2,2018-Q2,filename_month_year:sample6_2018,True,region_group,Ι) Πελοπόννησος,ΚΚΕ,8.3333,3,36,42,36.0,low,ok,True
SURVEY_05,sample6_2018.sav,,2018.0,6.0,Q2,2018-Q2,filename_month_year:sample6_2018,True,region_group,Ι) Πελοπόννησος,ΝΔ,36.1111,13,36,42,36.0,low,ok,True
SURVEY_05,sample6_2018.sav,,2018.0,6.0,Q2,2018-Q2,filename_month_year:sample6_2018,True,region_group,Ι) Πελοπόννησος,ΠΑΣΟΚ/ΚΙΝΑΛ,13.8889,5,36,42,36.0,low,ok,True
SURVEY_05,sample6_2018.sav,,2018.0,6.0,Q2,2018-Q2,filename_month_year:sample6_2018,True,region_group,Ι) Πελοπόννησος,Πλεύση Ελευθερίας,2.7778,1,36,42,36.0,low,ok,True
SURVEY_05,sample6_2018.sav,,2018.0,6.0,Q2,2018-Q2,filename_month_year:sample6_2018,True,region_group,Ι) Πελοπόννησος,ΣΥΡΙΖΑ,25.0,9,36,42,36.0,low,ok,True
SURVEY_05,sample6_2018.sav,,2018.0,6.0,Q2,2018-Q2,filename_month_year:sample6_2018,True,region_group,Ι) Πελοπόννησος,Χρυσή Αυγή,2.7778,1,36,42,36.0,low,ok,True
SURVEY_05,sample6_2018.sav,,2018.0,6.0,Q2,2018-Q2,filename_month_year:sample6_2018,True,region_group,Κ) Νότιο Αιγαίο,other_party,5.5556,1,18,20,18.0,low,ok,False
SURVEY_05,sample6_2018.sav,,2018.0,6.0,Q2,2018-Q2,filename_month_year:sample6_2018,True,region_group,Κ) Νότιο Αιγαίο,ΚΚΕ,5.5556,1,18,20,18.0,low,ok,False
SURVEY_05,sample6_2018.sav,,2018.0,6.0,Q2,2018-Q2,filename_month_year:sample6_2018,True,region_group,Κ) Νότιο Αιγαίο,ΝΔ,33.3333,6,18,20,18.0,low,ok,False
SURVEY_05,sample6_2018.sav,,2018.0,6.0,Q2,2018-Q2,filename_month_year:sample6_2018,True,region_group,Κ) Νότιο Αιγαίο,ΠΑΣΟΚ/ΚΙΝΑΛ,11.1111,2,18,20,18.0,low,ok,False
SURVEY_05,sample6_2018.sav,,2018.0,6.0,Q2,2018-Q2,filename_month_year:sample6_2018,True,region_group,Κ) Νότιο Αιγαίο,ΣΥΡΙΖΑ,33.3333,6,18,20,18.0,low,ok,False
SURVEY_05,sample6_2018.sav,,2018.0,6.0,Q2,2018-Q2,filename_month_year:sample6_2018,True,region_group,Κ) Νότιο Αιγαίο,Χρυσή Αυγή,11.1111,2,18,20,18.0,low,ok,False
SURVEY_05,sample6_2018.sav,,2018.0,6.0,Q2,2018-Q2,filename_month_year:sample6_2018,True,region_group,Λ) Θεσσαλία,other_party,6.5217,3,46,51,46.0,low,ok,True
SURVEY_05,sample6_2018.sav,,2018.0,6.0,Q2,2018-Q2,filename_month_year:sample6_2018,True,region_group,Λ) Θεσσαλία,Ελληνική Λύση,2.1739,1,46,51,46.0,low,ok,True
SURVEY_05,sample6_2018.sav,,2018.0,6.0,Q2,2018-Q2,filename_month_year:sample6_2018,True,region_group,Λ) Θεσσαλία,ΚΚΕ,8.6957,4,46,51,46.0,low,ok,True
SURVEY_05,sample6_2018.sav,,2018.0,6.0,Q2,2018-Q2,filename_month_year:sample6_2018,True,region_group,Λ) Θεσσαλία,ΜέΡΑ25,2.1739,1,46,51,46.0,low,ok,True
SURVEY_05,sample6_2018.sav,,2018.0,6.0,Q2,2018-Q2,filename_month_year:sample6_2018,True,region_group,Λ) Θεσσαλία,ΝΔ,36.9565,17,46,51,46.0,low,ok,True
SURVEY_05,sample6_2018.sav,,2018.0,6.0,Q2,2018-Q2,filename_month_year:sample6_2018,True,region_group,Λ) Θεσσαλία,ΠΑΣΟΚ/ΚΙΝΑΛ,13.0435,6,46,51,46.0,low,ok,True
SURVEY_05,sample6_2018.sav,,2018.0,6.0,Q2,2018-Q2,filename_month_year:sample6_2018,True,region_group,Λ) Θεσσαλία,ΣΥΡΙΖΑ,15.2174,7,46,51,46.0,low,ok,True
SURVEY_05,sample6_2018.sav,,2018.0,6.0,Q2,2018-Q2,filename_month_year:sample6_2018,True,region_group,Λ) Θεσσαλία,Χρυσή Αυγή,15.2174,7,46,51,46.0,low,ok,True
SURVEY_05,sample6_2018.sav,,2018.0,6.0,Q2,2018-Q2,filename_month_year:sample6_2018,True,region_group,Μ) Δυτική Ελλάδα,other_party,9.375,3,32,40,32.0,low,ok,True
SURVEY_05,sample6_2018.sav,,2018.0,6.0,Q2,2018-Q2,filename_month_year:sample6_2018,True,region_group,Μ) Δυτική Ελλάδα,ΚΚΕ,9.375,3,32,40,32.0,low,ok,True
SURVEY_05,sample6_2018.sav,,2018.0,6.0,Q2,2018-Q2,filename_month_year:sample6_2018,True,region_group,Μ) Δυτική Ελλάδα,ΝΔ,21.875,7,32,40,32.0,low,ok,True
SURVEY_05,sample6_2018.sav,,2018.0,6.0,Q2,2018-Q2,filename_month_year:sample6_2018,True,region_group,Μ) Δυτική Ελλάδα,ΠΑΣΟΚ/ΚΙΝΑΛ,18.75,6,32,40,32.0,low,ok,True
SURVEY_05,sample6_2018.sav,,2018.0,6.0,Q2,2018-Q2,filename_month_year:sample6_2018,True,region_group,Μ) Δυτική Ελλάδα,Πλεύση Ελευθερίας,3.125,1,32,40,32.0,low,ok,True
SURVEY_05,sample6_2018.sav,,2018.0,6.0,Q2,2018-Q2,filename_month_year:sample6_2018,True,region_group,Μ) Δυτική Ελλάδα,ΣΥΡΙΖΑ,34.375,11,32,40,32.0,low,ok,True
SURVEY_05,sample6_2018.sav,,2018.0,6.0,Q2,2018-Q2,filename_month_year:sample6_2018,True,region_group,Μ) Δυτική Ελλάδα,Χρυσή Αυγή,3.125,1,32,40,32.0,low,ok,True
SURVEY_05,sample6_2018.sav,,2018.0,6.0,Q2,2018-Q2,filename_month_year:sample6_2018,True,region_group,Ν) Δυτική Μακεδονία,other_party,5.1282,2,39,48,39.0,low,ok,True
SURVEY_05,sample6_2018.sav,,2018.0,6.0,Q2,2018-Q2,filename_month_year:sample6_2018,True,region_group,Ν) Δυτική Μακεδονία,Ένωση Κεντρώων,5.1282,2,39,48,39.0,low,ok,True
SURVEY_05,sample6_2018.sav,,2018.0,6.0,Q2,2018-Q2,filename_month_year:sample6_2018,True,region_group,Ν) Δυτική Μακεδονία,Ελληνική Λύση,5.1282,2,39,48,39.0,low,ok,True
SURVEY_05,sample6_2018.sav,,2018.0,6.0,Q2,2018-Q2,filename_month_year:sample6_2018,True,region_group,Ν) Δυτική Μακεδονία,ΝΔ,30.7692,12,39,48,39.0,low,ok,True
SURVEY_05,sample6_2018.sav,,2018.0,6.0,Q2,2018-Q2,filename_month_year:sample6_2018,True,region_group,Ν) Δυτική Μακεδονία,ΠΑΣΟΚ/ΚΙΝΑΛ,12.8205,5,39,48,39.0,low,ok,True
SURVEY_05,sample6_2018.sav,,2018.0,6.0,Q2,2018-Q2,filename_month_year:sample6_2018,True,region_group,Ν) Δυτική Μακεδονία,ΣΥΡΙΖΑ,23.0769,9,39,48,39.0,low,ok,True
SURVEY_05,sample6_2018.sav,,2018.0,6.0,Q2,2018-Q2,filename_month_year:sample6_2018,True,region_group,Ν) Δυτική Μακεδονία,Χρυσή Αυγή,17.9487,7,39,48,39.0,low,ok,True
SURVEY_05,sample6_2018.sav,,2018.0,6.0,Q2,2018-Q2,filename_month_year:sample6_2018,True,region_group,Ξ) Δεν είμαι γραμμένος/η στους εκλογικούς καταλόγους,ΚΚΕ,50.0,1,2,3,2.0,low,ok,False
SURVEY_05,sample6_2018.sav,,2018.0,6.0,Q2,2018-Q2,filename_month_year:sample6_2018,True,region_group,Ξ) Δεν είμαι γραμμένος/η στους εκλογικούς καταλόγους,ΠΑΣΟΚ/ΚΙΝΑΛ,50.0,1,2,3,2.0,low,ok,False
SURVEY_05,sample6_2018.sav,,2018.0,6.0,Q2,2018-Q2,filename_month_year:sample6_2018,True,region_group,Ο) Δεν έχω δικαίωμα ψήφου,ΣΥΡΙΖΑ,50.0,1,2,3,2.0,low,ok,False
SURVEY_05,sample6_2018.sav,,2018.0,6.0,Q2,2018-Q2,filename_month_year:sample6_2018,True,region_group,Ο) Δεν έχω δικαίωμα ψήφου,Χρυσή Αυγή,50.0,1,2,3,2.0,low,ok,False
SURVEY_05,sample6_2018.sav,,2018.0,6.0,Q2,2018-Q2,filename_month_year:sample6_2018,True,region_group,Ρ) Δεν γνωρίζω,Πλεύση Ελευθερίας,50.0,1,2,2,2.0,low,ok,False
SURVEY_05,sample6_2018.sav,,2018.0,6.0,Q2,2018-Q2,filename_month_year:sample6_2018,True,region_group,Ρ) Δεν γνωρίζω,ΣΥΡΙΖΑ,50.0,1,2,2,2.0,low,ok,False
SURVEY_05,sample6_2018.sav,,2018.0,6.0,Q2,2018-Q2,filename_month_year:sample6_2018,True,region_group,ΣΤ) Δεν θέλω να απαντήσω,other_party,25.0,2,8,9,8.0,low,ok,False
SURVEY_05,sample6_2018.sav,,2018.0,6.0,Q2,2018-Q2,filename_month_year:sample6_2018,True,region_group,ΣΤ) Δεν θέλω να απαντήσω,ΝΔ,25.0,2,8,9,8.0,low,ok,False
SURVEY_05,sample6_2018.sav,,2018.0,6.0,Q2,2018-Q2,filename_month_year:sample6_2018,True,region_group,ΣΤ) Δεν θέλω να απαντήσω,ΣΥΡΙΖΑ,25.0,2,8,9,8.0,low,ok,False
SURVEY_05,sample6_2018.sav,,2018.0,6.0,Q2,2018-Q2,filename_month_year:sample6_2018,True,region_group,ΣΤ) Δεν θέλω να απαντήσω,Χρυσή Αυγή,25.0,2,8,9,8.0,low,ok,False
SURVEY_06,spss.sav,2018-09-13 00:00:00,2018.0,9.0,Q3,2018-Q3,auto_from_sav_date_column:Vdatesub,True,gender,female,other_party,8.5766,47,548,681,548.0,high,ok,True
SURVEY_06,spss.sav,2018-09-13 00:00:00,2018.0,9.0,Q3,2018-Q3,auto_from_sav_date_column:Vdatesub,True,gender,female,Ένωση Κεντρώων,1.0949,6,548,681,548.0,high,ok,True
SURVEY_06,spss.sav,2018-09-13 00:00:00,2018.0,9.0,Q3,2018-Q3,auto_from_sav_date_column:Vdatesub,True,gender,female,ΑΝΕΛ,0.1825,1,548,681,548.0,high,ok,True
SURVEY_06,spss.sav,2018-09-13 00:00:00,2018.0,9.0,Q3,2018-Q3,auto_from_sav_date_column:Vdatesub,True,gender,female,Ελληνική Λύση,1.6423,9,548,681,548.0,high,ok,True
SURVEY_06,spss.sav,2018-09-13 00:00:00,2018.0,9.0,Q3,2018-Q3,auto_from_sav_date_column:Vdatesub,True,gender,female,ΚΚΕ,3.2847,18,548,681,548.0,high,ok,True
SURVEY_06,spss.sav,2018-09-13 00:00:00,2018.0,9.0,Q3,2018-Q3,auto_from_sav_date_column:Vdatesub,True,gender,female,ΜέΡΑ25,0.9124,5,548,681,548.0,high,ok,True
SURVEY_06,spss.sav,2018-09-13 00:00:00,2018.0,9.0,Q3,2018-Q3,auto_from_sav_date_column:Vdatesub,True,gender,female,ΝΔ,22.4453,123,548,681,548.0,high,ok,True
SURVEY_06,spss.sav,2018-09-13 00:00:00,2018.0,9.0,Q3,2018-Q3,auto_from_sav_date_column:Vdatesub,True,gender,female,ΠΑΣΟΚ/ΚΙΝΑΛ,5.8394,32,548,681,548.0,high,ok,True
SURVEY_06,spss.sav,2018-09-13 00:00:00,2018.0,9.0,Q3,2018-Q3,auto_from_sav_date_column:Vdatesub,True,gender,female,Πλεύση Ελευθερίας,0.9124,5,548,681,548.0,high,ok,True
SURVEY_06,spss.sav,2018-09-13 00:00:00,2018.0,9.0,Q3,2018-Q3,auto_from_sav_date_column:Vdatesub,True,gender,female,Ποτάμι,0.365,2,548,681,548.0,high,ok,True
SURVEY_06,spss.sav,2018-09-13 00:00:00,2018.0,9.0,Q3,2018-Q3,auto_from_sav_date_column:Vdatesub,True,gender,female,ΣΥΡΙΖΑ,48.3577,265,548,681,548.0,high,ok,True
SURVEY_06,spss.sav,2018-09-13 00:00:00,2018.0,9.0,Q3,2018-Q3,auto_from_sav_date_column:Vdatesub,True,gender,female,Χρυσή Αυγή,6.3869,35,548,681,548.0,high,ok,True
SURVEY_06,spss.sav,2018-09-13 00:00:00,2018.0,9.0,Q3,2018-Q3,auto_from_sav_date_column:Vdatesub,True,gender,male,other_party,11.1817,88,787,895,787.0,high,ok,True
SURVEY_06,spss.sav,2018-09-13 00:00:00,2018.0,9.0,Q3,2018-Q3,auto_from_sav_date_column:Vdatesub,True,gender,male,Ένωση Κεντρώων,1.1436,9,787,895,787.0,high,ok,True
SURVEY_06,spss.sav,2018-09-13 00:00:00,2018.0,9.0,Q3,2018-Q3,auto_from_sav_date_column:Vdatesub,True,gender,male,ΑΝΕΛ,1.0165,8,787,895,787.0,high,ok,True
SURVEY_06,spss.sav,2018-09-13 00:00:00,2018.0,9.0,Q3,2018-Q3,auto_from_sav_date_column:Vdatesub,True,gender,male,Ελληνική Λύση,2.9225,23,787,895,787.0,high,ok,True
SURVEY_06,spss.sav,2018-09-13 00:00:00,2018.0,9.0,Q3,2018-Q3,auto_from_sav_date_column:Vdatesub,True,gender,male,ΚΚΕ,4.3202,34,787,895,787.0,high,ok,True
SURVEY_06,spss.sav,2018-09-13 00:00:00,2018.0,9.0,Q3,2018-Q3,auto_from_sav_date_column:Vdatesub,True,gender,male,ΜέΡΑ25,1.3977,11,787,895,787.0,high,ok,True
SURVEY_06,spss.sav,2018-09-13 00:00:00,2018.0,9.0,Q3,2018-Q3,auto_from_sav_date_column:Vdatesub,True,gender,male,ΝΔ,25.7942,203,787,895,787.0,high,ok,True
SURVEY_06,spss.sav,2018-09-13 00:00:00,2018.0,9.0,Q3,2018-Q3,auto_from_sav_date_column:Vdatesub,True,gender,male,ΠΑΣΟΚ/ΚΙΝΑΛ,7.878,62,787,895,787.0,high,ok,True
SURVEY_06,spss.sav,2018-09-13 00:00:00,2018.0,9.0,Q3,2018-Q3,auto_from_sav_date_column:Vdatesub,True,gender,male,Πλεύση Ελευθερίας,1.1436,9,787,895,787.0,high,ok,True
SURVEY_06,spss.sav,2018-09-13 00:00:00,2018.0,9.0,Q3,2018-Q3,auto_from_sav_date_column:Vdatesub,True,gender,male,Ποτάμι,0.7624,6,787,895,787.0,high,ok,True
SURVEY_06,spss.sav,2018-09-13 00:00:00,2018.0,9.0,Q3,2018-Q3,auto_from_sav_date_column:Vdatesub,True,gender,male,ΣΥΡΙΖΑ,34.9428,275,787,895,787.0,high,ok,True
SURVEY_06,spss.sav,2018-09-13 00:00:00,2018.0,9.0,Q3,2018-Q3,auto_from_sav_date_column:Vdatesub,True,gender,male,Χρυσή Αυγή,7.4968,59,787,895,787.0,high,ok,True
SURVEY_06,spss.sav,2018-09-13 00:00:00,2018.0,9.0,Q3,2018-Q3,auto_from_sav_date_column:Vdatesub,True,age_group,25-39,other_party,10.6061,28,264,306,264.0,medium,ok,True
SURVEY_06,spss.sav,2018-09-13 00:00:00,2018.0,9.0,Q3,2018-Q3,auto_from_sav_date_column:Vdatesub,True,age_group,25-39,Ένωση Κεντρώων,2.6515,7,264,306,264.0,medium,ok,True
SURVEY_06,spss.sav,2018-09-13 00:00:00,2018.0,9.0,Q3,2018-Q3,auto_from_sav_date_column:Vdatesub,True,age_group,25-39,ΑΝΕΛ,0.3788,1,264,306,264.0,medium,ok,True
SURVEY_06,spss.sav,2018-09-13 00:00:00,2018.0,9.0,Q3,2018-Q3,auto_from_sav_date_column:Vdatesub,True,age_group,25-39,Ελληνική Λύση,2.6515,7,264,306,264.0,medium,ok,True
SURVEY_06,spss.sav,2018-09-13 00:00:00,2018.0,9.0,Q3,2018-Q3,auto_from_sav_date_column:Vdatesub,True,age_group,25-39,ΚΚΕ,6.0606,16,264,306,264.0,medium,ok,True
SURVEY_06,spss.sav,2018-09-13 00:00:00,2018.0,9.0,Q3,2018-Q3,auto_from_sav_date_column:Vdatesub,True,age_group,25-39,ΜέΡΑ25,2.2727,6,264,306,264.0,medium,ok,True
SURVEY_06,spss.sav,2018-09-13 00:00:00,2018.0,9.0,Q3,2018-Q3,auto_from_sav_date_column:Vdatesub,True,age_group,25-39,ΝΔ,16.2879,43,264,306,264.0,medium,ok,True
SURVEY_06,spss.sav,2018-09-13 00:00:00,2018.0,9.0,Q3,2018-Q3,auto_from_sav_date_column:Vdatesub,True,age_group,25-39,ΠΑΣΟΚ/ΚΙΝΑΛ,4.5455,12,264,306,264.0,medium,ok,True
SURVEY_06,spss.sav,2018-09-13 00:00:00,2018.0,9.0,Q3,2018-Q3,auto_from_sav_date_column:Vdatesub,True,age_group,25-39,Πλεύση Ελευθερίας,1.5152,4,264,306,264.0,medium,ok,True
SURVEY_06,spss.sav,2018-09-13 00:00:00,2018.0,9.0,Q3,2018-Q3,auto_from_sav_date_column:Vdatesub,True,age_group,25-39,Ποτάμι,0.7576,2,264,306,264.0,medium,ok,True
SURVEY_06,spss.sav,2018-09-13 00:00:00,2018.0,9.0,Q3,2018-Q3,auto_from_sav_date_column:Vdatesub,True,age_group,25-39,ΣΥΡΙΖΑ,40.5303,107,264,306,264.0,medium,ok,True
SURVEY_06,spss.sav,2018-09-13 00:00:00,2018.0,9.0,Q3,2018-Q3,auto_from_sav_date_column:Vdatesub,True,age_group,25-39,Χρυσή Αυγή,11.7424,31,264,306,264.0,medium,ok,True
SURVEY_06,spss.sav,2018-09-13 00:00:00,2018.0,9.0,Q3,2018-Q3,auto_from_sav_date_column:Vdatesub,True,age_group,40-54,other_party,10.3368,89,861,1032,861.0,high,ok,True
SURVEY_06,spss.sav,2018-09-13 00:00:00,2018.0,9.0,Q3,2018-Q3,auto_from_sav_date_column:Vdatesub,True,age_group,40-54,Ένωση Κεντρώων,0.813,7,861,1032,861.0,high,ok,True
SURVEY_06,spss.sav,2018-09-13 00:00:00,2018.0,9.0,Q3,2018-Q3,auto_from_sav_date_column:Vdatesub,True,age_group,40-54,ΑΝΕΛ,0.6969,6,861,1032,861.0,high,ok,True
SURVEY_06,spss.sav,2018-09-13 00:00:00,2018.0,9.0,Q3,2018-Q3,auto_from_sav_date_column:Vdatesub,True,age_group,40-54,Ελληνική Λύση,2.3229,20,861,1032,861.0,high,ok,True
SURVEY_06,spss.sav,2018-09-13 00:00:00,2018.0,9.0,Q3,2018-Q3,auto_from_sav_date_column:Vdatesub,True,age_group,40-54,ΚΚΕ,3.6005,31,861,1032,861.0,high,ok,True
SURVEY_06,spss.sav,2018-09-13 00:00:00,2018.0,9.0,Q3,2018-Q3,auto_from_sav_date_column:Vdatesub,True,age_group,40-54,ΜέΡΑ25,1.0453,9,861,1032,861.0,high,ok,True
SURVEY_06,spss.sav,2018-09-13 00:00:00,2018.0,9.0,Q3,2018-Q3,auto_from_sav_date_column:Vdatesub,True,age_group,40-54,ΝΔ,24.971,215,861,1032,861.0,high,ok,True
SURVEY_06,spss.sav,2018-09-13 00:00:00,2018.0,9.0,Q3,2018-Q3,auto_from_sav_date_column:Vdatesub,True,age_group,40-54,ΠΑΣΟΚ/ΚΙΝΑΛ,6.0395,52,861,1032,861.0,high,ok,True
SURVEY_06,spss.sav,2018-09-13 00:00:00,2018.0,9.0,Q3,2018-Q3,auto_from_sav_date_column:Vdatesub,True,age_group,40-54,Πλεύση Ελευθερίας,1.0453,9,861,1032,861.0,high,ok,True
SURVEY_06,spss.sav,2018-09-13 00:00:00,2018.0,9.0,Q3,2018-Q3,auto_from_sav_date_column:Vdatesub,True,age_group,40-54,Ποτάμι,0.3484,3,861,1032,861.0,high,ok,True
SURVEY_06,spss.sav,2018-09-13 00:00:00,2018.0,9.0,Q3,2018-Q3,auto_from_sav_date_column:Vdatesub,True,age_group,40-54,ΣΥΡΙΖΑ,42.1603,363,861,1032,861.0,high,ok,True
SURVEY_06,spss.sav,2018-09-13 00:00:00,2018.0,9.0,Q3,2018-Q3,auto_from_sav_date_column:Vdatesub,True,age_group,40-54,Χρυσή Αυγή,6.6202,57,861,1032,861.0,high,ok,True
SURVEY_06,spss.sav,2018-09-13 00:00:00,2018.0,9.0,Q3,2018-Q3,auto_from_sav_date_column:Vdatesub,True,age_group,55+,other_party,8.2126,17,207,232,207.0,medium,ok,True
SURVEY_06,spss.sav,2018-09-13 00:00:00,2018.0,9.0,Q3,2018-Q3,auto_from_sav_date_column:Vdatesub,True,age_group,55+,Ένωση Κεντρώων,0.4831,1,207,232,207.0,medium,ok,True
SURVEY_06,spss.sav,2018-09-13 00:00:00,2018.0,9.0,Q3,2018-Q3,auto_from_sav_date_column:Vdatesub,True,age_group,55+,ΑΝΕΛ,0.9662,2,207,232,207.0,medium,ok,True
SURVEY_06,spss.sav,2018-09-13 00:00:00,2018.0,9.0,Q3,2018-Q3,auto_from_sav_date_column:Vdatesub,True,age_group,55+,Ελληνική Λύση,1.9324,4,207,232,207.0,medium,ok,True
SURVEY_06,spss.sav,2018-09-13 00:00:00,2018.0,9.0,Q3,2018-Q3,auto_from_sav_date_column:Vdatesub,True,age_group,55+,ΚΚΕ,2.4155,5,207,232,207.0,medium,ok,True
SURVEY_06,spss.sav,2018-09-13 00:00:00,2018.0,9.0,Q3,2018-Q3,auto_from_sav_date_column:Vdatesub,True,age_group,55+,ΜέΡΑ25,0.4831,1,207,232,207.0,medium,ok,True
SURVEY_06,spss.sav,2018-09-13 00:00:00,2018.0,9.0,Q3,2018-Q3,auto_from_sav_date_column:Vdatesub,True,age_group,55+,ΝΔ,33.3333,69,207,232,207.0,medium,ok,True
SURVEY_06,spss.sav,2018-09-13 00:00:00,2018.0,9.0,Q3,2018-Q3,auto_from_sav_date_column:Vdatesub,True,age_group,55+,ΠΑΣΟΚ/ΚΙΝΑΛ,14.0097,29,207,232,207.0,medium,ok,True
SURVEY_06,spss.sav,2018-09-13 00:00:00,2018.0,9.0,Q3,2018-Q3,auto_from_sav_date_column:Vdatesub,True,age_group,55+,Πλεύση Ελευθερίας,0.4831,1,207,232,207.0,medium,ok,True
SURVEY_06,spss.sav,2018-09-13 00:00:00,2018.0,9.0,Q3,2018-Q3,auto_from_sav_date_column:Vdatesub,True,age_group,55+,Ποτάμι,1.4493,3,207,232,207.0,medium,ok,True
SURVEY_06,spss.sav,2018-09-13 00:00:00,2018.0,9.0,Q3,2018-Q3,auto_from_sav_date_column:Vdatesub,True,age_group,55+,ΣΥΡΙΖΑ,33.3333,69,207,232,207.0,medium,ok,True
SURVEY_06,spss.sav,2018-09-13 00:00:00,2018.0,9.0,Q3,2018-Q3,auto_from_sav_date_column:Vdatesub,True,age_group,55+,Χρυσή Αυγή,2.8986,6,207,232,207.0,medium,ok,True
SURVEY_06,spss.sav,2018-09-13 00:00:00,2018.0,9.0,Q3,2018-Q3,auto_from_sav_date_column:Vdatesub,True,education_group,high_education,other_party,10.2696,80,779,910,779.0,high,ok,True
SURVEY_06,spss.sav,2018-09-13 00:00:00,2018.0,9.0,Q3,2018-Q3,auto_from_sav_date_column:Vdatesub,True,education_group,high_education,Ένωση Κεντρώων,1.2837,10,779,910,779.0,high,ok,True
SURVEY_06,spss.sav,2018-09-13 00:00:00,2018.0,9.0,Q3,2018-Q3,auto_from_sav_date_column:Vdatesub,True,education_group,high_education,ΑΝΕΛ,0.1284,1,779,910,779.0,high,ok,True
SURVEY_06,spss.sav,2018-09-13 00:00:00,2018.0,9.0,Q3,2018-Q3,auto_from_sav_date_column:Vdatesub,True,education_group,high_education,Ελληνική Λύση,1.4121,11,779,910,779.0,high,ok,True
SURVEY_06,spss.sav,2018-09-13 00:00:00,2018.0,9.0,Q3,2018-Q3,auto_from_sav_date_column:Vdatesub,True,education_group,high_education,ΚΚΕ,3.9795,31,779,910,779.0,high,ok,True
SURVEY_06,spss.sav,2018-09-13 00:00:00,2018.0,9.0,Q3,2018-Q3,auto_from_sav_date_column:Vdatesub,True,education_group,high_education,ΜέΡΑ25,0.8986,7,779,910,779.0,high,ok,True
SURVEY_06,spss.sav,2018-09-13 00:00:00,2018.0,9.0,Q3,2018-Q3,auto_from_sav_date_column:Vdatesub,True,education_group,high_education,ΝΔ,26.3158,205,779,910,779.0,high,ok,True
SURVEY_06,spss.sav,2018-09-13 00:00:00,2018.0,9.0,Q3,2018-Q3,auto_from_sav_date_column:Vdatesub,True,education_group,high_education,ΠΑΣΟΚ/ΚΙΝΑΛ,7.3171,57,779,910,779.0,high,ok,True
SURVEY_06,spss.sav,2018-09-13 00:00:00,2018.0,9.0,Q3,2018-Q3,auto_from_sav_date_column:Vdatesub,True,education_group,high_education,Πλεύση Ελευθερίας,1.1553,9,779,910,779.0,high,ok,True
SURVEY_06,spss.sav,2018-09-13 00:00:00,2018.0,9.0,Q3,2018-Q3,auto_from_sav_date_column:Vdatesub,True,education_group,high_education,Ποτάμι,0.7702,6,779,910,779.0,high,ok,True
SURVEY_06,spss.sav,2018-09-13 00:00:00,2018.0,9.0,Q3,2018-Q3,auto_from_sav_date_column:Vdatesub,True,education_group,high_education,ΣΥΡΙΖΑ,42.6187,332,779,910,779.0,high,ok,True
SURVEY_06,spss.sav,2018-09-13 00:00:00,2018.0,9.0,Q3,2018-Q3,auto_from_sav_date_column:Vdatesub,True,education_group,high_education,Χρυσή Αυγή,3.8511,30,779,910,779.0,high,ok,True
SURVEY_06,spss.sav,2018-09-13 00:00:00,2018.0,9.0,Q3,2018-Q3,auto_from_sav_date_column:Vdatesub,True,education_group,low_education,other_party,10.0,6,60,72,60.0,low,ok,True
SURVEY_06,spss.sav,2018-09-13 00:00:00,2018.0,9.0,Q3,2018-Q3,auto_from_sav_date_column:Vdatesub,True,education_group,low_education,ΑΝΕΛ,1.6667,1,60,72,60.0,low,ok,True
SURVEY_06,spss.sav,2018-09-13 00:00:00,2018.0,9.0,Q3,2018-Q3,auto_from_sav_date_column:Vdatesub,True,education_group,low_education,Ελληνική Λύση,6.6667,4,60,72,60.0,low,ok,True
SURVEY_06,spss.sav,2018-09-13 00:00:00,2018.0,9.0,Q3,2018-Q3,auto_from_sav_date_column:Vdatesub,True,education_group,low_education,ΜέΡΑ25,1.6667,1,60,72,60.0,low,ok,True
SURVEY_06,spss.sav,2018-09-13 00:00:00,2018.0,9.0,Q3,2018-Q3,auto_from_sav_date_column:Vdatesub,True,education_group,low_education,ΝΔ,18.3333,11,60,72,60.0,low,ok,True
SURVEY_06,spss.sav,2018-09-13 00:00:00,2018.0,9.0,Q3,2018-Q3,auto_from_sav_date_column:Vdatesub,True,education_group,low_education,ΠΑΣΟΚ/ΚΙΝΑΛ,10.0,6,60,72,60.0,low,ok,True
SURVEY_06,spss.sav,2018-09-13 00:00:00,2018.0,9.0,Q3,2018-Q3,auto_from_sav_date_column:Vdatesub,True,education_group,low_education,ΣΥΡΙΖΑ,36.6667,22,60,72,60.0,low,ok,True
SURVEY_06,spss.sav,2018-09-13 00:00:00,2018.0,9.0,Q3,2018-Q3,auto_from_sav_date_column:Vdatesub,True,education_group,low_education,Χρυσή Αυγή,15.0,9,60,72,60.0,low,ok,True
SURVEY_06,spss.sav,2018-09-13 00:00:00,2018.0,9.0,Q3,2018-Q3,auto_from_sav_date_column:Vdatesub,True,education_group,medium_education,other_party,10.1031,49,485,577,485.0,high,ok,True
SURVEY_06,spss.sav,2018-09-13 00:00:00,2018.0,9.0,Q3,2018-Q3,auto_from_sav_date_column:Vdatesub,True,education_group,medium_education,Ένωση Κεντρώων,1.0309,5,485,577,485.0,high,ok,True
SURVEY_06,spss.sav,2018-09-13 00:00:00,2018.0,9.0,Q3,2018-Q3,auto_from_sav_date_column:Vdatesub,True,education_group,medium_education,ΑΝΕΛ,1.4433,7,485,577,485.0,high,ok,True
SURVEY_06,spss.sav,2018-09-13 00:00:00,2018.0,9.0,Q3,2018-Q3,auto_from_sav_date_column:Vdatesub,True,education_group,medium_education,Ελληνική Λύση,3.5052,17,485,577,485.0,high,ok,True
SURVEY_06,spss.sav,2018-09-13 00:00:00,2018.0,9.0,Q3,2018-Q3,auto_from_sav_date_column:Vdatesub,True,education_group,medium_education,ΚΚΕ,4.3299,21,485,577,485.0,high,ok,True
SURVEY_06,spss.sav,2018-09-13 00:00:00,2018.0,9.0,Q3,2018-Q3,auto_from_sav_date_column:Vdatesub,True,education_group,medium_education,ΜέΡΑ25,1.6495,8,485,577,485.0,high,ok,True
SURVEY_06,spss.sav,2018-09-13 00:00:00,2018.0,9.0,Q3,2018-Q3,auto_from_sav_date_column:Vdatesub,True,education_group,medium_education,ΝΔ,22.4742,109,485,577,485.0,high,ok,True
SURVEY_06,spss.sav,2018-09-13 00:00:00,2018.0,9.0,Q3,2018-Q3,auto_from_sav_date_column:Vdatesub,True,education_group,medium_education,ΠΑΣΟΚ/ΚΙΝΑΛ,5.9794,29,485,577,485.0,high,ok,True
SURVEY_06,spss.sav,2018-09-13 00:00:00,2018.0,9.0,Q3,2018-Q3,auto_from_sav_date_column:Vdatesub,True,education_group,medium_education,Πλεύση Ελευθερίας,1.0309,5,485,577,485.0,high,ok,True
SURVEY_06,spss.sav,2018-09-13 00:00:00,2018.0,9.0,Q3,2018-Q3,auto_from_sav_date_column:Vdatesub,True,education_group,medium_education,Ποτάμι,0.4124,2,485,577,485.0,high,ok,True
SURVEY_06,spss.sav,2018-09-13 00:00:00,2018.0,9.0,Q3,2018-Q3,auto_from_sav_date_column:Vdatesub,True,education_group,medium_education,ΣΥΡΙΖΑ,36.9072,179,485,577,485.0,high,ok,True
SURVEY_06,spss.sav,2018-09-13 00:00:00,2018.0,9.0,Q3,2018-Q3,auto_from_sav_date_column:Vdatesub,True,education_group,medium_education,Χρυσή Αυγή,11.134,54,485,577,485.0,high,ok,True
SURVEY_06,spss.sav,2018-09-13 00:00:00,2018.0,9.0,Q3,2018-Q3,auto_from_sav_date_column:Vdatesub,True,education_group,Δε θέλω να απαντήσω,other_party,7.6923,1,13,19,13.0,low,ok,False
SURVEY_06,spss.sav,2018-09-13 00:00:00,2018.0,9.0,Q3,2018-Q3,auto_from_sav_date_column:Vdatesub,True,education_group,Δε θέλω να απαντήσω,ΝΔ,15.3846,2,13,19,13.0,low,ok,False
SURVEY_06,spss.sav,2018-09-13 00:00:00,2018.0,9.0,Q3,2018-Q3,auto_from_sav_date_column:Vdatesub,True,education_group,Δε θέλω να απαντήσω,ΠΑΣΟΚ/ΚΙΝΑΛ,15.3846,2,13,19,13.0,low,ok,False
SURVEY_06,spss.sav,2018-09-13 00:00:00,2018.0,9.0,Q3,2018-Q3,auto_from_sav_date_column:Vdatesub,True,education_group,Δε θέλω να απαντήσω,ΣΥΡΙΖΑ,53.8462,7,13,19,13.0,low,ok,False
SURVEY_06,spss.sav,2018-09-13 00:00:00,2018.0,9.0,Q3,2018-Q3,auto_from_sav_date_column:Vdatesub,True,education_group,Δε θέλω να απαντήσω,Χρυσή Αυγή,7.6923,1,13,19,13.0,low,ok,False
SURVEY_06,spss.sav,2018-09-13 00:00:00,2018.0,9.0,Q3,2018-Q3,auto_from_sav_date_column:Vdatesub,True,occupation_group,private_sector,other_party,9.5238,28,294,343,294.0,medium,ok,True
SURVEY_06,spss.sav,2018-09-13 00:00:00,2018.0,9.0,Q3,2018-Q3,auto_from_sav_date_column:Vdatesub,True,occupation_group,private_sector,Ένωση Κεντρώων,1.3605,4,294,343,294.0,medium,ok,True
SURVEY_06,spss.sav,2018-09-13 00:00:00,2018.0,9.0,Q3,2018-Q3,auto_from_sav_date_column:Vdatesub,True,occupation_group,private_sector,ΑΝΕΛ,1.0204,3,294,343,294.0,medium,ok,True
SURVEY_06,spss.sav,2018-09-13 00:00:00,2018.0,9.0,Q3,2018-Q3,auto_from_sav_date_column:Vdatesub,True,occupation_group,private_sector,Ελληνική Λύση,3.0612,9,294,343,294.0,medium,ok,True
SURVEY_06,spss.sav,2018-09-13 00:00:00,2018.0,9.0,Q3,2018-Q3,auto_from_sav_date_column:Vdatesub,True,occupation_group,private_sector,ΚΚΕ,4.7619,14,294,343,294.0,medium,ok,True
SURVEY_06,spss.sav,2018-09-13 00:00:00,2018.0,9.0,Q3,2018-Q3,auto_from_sav_date_column:Vdatesub,True,occupation_group,private_sector,ΜέΡΑ25,0.3401,1,294,343,294.0,medium,ok,True
SURVEY_06,spss.sav,2018-09-13 00:00:00,2018.0,9.0,Q3,2018-Q3,auto_from_sav_date_column:Vdatesub,True,occupation_group,private_sector,ΝΔ,19.3878,57,294,343,294.0,medium,ok,True
SURVEY_06,spss.sav,2018-09-13 00:00:00,2018.0,9.0,Q3,2018-Q3,auto_from_sav_date_column:Vdatesub,True,occupation_group,private_sector,ΠΑΣΟΚ/ΚΙΝΑΛ,3.7415,11,294,343,294.0,medium,ok,True
SURVEY_06,spss.sav,2018-09-13 00:00:00,2018.0,9.0,Q3,2018-Q3,auto_from_sav_date_column:Vdatesub,True,occupation_group,private_sector,Πλεύση Ελευθερίας,1.7007,5,294,343,294.0,medium,ok,True
SURVEY_06,spss.sav,2018-09-13 00:00:00,2018.0,9.0,Q3,2018-Q3,auto_from_sav_date_column:Vdatesub,True,occupation_group,private_sector,Ποτάμι,1.0204,3,294,343,294.0,medium,ok,True
SURVEY_06,spss.sav,2018-09-13 00:00:00,2018.0,9.0,Q3,2018-Q3,auto_from_sav_date_column:Vdatesub,True,occupation_group,private_sector,ΣΥΡΙΖΑ,44.898,132,294,343,294.0,medium,ok,True
SURVEY_06,spss.sav,2018-09-13 00:00:00,2018.0,9.0,Q3,2018-Q3,auto_from_sav_date_column:Vdatesub,True,occupation_group,private_sector,Χρυσή Αυγή,9.1837,27,294,343,294.0,medium,ok,True
SURVEY_06,spss.sav,2018-09-13 00:00:00,2018.0,9.0,Q3,2018-Q3,auto_from_sav_date_column:Vdatesub,True,occupation_group,public_sector,other_party,7.6305,19,249,285,249.0,medium,ok,True
SURVEY_06,spss.sav,2018-09-13 00:00:00,2018.0,9.0,Q3,2018-Q3,auto_from_sav_date_column:Vdatesub,True,occupation_group,public_sector,Ένωση Κεντρώων,2.008,5,249,285,249.0,medium,ok,True
SURVEY_06,spss.sav,2018-09-13 00:00:00,2018.0,9.0,Q3,2018-Q3,auto_from_sav_date_column:Vdatesub,True,occupation_group,public_sector,ΑΝΕΛ,1.2048,3,249,285,249.0,medium,ok,True
SURVEY_06,spss.sav,2018-09-13 00:00:00,2018.0,9.0,Q3,2018-Q3,auto_from_sav_date_column:Vdatesub,True,occupation_group,public_sector,Ελληνική Λύση,1.2048,3,249,285,249.0,medium,ok,True
SURVEY_06,spss.sav,2018-09-13 00:00:00,2018.0,9.0,Q3,2018-Q3,auto_from_sav_date_column:Vdatesub,True,occupation_group,public_sector,ΚΚΕ,3.2129,8,249,285,249.0,medium,ok,True
SURVEY_06,spss.sav,2018-09-13 00:00:00,2018.0,9.0,Q3,2018-Q3,auto_from_sav_date_column:Vdatesub,True,occupation_group,public_sector,ΜέΡΑ25,1.6064,4,249,285,249.0,medium,ok,True
SURVEY_06,spss.sav,2018-09-13 00:00:00,2018.0,9.0,Q3,2018-Q3,auto_from_sav_date_column:Vdatesub,True,occupation_group,public_sector,ΝΔ,22.0884,55,249,285,249.0,medium,ok,True
SURVEY_06,spss.sav,2018-09-13 00:00:00,2018.0,9.0,Q3,2018-Q3,auto_from_sav_date_column:Vdatesub,True,occupation_group,public_sector,ΠΑΣΟΚ/ΚΙΝΑΛ,8.8353,22,249,285,249.0,medium,ok,True
SURVEY_06,spss.sav,2018-09-13 00:00:00,2018.0,9.0,Q3,2018-Q3,auto_from_sav_date_column:Vdatesub,True,occupation_group,public_sector,Πλεύση Ελευθερίας,0.4016,1,249,285,249.0,medium,ok,True
SURVEY_06,spss.sav,2018-09-13 00:00:00,2018.0,9.0,Q3,2018-Q3,auto_from_sav_date_column:Vdatesub,True,occupation_group,public_sector,Ποτάμι,0.4016,1,249,285,249.0,medium,ok,True
SURVEY_06,spss.sav,2018-09-13 00:00:00,2018.0,9.0,Q3,2018-Q3,auto_from_sav_date_column:Vdatesub,True,occupation_group,public_sector,ΣΥΡΙΖΑ,45.3815,113,249,285,249.0,medium,ok,True
SURVEY_06,spss.sav,2018-09-13 00:00:00,2018.0,9.0,Q3,2018-Q3,auto_from_sav_date_column:Vdatesub,True,occupation_group,public_sector,Χρυσή Αυγή,6.0241,15,249,285,249.0,medium,ok,True
SURVEY_06,spss.sav,2018-09-13 00:00:00,2018.0,9.0,Q3,2018-Q3,auto_from_sav_date_column:Vdatesub,True,occupation_group,self_employed,other_party,12.3077,32,260,291,260.0,medium,ok,True
SURVEY_06,spss.sav,2018-09-13 00:00:00,2018.0,9.0,Q3,2018-Q3,auto_from_sav_date_column:Vdatesub,True,occupation_group,self_employed,Ένωση Κεντρώων,0.3846,1,260,291,260.0,medium,ok,True
SURVEY_06,spss.sav,2018-09-13 00:00:00,2018.0,9.0,Q3,2018-Q3,auto_from_sav_date_column:Vdatesub,True,occupation_group,self_employed,ΑΝΕΛ,0.3846,1,260,291,260.0,medium,ok,True
SURVEY_06,spss.sav,2018-09-13 00:00:00,2018.0,9.0,Q3,2018-Q3,auto_from_sav_date_column:Vdatesub,True,occupation_group,self_employed,Ελληνική Λύση,1.1538,3,260,291,260.0,medium,ok,True
SURVEY_06,spss.sav,2018-09-13 00:00:00,2018.0,9.0,Q3,2018-Q3,auto_from_sav_date_column:Vdatesub,True,occupation_group,self_employed,ΚΚΕ,3.8462,10,260,291,260.0,medium,ok,True
SURVEY_06,spss.sav,2018-09-13 00:00:00,2018.0,9.0,Q3,2018-Q3,auto_from_sav_date_column:Vdatesub,True,occupation_group,self_employed,ΜέΡΑ25,1.1538,3,260,291,260.0,medium,ok,True
SURVEY_06,spss.sav,2018-09-13 00:00:00,2018.0,9.0,Q3,2018-Q3,auto_from_sav_date_column:Vdatesub,True,occupation_group,self_employed,ΝΔ,31.9231,83,260,291,260.0,medium,ok,True
SURVEY_06,spss.sav,2018-09-13 00:00:00,2018.0,9.0,Q3,2018-Q3,auto_from_sav_date_column:Vdatesub,True,occupation_group,self_employed,ΠΑΣΟΚ/ΚΙΝΑΛ,5.3846,14,260,291,260.0,medium,ok,True
SURVEY_06,spss.sav,2018-09-13 00:00:00,2018.0,9.0,Q3,2018-Q3,auto_from_sav_date_column:Vdatesub,True,occupation_group,self_employed,Πλεύση Ελευθερίας,0.3846,1,260,291,260.0,medium,ok,True
SURVEY_06,spss.sav,2018-09-13 00:00:00,2018.0,9.0,Q3,2018-Q3,auto_from_sav_date_column:Vdatesub,True,occupation_group,self_employed,Ποτάμι,0.7692,2,260,291,260.0,medium,ok,True
SURVEY_06,spss.sav,2018-09-13 00:00:00,2018.0,9.0,Q3,2018-Q3,auto_from_sav_date_column:Vdatesub,True,occupation_group,self_employed,ΣΥΡΙΖΑ,36.9231,96,260,291,260.0,medium,ok,True
SURVEY_06,spss.sav,2018-09-13 00:00:00,2018.0,9.0,Q3,2018-Q3,auto_from_sav_date_column:Vdatesub,True,occupation_group,self_employed,Χρυσή Αυγή,5.3846,14,260,291,260.0,medium,ok,True
SURVEY_06,spss.sav,2018-09-13 00:00:00,2018.0,9.0,Q3,2018-Q3,auto_from_sav_date_column:Vdatesub,True,occupation_group,Δε θέλω να απαντήσω,other_party,13.3333,10,75,108,75.0,low,ok,True
SURVEY_06,spss.sav,2018-09-13 00:00:00,2018.0,9.0,Q3,2018-Q3,auto_from_sav_date_column:Vdatesub,True,occupation_group,Δε θέλω να απαντήσω,Ελληνική Λύση,1.3333,1,75,108,75.0,low,ok,True
SURVEY_06,spss.sav,2018-09-13 00:00:00,2018.0,9.0,Q3,2018-Q3,auto_from_sav_date_column:Vdatesub,True,occupation_group,Δε θέλω να απαντήσω,ΚΚΕ,4.0,3,75,108,75.0,low,ok,True
SURVEY_06,spss.sav,2018-09-13 00:00:00,2018.0,9.0,Q3,2018-Q3,auto_from_sav_date_column:Vdatesub,True,occupation_group,Δε θέλω να απαντήσω,ΝΔ,21.3333,16,75,108,75.0,low,ok,True
SURVEY_06,spss.sav,2018-09-13 00:00:00,2018.0,9.0,Q3,2018-Q3,auto_from_sav_date_column:Vdatesub,True,occupation_group,Δε θέλω να απαντήσω,ΠΑΣΟΚ/ΚΙΝΑΛ,9.3333,7,75,108,75.0,low,ok,True
SURVEY_06,spss.sav,2018-09-13 00:00:00,2018.0,9.0,Q3,2018-Q3,auto_from_sav_date_column:Vdatesub,True,occupation_group,Δε θέλω να απαντήσω,ΣΥΡΙΖΑ,38.6667,29,75,108,75.0,low,ok,True
SURVEY_06,spss.sav,2018-09-13 00:00:00,2018.0,9.0,Q3,2018-Q3,auto_from_sav_date_column:Vdatesub,True,occupation_group,Δε θέλω να απαντήσω,Χρυσή Αυγή,12.0,9,75,108,75.0,low,ok,True
SURVEY_06,spss.sav,2018-09-13 00:00:00,2018.0,9.0,Q3,2018-Q3,auto_from_sav_date_column:Vdatesub,True,occupation_group,Δεν εργάζομαι,other_party,10.262,47,458,550,458.0,high,ok,True
SURVEY_06,spss.sav,2018-09-13 00:00:00,2018.0,9.0,Q3,2018-Q3,auto_from_sav_date_column:Vdatesub,True,occupation_group,Δεν εργάζομαι,Ένωση Κεντρώων,1.0917,5,458,550,458.0,high,ok,True
SURVEY_06,spss.sav,2018-09-13 00:00:00,2018.0,9.0,Q3,2018-Q3,auto_from_sav_date_column:Vdatesub,True,occupation_group,Δεν εργάζομαι,ΑΝΕΛ,0.4367,2,458,550,458.0,high,ok,True
SURVEY_06,spss.sav,2018-09-13 00:00:00,2018.0,9.0,Q3,2018-Q3,auto_from_sav_date_column:Vdatesub,True,occupation_group,Δεν εργάζομαι,Ελληνική Λύση,3.4934,16,458,550,458.0,high,ok,True
SURVEY_06,spss.sav,2018-09-13 00:00:00,2018.0,9.0,Q3,2018-Q3,auto_from_sav_date_column:Vdatesub,True,occupation_group,Δεν εργάζομαι,ΚΚΕ,3.7118,17,458,550,458.0,high,ok,True
SURVEY_06,spss.sav,2018-09-13 00:00:00,2018.0,9.0,Q3,2018-Q3,auto_from_sav_date_column:Vdatesub,True,occupation_group,Δεν εργάζομαι,ΜέΡΑ25,1.7467,8,458,550,458.0,high,ok,True
SURVEY_06,spss.sav,2018-09-13 00:00:00,2018.0,9.0,Q3,2018-Q3,auto_from_sav_date_column:Vdatesub,True,occupation_group,Δεν εργάζομαι,ΝΔ,25.1092,115,458,550,458.0,high,ok,True
SURVEY_06,spss.sav,2018-09-13 00:00:00,2018.0,9.0,Q3,2018-Q3,auto_from_sav_date_column:Vdatesub,True,occupation_group,Δεν εργάζομαι,ΠΑΣΟΚ/ΚΙΝΑΛ,8.7336,40,458,550,458.0,high,ok,True
SURVEY_06,spss.sav,2018-09-13 00:00:00,2018.0,9.0,Q3,2018-Q3,auto_from_sav_date_column:Vdatesub,True,occupation_group,Δεν εργάζομαι,Πλεύση Ελευθερίας,1.5284,7,458,550,458.0,high,ok,True
SURVEY_06,spss.sav,2018-09-13 00:00:00,2018.0,9.0,Q3,2018-Q3,auto_from_sav_date_column:Vdatesub,True,occupation_group,Δεν εργάζομαι,Ποτάμι,0.4367,2,458,550,458.0,high,ok,True
SURVEY_06,spss.sav,2018-09-13 00:00:00,2018.0,9.0,Q3,2018-Q3,auto_from_sav_date_column:Vdatesub,True,occupation_group,Δεν εργάζομαι,ΣΥΡΙΖΑ,37.1179,170,458,550,458.0,high,ok,True
SURVEY_06,spss.sav,2018-09-13 00:00:00,2018.0,9.0,Q3,2018-Q3,auto_from_sav_date_column:Vdatesub,True,occupation_group,Δεν εργάζομαι,Χρυσή Αυγή,6.3319,29,458,550,458.0,high,ok,True
SURVEY_06,spss.sav,2018-09-13 00:00:00,2018.0,9.0,Q3,2018-Q3,auto_from_sav_date_column:Vdatesub,True,left_right_group,center,other_party,9.0352,59,653,801,653.0,high,ok,True
SURVEY_06,spss.sav,2018-09-13 00:00:00,2018.0,9.0,Q3,2018-Q3,auto_from_sav_date_column:Vdatesub,True,left_right_group,center,Ένωση Κεντρώων,1.9908,13,653,801,653.0,high,ok,True
SURVEY_06,spss.sav,2018-09-13 00:00:00,2018.0,9.0,Q3,2018-Q3,auto_from_sav_date_column:Vdatesub,True,left_right_group,center,ΑΝΕΛ,1.2251,8,653,801,653.0,high,ok,True
SURVEY_06,spss.sav,2018-09-13 00:00:00,2018.0,9.0,Q3,2018-Q3,auto_from_sav_date_column:Vdatesub,True,left_right_group,center,Ελληνική Λύση,2.6034,17,653,801,653.0,high,ok,True
SURVEY_06,spss.sav,2018-09-13 00:00:00,2018.0,9.0,Q3,2018-Q3,auto_from_sav_date_column:Vdatesub,True,left_right_group,center,ΚΚΕ,1.6845,11,653,801,653.0,high,ok,True
SURVEY_06,spss.sav,2018-09-13 00:00:00,2018.0,9.0,Q3,2018-Q3,auto_from_sav_date_column:Vdatesub,True,left_right_group,center,ΜέΡΑ25,0.7657,5,653,801,653.0,high,ok,True
SURVEY_06,spss.sav,2018-09-13 00:00:00,2018.0,9.0,Q3,2018-Q3,auto_from_sav_date_column:Vdatesub,True,left_right_group,center,ΝΔ,30.4747,199,653,801,653.0,high,ok,True
SURVEY_06,spss.sav,2018-09-13 00:00:00,2018.0,9.0,Q3,2018-Q3,auto_from_sav_date_column:Vdatesub,True,left_right_group,center,ΠΑΣΟΚ/ΚΙΝΑΛ,12.2511,80,653,801,653.0,high,ok,True
SURVEY_06,spss.sav,2018-09-13 00:00:00,2018.0,9.0,Q3,2018-Q3,auto_from_sav_date_column:Vdatesub,True,left_right_group,center,Πλεύση Ελευθερίας,1.3783,9,653,801,653.0,high,ok,True
SURVEY_06,spss.sav,2018-09-13 00:00:00,2018.0,9.0,Q3,2018-Q3,auto_from_sav_date_column:Vdatesub,True,left_right_group,center,Ποτάμι,0.9188,6,653,801,653.0,high,ok,True
SURVEY_06,spss.sav,2018-09-13 00:00:00,2018.0,9.0,Q3,2018-Q3,auto_from_sav_date_column:Vdatesub,True,left_right_group,center,ΣΥΡΙΖΑ,34.7626,227,653,801,653.0,high,ok,True
SURVEY_06,spss.sav,2018-09-13 00:00:00,2018.0,9.0,Q3,2018-Q3,auto_from_sav_date_column:Vdatesub,True,left_right_group,center,Χρυσή Αυγή,2.9096,19,653,801,653.0,high,ok,True
SURVEY_06,spss.sav,2018-09-13 00:00:00,2018.0,9.0,Q3,2018-Q3,auto_from_sav_date_column:Vdatesub,True,left_right_group,left,other_party,9.75,39,400,427,400.0,high,ok,True
SURVEY_06,spss.sav,2018-09-13 00:00:00,2018.0,9.0,Q3,2018-Q3,auto_from_sav_date_column:Vdatesub,True,left_right_group,left,Ελληνική Λύση,0.25,1,400,427,400.0,high,ok,True
SURVEY_06,spss.sav,2018-09-13 00:00:00,2018.0,9.0,Q3,2018-Q3,auto_from_sav_date_column:Vdatesub,True,left_right_group,left,ΚΚΕ,10.0,40,400,427,400.0,high,ok,True
SURVEY_06,spss.sav,2018-09-13 00:00:00,2018.0,9.0,Q3,2018-Q3,auto_from_sav_date_column:Vdatesub,True,left_right_group,left,ΜέΡΑ25,2.0,8,400,427,400.0,high,ok,True
SURVEY_06,spss.sav,2018-09-13 00:00:00,2018.0,9.0,Q3,2018-Q3,auto_from_sav_date_column:Vdatesub,True,left_right_group,left,ΝΔ,1.25,5,400,427,400.0,high,ok,True
SURVEY_06,spss.sav,2018-09-13 00:00:00,2018.0,9.0,Q3,2018-Q3,auto_from_sav_date_column:Vdatesub,True,left_right_group,left,ΠΑΣΟΚ/ΚΙΝΑΛ,2.75,11,400,427,400.0,high,ok,True
SURVEY_06,spss.sav,2018-09-13 00:00:00,2018.0,9.0,Q3,2018-Q3,auto_from_sav_date_column:Vdatesub,True,left_right_group,left,Πλεύση Ελευθερίας,0.75,3,400,427,400.0,high,ok,True
SURVEY_06,spss.sav,2018-09-13 00:00:00,2018.0,9.0,Q3,2018-Q3,auto_from_sav_date_column:Vdatesub,True,left_right_group,left,Ποτάμι,0.25,1,400,427,400.0,high,ok,True
SURVEY_06,spss.sav,2018-09-13 00:00:00,2018.0,9.0,Q3,2018-Q3,auto_from_sav_date_column:Vdatesub,True,left_right_group,left,ΣΥΡΙΖΑ,72.75,291,400,427,400.0,high,ok,True
SURVEY_06,spss.sav,2018-09-13 00:00:00,2018.0,9.0,Q3,2018-Q3,auto_from_sav_date_column:Vdatesub,True,left_right_group,left,Χρυσή Αυγή,0.25,1,400,427,400.0,high,ok,True
SURVEY_06,spss.sav,2018-09-13 00:00:00,2018.0,9.0,Q3,2018-Q3,auto_from_sav_date_column:Vdatesub,True,left_right_group,right,other_party,10.8787,26,239,262,239.0,medium,ok,True
SURVEY_06,spss.sav,2018-09-13 00:00:00,2018.0,9.0,Q3,2018-Q3,auto_from_sav_date_column:Vdatesub,True,left_right_group,right,Ένωση Κεντρώων,0.8368,2,239,262,239.0,medium,ok,True
SURVEY_06,spss.sav,2018-09-13 00:00:00,2018.0,9.0,Q3,2018-Q3,auto_from_sav_date_column:Vdatesub,True,left_right_group,right,ΑΝΕΛ,0.4184,1,239,262,239.0,medium,ok,True
SURVEY_06,spss.sav,2018-09-13 00:00:00,2018.0,9.0,Q3,2018-Q3,auto_from_sav_date_column:Vdatesub,True,left_right_group,right,Ελληνική Λύση,4.1841,10,239,262,239.0,medium,ok,True
SURVEY_06,spss.sav,2018-09-13 00:00:00,2018.0,9.0,Q3,2018-Q3,auto_from_sav_date_column:Vdatesub,True,left_right_group,right,ΜέΡΑ25,0.8368,2,239,262,239.0,medium,ok,True
SURVEY_06,spss.sav,2018-09-13 00:00:00,2018.0,9.0,Q3,2018-Q3,auto_from_sav_date_column:Vdatesub,True,left_right_group,right,ΝΔ,48.1172,115,239,262,239.0,medium,ok,True
SURVEY_06,spss.sav,2018-09-13 00:00:00,2018.0,9.0,Q3,2018-Q3,auto_from_sav_date_column:Vdatesub,True,left_right_group,right,ΠΑΣΟΚ/ΚΙΝΑΛ,0.4184,1,239,262,239.0,medium,ok,True
SURVEY_06,spss.sav,2018-09-13 00:00:00,2018.0,9.0,Q3,2018-Q3,auto_from_sav_date_column:Vdatesub,True,left_right_group,right,Πλεύση Ελευθερίας,0.8368,2,239,262,239.0,medium,ok,True
SURVEY_06,spss.sav,2018-09-13 00:00:00,2018.0,9.0,Q3,2018-Q3,auto_from_sav_date_column:Vdatesub,True,left_right_group,right,Ποτάμι,0.4184,1,239,262,239.0,medium,ok,True
SURVEY_06,spss.sav,2018-09-13 00:00:00,2018.0,9.0,Q3,2018-Q3,auto_from_sav_date_column:Vdatesub,True,left_right_group,right,ΣΥΡΙΖΑ,7.113,17,239,262,239.0,medium,ok,True
SURVEY_06,spss.sav,2018-09-13 00:00:00,2018.0,9.0,Q3,2018-Q3,auto_from_sav_date_column:Vdatesub,True,left_right_group,right,Χρυσή Αυγή,25.9414,62,239,262,239.0,medium,ok,True
SURVEY_06,spss.sav,2018-09-13 00:00:00,2018.0,9.0,Q3,2018-Q3,auto_from_sav_date_column:Vdatesub,True,previous_vote_party,other_party,other_party,24.2812,76,313,390,313.0,high,ok,True
SURVEY_06,spss.sav,2018-09-13 00:00:00,2018.0,9.0,Q3,2018-Q3,auto_from_sav_date_column:Vdatesub,True,previous_vote_party,other_party,Ένωση Κεντρώων,1.9169,6,313,390,313.0,high,ok,True
SURVEY_06,spss.sav,2018-09-13 00:00:00,2018.0,9.0,Q3,2018-Q3,auto_from_sav_date_column:Vdatesub,True,previous_vote_party,other_party,Ελληνική Λύση,1.278,4,313,390,313.0,high,ok,True
SURVEY_06,spss.sav,2018-09-13 00:00:00,2018.0,9.0,Q3,2018-Q3,auto_from_sav_date_column:Vdatesub,True,previous_vote_party,other_party,ΚΚΕ,2.8754,9,313,390,313.0,high,ok,True
SURVEY_06,spss.sav,2018-09-13 00:00:00,2018.0,9.0,Q3,2018-Q3,auto_from_sav_date_column:Vdatesub,True,previous_vote_party,other_party,ΜέΡΑ25,2.2364,7,313,390,313.0,high,ok,True
SURVEY_06,spss.sav,2018-09-13 00:00:00,2018.0,9.0,Q3,2018-Q3,auto_from_sav_date_column:Vdatesub,True,previous_vote_party,other_party,ΝΔ,18.5304,58,313,390,313.0,high,ok,True
SURVEY_06,spss.sav,2018-09-13 00:00:00,2018.0,9.0,Q3,2018-Q3,auto_from_sav_date_column:Vdatesub,True,previous_vote_party,other_party,ΠΑΣΟΚ/ΚΙΝΑΛ,18.5304,58,313,390,313.0,high,ok,True
SURVEY_06,spss.sav,2018-09-13 00:00:00,2018.0,9.0,Q3,2018-Q3,auto_from_sav_date_column:Vdatesub,True,previous_vote_party,other_party,Πλεύση Ελευθερίας,3.1949,10,313,390,313.0,high,ok,True
SURVEY_06,spss.sav,2018-09-13 00:00:00,2018.0,9.0,Q3,2018-Q3,auto_from_sav_date_column:Vdatesub,True,previous_vote_party,other_party,Ποτάμι,0.3195,1,313,390,313.0,high,ok,True
SURVEY_06,spss.sav,2018-09-13 00:00:00,2018.0,9.0,Q3,2018-Q3,auto_from_sav_date_column:Vdatesub,True,previous_vote_party,other_party,ΣΥΡΙΖΑ,25.2396,79,313,390,313.0,high,ok,True
SURVEY_06,spss.sav,2018-09-13 00:00:00,2018.0,9.0,Q3,2018-Q3,auto_from_sav_date_column:Vdatesub,True,previous_vote_party,other_party,Χρυσή Αυγή,1.5974,5,313,390,313.0,high,ok,True
SURVEY_06,spss.sav,2018-09-13 00:00:00,2018.0,9.0,Q3,2018-Q3,auto_from_sav_date_column:Vdatesub,True,previous_vote_party,Ένωση Κεντρώων,other_party,29.6296,8,27,31,27.0,low,ok,False
SURVEY_06,spss.sav,2018-09-13 00:00:00,2018.0,9.0,Q3,2018-Q3,auto_from_sav_date_column:Vdatesub,True,previous_vote_party,Ένωση Κεντρώων,Ένωση Κεντρώων,11.1111,3,27,31,27.0,low,ok,False
SURVEY_06,spss.sav,2018-09-13 00:00:00,2018.0,9.0,Q3,2018-Q3,auto_from_sav_date_column:Vdatesub,True,previous_vote_party,Ένωση Κεντρώων,Ελληνική Λύση,7.4074,2,27,31,27.0,low,ok,False
SURVEY_06,spss.sav,2018-09-13 00:00:00,2018.0,9.0,Q3,2018-Q3,auto_from_sav_date_column:Vdatesub,True,previous_vote_party,Ένωση Κεντρώων,ΚΚΕ,3.7037,1,27,31,27.0,low,ok,False
SURVEY_06,spss.sav,2018-09-13 00:00:00,2018.0,9.0,Q3,2018-Q3,auto_from_sav_date_column:Vdatesub,True,previous_vote_party,Ένωση Κεντρώων,ΝΔ,29.6296,8,27,31,27.0,low,ok,False
SURVEY_06,spss.sav,2018-09-13 00:00:00,2018.0,9.0,Q3,2018-Q3,auto_from_sav_date_column:Vdatesub,True,previous_vote_party,Ένωση Κεντρώων,ΠΑΣΟΚ/ΚΙΝΑΛ,3.7037,1,27,31,27.0,low,ok,False
SURVEY_06,spss.sav,2018-09-13 00:00:00,2018.0,9.0,Q3,2018-Q3,auto_from_sav_date_column:Vdatesub,True,previous_vote_party,Ένωση Κεντρώων,ΣΥΡΙΖΑ,3.7037,1,27,31,27.0,low,ok,False
SURVEY_06,spss.sav,2018-09-13 00:00:00,2018.0,9.0,Q3,2018-Q3,auto_from_sav_date_column:Vdatesub,True,previous_vote_party,Ένωση Κεντρώων,Χρυσή Αυγή,11.1111,3,27,31,27.0,low,ok,False
SURVEY_06,spss.sav,2018-09-13 00:00:00,2018.0,9.0,Q3,2018-Q3,auto_from_sav_date_column:Vdatesub,True,previous_vote_party,ΑΝΕΛ,other_party,20.0,9,45,59,45.0,low,ok,True
SURVEY_06,spss.sav,2018-09-13 00:00:00,2018.0,9.0,Q3,2018-Q3,auto_from_sav_date_column:Vdatesub,True,previous_vote_party,ΑΝΕΛ,Ένωση Κεντρώων,2.2222,1,45,59,45.0,low,ok,True
SURVEY_06,spss.sav,2018-09-13 00:00:00,2018.0,9.0,Q3,2018-Q3,auto_from_sav_date_column:Vdatesub,True,previous_vote_party,ΑΝΕΛ,ΑΝΕΛ,15.5556,7,45,59,45.0,low,ok,True
SURVEY_06,spss.sav,2018-09-13 00:00:00,2018.0,9.0,Q3,2018-Q3,auto_from_sav_date_column:Vdatesub,True,previous_vote_party,ΑΝΕΛ,Ελληνική Λύση,17.7778,8,45,59,45.0,low,ok,True
SURVEY_06,spss.sav,2018-09-13 00:00:00,2018.0,9.0,Q3,2018-Q3,auto_from_sav_date_column:Vdatesub,True,previous_vote_party,ΑΝΕΛ,ΜέΡΑ25,2.2222,1,45,59,45.0,low,ok,True
SURVEY_06,spss.sav,2018-09-13 00:00:00,2018.0,9.0,Q3,2018-Q3,auto_from_sav_date_column:Vdatesub,True,previous_vote_party,ΑΝΕΛ,ΝΔ,17.7778,8,45,59,45.0,low,ok,True
SURVEY_06,spss.sav,2018-09-13 00:00:00,2018.0,9.0,Q3,2018-Q3,auto_from_sav_date_column:Vdatesub,True,previous_vote_party,ΑΝΕΛ,ΣΥΡΙΖΑ,13.3333,6,45,59,45.0,low,ok,True
SURVEY_06,spss.sav,2018-09-13 00:00:00,2018.0,9.0,Q3,2018-Q3,auto_from_sav_date_column:Vdatesub,True,previous_vote_party,ΑΝΕΛ,Χρυσή Αυγή,11.1111,5,45,59,45.0,low,ok,True
SURVEY_06,spss.sav,2018-09-13 00:00:00,2018.0,9.0,Q3,2018-Q3,auto_from_sav_date_column:Vdatesub,True,previous_vote_party,ΚΚΕ,ΚΚΕ,65.9091,29,44,50,44.0,low,ok,True
SURVEY_06,spss.sav,2018-09-13 00:00:00,2018.0,9.0,Q3,2018-Q3,auto_from_sav_date_column:Vdatesub,True,previous_vote_party,ΚΚΕ,ΜέΡΑ25,2.2727,1,44,50,44.0,low,ok,True
SURVEY_06,spss.sav,2018-09-13 00:00:00,2018.0,9.0,Q3,2018-Q3,auto_from_sav_date_column:Vdatesub,True,previous_vote_party,ΚΚΕ,ΝΔ,6.8182,3,44,50,44.0,low,ok,True
SURVEY_06,spss.sav,2018-09-13 00:00:00,2018.0,9.0,Q3,2018-Q3,auto_from_sav_date_column:Vdatesub,True,previous_vote_party,ΚΚΕ,Πλεύση Ελευθερίας,2.2727,1,44,50,44.0,low,ok,True
SURVEY_06,spss.sav,2018-09-13 00:00:00,2018.0,9.0,Q3,2018-Q3,auto_from_sav_date_column:Vdatesub,True,previous_vote_party,ΚΚΕ,Ποτάμι,2.2727,1,44,50,44.0,low,ok,True
SURVEY_06,spss.sav,2018-09-13 00:00:00,2018.0,9.0,Q3,2018-Q3,auto_from_sav_date_column:Vdatesub,True,previous_vote_party,ΚΚΕ,ΣΥΡΙΖΑ,20.4545,9,44,50,44.0,low,ok,True
SURVEY_06,spss.sav,2018-09-13 00:00:00,2018.0,9.0,Q3,2018-Q3,auto_from_sav_date_column:Vdatesub,True,previous_vote_party,ΝΔ,other_party,4.329,10,231,243,231.0,medium,ok,True
SURVEY_06,spss.sav,2018-09-13 00:00:00,2018.0,9.0,Q3,2018-Q3,auto_from_sav_date_column:Vdatesub,True,previous_vote_party,ΝΔ,Ένωση Κεντρώων,0.8658,2,231,243,231.0,medium,ok,True
SURVEY_06,spss.sav,2018-09-13 00:00:00,2018.0,9.0,Q3,2018-Q3,auto_from_sav_date_column:Vdatesub,True,previous_vote_party,ΝΔ,ΑΝΕΛ,0.4329,1,231,243,231.0,medium,ok,True
SURVEY_06,spss.sav,2018-09-13 00:00:00,2018.0,9.0,Q3,2018-Q3,auto_from_sav_date_column:Vdatesub,True,previous_vote_party,ΝΔ,Ελληνική Λύση,0.4329,1,231,243,231.0,medium,ok,True
SURVEY_06,spss.sav,2018-09-13 00:00:00,2018.0,9.0,Q3,2018-Q3,auto_from_sav_date_column:Vdatesub,True,previous_vote_party,ΝΔ,ΝΔ,73.1602,169,231,243,231.0,medium,ok,True
SURVEY_06,spss.sav,2018-09-13 00:00:00,2018.0,9.0,Q3,2018-Q3,auto_from_sav_date_column:Vdatesub,True,previous_vote_party,ΝΔ,ΠΑΣΟΚ/ΚΙΝΑΛ,1.2987,3,231,243,231.0,medium,ok,True
SURVEY_06,spss.sav,2018-09-13 00:00:00,2018.0,9.0,Q3,2018-Q3,auto_from_sav_date_column:Vdatesub,True,previous_vote_party,ΝΔ,Ποτάμι,0.4329,1,231,243,231.0,medium,ok,True
SURVEY_06,spss.sav,2018-09-13 00:00:00,2018.0,9.0,Q3,2018-Q3,auto_from_sav_date_column:Vdatesub,True,previous_vote_party,ΝΔ,ΣΥΡΙΖΑ,15.1515,35,231,243,231.0,medium,ok,True
SURVEY_06,spss.sav,2018-09-13 00:00:00,2018.0,9.0,Q3,2018-Q3,auto_from_sav_date_column:Vdatesub,True,previous_vote_party,ΝΔ,Χρυσή Αυγή,3.8961,9,231,243,231.0,medium,ok,True
SURVEY_06,spss.sav,2018-09-13 00:00:00,2018.0,9.0,Q3,2018-Q3,auto_from_sav_date_column:Vdatesub,True,previous_vote_party,Ποτάμι,other_party,10.2041,5,49,60,49.0,low,ok,True
SURVEY_06,spss.sav,2018-09-13 00:00:00,2018.0,9.0,Q3,2018-Q3,auto_from_sav_date_column:Vdatesub,True,previous_vote_party,Ποτάμι,Ένωση Κεντρώων,2.0408,1,49,60,49.0,low,ok,True
SURVEY_06,spss.sav,2018-09-13 00:00:00,2018.0,9.0,Q3,2018-Q3,auto_from_sav_date_column:Vdatesub,True,previous_vote_party,Ποτάμι,Ελληνική Λύση,2.0408,1,49,60,49.0,low,ok,True
SURVEY_06,spss.sav,2018-09-13 00:00:00,2018.0,9.0,Q3,2018-Q3,auto_from_sav_date_column:Vdatesub,True,previous_vote_party,Ποτάμι,ΚΚΕ,4.0816,2,49,60,49.0,low,ok,True
SURVEY_06,spss.sav,2018-09-13 00:00:00,2018.0,9.0,Q3,2018-Q3,auto_from_sav_date_column:Vdatesub,True,previous_vote_party,Ποτάμι,ΝΔ,42.8571,21,49,60,49.0,low,ok,True
SURVEY_06,spss.sav,2018-09-13 00:00:00,2018.0,9.0,Q3,2018-Q3,auto_from_sav_date_column:Vdatesub,True,previous_vote_party,Ποτάμι,ΠΑΣΟΚ/ΚΙΝΑΛ,10.2041,5,49,60,49.0,low,ok,True
SURVEY_06,spss.sav,2018-09-13 00:00:00,2018.0,9.0,Q3,2018-Q3,auto_from_sav_date_column:Vdatesub,True,previous_vote_party,Ποτάμι,Ποτάμι,8.1633,4,49,60,49.0,low,ok,True
SURVEY_06,spss.sav,2018-09-13 00:00:00,2018.0,9.0,Q3,2018-Q3,auto_from_sav_date_column:Vdatesub,True,previous_vote_party,Ποτάμι,ΣΥΡΙΖΑ,18.3673,9,49,60,49.0,low,ok,True
SURVEY_06,spss.sav,2018-09-13 00:00:00,2018.0,9.0,Q3,2018-Q3,auto_from_sav_date_column:Vdatesub,True,previous_vote_party,Ποτάμι,Χρυσή Αυγή,2.0408,1,49,60,49.0,low,ok,True
SURVEY_06,spss.sav,2018-09-13 00:00:00,2018.0,9.0,Q3,2018-Q3,auto_from_sav_date_column:Vdatesub,True,previous_vote_party,ΣΥΡΙΖΑ,other_party,3.4816,18,517,581,517.0,high,ok,True
SURVEY_06,spss.sav,2018-09-13 00:00:00,2018.0,9.0,Q3,2018-Q3,auto_from_sav_date_column:Vdatesub,True,previous_vote_party,ΣΥΡΙΖΑ,Ένωση Κεντρώων,0.3868,2,517,581,517.0,high,ok,True
SURVEY_06,spss.sav,2018-09-13 00:00:00,2018.0,9.0,Q3,2018-Q3,auto_from_sav_date_column:Vdatesub,True,previous_vote_party,ΣΥΡΙΖΑ,ΑΝΕΛ,0.1934,1,517,581,517.0,high,ok,True
SURVEY_06,spss.sav,2018-09-13 00:00:00,2018.0,9.0,Q3,2018-Q3,auto_from_sav_date_column:Vdatesub,True,previous_vote_party,ΣΥΡΙΖΑ,Ελληνική Λύση,1.5474,8,517,581,517.0,high,ok,True
SURVEY_06,spss.sav,2018-09-13 00:00:00,2018.0,9.0,Q3,2018-Q3,auto_from_sav_date_column:Vdatesub,True,previous_vote_party,ΣΥΡΙΖΑ,ΚΚΕ,2.1277,11,517,581,517.0,high,ok,True
SURVEY_06,spss.sav,2018-09-13 00:00:00,2018.0,9.0,Q3,2018-Q3,auto_from_sav_date_column:Vdatesub,True,previous_vote_party,ΣΥΡΙΖΑ,ΜέΡΑ25,1.1605,6,517,581,517.0,high,ok,True
SURVEY_06,spss.sav,2018-09-13 00:00:00,2018.0,9.0,Q3,2018-Q3,auto_from_sav_date_column:Vdatesub,True,previous_vote_party,ΣΥΡΙΖΑ,ΝΔ,7.5435,39,517,581,517.0,high,ok,True
SURVEY_06,spss.sav,2018-09-13 00:00:00,2018.0,9.0,Q3,2018-Q3,auto_from_sav_date_column:Vdatesub,True,previous_vote_party,ΣΥΡΙΖΑ,ΠΑΣΟΚ/ΚΙΝΑΛ,4.0619,21,517,581,517.0,high,ok,True
SURVEY_06,spss.sav,2018-09-13 00:00:00,2018.0,9.0,Q3,2018-Q3,auto_from_sav_date_column:Vdatesub,True,previous_vote_party,ΣΥΡΙΖΑ,Πλεύση Ελευθερίας,0.5803,3,517,581,517.0,high,ok,True
SURVEY_06,spss.sav,2018-09-13 00:00:00,2018.0,9.0,Q3,2018-Q3,auto_from_sav_date_column:Vdatesub,True,previous_vote_party,ΣΥΡΙΖΑ,ΣΥΡΙΖΑ,75.6286,391,517,581,517.0,high,ok,True
SURVEY_06,spss.sav,2018-09-13 00:00:00,2018.0,9.0,Q3,2018-Q3,auto_from_sav_date_column:Vdatesub,True,previous_vote_party,ΣΥΡΙΖΑ,Χρυσή Αυγή,3.2882,17,517,581,517.0,high,ok,True
SURVEY_06,spss.sav,2018-09-13 00:00:00,2018.0,9.0,Q3,2018-Q3,auto_from_sav_date_column:Vdatesub,True,previous_vote_party,Χρυσή Αυγή,other_party,1.4925,1,67,73,67.0,low,ok,True
SURVEY_06,spss.sav,2018-09-13 00:00:00,2018.0,9.0,Q3,2018-Q3,auto_from_sav_date_column:Vdatesub,True,previous_vote_party,Χρυσή Αυγή,Ελληνική Λύση,5.9701,4,67,73,67.0,low,ok,True
SURVEY_06,spss.sav,2018-09-13 00:00:00,2018.0,9.0,Q3,2018-Q3,auto_from_sav_date_column:Vdatesub,True,previous_vote_party,Χρυσή Αυγή,ΝΔ,11.9403,8,67,73,67.0,low,ok,True
SURVEY_06,spss.sav,2018-09-13 00:00:00,2018.0,9.0,Q3,2018-Q3,auto_from_sav_date_column:Vdatesub,True,previous_vote_party,Χρυσή Αυγή,ΣΥΡΙΖΑ,2.9851,2,67,73,67.0,low,ok,True
SURVEY_06,spss.sav,2018-09-13 00:00:00,2018.0,9.0,Q3,2018-Q3,auto_from_sav_date_column:Vdatesub,True,previous_vote_party,Χρυσή Αυγή,Χρυσή Αυγή,77.6119,52,67,73,67.0,low,ok,True
SURVEY_06,spss.sav,2018-09-13 00:00:00,2018.0,9.0,Q3,2018-Q3,auto_from_sav_date_column:Vdatesub,True,region_group,01,Ελληνική Λύση,20.0,1,5,6,5.0,low,ok,False
SURVEY_06,spss.sav,2018-09-13 00:00:00,2018.0,9.0,Q3,2018-Q3,auto_from_sav_date_column:Vdatesub,True,region_group,01,ΝΔ,20.0,1,5,6,5.0,low,ok,False
SURVEY_06,spss.sav,2018-09-13 00:00:00,2018.0,9.0,Q3,2018-Q3,auto_from_sav_date_column:Vdatesub,True,region_group,01,Πλεύση Ελευθερίας,20.0,1,5,6,5.0,low,ok,False
SURVEY_06,spss.sav,2018-09-13 00:00:00,2018.0,9.0,Q3,2018-Q3,auto_from_sav_date_column:Vdatesub,True,region_group,01,ΣΥΡΙΖΑ,20.0,1,5,6,5.0,low,ok,False
SURVEY_06,spss.sav,2018-09-13 00:00:00,2018.0,9.0,Q3,2018-Q3,auto_from_sav_date_column:Vdatesub,True,region_group,01,Χρυσή Αυγή,20.0,1,5,6,5.0,low,ok,False
SURVEY_06,spss.sav,2018-09-13 00:00:00,2018.0,9.0,Q3,2018-Q3,auto_from_sav_date_column:Vdatesub,True,region_group,02,other_party,16.6667,1,6,6,6.0,low,ok,False
SURVEY_06,spss.sav,2018-09-13 00:00:00,2018.0,9.0,Q3,2018-Q3,auto_from_sav_date_column:Vdatesub,True,region_group,02,ΝΔ,16.6667,1,6,6,6.0,low,ok,False
SURVEY_06,spss.sav,2018-09-13 00:00:00,2018.0,9.0,Q3,2018-Q3,auto_from_sav_date_column:Vdatesub,True,region_group,02,ΣΥΡΙΖΑ,50.0,3,6,6,6.0,low,ok,False
SURVEY_06,spss.sav,2018-09-13 00:00:00,2018.0,9.0,Q3,2018-Q3,auto_from_sav_date_column:Vdatesub,True,region_group,02,Χρυσή Αυγή,16.6667,1,6,6,6.0,low,ok,False
SURVEY_06,spss.sav,2018-09-13 00:00:00,2018.0,9.0,Q3,2018-Q3,auto_from_sav_date_column:Vdatesub,True,region_group,03,ΜέΡΑ25,33.3333,1,3,3,3.0,low,ok,False
SURVEY_06,spss.sav,2018-09-13 00:00:00,2018.0,9.0,Q3,2018-Q3,auto_from_sav_date_column:Vdatesub,True,region_group,03,ΣΥΡΙΖΑ,33.3333,1,3,3,3.0,low,ok,False
SURVEY_06,spss.sav,2018-09-13 00:00:00,2018.0,9.0,Q3,2018-Q3,auto_from_sav_date_column:Vdatesub,True,region_group,03,Χρυσή Αυγή,33.3333,1,3,3,3.0,low,ok,False
SURVEY_06,spss.sav,2018-09-13 00:00:00,2018.0,9.0,Q3,2018-Q3,auto_from_sav_date_column:Vdatesub,True,region_group,04,ΝΔ,25.0,1,4,5,4.0,low,ok,False
SURVEY_06,spss.sav,2018-09-13 00:00:00,2018.0,9.0,Q3,2018-Q3,auto_from_sav_date_column:Vdatesub,True,region_group,04,ΠΑΣΟΚ/ΚΙΝΑΛ,25.0,1,4,5,4.0,low,ok,False
SURVEY_06,spss.sav,2018-09-13 00:00:00,2018.0,9.0,Q3,2018-Q3,auto_from_sav_date_column:Vdatesub,True,region_group,04,ΣΥΡΙΖΑ,50.0,2,4,5,4.0,low,ok,False
SURVEY_06,spss.sav,2018-09-13 00:00:00,2018.0,9.0,Q3,2018-Q3,auto_from_sav_date_column:Vdatesub,True,region_group,05,other_party,28.5714,2,7,8,7.0,low,ok,False
SURVEY_06,spss.sav,2018-09-13 00:00:00,2018.0,9.0,Q3,2018-Q3,auto_from_sav_date_column:Vdatesub,True,region_group,05,ΝΔ,28.5714,2,7,8,7.0,low,ok,False
SURVEY_06,spss.sav,2018-09-13 00:00:00,2018.0,9.0,Q3,2018-Q3,auto_from_sav_date_column:Vdatesub,True,region_group,05,ΠΑΣΟΚ/ΚΙΝΑΛ,14.2857,1,7,8,7.0,low,ok,False
SURVEY_06,spss.sav,2018-09-13 00:00:00,2018.0,9.0,Q3,2018-Q3,auto_from_sav_date_column:Vdatesub,True,region_group,05,ΣΥΡΙΖΑ,28.5714,2,7,8,7.0,low,ok,False
SURVEY_06,spss.sav,2018-09-13 00:00:00,2018.0,9.0,Q3,2018-Q3,auto_from_sav_date_column:Vdatesub,True,region_group,06,Ελληνική Λύση,16.6667,1,6,6,6.0,low,ok,False
SURVEY_06,spss.sav,2018-09-13 00:00:00,2018.0,9.0,Q3,2018-Q3,auto_from_sav_date_column:Vdatesub,True,region_group,06,ΝΔ,33.3333,2,6,6,6.0,low,ok,False
SURVEY_06,spss.sav,2018-09-13 00:00:00,2018.0,9.0,Q3,2018-Q3,auto_from_sav_date_column:Vdatesub,True,region_group,06,ΠΑΣΟΚ/ΚΙΝΑΛ,16.6667,1,6,6,6.0,low,ok,False
SURVEY_06,spss.sav,2018-09-13 00:00:00,2018.0,9.0,Q3,2018-Q3,auto_from_sav_date_column:Vdatesub,True,region_group,06,ΣΥΡΙΖΑ,33.3333,2,6,6,6.0,low,ok,False
SURVEY_06,spss.sav,2018-09-13 00:00:00,2018.0,9.0,Q3,2018-Q3,auto_from_sav_date_column:Vdatesub,True,region_group,07,other_party,28.5714,2,7,7,7.0,low,ok,False
SURVEY_06,spss.sav,2018-09-13 00:00:00,2018.0,9.0,Q3,2018-Q3,auto_from_sav_date_column:Vdatesub,True,region_group,07,ΝΔ,14.2857,1,7,7,7.0,low,ok,False
SURVEY_06,spss.sav,2018-09-13 00:00:00,2018.0,9.0,Q3,2018-Q3,auto_from_sav_date_column:Vdatesub,True,region_group,07,ΣΥΡΙΖΑ,28.5714,2,7,7,7.0,low,ok,False
SURVEY_06,spss.sav,2018-09-13 00:00:00,2018.0,9.0,Q3,2018-Q3,auto_from_sav_date_column:Vdatesub,True,region_group,07,Χρυσή Αυγή,28.5714,2,7,7,7.0,low,ok,False
SURVEY_06,spss.sav,2018-09-13 00:00:00,2018.0,9.0,Q3,2018-Q3,auto_from_sav_date_column:Vdatesub,True,region_group,09,ΣΥΡΙΖΑ,100.0,1,1,2,1.0,low,ok,False
SURVEY_06,spss.sav,2018-09-13 00:00:00,2018.0,9.0,Q3,2018-Q3,auto_from_sav_date_column:Vdatesub,True,region_group,11,other_party,20.0,2,10,13,10.0,low,ok,False
SURVEY_06,spss.sav,2018-09-13 00:00:00,2018.0,9.0,Q3,2018-Q3,auto_from_sav_date_column:Vdatesub,True,region_group,11,ΝΔ,40.0,4,10,13,10.0,low,ok,False
SURVEY_06,spss.sav,2018-09-13 00:00:00,2018.0,9.0,Q3,2018-Q3,auto_from_sav_date_column:Vdatesub,True,region_group,11,ΣΥΡΙΖΑ,20.0,2,10,13,10.0,low,ok,False
SURVEY_06,spss.sav,2018-09-13 00:00:00,2018.0,9.0,Q3,2018-Q3,auto_from_sav_date_column:Vdatesub,True,region_group,11,Χρυσή Αυγή,20.0,2,10,13,10.0,low,ok,False
SURVEY_06,spss.sav,2018-09-13 00:00:00,2018.0,9.0,Q3,2018-Q3,auto_from_sav_date_column:Vdatesub,True,region_group,12,Ελληνική Λύση,25.0,1,4,4,4.0,low,ok,False
SURVEY_06,spss.sav,2018-09-13 00:00:00,2018.0,9.0,Q3,2018-Q3,auto_from_sav_date_column:Vdatesub,True,region_group,12,ΝΔ,50.0,2,4,4,4.0,low,ok,False
SURVEY_06,spss.sav,2018-09-13 00:00:00,2018.0,9.0,Q3,2018-Q3,auto_from_sav_date_column:Vdatesub,True,region_group,12,ΣΥΡΙΖΑ,25.0,1,4,4,4.0,low,ok,False
SURVEY_06,spss.sav,2018-09-13 00:00:00,2018.0,9.0,Q3,2018-Q3,auto_from_sav_date_column:Vdatesub,True,region_group,13,other_party,11.399,22,193,226,193.0,medium,ok,True
SURVEY_06,spss.sav,2018-09-13 00:00:00,2018.0,9.0,Q3,2018-Q3,auto_from_sav_date_column:Vdatesub,True,region_group,13,Ένωση Κεντρώων,1.5544,3,193,226,193.0,medium,ok,True
SURVEY_06,spss.sav,2018-09-13 00:00:00,2018.0,9.0,Q3,2018-Q3,auto_from_sav_date_column:Vdatesub,True,region_group,13,Ελληνική Λύση,4.1451,8,193,226,193.0,medium,ok,True
SURVEY_06,spss.sav,2018-09-13 00:00:00,2018.0,9.0,Q3,2018-Q3,auto_from_sav_date_column:Vdatesub,True,region_group,13,ΚΚΕ,1.5544,3,193,226,193.0,medium,ok,True
SURVEY_06,spss.sav,2018-09-13 00:00:00,2018.0,9.0,Q3,2018-Q3,auto_from_sav_date_column:Vdatesub,True,region_group,13,ΜέΡΑ25,1.5544,3,193,226,193.0,medium,ok,True
SURVEY_06,spss.sav,2018-09-13 00:00:00,2018.0,9.0,Q3,2018-Q3,auto_from_sav_date_column:Vdatesub,True,region_group,13,ΝΔ,26.943,52,193,226,193.0,medium,ok,True
SURVEY_06,spss.sav,2018-09-13 00:00:00,2018.0,9.0,Q3,2018-Q3,auto_from_sav_date_column:Vdatesub,True,region_group,13,ΠΑΣΟΚ/ΚΙΝΑΛ,5.6995,11,193,226,193.0,medium,ok,True
SURVEY_06,spss.sav,2018-09-13 00:00:00,2018.0,9.0,Q3,2018-Q3,auto_from_sav_date_column:Vdatesub,True,region_group,13,Πλεύση Ελευθερίας,1.0363,2,193,226,193.0,medium,ok,True
SURVEY_06,spss.sav,2018-09-13 00:00:00,2018.0,9.0,Q3,2018-Q3,auto_from_sav_date_column:Vdatesub,True,region_group,13,Ποτάμι,1.5544,3,193,226,193.0,medium,ok,True
SURVEY_06,spss.sav,2018-09-13 00:00:00,2018.0,9.0,Q3,2018-Q3,auto_from_sav_date_column:Vdatesub,True,region_group,13,ΣΥΡΙΖΑ,34.1969,66,193,226,193.0,medium,ok,True
SURVEY_06,spss.sav,2018-09-13 00:00:00,2018.0,9.0,Q3,2018-Q3,auto_from_sav_date_column:Vdatesub,True,region_group,13,Χρυσή Αυγή,10.3627,20,193,226,193.0,medium,ok,True
SURVEY_06,spss.sav,2018-09-13 00:00:00,2018.0,9.0,Q3,2018-Q3,auto_from_sav_date_column:Vdatesub,True,region_group,14,other_party,12.5,1,8,11,8.0,low,ok,False
SURVEY_06,spss.sav,2018-09-13 00:00:00,2018.0,9.0,Q3,2018-Q3,auto_from_sav_date_column:Vdatesub,True,region_group,14,Ελληνική Λύση,25.0,2,8,11,8.0,low,ok,False
SURVEY_06,spss.sav,2018-09-13 00:00:00,2018.0,9.0,Q3,2018-Q3,auto_from_sav_date_column:Vdatesub,True,region_group,14,ΝΔ,25.0,2,8,11,8.0,low,ok,False
SURVEY_06,spss.sav,2018-09-13 00:00:00,2018.0,9.0,Q3,2018-Q3,auto_from_sav_date_column:Vdatesub,True,region_group,14,ΣΥΡΙΖΑ,12.5,1,8,11,8.0,low,ok,False
SURVEY_06,spss.sav,2018-09-13 00:00:00,2018.0,9.0,Q3,2018-Q3,auto_from_sav_date_column:Vdatesub,True,region_group,14,Χρυσή Αυγή,25.0,2,8,11,8.0,low,ok,False
SURVEY_06,spss.sav,2018-09-13 00:00:00,2018.0,9.0,Q3,2018-Q3,auto_from_sav_date_column:Vdatesub,True,region_group,16,ΠΑΣΟΚ/ΚΙΝΑΛ,50.0,1,2,4,2.0,low,ok,False
SURVEY_06,spss.sav,2018-09-13 00:00:00,2018.0,9.0,Q3,2018-Q3,auto_from_sav_date_column:Vdatesub,True,region_group,16,ΣΥΡΙΖΑ,50.0,1,2,4,2.0,low,ok,False
SURVEY_06,spss.sav,2018-09-13 00:00:00,2018.0,9.0,Q3,2018-Q3,auto_from_sav_date_column:Vdatesub,True,region_group,17,other_party,8.3333,1,12,14,12.0,low,ok,False
SURVEY_06,spss.sav,2018-09-13 00:00:00,2018.0,9.0,Q3,2018-Q3,auto_from_sav_date_column:Vdatesub,True,region_group,17,Ελληνική Λύση,8.3333,1,12,14,12.0,low,ok,False
SURVEY_06,spss.sav,2018-09-13 00:00:00,2018.0,9.0,Q3,2018-Q3,auto_from_sav_date_column:Vdatesub,True,region_group,17,ΜέΡΑ25,8.3333,1,12,14,12.0,low,ok,False
SURVEY_06,spss.sav,2018-09-13 00:00:00,2018.0,9.0,Q3,2018-Q3,auto_from_sav_date_column:Vdatesub,True,region_group,17,ΝΔ,8.3333,1,12,14,12.0,low,ok,False
SURVEY_06,spss.sav,2018-09-13 00:00:00,2018.0,9.0,Q3,2018-Q3,auto_from_sav_date_column:Vdatesub,True,region_group,17,ΠΑΣΟΚ/ΚΙΝΑΛ,8.3333,1,12,14,12.0,low,ok,False
SURVEY_06,spss.sav,2018-09-13 00:00:00,2018.0,9.0,Q3,2018-Q3,auto_from_sav_date_column:Vdatesub,True,region_group,17,ΣΥΡΙΖΑ,58.3333,7,12,14,12.0,low,ok,False
SURVEY_06,spss.sav,2018-09-13 00:00:00,2018.0,9.0,Q3,2018-Q3,auto_from_sav_date_column:Vdatesub,True,region_group,18,ΝΔ,33.3333,1,3,4,3.0,low,ok,False
SURVEY_06,spss.sav,2018-09-13 00:00:00,2018.0,9.0,Q3,2018-Q3,auto_from_sav_date_column:Vdatesub,True,region_group,18,ΣΥΡΙΖΑ,66.6667,2,3,4,3.0,low,ok,False
SURVEY_06,spss.sav,2018-09-13 00:00:00,2018.0,9.0,Q3,2018-Q3,auto_from_sav_date_column:Vdatesub,True,region_group,19,other_party,50.0,2,4,4,4.0,low,ok,False
SURVEY_06,spss.sav,2018-09-13 00:00:00,2018.0,9.0,Q3,2018-Q3,auto_from_sav_date_column:Vdatesub,True,region_group,19,ΝΔ,25.0,1,4,4,4.0,low,ok,False
SURVEY_06,spss.sav,2018-09-13 00:00:00,2018.0,9.0,Q3,2018-Q3,auto_from_sav_date_column:Vdatesub,True,region_group,19,ΠΑΣΟΚ/ΚΙΝΑΛ,25.0,1,4,4,4.0,low,ok,False
SURVEY_06,spss.sav,2018-09-13 00:00:00,2018.0,9.0,Q3,2018-Q3,auto_from_sav_date_column:Vdatesub,True,region_group,20,ΣΥΡΙΖΑ,100.0,2,2,2,2.0,low,ok,False
SURVEY_06,spss.sav,2018-09-13 00:00:00,2018.0,9.0,Q3,2018-Q3,auto_from_sav_date_column:Vdatesub,True,region_group,21,other_party,7.1429,1,14,14,14.0,low,ok,False
SURVEY_06,spss.sav,2018-09-13 00:00:00,2018.0,9.0,Q3,2018-Q3,auto_from_sav_date_column:Vdatesub,True,region_group,21,ΚΚΕ,7.1429,1,14,14,14.0,low,ok,False
SURVEY_06,spss.sav,2018-09-13 00:00:00,2018.0,9.0,Q3,2018-Q3,auto_from_sav_date_column:Vdatesub,True,region_group,21,ΝΔ,28.5714,4,14,14,14.0,low,ok,False
SURVEY_06,spss.sav,2018-09-13 00:00:00,2018.0,9.0,Q3,2018-Q3,auto_from_sav_date_column:Vdatesub,True,region_group,21,ΣΥΡΙΖΑ,35.7143,5,14,14,14.0,low,ok,False
SURVEY_06,spss.sav,2018-09-13 00:00:00,2018.0,9.0,Q3,2018-Q3,auto_from_sav_date_column:Vdatesub,True,region_group,21,Χρυσή Αυγή,21.4286,3,14,14,14.0,low,ok,False
SURVEY_06,spss.sav,2018-09-13 00:00:00,2018.0,9.0,Q3,2018-Q3,auto_from_sav_date_column:Vdatesub,True,region_group,22,ΚΚΕ,20.0,1,5,7,5.0,low,ok,False
SURVEY_06,spss.sav,2018-09-13 00:00:00,2018.0,9.0,Q3,2018-Q3,auto_from_sav_date_column:Vdatesub,True,region_group,22,ΝΔ,60.0,3,5,7,5.0,low,ok,False
SURVEY_06,spss.sav,2018-09-13 00:00:00,2018.0,9.0,Q3,2018-Q3,auto_from_sav_date_column:Vdatesub,True,region_group,22,Χρυσή Αυγή,20.0,1,5,7,5.0,low,ok,False
SURVEY_06,spss.sav,2018-09-13 00:00:00,2018.0,9.0,Q3,2018-Q3,auto_from_sav_date_column:Vdatesub,True,region_group,23,ΝΔ,20.0,1,5,5,5.0,low,ok,False
SURVEY_06,spss.sav,2018-09-13 00:00:00,2018.0,9.0,Q3,2018-Q3,auto_from_sav_date_column:Vdatesub,True,region_group,23,ΠΑΣΟΚ/ΚΙΝΑΛ,40.0,2,5,5,5.0,low,ok,False
SURVEY_06,spss.sav,2018-09-13 00:00:00,2018.0,9.0,Q3,2018-Q3,auto_from_sav_date_column:Vdatesub,True,region_group,23,ΣΥΡΙΖΑ,40.0,2,5,5,5.0,low,ok,False
SURVEY_06,spss.sav,2018-09-13 00:00:00,2018.0,9.0,Q3,2018-Q3,auto_from_sav_date_column:Vdatesub,True,region_group,24,other_party,16.6667,1,6,7,6.0,low,ok,False
SURVEY_06,spss.sav,2018-09-13 00:00:00,2018.0,9.0,Q3,2018-Q3,auto_from_sav_date_column:Vdatesub,True,region_group,24,ΠΑΣΟΚ/ΚΙΝΑΛ,16.6667,1,6,7,6.0,low,ok,False
SURVEY_06,spss.sav,2018-09-13 00:00:00,2018.0,9.0,Q3,2018-Q3,auto_from_sav_date_column:Vdatesub,True,region_group,24,ΣΥΡΙΖΑ,66.6667,4,6,7,6.0,low,ok,False
SURVEY_06,spss.sav,2018-09-13 00:00:00,2018.0,9.0,Q3,2018-Q3,auto_from_sav_date_column:Vdatesub,True,region_group,25,other_party,20.0,1,5,6,5.0,low,ok,False
SURVEY_06,spss.sav,2018-09-13 00:00:00,2018.0,9.0,Q3,2018-Q3,auto_from_sav_date_column:Vdatesub,True,region_group,25,ΣΥΡΙΖΑ,60.0,3,5,6,5.0,low,ok,False
SURVEY_06,spss.sav,2018-09-13 00:00:00,2018.0,9.0,Q3,2018-Q3,auto_from_sav_date_column:Vdatesub,True,region_group,25,Χρυσή Αυγή,20.0,1,5,6,5.0,low,ok,False
SURVEY_06,spss.sav,2018-09-13 00:00:00,2018.0,9.0,Q3,2018-Q3,auto_from_sav_date_column:Vdatesub,True,region_group,27,Ελληνική Λύση,50.0,1,2,2,2.0,low,ok,False
SURVEY_06,spss.sav,2018-09-13 00:00:00,2018.0,9.0,Q3,2018-Q3,auto_from_sav_date_column:Vdatesub,True,region_group,27,ΣΥΡΙΖΑ,50.0,1,2,2,2.0,low,ok,False
SURVEY_06,spss.sav,2018-09-13 00:00:00,2018.0,9.0,Q3,2018-Q3,auto_from_sav_date_column:Vdatesub,True,region_group,28,ΝΔ,33.3333,1,3,4,3.0,low,ok,False
SURVEY_06,spss.sav,2018-09-13 00:00:00,2018.0,9.0,Q3,2018-Q3,auto_from_sav_date_column:Vdatesub,True,region_group,28,ΠΑΣΟΚ/ΚΙΝΑΛ,33.3333,1,3,4,3.0,low,ok,False
SURVEY_06,spss.sav,2018-09-13 00:00:00,2018.0,9.0,Q3,2018-Q3,auto_from_sav_date_column:Vdatesub,True,region_group,28,ΣΥΡΙΖΑ,33.3333,1,3,4,3.0,low,ok,False
SURVEY_06,spss.sav,2018-09-13 00:00:00,2018.0,9.0,Q3,2018-Q3,auto_from_sav_date_column:Vdatesub,True,region_group,29,ΝΔ,16.6667,1,6,6,6.0,low,ok,False
SURVEY_06,spss.sav,2018-09-13 00:00:00,2018.0,9.0,Q3,2018-Q3,auto_from_sav_date_column:Vdatesub,True,region_group,29,ΣΥΡΙΖΑ,66.6667,4,6,6,6.0,low,ok,False
SURVEY_06,spss.sav,2018-09-13 00:00:00,2018.0,9.0,Q3,2018-Q3,auto_from_sav_date_column:Vdatesub,True,region_group,29,Χρυσή Αυγή,16.6667,1,6,6,6.0,low,ok,False
SURVEY_06,spss.sav,2018-09-13 00:00:00,2018.0,9.0,Q3,2018-Q3,auto_from_sav_date_column:Vdatesub,True,region_group,31,ΚΚΕ,9.0909,1,11,13,11.0,low,ok,False
SURVEY_06,spss.sav,2018-09-13 00:00:00,2018.0,9.0,Q3,2018-Q3,auto_from_sav_date_column:Vdatesub,True,region_group,31,ΝΔ,36.3636,4,11,13,11.0,low,ok,False
SURVEY_06,spss.sav,2018-09-13 00:00:00,2018.0,9.0,Q3,2018-Q3,auto_from_sav_date_column:Vdatesub,True,region_group,31,ΠΑΣΟΚ/ΚΙΝΑΛ,9.0909,1,11,13,11.0,low,ok,False
SURVEY_06,spss.sav,2018-09-13 00:00:00,2018.0,9.0,Q3,2018-Q3,auto_from_sav_date_column:Vdatesub,True,region_group,31,ΣΥΡΙΖΑ,45.4545,5,11,13,11.0,low,ok,False
SURVEY_06,spss.sav,2018-09-13 00:00:00,2018.0,9.0,Q3,2018-Q3,auto_from_sav_date_column:Vdatesub,True,region_group,33,ΝΔ,33.3333,1,3,3,3.0,low,ok,False
SURVEY_06,spss.sav,2018-09-13 00:00:00,2018.0,9.0,Q3,2018-Q3,auto_from_sav_date_column:Vdatesub,True,region_group,33,ΣΥΡΙΖΑ,66.6667,2,3,3,3.0,low,ok,False
SURVEY_06,spss.sav,2018-09-13 00:00:00,2018.0,9.0,Q3,2018-Q3,auto_from_sav_date_column:Vdatesub,True,region_group,34,other_party,20.0,1,5,5,5.0,low,ok,False
SURVEY_06,spss.sav,2018-09-13 00:00:00,2018.0,9.0,Q3,2018-Q3,auto_from_sav_date_column:Vdatesub,True,region_group,34,Ελληνική Λύση,20.0,1,5,5,5.0,low,ok,False
SURVEY_06,spss.sav,2018-09-13 00:00:00,2018.0,9.0,Q3,2018-Q3,auto_from_sav_date_column:Vdatesub,True,region_group,34,ΣΥΡΙΖΑ,40.0,2,5,5,5.0,low,ok,False
SURVEY_06,spss.sav,2018-09-13 00:00:00,2018.0,9.0,Q3,2018-Q3,auto_from_sav_date_column:Vdatesub,True,region_group,34,Χρυσή Αυγή,20.0,1,5,5,5.0,low,ok,False
SURVEY_06,spss.sav,2018-09-13 00:00:00,2018.0,9.0,Q3,2018-Q3,auto_from_sav_date_column:Vdatesub,True,region_group,35,other_party,9.7378,78,801,941,801.0,high,ok,True
SURVEY_06,spss.sav,2018-09-13 00:00:00,2018.0,9.0,Q3,2018-Q3,auto_from_sav_date_column:Vdatesub,True,region_group,35,Ένωση Κεντρώων,1.2484,10,801,941,801.0,high,ok,True
SURVEY_06,spss.sav,2018-09-13 00:00:00,2018.0,9.0,Q3,2018-Q3,auto_from_sav_date_column:Vdatesub,True,region_group,35,ΑΝΕΛ,0.8739,7,801,941,801.0,high,ok,True
SURVEY_06,spss.sav,2018-09-13 00:00:00,2018.0,9.0,Q3,2018-Q3,auto_from_sav_date_column:Vdatesub,True,region_group,35,Ελληνική Λύση,1.3733,11,801,941,801.0,high,ok,True
SURVEY_06,spss.sav,2018-09-13 00:00:00,2018.0,9.0,Q3,2018-Q3,auto_from_sav_date_column:Vdatesub,True,region_group,35,ΚΚΕ,4.4944,36,801,941,801.0,high,ok,True
SURVEY_06,spss.sav,2018-09-13 00:00:00,2018.0,9.0,Q3,2018-Q3,auto_from_sav_date_column:Vdatesub,True,region_group,35,ΜέΡΑ25,1.1236,9,801,941,801.0,high,ok,True
SURVEY_06,spss.sav,2018-09-13 00:00:00,2018.0,9.0,Q3,2018-Q3,auto_from_sav_date_column:Vdatesub,True,region_group,35,ΝΔ,25.3433,203,801,941,801.0,high,ok,True
SURVEY_06,spss.sav,2018-09-13 00:00:00,2018.0,9.0,Q3,2018-Q3,auto_from_sav_date_column:Vdatesub,True,region_group,35,ΠΑΣΟΚ/ΚΙΝΑΛ,6.6167,53,801,941,801.0,high,ok,True
SURVEY_06,spss.sav,2018-09-13 00:00:00,2018.0,9.0,Q3,2018-Q3,auto_from_sav_date_column:Vdatesub,True,region_group,35,Πλεύση Ελευθερίας,1.2484,10,801,941,801.0,high,ok,True
SURVEY_06,spss.sav,2018-09-13 00:00:00,2018.0,9.0,Q3,2018-Q3,auto_from_sav_date_column:Vdatesub,True,region_group,35,Ποτάμι,0.4994,4,801,941,801.0,high,ok,True
SURVEY_06,spss.sav,2018-09-13 00:00:00,2018.0,9.0,Q3,2018-Q3,auto_from_sav_date_column:Vdatesub,True,region_group,35,ΣΥΡΙΖΑ,41.8227,335,801,941,801.0,high,ok,True
SURVEY_06,spss.sav,2018-09-13 00:00:00,2018.0,9.0,Q3,2018-Q3,auto_from_sav_date_column:Vdatesub,True,region_group,35,Χρυσή Αυγή,5.618,45,801,941,801.0,high,ok,True
SURVEY_06,spss.sav,2018-09-13 00:00:00,2018.0,9.0,Q3,2018-Q3,auto_from_sav_date_column:Vdatesub,True,region_group,36,other_party,20.0,1,5,7,5.0,low,ok,False
SURVEY_06,spss.sav,2018-09-13 00:00:00,2018.0,9.0,Q3,2018-Q3,auto_from_sav_date_column:Vdatesub,True,region_group,36,ΝΔ,20.0,1,5,7,5.0,low,ok,False
SURVEY_06,spss.sav,2018-09-13 00:00:00,2018.0,9.0,Q3,2018-Q3,auto_from_sav_date_column:Vdatesub,True,region_group,36,ΣΥΡΙΖΑ,40.0,2,5,7,5.0,low,ok,False
SURVEY_06,spss.sav,2018-09-13 00:00:00,2018.0,9.0,Q3,2018-Q3,auto_from_sav_date_column:Vdatesub,True,region_group,36,Χρυσή Αυγή,20.0,1,5,7,5.0,low,ok,False
SURVEY_06,spss.sav,2018-09-13 00:00:00,2018.0,9.0,Q3,2018-Q3,auto_from_sav_date_column:Vdatesub,True,region_group,37,other_party,20.0,2,10,14,10.0,low,ok,False
SURVEY_06,spss.sav,2018-09-13 00:00:00,2018.0,9.0,Q3,2018-Q3,auto_from_sav_date_column:Vdatesub,True,region_group,37,ΚΚΕ,10.0,1,10,14,10.0,low,ok,False
SURVEY_06,spss.sav,2018-09-13 00:00:00,2018.0,9.0,Q3,2018-Q3,auto_from_sav_date_column:Vdatesub,True,region_group,37,ΝΔ,30.0,3,10,14,10.0,low,ok,False
SURVEY_06,spss.sav,2018-09-13 00:00:00,2018.0,9.0,Q3,2018-Q3,auto_from_sav_date_column:Vdatesub,True,region_group,37,ΠΑΣΟΚ/ΚΙΝΑΛ,30.0,3,10,14,10.0,low,ok,False
SURVEY_06,spss.sav,2018-09-13 00:00:00,2018.0,9.0,Q3,2018-Q3,auto_from_sav_date_column:Vdatesub,True,region_group,37,Χρυσή Αυγή,10.0,1,10,14,10.0,low,ok,False
SURVEY_06,spss.sav,2018-09-13 00:00:00,2018.0,9.0,Q3,2018-Q3,auto_from_sav_date_column:Vdatesub,True,region_group,38,other_party,10.0,2,20,22,20.0,low,ok,False
SURVEY_06,spss.sav,2018-09-13 00:00:00,2018.0,9.0,Q3,2018-Q3,auto_from_sav_date_column:Vdatesub,True,region_group,38,Ελληνική Λύση,5.0,1,20,22,20.0,low,ok,False
SURVEY_06,spss.sav,2018-09-13 00:00:00,2018.0,9.0,Q3,2018-Q3,auto_from_sav_date_column:Vdatesub,True,region_group,38,ΚΚΕ,10.0,2,20,22,20.0,low,ok,False
SURVEY_06,spss.sav,2018-09-13 00:00:00,2018.0,9.0,Q3,2018-Q3,auto_from_sav_date_column:Vdatesub,True,region_group,38,ΝΔ,30.0,6,20,22,20.0,low,ok,False
SURVEY_06,spss.sav,2018-09-13 00:00:00,2018.0,9.0,Q3,2018-Q3,auto_from_sav_date_column:Vdatesub,True,region_group,38,Ποτάμι,5.0,1,20,22,20.0,low,ok,False
SURVEY_06,spss.sav,2018-09-13 00:00:00,2018.0,9.0,Q3,2018-Q3,auto_from_sav_date_column:Vdatesub,True,region_group,38,ΣΥΡΙΖΑ,40.0,8,20,22,20.0,low,ok,False
SURVEY_06,spss.sav,2018-09-13 00:00:00,2018.0,9.0,Q3,2018-Q3,auto_from_sav_date_column:Vdatesub,True,region_group,39,other_party,25.0,1,4,4,4.0,low,ok,False
SURVEY_06,spss.sav,2018-09-13 00:00:00,2018.0,9.0,Q3,2018-Q3,auto_from_sav_date_column:Vdatesub,True,region_group,39,ΠΑΣΟΚ/ΚΙΝΑΛ,25.0,1,4,4,4.0,low,ok,False
SURVEY_06,spss.sav,2018-09-13 00:00:00,2018.0,9.0,Q3,2018-Q3,auto_from_sav_date_column:Vdatesub,True,region_group,39,ΣΥΡΙΖΑ,50.0,2,4,4,4.0,low,ok,False
SURVEY_06,spss.sav,2018-09-13 00:00:00,2018.0,9.0,Q3,2018-Q3,auto_from_sav_date_column:Vdatesub,True,region_group,40,ΝΔ,10.0,1,10,12,10.0,low,ok,False
SURVEY_06,spss.sav,2018-09-13 00:00:00,2018.0,9.0,Q3,2018-Q3,auto_from_sav_date_column:Vdatesub,True,region_group,40,ΠΑΣΟΚ/ΚΙΝΑΛ,10.0,1,10,12,10.0,low,ok,False
SURVEY_06,spss.sav,2018-09-13 00:00:00,2018.0,9.0,Q3,2018-Q3,auto_from_sav_date_column:Vdatesub,True,region_group,40,ΣΥΡΙΖΑ,80.0,8,10,12,10.0,low,ok,False
SURVEY_06,spss.sav,2018-09-13 00:00:00,2018.0,9.0,Q3,2018-Q3,auto_from_sav_date_column:Vdatesub,True,region_group,41,ΝΔ,100.0,1,1,1,1.0,low,ok,False
SURVEY_06,spss.sav,2018-09-13 00:00:00,2018.0,9.0,Q3,2018-Q3,auto_from_sav_date_column:Vdatesub,True,region_group,42,ΚΚΕ,33.3333,1,3,4,3.0,low,ok,False
SURVEY_06,spss.sav,2018-09-13 00:00:00,2018.0,9.0,Q3,2018-Q3,auto_from_sav_date_column:Vdatesub,True,region_group,42,ΝΔ,66.6667,2,3,4,3.0,low,ok,False
SURVEY_06,spss.sav,2018-09-13 00:00:00,2018.0,9.0,Q3,2018-Q3,auto_from_sav_date_column:Vdatesub,True,region_group,43,ΑΝΕΛ,16.6667,1,6,6,6.0,low,ok,False
SURVEY_06,spss.sav,2018-09-13 00:00:00,2018.0,9.0,Q3,2018-Q3,auto_from_sav_date_column:Vdatesub,True,region_group,43,ΚΚΕ,33.3333,2,6,6,6.0,low,ok,False
SURVEY_06,spss.sav,2018-09-13 00:00:00,2018.0,9.0,Q3,2018-Q3,auto_from_sav_date_column:Vdatesub,True,region_group,43,ΣΥΡΙΖΑ,33.3333,2,6,6,6.0,low,ok,False
SURVEY_06,spss.sav,2018-09-13 00:00:00,2018.0,9.0,Q3,2018-Q3,auto_from_sav_date_column:Vdatesub,True,region_group,43,Χρυσή Αυγή,16.6667,1,6,6,6.0,low,ok,False
SURVEY_06,spss.sav,2018-09-13 00:00:00,2018.0,9.0,Q3,2018-Q3,auto_from_sav_date_column:Vdatesub,True,region_group,44,ΠΑΣΟΚ/ΚΙΝΑΛ,100.0,2,2,3,2.0,low,ok,False
SURVEY_06,spss.sav,2018-09-13 00:00:00,2018.0,9.0,Q3,2018-Q3,auto_from_sav_date_column:Vdatesub,True,region_group,45,other_party,18.75,3,16,18,16.0,low,ok,False
SURVEY_06,spss.sav,2018-09-13 00:00:00,2018.0,9.0,Q3,2018-Q3,auto_from_sav_date_column:Vdatesub,True,region_group,45,ΝΔ,6.25,1,16,18,16.0,low,ok,False
SURVEY_06,spss.sav,2018-09-13 00:00:00,2018.0,9.0,Q3,2018-Q3,auto_from_sav_date_column:Vdatesub,True,region_group,45,ΠΑΣΟΚ/ΚΙΝΑΛ,18.75,3,16,18,16.0,low,ok,False
SURVEY_06,spss.sav,2018-09-13 00:00:00,2018.0,9.0,Q3,2018-Q3,auto_from_sav_date_column:Vdatesub,True,region_group,45,ΣΥΡΙΖΑ,56.25,9,16,18,16.0,low,ok,False
SURVEY_06,spss.sav,2018-09-13 00:00:00,2018.0,9.0,Q3,2018-Q3,auto_from_sav_date_column:Vdatesub,True,region_group,46,ΝΔ,50.0,1,2,2,2.0,low,ok,False
SURVEY_06,spss.sav,2018-09-13 00:00:00,2018.0,9.0,Q3,2018-Q3,auto_from_sav_date_column:Vdatesub,True,region_group,46,Χρυσή Αυγή,50.0,1,2,2,2.0,low,ok,False
SURVEY_06,spss.sav,2018-09-13 00:00:00,2018.0,9.0,Q3,2018-Q3,auto_from_sav_date_column:Vdatesub,True,region_group,47,other_party,28.5714,2,7,9,7.0,low,ok,False
SURVEY_06,spss.sav,2018-09-13 00:00:00,2018.0,9.0,Q3,2018-Q3,auto_from_sav_date_column:Vdatesub,True,region_group,47,Ελληνική Λύση,14.2857,1,7,9,7.0,low,ok,False
SURVEY_06,spss.sav,2018-09-13 00:00:00,2018.0,9.0,Q3,2018-Q3,auto_from_sav_date_column:Vdatesub,True,region_group,47,ΠΑΣΟΚ/ΚΙΝΑΛ,14.2857,1,7,9,7.0,low,ok,False
SURVEY_06,spss.sav,2018-09-13 00:00:00,2018.0,9.0,Q3,2018-Q3,auto_from_sav_date_column:Vdatesub,True,region_group,47,ΣΥΡΙΖΑ,42.8571,3,7,9,7.0,low,ok,False
SURVEY_06,spss.sav,2018-09-13 00:00:00,2018.0,9.0,Q3,2018-Q3,auto_from_sav_date_column:Vdatesub,True,region_group,48,ΝΔ,33.3333,1,3,3,3.0,low,ok,False
SURVEY_06,spss.sav,2018-09-13 00:00:00,2018.0,9.0,Q3,2018-Q3,auto_from_sav_date_column:Vdatesub,True,region_group,48,ΠΑΣΟΚ/ΚΙΝΑΛ,33.3333,1,3,3,3.0,low,ok,False
SURVEY_06,spss.sav,2018-09-13 00:00:00,2018.0,9.0,Q3,2018-Q3,auto_from_sav_date_column:Vdatesub,True,region_group,48,ΣΥΡΙΖΑ,33.3333,1,3,3,3.0,low,ok,False
SURVEY_06,spss.sav,2018-09-13 00:00:00,2018.0,9.0,Q3,2018-Q3,auto_from_sav_date_column:Vdatesub,True,region_group,49,ΝΔ,25.0,1,4,5,4.0,low,ok,False
SURVEY_06,spss.sav,2018-09-13 00:00:00,2018.0,9.0,Q3,2018-Q3,auto_from_sav_date_column:Vdatesub,True,region_group,49,ΣΥΡΙΖΑ,25.0,1,4,5,4.0,low,ok,False
SURVEY_06,spss.sav,2018-09-13 00:00:00,2018.0,9.0,Q3,2018-Q3,auto_from_sav_date_column:Vdatesub,True,region_group,49,Χρυσή Αυγή,50.0,2,4,5,4.0,low,ok,False
SURVEY_06,spss.sav,2018-09-13 00:00:00,2018.0,9.0,Q3,2018-Q3,auto_from_sav_date_column:Vdatesub,True,region_group,50,Χρυσή Αυγή,100.0,2,2,4,2.0,low,ok,False
SURVEY_06,spss.sav,2018-09-13 00:00:00,2018.0,9.0,Q3,2018-Q3,auto_from_sav_date_column:Vdatesub,True,region_group,51,ΝΔ,40.0,2,5,8,5.0,low,ok,False
SURVEY_06,spss.sav,2018-09-13 00:00:00,2018.0,9.0,Q3,2018-Q3,auto_from_sav_date_column:Vdatesub,True,region_group,51,ΣΥΡΙΖΑ,40.0,2,5,8,5.0,low,ok,False
SURVEY_06,spss.sav,2018-09-13 00:00:00,2018.0,9.0,Q3,2018-Q3,auto_from_sav_date_column:Vdatesub,True,region_group,51,Χρυσή Αυγή,20.0,1,5,8,5.0,low,ok,False
SURVEY_06,spss.sav,2018-09-13 00:00:00,2018.0,9.0,Q3,2018-Q3,auto_from_sav_date_column:Vdatesub,True,region_group,57,ΣΥΡΙΖΑ,100.0,1,1,1,1.0,low,ok,False
SURVEY_06,spss.sav,2018-09-13 00:00:00,2018.0,9.0,Q3,2018-Q3,auto_from_sav_date_column:Vdatesub,True,region_group,F9,ΣΥΡΙΖΑ,100.0,1,1,1,1.0,low,ok,False
SURVEY_06,spss.sav,2018-09-13 00:00:00,2018.0,9.0,Q3,2018-Q3,auto_from_sav_date_column:Vdatesub,True,region_group,H3,ΝΔ,100.0,1,1,1,1.0,low,ok,False
SURVEY_06,spss.sav,2018-09-13 00:00:00,2018.0,9.0,Q3,2018-Q3,auto_from_sav_date_column:Vdatesub,True,region_group,H9,ΚΚΕ,100.0,1,1,1,1.0,low,ok,False
SURVEY_06,spss.sav,2018-09-13 00:00:00,2018.0,9.0,Q3,2018-Q3,auto_from_sav_date_column:Vdatesub,True,region_group,K7,ΣΥΡΙΖΑ,100.0,1,1,1,1.0,low,ok,False
SURVEY_06,spss.sav,2018-09-13 00:00:00,2018.0,9.0,Q3,2018-Q3,auto_from_sav_date_column:Vdatesub,True,region_group,NY,other_party,33.3333,1,3,4,3.0,low,ok,False
SURVEY_06,spss.sav,2018-09-13 00:00:00,2018.0,9.0,Q3,2018-Q3,auto_from_sav_date_column:Vdatesub,True,region_group,NY,ΚΚΕ,33.3333,1,3,4,3.0,low,ok,False
SURVEY_06,spss.sav,2018-09-13 00:00:00,2018.0,9.0,Q3,2018-Q3,auto_from_sav_date_column:Vdatesub,True,region_group,NY,ΣΥΡΙΖΑ,33.3333,1,3,4,3.0,low,ok,False
SURVEY_06,spss.sav,2018-09-13 00:00:00,2018.0,9.0,Q3,2018-Q3,auto_from_sav_date_column:Vdatesub,True,region_group,ON,other_party,100.0,1,1,1,1.0,low,ok,False
SURVEY_07,ΚυλιομενηΤρια.sav,2019-03-04 00:00:00,2019.0,3.0,Q1,2019-Q1,auto_from_sav_date_column:Vdatesub,True,gender,female,other_party,4.5792,29,651,810,674.6455,high,ok,True
SURVEY_07,ΚυλιομενηΤρια.sav,2019-03-04 00:00:00,2019.0,3.0,Q1,2019-Q1,auto_from_sav_date_column:Vdatesub,True,gender,female,Ένωση Κεντρώων,1.1896,8,651,810,674.6455,high,ok,True
SURVEY_07,ΚυλιομενηΤρια.sav,2019-03-04 00:00:00,2019.0,3.0,Q1,2019-Q1,auto_from_sav_date_column:Vdatesub,True,gender,female,ΑΝΕΛ,0.7449,5,651,810,674.6455,high,ok,True
SURVEY_07,ΚυλιομενηΤρια.sav,2019-03-04 00:00:00,2019.0,3.0,Q1,2019-Q1,auto_from_sav_date_column:Vdatesub,True,gender,female,Ελληνική Λύση,2.2234,15,651,810,674.6455,high,ok,True
SURVEY_07,ΚυλιομενηΤρια.sav,2019-03-04 00:00:00,2019.0,3.0,Q1,2019-Q1,auto_from_sav_date_column:Vdatesub,True,gender,female,ΚΚΕ,3.7342,24,651,810,674.6455,high,ok,True
SURVEY_07,ΚυλιομενηΤρια.sav,2019-03-04 00:00:00,2019.0,3.0,Q1,2019-Q1,auto_from_sav_date_column:Vdatesub,True,gender,female,ΜέΡΑ25,0.3522,2,651,810,674.6455,high,ok,True
SURVEY_07,ΚυλιομενηΤρια.sav,2019-03-04 00:00:00,2019.0,3.0,Q1,2019-Q1,auto_from_sav_date_column:Vdatesub,True,gender,female,ΝΔ,37.2808,245,651,810,674.6455,high,ok,True
SURVEY_07,ΚυλιομενηΤρια.sav,2019-03-04 00:00:00,2019.0,3.0,Q1,2019-Q1,auto_from_sav_date_column:Vdatesub,True,gender,female,ΠΑΣΟΚ/ΚΙΝΑΛ,5.1182,33,651,810,674.6455,high,ok,True
SURVEY_07,ΚυλιομενηΤρια.sav,2019-03-04 00:00:00,2019.0,3.0,Q1,2019-Q1,auto_from_sav_date_column:Vdatesub,True,gender,female,Πλεύση Ελευθερίας,1.3378,9,651,810,674.6455,high,ok,True
SURVEY_07,ΚυλιομενηΤρια.sav,2019-03-04 00:00:00,2019.0,3.0,Q1,2019-Q1,auto_from_sav_date_column:Vdatesub,True,gender,female,Ποτάμι,1.152,7,651,810,674.6455,high,ok,True
SURVEY_07,ΚυλιομενηΤρια.sav,2019-03-04 00:00:00,2019.0,3.0,Q1,2019-Q1,auto_from_sav_date_column:Vdatesub,True,gender,female,ΣΥΡΙΖΑ,36.229,234,651,810,674.6455,high,ok,True
SURVEY_07,ΚυλιομενηΤρια.sav,2019-03-04 00:00:00,2019.0,3.0,Q1,2019-Q1,auto_from_sav_date_column:Vdatesub,True,gender,female,Χρυσή Αυγή,6.0587,40,651,810,674.6455,high,ok,True
SURVEY_07,ΚυλιομενηΤρια.sav,2019-03-04 00:00:00,2019.0,3.0,Q1,2019-Q1,auto_from_sav_date_column:Vdatesub,True,gender,male,other_party,6.4858,52,806,889,839.234,high,ok,True
SURVEY_07,ΚυλιομενηΤρια.sav,2019-03-04 00:00:00,2019.0,3.0,Q1,2019-Q1,auto_from_sav_date_column:Vdatesub,True,gender,male,Ένωση Κεντρώων,1.7602,14,806,889,839.234,high,ok,True
SURVEY_07,ΚυλιομενηΤρια.sav,2019-03-04 00:00:00,2019.0,3.0,Q1,2019-Q1,auto_from_sav_date_column:Vdatesub,True,gender,male,ΑΝΕΛ,0.5988,5,806,889,839.234,high,ok,True
SURVEY_07,ΚυλιομενηΤρια.sav,2019-03-04 00:00:00,2019.0,3.0,Q1,2019-Q1,auto_from_sav_date_column:Vdatesub,True,gender,male,Ελληνική Λύση,4.0272,33,806,889,839.234,high,ok,True
SURVEY_07,ΚυλιομενηΤρια.sav,2019-03-04 00:00:00,2019.0,3.0,Q1,2019-Q1,auto_from_sav_date_column:Vdatesub,True,gender,male,ΚΚΕ,5.3418,44,806,889,839.234,high,ok,True
SURVEY_07,ΚυλιομενηΤρια.sav,2019-03-04 00:00:00,2019.0,3.0,Q1,2019-Q1,auto_from_sav_date_column:Vdatesub,True,gender,male,ΜέΡΑ25,0.8813,7,806,889,839.234,high,ok,True
SURVEY_07,ΚυλιομενηΤρια.sav,2019-03-04 00:00:00,2019.0,3.0,Q1,2019-Q1,auto_from_sav_date_column:Vdatesub,True,gender,male,ΝΔ,32.8592,262,806,889,839.234,high,ok,True
SURVEY_07,ΚυλιομενηΤρια.sav,2019-03-04 00:00:00,2019.0,3.0,Q1,2019-Q1,auto_from_sav_date_column:Vdatesub,True,gender,male,ΠΑΣΟΚ/ΚΙΝΑΛ,6.9424,57,806,889,839.234,high,ok,True
SURVEY_07,ΚυλιομενηΤρια.sav,2019-03-04 00:00:00,2019.0,3.0,Q1,2019-Q1,auto_from_sav_date_column:Vdatesub,True,gender,male,Πλεύση Ελευθερίας,0.3575,3,806,889,839.234,high,ok,True
SURVEY_07,ΚυλιομενηΤρια.sav,2019-03-04 00:00:00,2019.0,3.0,Q1,2019-Q1,auto_from_sav_date_column:Vdatesub,True,gender,male,Ποτάμι,0.5222,4,806,889,839.234,high,ok,True
SURVEY_07,ΚυλιομενηΤρια.sav,2019-03-04 00:00:00,2019.0,3.0,Q1,2019-Q1,auto_from_sav_date_column:Vdatesub,True,gender,male,ΣΥΡΙΖΑ,30.7785,249,806,889,839.234,high,ok,True
SURVEY_07,ΚυλιομενηΤρια.sav,2019-03-04 00:00:00,2019.0,3.0,Q1,2019-Q1,auto_from_sav_date_column:Vdatesub,True,gender,male,Χρυσή Αυγή,9.4453,76,806,889,839.234,high,ok,True
SURVEY_07,ΚυλιομενηΤρια.sav,2019-03-04 00:00:00,2019.0,3.0,Q1,2019-Q1,auto_from_sav_date_column:Vdatesub,True,age_group,25-39,other_party,7.2831,26,354,412,363.3198,high,ok,True
SURVEY_07,ΚυλιομενηΤρια.sav,2019-03-04 00:00:00,2019.0,3.0,Q1,2019-Q1,auto_from_sav_date_column:Vdatesub,True,age_group,25-39,Ένωση Κεντρώων,2.6878,9,354,412,363.3198,high,ok,True
SURVEY_07,ΚυλιομενηΤρια.sav,2019-03-04 00:00:00,2019.0,3.0,Q1,2019-Q1,auto_from_sav_date_column:Vdatesub,True,age_group,25-39,ΑΝΕΛ,0.5505,2,354,412,363.3198,high,ok,True
SURVEY_07,ΚυλιομενηΤρια.sav,2019-03-04 00:00:00,2019.0,3.0,Q1,2019-Q1,auto_from_sav_date_column:Vdatesub,True,age_group,25-39,Ελληνική Λύση,4.6916,17,354,412,363.3198,high,ok,True
SURVEY_07,ΚυλιομενηΤρια.sav,2019-03-04 00:00:00,2019.0,3.0,Q1,2019-Q1,auto_from_sav_date_column:Vdatesub,True,age_group,25-39,ΚΚΕ,6.1697,22,354,412,363.3198,high,ok,True
SURVEY_07,ΚυλιομενηΤρια.sav,2019-03-04 00:00:00,2019.0,3.0,Q1,2019-Q1,auto_from_sav_date_column:Vdatesub,True,age_group,25-39,ΜέΡΑ25,1.6569,6,354,412,363.3198,high,ok,True
SURVEY_07,ΚυλιομενηΤρια.sav,2019-03-04 00:00:00,2019.0,3.0,Q1,2019-Q1,auto_from_sav_date_column:Vdatesub,True,age_group,25-39,ΝΔ,28.4828,100,354,412,363.3198,high,ok,True
SURVEY_07,ΚυλιομενηΤρια.sav,2019-03-04 00:00:00,2019.0,3.0,Q1,2019-Q1,auto_from_sav_date_column:Vdatesub,True,age_group,25-39,ΠΑΣΟΚ/ΚΙΝΑΛ,2.2108,8,354,412,363.3198,high,ok,True
SURVEY_07,ΚυλιομενηΤρια.sav,2019-03-04 00:00:00,2019.0,3.0,Q1,2019-Q1,auto_from_sav_date_column:Vdatesub,True,age_group,25-39,Ποτάμι,1.1082,4,354,412,363.3198,high,ok,True
SURVEY_07,ΚυλιομενηΤρια.sav,2019-03-04 00:00:00,2019.0,3.0,Q1,2019-Q1,auto_from_sav_date_column:Vdatesub,True,age_group,25-39,ΣΥΡΙΖΑ,30.8164,110,354,412,363.3198,high,ok,True
SURVEY_07,ΚυλιομενηΤρια.sav,2019-03-04 00:00:00,2019.0,3.0,Q1,2019-Q1,auto_from_sav_date_column:Vdatesub,True,age_group,25-39,Χρυσή Αυγή,14.3423,50,354,412,363.3198,high,ok,True
SURVEY_07,ΚυλιομενηΤρια.sav,2019-03-04 00:00:00,2019.0,3.0,Q1,2019-Q1,auto_from_sav_date_column:Vdatesub,True,age_group,40-54,other_party,6.2286,44,725,862,768.4331,high,ok,True
SURVEY_07,ΚυλιομενηΤρια.sav,2019-03-04 00:00:00,2019.0,3.0,Q1,2019-Q1,auto_from_sav_date_column:Vdatesub,True,age_group,40-54,Ένωση Κεντρώων,1.3047,10,725,862,768.4331,high,ok,True
SURVEY_07,ΚυλιομενηΤρια.sav,2019-03-04 00:00:00,2019.0,3.0,Q1,2019-Q1,auto_from_sav_date_column:Vdatesub,True,age_group,40-54,ΑΝΕΛ,0.654,5,725,862,768.4331,high,ok,True
SURVEY_07,ΚυλιομενηΤρια.sav,2019-03-04 00:00:00,2019.0,3.0,Q1,2019-Q1,auto_from_sav_date_column:Vdatesub,True,age_group,40-54,Ελληνική Λύση,3.6115,27,725,862,768.4331,high,ok,True
SURVEY_07,ΚυλιομενηΤρια.sav,2019-03-04 00:00:00,2019.0,3.0,Q1,2019-Q1,auto_from_sav_date_column:Vdatesub,True,age_group,40-54,ΚΚΕ,4.3734,32,725,862,768.4331,high,ok,True
SURVEY_07,ΚυλιομενηΤρια.sav,2019-03-04 00:00:00,2019.0,3.0,Q1,2019-Q1,auto_from_sav_date_column:Vdatesub,True,age_group,40-54,ΜέΡΑ25,0.3581,2,725,862,768.4331,high,ok,True
SURVEY_07,ΚυλιομενηΤρια.sav,2019-03-04 00:00:00,2019.0,3.0,Q1,2019-Q1,auto_from_sav_date_column:Vdatesub,True,age_group,40-54,ΝΔ,33.6182,244,725,862,768.4331,high,ok,True
SURVEY_07,ΚυλιομενηΤρια.sav,2019-03-04 00:00:00,2019.0,3.0,Q1,2019-Q1,auto_from_sav_date_column:Vdatesub,True,age_group,40-54,ΠΑΣΟΚ/ΚΙΝΑΛ,5.6425,41,725,862,768.4331,high,ok,True
SURVEY_07,ΚυλιομενηΤρια.sav,2019-03-04 00:00:00,2019.0,3.0,Q1,2019-Q1,auto_from_sav_date_column:Vdatesub,True,age_group,40-54,Πλεύση Ελευθερίας,1.1746,9,725,862,768.4331,high,ok,True
SURVEY_07,ΚυλιομενηΤρια.sav,2019-03-04 00:00:00,2019.0,3.0,Q1,2019-Q1,auto_from_sav_date_column:Vdatesub,True,age_group,40-54,Ποτάμι,0.6673,4,725,862,768.4331,high,ok,True
SURVEY_07,ΚυλιομενηΤρια.sav,2019-03-04 00:00:00,2019.0,3.0,Q1,2019-Q1,auto_from_sav_date_column:Vdatesub,True,age_group,40-54,ΣΥΡΙΖΑ,35.9048,259,725,862,768.4331,high,ok,True
SURVEY_07,ΚυλιομενηΤρια.sav,2019-03-04 00:00:00,2019.0,3.0,Q1,2019-Q1,auto_from_sav_date_column:Vdatesub,True,age_group,40-54,Χρυσή Αυγή,6.4623,48,725,862,768.4331,high,ok,True
SURVEY_07,ΚυλιομενηΤρια.sav,2019-03-04 00:00:00,2019.0,3.0,Q1,2019-Q1,auto_from_sav_date_column:Vdatesub,True,age_group,55+,other_party,3.1078,12,382,429,386.1266,high,ok,True
SURVEY_07,ΚυλιομενηΤρια.sav,2019-03-04 00:00:00,2019.0,3.0,Q1,2019-Q1,auto_from_sav_date_column:Vdatesub,True,age_group,55+,Ένωση Κεντρώων,0.7787,3,382,429,386.1266,high,ok,True
SURVEY_07,ΚυλιομενηΤρια.sav,2019-03-04 00:00:00,2019.0,3.0,Q1,2019-Q1,auto_from_sav_date_column:Vdatesub,True,age_group,55+,ΑΝΕΛ,0.7836,3,382,429,386.1266,high,ok,True
SURVEY_07,ΚυλιομενηΤρια.sav,2019-03-04 00:00:00,2019.0,3.0,Q1,2019-Q1,auto_from_sav_date_column:Vdatesub,True,age_group,55+,Ελληνική Λύση,1.0359,4,382,429,386.1266,high,ok,True
SURVEY_07,ΚυλιομενηΤρια.sav,2019-03-04 00:00:00,2019.0,3.0,Q1,2019-Q1,auto_from_sav_date_column:Vdatesub,True,age_group,55+,ΚΚΕ,3.6258,14,382,429,386.1266,high,ok,True
SURVEY_07,ΚυλιομενηΤρια.sav,2019-03-04 00:00:00,2019.0,3.0,Q1,2019-Q1,auto_from_sav_date_column:Vdatesub,True,age_group,55+,ΜέΡΑ25,0.259,1,382,429,386.1266,high,ok,True
SURVEY_07,ΚυλιομενηΤρια.sav,2019-03-04 00:00:00,2019.0,3.0,Q1,2019-Q1,auto_from_sav_date_column:Vdatesub,True,age_group,55+,ΝΔ,42.8517,163,382,429,386.1266,high,ok,True
SURVEY_07,ΚυλιομενηΤρια.sav,2019-03-04 00:00:00,2019.0,3.0,Q1,2019-Q1,auto_from_sav_date_column:Vdatesub,True,age_group,55+,ΠΑΣΟΚ/ΚΙΝΑΛ,10.9813,42,382,429,386.1266,high,ok,True
SURVEY_07,ΚυλιομενηΤρια.sav,2019-03-04 00:00:00,2019.0,3.0,Q1,2019-Q1,auto_from_sav_date_column:Vdatesub,True,age_group,55+,Πλεύση Ελευθερίας,0.7769,3,382,429,386.1266,high,ok,True
SURVEY_07,ΚυλιομενηΤρια.sav,2019-03-04 00:00:00,2019.0,3.0,Q1,2019-Q1,auto_from_sav_date_column:Vdatesub,True,age_group,55+,Ποτάμι,0.7769,3,382,429,386.1266,high,ok,True
SURVEY_07,ΚυλιομενηΤρια.sav,2019-03-04 00:00:00,2019.0,3.0,Q1,2019-Q1,auto_from_sav_date_column:Vdatesub,True,age_group,55+,ΣΥΡΙΖΑ,30.0044,115,382,429,386.1266,high,ok,True
SURVEY_07,ΚυλιομενηΤρια.sav,2019-03-04 00:00:00,2019.0,3.0,Q1,2019-Q1,auto_from_sav_date_column:Vdatesub,True,age_group,55+,Χρυσή Αυγή,5.018,19,382,429,386.1266,high,ok,True
SURVEY_07,ΚυλιομενηΤρια.sav,2019-03-04 00:00:00,2019.0,3.0,Q1,2019-Q1,auto_from_sav_date_column:Vdatesub,True,education_group,high_education,other_party,6.2378,46,753,858,793.5508,high,ok,True
SURVEY_07,ΚυλιομενηΤρια.sav,2019-03-04 00:00:00,2019.0,3.0,Q1,2019-Q1,auto_from_sav_date_column:Vdatesub,True,education_group,high_education,Ένωση Κεντρώων,1.2297,9,753,858,793.5508,high,ok,True
SURVEY_07,ΚυλιομενηΤρια.sav,2019-03-04 00:00:00,2019.0,3.0,Q1,2019-Q1,auto_from_sav_date_column:Vdatesub,True,education_group,high_education,ΑΝΕΛ,0.378,3,753,858,793.5508,high,ok,True
SURVEY_07,ΚυλιομενηΤρια.sav,2019-03-04 00:00:00,2019.0,3.0,Q1,2019-Q1,auto_from_sav_date_column:Vdatesub,True,education_group,high_education,Ελληνική Λύση,2.3975,19,753,858,793.5508,high,ok,True
SURVEY_07,ΚυλιομενηΤρια.sav,2019-03-04 00:00:00,2019.0,3.0,Q1,2019-Q1,auto_from_sav_date_column:Vdatesub,True,education_group,high_education,ΚΚΕ,4.6548,35,753,858,793.5508,high,ok,True
SURVEY_07,ΚυλιομενηΤρια.sav,2019-03-04 00:00:00,2019.0,3.0,Q1,2019-Q1,auto_from_sav_date_column:Vdatesub,True,education_group,high_education,ΜέΡΑ25,0.932,7,753,858,793.5508,high,ok,True
SURVEY_07,ΚυλιομενηΤρια.sav,2019-03-04 00:00:00,2019.0,3.0,Q1,2019-Q1,auto_from_sav_date_column:Vdatesub,True,education_group,high_education,ΝΔ,37.1401,280,753,858,793.5508,high,ok,True
SURVEY_07,ΚυλιομενηΤρια.sav,2019-03-04 00:00:00,2019.0,3.0,Q1,2019-Q1,auto_from_sav_date_column:Vdatesub,True,education_group,high_education,ΠΑΣΟΚ/ΚΙΝΑΛ,6.9834,53,753,858,793.5508,high,ok,True
SURVEY_07,ΚυλιομενηΤρια.sav,2019-03-04 00:00:00,2019.0,3.0,Q1,2019-Q1,auto_from_sav_date_column:Vdatesub,True,education_group,high_education,Πλεύση Ελευθερίας,0.5073,4,753,858,793.5508,high,ok,True
SURVEY_07,ΚυλιομενηΤρια.sav,2019-03-04 00:00:00,2019.0,3.0,Q1,2019-Q1,auto_from_sav_date_column:Vdatesub,True,education_group,high_education,Ποτάμι,1.278,9,753,858,793.5508,high,ok,True
SURVEY_07,ΚυλιομενηΤρια.sav,2019-03-04 00:00:00,2019.0,3.0,Q1,2019-Q1,auto_from_sav_date_column:Vdatesub,True,education_group,high_education,ΣΥΡΙΖΑ,32.7507,247,753,858,793.5508,high,ok,True
SURVEY_07,ΚυλιομενηΤρια.sav,2019-03-04 00:00:00,2019.0,3.0,Q1,2019-Q1,auto_from_sav_date_column:Vdatesub,True,education_group,high_education,Χρυσή Αυγή,5.5106,41,753,858,793.5508,high,ok,True
SURVEY_07,ΚυλιομενηΤρια.sav,2019-03-04 00:00:00,2019.0,3.0,Q1,2019-Q1,auto_from_sav_date_column:Vdatesub,True,education_group,low_education,other_party,2.8768,3,103,116,104.283,medium,ok,True
SURVEY_07,ΚυλιομενηΤρια.sav,2019-03-04 00:00:00,2019.0,3.0,Q1,2019-Q1,auto_from_sav_date_column:Vdatesub,True,education_group,low_education,Ένωση Κεντρώων,1.9488,2,103,116,104.283,medium,ok,True
SURVEY_07,ΚυλιομενηΤρια.sav,2019-03-04 00:00:00,2019.0,3.0,Q1,2019-Q1,auto_from_sav_date_column:Vdatesub,True,education_group,low_education,ΑΝΕΛ,0.9589,1,103,116,104.283,medium,ok,True
SURVEY_07,ΚυλιομενηΤρια.sav,2019-03-04 00:00:00,2019.0,3.0,Q1,2019-Q1,auto_from_sav_date_column:Vdatesub,True,education_group,low_education,Ελληνική Λύση,5.1552,5,103,116,104.283,medium,ok,True
SURVEY_07,ΚυλιομενηΤρια.sav,2019-03-04 00:00:00,2019.0,3.0,Q1,2019-Q1,auto_from_sav_date_column:Vdatesub,True,education_group,low_education,ΚΚΕ,4.7946,5,103,116,104.283,medium,ok,True
SURVEY_07,ΚυλιομενηΤρια.sav,2019-03-04 00:00:00,2019.0,3.0,Q1,2019-Q1,auto_from_sav_date_column:Vdatesub,True,education_group,low_education,ΝΔ,27.8583,29,103,116,104.283,medium,ok,True
SURVEY_07,ΚυλιομενηΤρια.sav,2019-03-04 00:00:00,2019.0,3.0,Q1,2019-Q1,auto_from_sav_date_column:Vdatesub,True,education_group,low_education,ΠΑΣΟΚ/ΚΙΝΑΛ,5.7536,6,103,116,104.283,medium,ok,True
SURVEY_07,ΚυλιομενηΤρια.sav,2019-03-04 00:00:00,2019.0,3.0,Q1,2019-Q1,auto_from_sav_date_column:Vdatesub,True,education_group,low_education,Πλεύση Ελευθερίας,1.9179,2,103,116,104.283,medium,ok,True
SURVEY_07,ΚυλιομενηΤρια.sav,2019-03-04 00:00:00,2019.0,3.0,Q1,2019-Q1,auto_from_sav_date_column:Vdatesub,True,education_group,low_education,Ποτάμι,0.9653,1,103,116,104.283,medium,ok,True
SURVEY_07,ΚυλιομενηΤρια.sav,2019-03-04 00:00:00,2019.0,3.0,Q1,2019-Q1,auto_from_sav_date_column:Vdatesub,True,education_group,low_education,ΣΥΡΙΖΑ,35.2799,36,103,116,104.283,medium,ok,True
SURVEY_07,ΚυλιομενηΤρια.sav,2019-03-04 00:00:00,2019.0,3.0,Q1,2019-Q1,auto_from_sav_date_column:Vdatesub,True,education_group,low_education,Χρυσή Αυγή,12.4907,13,103,116,104.283,medium,ok,True
SURVEY_07,ΚυλιομενηΤρια.sav,2019-03-04 00:00:00,2019.0,3.0,Q1,2019-Q1,auto_from_sav_date_column:Vdatesub,True,education_group,medium_education,other_party,5.5735,32,574,680,588.9297,high,ok,True
SURVEY_07,ΚυλιομενηΤρια.sav,2019-03-04 00:00:00,2019.0,3.0,Q1,2019-Q1,auto_from_sav_date_column:Vdatesub,True,education_group,medium_education,Ένωση Κεντρώων,1.8689,11,574,680,588.9297,high,ok,True
SURVEY_07,ΚυλιομενηΤρια.sav,2019-03-04 00:00:00,2019.0,3.0,Q1,2019-Q1,auto_from_sav_date_column:Vdatesub,True,education_group,medium_education,ΑΝΕΛ,0.8577,5,574,680,588.9297,high,ok,True
SURVEY_07,ΚυλιομενηΤρια.sav,2019-03-04 00:00:00,2019.0,3.0,Q1,2019-Q1,auto_from_sav_date_column:Vdatesub,True,education_group,medium_education,Ελληνική Λύση,3.633,21,574,680,588.9297,high,ok,True
SURVEY_07,ΚυλιομενηΤρια.sav,2019-03-04 00:00:00,2019.0,3.0,Q1,2019-Q1,auto_from_sav_date_column:Vdatesub,True,education_group,medium_education,ΚΚΕ,4.2582,25,574,680,588.9297,high,ok,True
SURVEY_07,ΚυλιομενηΤρια.sav,2019-03-04 00:00:00,2019.0,3.0,Q1,2019-Q1,auto_from_sav_date_column:Vdatesub,True,education_group,medium_education,ΜέΡΑ25,0.4034,2,574,680,588.9297,high,ok,True
SURVEY_07,ΚυλιομενηΤρια.sav,2019-03-04 00:00:00,2019.0,3.0,Q1,2019-Q1,auto_from_sav_date_column:Vdatesub,True,education_group,medium_education,ΝΔ,33.1873,190,574,680,588.9297,high,ok,True
SURVEY_07,ΚυλιομενηΤρια.sav,2019-03-04 00:00:00,2019.0,3.0,Q1,2019-Q1,auto_from_sav_date_column:Vdatesub,True,education_group,medium_education,ΠΑΣΟΚ/ΚΙΝΑΛ,5.3276,31,574,680,588.9297,high,ok,True
SURVEY_07,ΚυλιομενηΤρια.sav,2019-03-04 00:00:00,2019.0,3.0,Q1,2019-Q1,auto_from_sav_date_column:Vdatesub,True,education_group,medium_education,Πλεύση Ελευθερίας,0.849,5,574,680,588.9297,high,ok,True
SURVEY_07,ΚυλιομενηΤρια.sav,2019-03-04 00:00:00,2019.0,3.0,Q1,2019-Q1,auto_from_sav_date_column:Vdatesub,True,education_group,medium_education,Ποτάμι,0.1709,1,574,680,588.9297,high,ok,True
SURVEY_07,ΚυλιομενηΤρια.sav,2019-03-04 00:00:00,2019.0,3.0,Q1,2019-Q1,auto_from_sav_date_column:Vdatesub,True,education_group,medium_education,ΣΥΡΙΖΑ,33.1116,189,574,680,588.9297,high,ok,True
SURVEY_07,ΚυλιομενηΤρια.sav,2019-03-04 00:00:00,2019.0,3.0,Q1,2019-Q1,auto_from_sav_date_column:Vdatesub,True,education_group,medium_education,Χρυσή Αυγή,10.7588,62,574,680,588.9297,high,ok,True
SURVEY_07,ΚυλιομενηΤρια.sav,2019-03-04 00:00:00,2019.0,3.0,Q1,2019-Q1,auto_from_sav_date_column:Vdatesub,True,education_group,Δε θέλω να απαντήσω,other_party,3.2138,1,31,49,31.1161,low,ok,True
SURVEY_07,ΚυλιομενηΤρια.sav,2019-03-04 00:00:00,2019.0,3.0,Q1,2019-Q1,auto_from_sav_date_column:Vdatesub,True,education_group,Δε θέλω να απαντήσω,ΑΝΕΛ,3.2138,1,31,49,31.1161,low,ok,True
SURVEY_07,ΚυλιομενηΤρια.sav,2019-03-04 00:00:00,2019.0,3.0,Q1,2019-Q1,auto_from_sav_date_column:Vdatesub,True,education_group,Δε θέλω να απαντήσω,Ελληνική Λύση,9.6413,3,31,49,31.1161,low,ok,True
SURVEY_07,ΚυλιομενηΤρια.sav,2019-03-04 00:00:00,2019.0,3.0,Q1,2019-Q1,auto_from_sav_date_column:Vdatesub,True,education_group,Δε θέλω να απαντήσω,ΚΚΕ,9.6625,3,31,49,31.1161,low,ok,True
SURVEY_07,ΚυλιομενηΤρια.sav,2019-03-04 00:00:00,2019.0,3.0,Q1,2019-Q1,auto_from_sav_date_column:Vdatesub,True,education_group,Δε θέλω να απαντήσω,ΝΔ,25.8755,8,31,49,31.1161,low,ok,True
SURVEY_07,ΚυλιομενηΤρια.sav,2019-03-04 00:00:00,2019.0,3.0,Q1,2019-Q1,auto_from_sav_date_column:Vdatesub,True,education_group,Δε θέλω να απαντήσω,ΠΑΣΟΚ/ΚΙΝΑΛ,3.2138,1,31,49,31.1161,low,ok,True
SURVEY_07,ΚυλιομενηΤρια.sav,2019-03-04 00:00:00,2019.0,3.0,Q1,2019-Q1,auto_from_sav_date_column:Vdatesub,True,education_group,Δε θέλω να απαντήσω,Πλεύση Ελευθερίας,3.2138,1,31,49,31.1161,low,ok,True
SURVEY_07,ΚυλιομενηΤρια.sav,2019-03-04 00:00:00,2019.0,3.0,Q1,2019-Q1,auto_from_sav_date_column:Vdatesub,True,education_group,Δε θέλω να απαντήσω,ΣΥΡΙΖΑ,38.6691,12,31,49,31.1161,low,ok,True
SURVEY_07,ΚυλιομενηΤρια.sav,2019-03-04 00:00:00,2019.0,3.0,Q1,2019-Q1,auto_from_sav_date_column:Vdatesub,True,education_group,Δε θέλω να απαντήσω,Χρυσή Αυγή,3.2964,1,31,49,31.1161,low,ok,True
SURVEY_07,ΚυλιομενηΤρια.sav,2019-03-04 00:00:00,2019.0,3.0,Q1,2019-Q1,auto_from_sav_date_column:Vdatesub,True,occupation_group,homemaker,other_party,3.7037,2,54,63,54.0,low,ok,True
SURVEY_07,ΚυλιομενηΤρια.sav,2019-03-04 00:00:00,2019.0,3.0,Q1,2019-Q1,auto_from_sav_date_column:Vdatesub,True,occupation_group,homemaker,ΑΝΕΛ,1.8519,1,54,63,54.0,low,ok,True
SURVEY_07,ΚυλιομενηΤρια.sav,2019-03-04 00:00:00,2019.0,3.0,Q1,2019-Q1,auto_from_sav_date_column:Vdatesub,True,occupation_group,homemaker,Ελληνική Λύση,1.8519,1,54,63,54.0,low,ok,True
SURVEY_07,ΚυλιομενηΤρια.sav,2019-03-04 00:00:00,2019.0,3.0,Q1,2019-Q1,auto_from_sav_date_column:Vdatesub,True,occupation_group,homemaker,ΚΚΕ,1.8519,1,54,63,54.0,low,ok,True
SURVEY_07,ΚυλιομενηΤρια.sav,2019-03-04 00:00:00,2019.0,3.0,Q1,2019-Q1,auto_from_sav_date_column:Vdatesub,True,occupation_group,homemaker,ΝΔ,42.5926,23,54,63,54.0,low,ok,True
SURVEY_07,ΚυλιομενηΤρια.sav,2019-03-04 00:00:00,2019.0,3.0,Q1,2019-Q1,auto_from_sav_date_column:Vdatesub,True,occupation_group,homemaker,ΠΑΣΟΚ/ΚΙΝΑΛ,9.2593,5,54,63,54.0,low,ok,True
SURVEY_07,ΚυλιομενηΤρια.sav,2019-03-04 00:00:00,2019.0,3.0,Q1,2019-Q1,auto_from_sav_date_column:Vdatesub,True,occupation_group,homemaker,ΣΥΡΙΖΑ,33.3333,18,54,63,54.0,low,ok,True
SURVEY_07,ΚυλιομενηΤρια.sav,2019-03-04 00:00:00,2019.0,3.0,Q1,2019-Q1,auto_from_sav_date_column:Vdatesub,True,occupation_group,homemaker,Χρυσή Αυγή,5.5556,3,54,63,54.0,low,ok,True
SURVEY_07,ΚυλιομενηΤρια.sav,2019-03-04 00:00:00,2019.0,3.0,Q1,2019-Q1,auto_from_sav_date_column:Vdatesub,True,occupation_group,private_sector,other_party,6.7194,17,253,291,253.0,medium,ok,True
SURVEY_07,ΚυλιομενηΤρια.sav,2019-03-04 00:00:00,2019.0,3.0,Q1,2019-Q1,auto_from_sav_date_column:Vdatesub,True,occupation_group,private_sector,Ένωση Κεντρώων,1.1858,3,253,291,253.0,medium,ok,True
SURVEY_07,ΚυλιομενηΤρια.sav,2019-03-04 00:00:00,2019.0,3.0,Q1,2019-Q1,auto_from_sav_date_column:Vdatesub,True,occupation_group,private_sector,ΑΝΕΛ,1.1858,3,253,291,253.0,medium,ok,True
SURVEY_07,ΚυλιομενηΤρια.sav,2019-03-04 00:00:00,2019.0,3.0,Q1,2019-Q1,auto_from_sav_date_column:Vdatesub,True,occupation_group,private_sector,Ελληνική Λύση,4.7431,12,253,291,253.0,medium,ok,True
SURVEY_07,ΚυλιομενηΤρια.sav,2019-03-04 00:00:00,2019.0,3.0,Q1,2019-Q1,auto_from_sav_date_column:Vdatesub,True,occupation_group,private_sector,ΚΚΕ,6.3241,16,253,291,253.0,medium,ok,True
SURVEY_07,ΚυλιομενηΤρια.sav,2019-03-04 00:00:00,2019.0,3.0,Q1,2019-Q1,auto_from_sav_date_column:Vdatesub,True,occupation_group,private_sector,ΜέΡΑ25,0.3953,1,253,291,253.0,medium,ok,True
SURVEY_07,ΚυλιομενηΤρια.sav,2019-03-04 00:00:00,2019.0,3.0,Q1,2019-Q1,auto_from_sav_date_column:Vdatesub,True,occupation_group,private_sector,ΝΔ,24.1107,61,253,291,253.0,medium,ok,True
SURVEY_07,ΚυλιομενηΤρια.sav,2019-03-04 00:00:00,2019.0,3.0,Q1,2019-Q1,auto_from_sav_date_column:Vdatesub,True,occupation_group,private_sector,ΠΑΣΟΚ/ΚΙΝΑΛ,5.5336,14,253,291,253.0,medium,ok,True
SURVEY_07,ΚυλιομενηΤρια.sav,2019-03-04 00:00:00,2019.0,3.0,Q1,2019-Q1,auto_from_sav_date_column:Vdatesub,True,occupation_group,private_sector,Πλεύση Ελευθερίας,0.7905,2,253,291,253.0,medium,ok,True
SURVEY_07,ΚυλιομενηΤρια.sav,2019-03-04 00:00:00,2019.0,3.0,Q1,2019-Q1,auto_from_sav_date_column:Vdatesub,True,occupation_group,private_sector,Ποτάμι,0.3953,1,253,291,253.0,medium,ok,True
SURVEY_07,ΚυλιομενηΤρια.sav,2019-03-04 00:00:00,2019.0,3.0,Q1,2019-Q1,auto_from_sav_date_column:Vdatesub,True,occupation_group,private_sector,ΣΥΡΙΖΑ,37.9447,96,253,291,253.0,medium,ok,True
SURVEY_07,ΚυλιομενηΤρια.sav,2019-03-04 00:00:00,2019.0,3.0,Q1,2019-Q1,auto_from_sav_date_column:Vdatesub,True,occupation_group,private_sector,Χρυσή Αυγή,10.6719,27,253,291,253.0,medium,ok,True
SURVEY_07,ΚυλιομενηΤρια.sav,2019-03-04 00:00:00,2019.0,3.0,Q1,2019-Q1,auto_from_sav_date_column:Vdatesub,True,occupation_group,public_sector,other_party,7.7465,11,142,161,195.392,medium,ok,True
SURVEY_07,ΚυλιομενηΤρια.sav,2019-03-04 00:00:00,2019.0,3.0,Q1,2019-Q1,auto_from_sav_date_column:Vdatesub,True,occupation_group,public_sector,Ένωση Κεντρώων,1.4085,2,142,161,195.392,medium,ok,True
SURVEY_07,ΚυλιομενηΤρια.sav,2019-03-04 00:00:00,2019.0,3.0,Q1,2019-Q1,auto_from_sav_date_column:Vdatesub,True,occupation_group,public_sector,Ελληνική Λύση,1.4085,2,142,161,195.392,medium,ok,True
SURVEY_07,ΚυλιομενηΤρια.sav,2019-03-04 00:00:00,2019.0,3.0,Q1,2019-Q1,auto_from_sav_date_column:Vdatesub,True,occupation_group,public_sector,ΚΚΕ,3.5211,5,142,161,195.392,medium,ok,True
SURVEY_07,ΚυλιομενηΤρια.sav,2019-03-04 00:00:00,2019.0,3.0,Q1,2019-Q1,auto_from_sav_date_column:Vdatesub,True,occupation_group,public_sector,ΜέΡΑ25,1.4085,2,142,161,195.392,medium,ok,True
SURVEY_07,ΚυλιομενηΤρια.sav,2019-03-04 00:00:00,2019.0,3.0,Q1,2019-Q1,auto_from_sav_date_column:Vdatesub,True,occupation_group,public_sector,ΝΔ,35.2113,50,142,161,195.392,medium,ok,True
SURVEY_07,ΚυλιομενηΤρια.sav,2019-03-04 00:00:00,2019.0,3.0,Q1,2019-Q1,auto_from_sav_date_column:Vdatesub,True,occupation_group,public_sector,ΠΑΣΟΚ/ΚΙΝΑΛ,4.9296,7,142,161,195.392,medium,ok,True
SURVEY_07,ΚυλιομενηΤρια.sav,2019-03-04 00:00:00,2019.0,3.0,Q1,2019-Q1,auto_from_sav_date_column:Vdatesub,True,occupation_group,public_sector,Ποτάμι,2.1127,3,142,161,195.392,medium,ok,True
SURVEY_07,ΚυλιομενηΤρια.sav,2019-03-04 00:00:00,2019.0,3.0,Q1,2019-Q1,auto_from_sav_date_column:Vdatesub,True,occupation_group,public_sector,ΣΥΡΙΖΑ,35.2113,50,142,161,195.392,medium,ok,True
SURVEY_07,ΚυλιομενηΤρια.sav,2019-03-04 00:00:00,2019.0,3.0,Q1,2019-Q1,auto_from_sav_date_column:Vdatesub,True,occupation_group,public_sector,Χρυσή Αυγή,7.0423,10,142,161,195.392,medium,ok,True
SURVEY_07,ΚυλιομενηΤρια.sav,2019-03-04 00:00:00,2019.0,3.0,Q1,2019-Q1,auto_from_sav_date_column:Vdatesub,True,occupation_group,retired,other_party,3.0952,13,420,470,420.0,high,ok,True
SURVEY_07,ΚυλιομενηΤρια.sav,2019-03-04 00:00:00,2019.0,3.0,Q1,2019-Q1,auto_from_sav_date_column:Vdatesub,True,occupation_group,retired,Ένωση Κεντρώων,0.9524,4,420,470,420.0,high,ok,True
SURVEY_07,ΚυλιομενηΤρια.sav,2019-03-04 00:00:00,2019.0,3.0,Q1,2019-Q1,auto_from_sav_date_column:Vdatesub,True,occupation_group,retired,ΑΝΕΛ,0.2381,1,420,470,420.0,high,ok,True
SURVEY_07,ΚυλιομενηΤρια.sav,2019-03-04 00:00:00,2019.0,3.0,Q1,2019-Q1,auto_from_sav_date_column:Vdatesub,True,occupation_group,retired,Ελληνική Λύση,2.8571,12,420,470,420.0,high,ok,True
SURVEY_07,ΚυλιομενηΤρια.sav,2019-03-04 00:00:00,2019.0,3.0,Q1,2019-Q1,auto_from_sav_date_column:Vdatesub,True,occupation_group,retired,ΚΚΕ,5.4762,23,420,470,420.0,high,ok,True
SURVEY_07,ΚυλιομενηΤρια.sav,2019-03-04 00:00:00,2019.0,3.0,Q1,2019-Q1,auto_from_sav_date_column:Vdatesub,True,occupation_group,retired,ΜέΡΑ25,0.2381,1,420,470,420.0,high,ok,True
SURVEY_07,ΚυλιομενηΤρια.sav,2019-03-04 00:00:00,2019.0,3.0,Q1,2019-Q1,auto_from_sav_date_column:Vdatesub,True,occupation_group,retired,ΝΔ,39.2857,165,420,470,420.0,high,ok,True
SURVEY_07,ΚυλιομενηΤρια.sav,2019-03-04 00:00:00,2019.0,3.0,Q1,2019-Q1,auto_from_sav_date_column:Vdatesub,True,occupation_group,retired,ΠΑΣΟΚ/ΚΙΝΑΛ,10.2381,43,420,470,420.0,high,ok,True
SURVEY_07,ΚυλιομενηΤρια.sav,2019-03-04 00:00:00,2019.0,3.0,Q1,2019-Q1,auto_from_sav_date_column:Vdatesub,True,occupation_group,retired,Πλεύση Ελευθερίας,1.1905,5,420,470,420.0,high,ok,True
SURVEY_07,ΚυλιομενηΤρια.sav,2019-03-04 00:00:00,2019.0,3.0,Q1,2019-Q1,auto_from_sav_date_column:Vdatesub,True,occupation_group,retired,Ποτάμι,0.4762,2,420,470,420.0,high,ok,True
SURVEY_07,ΚυλιομενηΤρια.sav,2019-03-04 00:00:00,2019.0,3.0,Q1,2019-Q1,auto_from_sav_date_column:Vdatesub,True,occupation_group,retired,ΣΥΡΙΖΑ,30.4762,128,420,470,420.0,high,ok,True
SURVEY_07,ΚυλιομενηΤρια.sav,2019-03-04 00:00:00,2019.0,3.0,Q1,2019-Q1,auto_from_sav_date_column:Vdatesub,True,occupation_group,retired,Χρυσή Αυγή,5.4762,23,420,470,420.0,high,ok,True
SURVEY_07,ΚυλιομενηΤρια.sav,2019-03-04 00:00:00,2019.0,3.0,Q1,2019-Q1,auto_from_sav_date_column:Vdatesub,True,occupation_group,self_employed,other_party,6.5299,18,275,318,277.6229,medium,ok,True
SURVEY_07,ΚυλιομενηΤρια.sav,2019-03-04 00:00:00,2019.0,3.0,Q1,2019-Q1,auto_from_sav_date_column:Vdatesub,True,occupation_group,self_employed,Ένωση Κεντρώων,1.0899,3,275,318,277.6229,medium,ok,True
SURVEY_07,ΚυλιομενηΤρια.sav,2019-03-04 00:00:00,2019.0,3.0,Q1,2019-Q1,auto_from_sav_date_column:Vdatesub,True,occupation_group,self_employed,ΑΝΕΛ,1.0991,3,275,318,277.6229,medium,ok,True
SURVEY_07,ΚυλιομενηΤρια.sav,2019-03-04 00:00:00,2019.0,3.0,Q1,2019-Q1,auto_from_sav_date_column:Vdatesub,True,occupation_group,self_employed,Ελληνική Λύση,1.8103,5,275,318,277.6229,medium,ok,True
SURVEY_07,ΚυλιομενηΤρια.sav,2019-03-04 00:00:00,2019.0,3.0,Q1,2019-Q1,auto_from_sav_date_column:Vdatesub,True,occupation_group,self_employed,ΚΚΕ,3.2789,9,275,318,277.6229,medium,ok,True
SURVEY_07,ΚυλιομενηΤρια.sav,2019-03-04 00:00:00,2019.0,3.0,Q1,2019-Q1,auto_from_sav_date_column:Vdatesub,True,occupation_group,self_employed,ΜέΡΑ25,0.3602,1,275,318,277.6229,medium,ok,True
SURVEY_07,ΚυλιομενηΤρια.sav,2019-03-04 00:00:00,2019.0,3.0,Q1,2019-Q1,auto_from_sav_date_column:Vdatesub,True,occupation_group,self_employed,ΝΔ,41.5075,114,275,318,277.6229,medium,ok,True
SURVEY_07,ΚυλιομενηΤρια.sav,2019-03-04 00:00:00,2019.0,3.0,Q1,2019-Q1,auto_from_sav_date_column:Vdatesub,True,occupation_group,self_employed,ΠΑΣΟΚ/ΚΙΝΑΛ,4.7382,13,275,318,277.6229,medium,ok,True
SURVEY_07,ΚυλιομενηΤρια.sav,2019-03-04 00:00:00,2019.0,3.0,Q1,2019-Q1,auto_from_sav_date_column:Vdatesub,True,occupation_group,self_employed,Πλεύση Ελευθερίας,0.7297,2,275,318,277.6229,medium,ok,True
SURVEY_07,ΚυλιομενηΤρια.sav,2019-03-04 00:00:00,2019.0,3.0,Q1,2019-Q1,auto_from_sav_date_column:Vdatesub,True,occupation_group,self_employed,Ποτάμι,0.3602,1,275,318,277.6229,medium,ok,True
SURVEY_07,ΚυλιομενηΤρια.sav,2019-03-04 00:00:00,2019.0,3.0,Q1,2019-Q1,auto_from_sav_date_column:Vdatesub,True,occupation_group,self_employed,ΣΥΡΙΖΑ,33.0006,91,275,318,277.6229,medium,ok,True
SURVEY_07,ΚυλιομενηΤρια.sav,2019-03-04 00:00:00,2019.0,3.0,Q1,2019-Q1,auto_from_sav_date_column:Vdatesub,True,occupation_group,self_employed,Χρυσή Αυγή,5.4956,15,275,318,277.6229,medium,ok,True
SURVEY_07,ΚυλιομενηΤρια.sav,2019-03-04 00:00:00,2019.0,3.0,Q1,2019-Q1,auto_from_sav_date_column:Vdatesub,True,occupation_group,student,other_party,6.8702,9,131,150,131.8647,medium,ok,True
SURVEY_07,ΚυλιομενηΤρια.sav,2019-03-04 00:00:00,2019.0,3.0,Q1,2019-Q1,auto_from_sav_date_column:Vdatesub,True,occupation_group,student,Ένωση Κεντρώων,2.2901,3,131,150,131.8647,medium,ok,True
SURVEY_07,ΚυλιομενηΤρια.sav,2019-03-04 00:00:00,2019.0,3.0,Q1,2019-Q1,auto_from_sav_date_column:Vdatesub,True,occupation_group,student,Ελληνική Λύση,2.2901,3,131,150,131.8647,medium,ok,True
SURVEY_07,ΚυλιομενηΤρια.sav,2019-03-04 00:00:00,2019.0,3.0,Q1,2019-Q1,auto_from_sav_date_column:Vdatesub,True,occupation_group,student,ΚΚΕ,4.5802,6,131,150,131.8647,medium,ok,True
SURVEY_07,ΚυλιομενηΤρια.sav,2019-03-04 00:00:00,2019.0,3.0,Q1,2019-Q1,auto_from_sav_date_column:Vdatesub,True,occupation_group,student,ΜέΡΑ25,2.2901,3,131,150,131.8647,medium,ok,True
SURVEY_07,ΚυλιομενηΤρια.sav,2019-03-04 00:00:00,2019.0,3.0,Q1,2019-Q1,auto_from_sav_date_column:Vdatesub,True,occupation_group,student,ΝΔ,28.2443,37,131,150,131.8647,medium,ok,True
SURVEY_07,ΚυλιομενηΤρια.sav,2019-03-04 00:00:00,2019.0,3.0,Q1,2019-Q1,auto_from_sav_date_column:Vdatesub,True,occupation_group,student,ΠΑΣΟΚ/ΚΙΝΑΛ,0.7634,1,131,150,131.8647,medium,ok,True
SURVEY_07,ΚυλιομενηΤρια.sav,2019-03-04 00:00:00,2019.0,3.0,Q1,2019-Q1,auto_from_sav_date_column:Vdatesub,True,occupation_group,student,Ποτάμι,3.0534,4,131,150,131.8647,medium,ok,True
SURVEY_07,ΚυλιομενηΤρια.sav,2019-03-04 00:00:00,2019.0,3.0,Q1,2019-Q1,auto_from_sav_date_column:Vdatesub,True,occupation_group,student,ΣΥΡΙΖΑ,35.1145,46,131,150,131.8647,medium,ok,True
SURVEY_07,ΚυλιομενηΤρια.sav,2019-03-04 00:00:00,2019.0,3.0,Q1,2019-Q1,auto_from_sav_date_column:Vdatesub,True,occupation_group,student,Χρυσή Αυγή,14.5038,19,131,150,131.8647,medium,ok,True
SURVEY_07,ΚυλιομενηΤρια.sav,2019-03-04 00:00:00,2019.0,3.0,Q1,2019-Q1,auto_from_sav_date_column:Vdatesub,True,occupation_group,unemployed,other_party,6.25,8,128,161,128.0,medium,ok,True
SURVEY_07,ΚυλιομενηΤρια.sav,2019-03-04 00:00:00,2019.0,3.0,Q1,2019-Q1,auto_from_sav_date_column:Vdatesub,True,occupation_group,unemployed,Ένωση Κεντρώων,5.4688,7,128,161,128.0,medium,ok,True
SURVEY_07,ΚυλιομενηΤρια.sav,2019-03-04 00:00:00,2019.0,3.0,Q1,2019-Q1,auto_from_sav_date_column:Vdatesub,True,occupation_group,unemployed,ΑΝΕΛ,1.5625,2,128,161,128.0,medium,ok,True
SURVEY_07,ΚυλιομενηΤρια.sav,2019-03-04 00:00:00,2019.0,3.0,Q1,2019-Q1,auto_from_sav_date_column:Vdatesub,True,occupation_group,unemployed,Ελληνική Λύση,7.0312,9,128,161,128.0,medium,ok,True
SURVEY_07,ΚυλιομενηΤρια.sav,2019-03-04 00:00:00,2019.0,3.0,Q1,2019-Q1,auto_from_sav_date_column:Vdatesub,True,occupation_group,unemployed,ΚΚΕ,4.6875,6,128,161,128.0,medium,ok,True
SURVEY_07,ΚυλιομενηΤρια.sav,2019-03-04 00:00:00,2019.0,3.0,Q1,2019-Q1,auto_from_sav_date_column:Vdatesub,True,occupation_group,unemployed,ΜέΡΑ25,0.7812,1,128,161,128.0,medium,ok,True
SURVEY_07,ΚυλιομενηΤρια.sav,2019-03-04 00:00:00,2019.0,3.0,Q1,2019-Q1,auto_from_sav_date_column:Vdatesub,True,occupation_group,unemployed,ΝΔ,30.4688,39,128,161,128.0,medium,ok,True
SURVEY_07,ΚυλιομενηΤρια.sav,2019-03-04 00:00:00,2019.0,3.0,Q1,2019-Q1,auto_from_sav_date_column:Vdatesub,True,occupation_group,unemployed,ΠΑΣΟΚ/ΚΙΝΑΛ,3.9062,5,128,161,128.0,medium,ok,True
SURVEY_07,ΚυλιομενηΤρια.sav,2019-03-04 00:00:00,2019.0,3.0,Q1,2019-Q1,auto_from_sav_date_column:Vdatesub,True,occupation_group,unemployed,Πλεύση Ελευθερίας,2.3438,3,128,161,128.0,medium,ok,True
SURVEY_07,ΚυλιομενηΤρια.sav,2019-03-04 00:00:00,2019.0,3.0,Q1,2019-Q1,auto_from_sav_date_column:Vdatesub,True,occupation_group,unemployed,ΣΥΡΙΖΑ,28.125,36,128,161,128.0,medium,ok,True
SURVEY_07,ΚυλιομενηΤρια.sav,2019-03-04 00:00:00,2019.0,3.0,Q1,2019-Q1,auto_from_sav_date_column:Vdatesub,True,occupation_group,unemployed,Χρυσή Αυγή,9.375,12,128,161,128.0,medium,ok,True
SURVEY_07,ΚυλιομενηΤρια.sav,2019-03-04 00:00:00,2019.0,3.0,Q1,2019-Q1,auto_from_sav_date_column:Vdatesub,True,occupation_group,Δεν θέλω να απαντήσω,other_party,5.1282,2,39,65,39.0,low,ok,True
SURVEY_07,ΚυλιομενηΤρια.sav,2019-03-04 00:00:00,2019.0,3.0,Q1,2019-Q1,auto_from_sav_date_column:Vdatesub,True,occupation_group,Δεν θέλω να απαντήσω,Ελληνική Λύση,10.2564,4,39,65,39.0,low,ok,True
SURVEY_07,ΚυλιομενηΤρια.sav,2019-03-04 00:00:00,2019.0,3.0,Q1,2019-Q1,auto_from_sav_date_column:Vdatesub,True,occupation_group,Δεν θέλω να απαντήσω,ΚΚΕ,2.5641,1,39,65,39.0,low,ok,True
SURVEY_07,ΚυλιομενηΤρια.sav,2019-03-04 00:00:00,2019.0,3.0,Q1,2019-Q1,auto_from_sav_date_column:Vdatesub,True,occupation_group,Δεν θέλω να απαντήσω,ΝΔ,23.0769,9,39,65,39.0,low,ok,True
SURVEY_07,ΚυλιομενηΤρια.sav,2019-03-04 00:00:00,2019.0,3.0,Q1,2019-Q1,auto_from_sav_date_column:Vdatesub,True,occupation_group,Δεν θέλω να απαντήσω,ΠΑΣΟΚ/ΚΙΝΑΛ,5.1282,2,39,65,39.0,low,ok,True
SURVEY_07,ΚυλιομενηΤρια.sav,2019-03-04 00:00:00,2019.0,3.0,Q1,2019-Q1,auto_from_sav_date_column:Vdatesub,True,occupation_group,Δεν θέλω να απαντήσω,ΣΥΡΙΖΑ,43.5897,17,39,65,39.0,low,ok,True
SURVEY_07,ΚυλιομενηΤρια.sav,2019-03-04 00:00:00,2019.0,3.0,Q1,2019-Q1,auto_from_sav_date_column:Vdatesub,True,occupation_group,Δεν θέλω να απαντήσω,Χρυσή Αυγή,10.2564,4,39,65,39.0,low,ok,True
SURVEY_07,ΚυλιομενηΤρια.sav,2019-03-04 00:00:00,2019.0,3.0,Q1,2019-Q1,auto_from_sav_date_column:Vdatesub,True,occupation_group,Εισοδηματίας,other_party,14.2857,2,14,18,14.0,low,ok,False
SURVEY_07,ΚυλιομενηΤρια.sav,2019-03-04 00:00:00,2019.0,3.0,Q1,2019-Q1,auto_from_sav_date_column:Vdatesub,True,occupation_group,Εισοδηματίας,ΚΚΕ,7.1429,1,14,18,14.0,low,ok,False
SURVEY_07,ΚυλιομενηΤρια.sav,2019-03-04 00:00:00,2019.0,3.0,Q1,2019-Q1,auto_from_sav_date_column:Vdatesub,True,occupation_group,Εισοδηματίας,ΝΔ,57.1429,8,14,18,14.0,low,ok,False
SURVEY_07,ΚυλιομενηΤρια.sav,2019-03-04 00:00:00,2019.0,3.0,Q1,2019-Q1,auto_from_sav_date_column:Vdatesub,True,occupation_group,Εισοδηματίας,ΣΥΡΙΖΑ,14.2857,2,14,18,14.0,low,ok,False
SURVEY_07,ΚυλιομενηΤρια.sav,2019-03-04 00:00:00,2019.0,3.0,Q1,2019-Q1,auto_from_sav_date_column:Vdatesub,True,occupation_group,Εισοδηματίας,Χρυσή Αυγή,7.1429,1,14,18,14.0,low,ok,False
SURVEY_07,ΚυλιομενηΤρια.sav,2019-03-04 00:00:00,2019.0,3.0,Q1,2019-Q1,auto_from_sav_date_column:Vdatesub,True,occupation_group,Φαντάρος,ΝΔ,20.0,1,5,6,5.0,low,ok,False
SURVEY_07,ΚυλιομενηΤρια.sav,2019-03-04 00:00:00,2019.0,3.0,Q1,2019-Q1,auto_from_sav_date_column:Vdatesub,True,occupation_group,Φαντάρος,ΠΑΣΟΚ/ΚΙΝΑΛ,20.0,1,5,6,5.0,low,ok,False
SURVEY_07,ΚυλιομενηΤρια.sav,2019-03-04 00:00:00,2019.0,3.0,Q1,2019-Q1,auto_from_sav_date_column:Vdatesub,True,occupation_group,Φαντάρος,Χρυσή Αυγή,60.0,3,5,6,5.0,low,ok,False
SURVEY_07,ΚυλιομενηΤρια.sav,2019-03-04 00:00:00,2019.0,3.0,Q1,2019-Q1,auto_from_sav_date_column:Vdatesub,True,left_right_group,center,other_party,5.0447,36,721,875,753.5593,high,ok,True
SURVEY_07,ΚυλιομενηΤρια.sav,2019-03-04 00:00:00,2019.0,3.0,Q1,2019-Q1,auto_from_sav_date_column:Vdatesub,True,left_right_group,center,Ένωση Κεντρώων,2.3609,17,721,875,753.5593,high,ok,True
SURVEY_07,ΚυλιομενηΤρια.sav,2019-03-04 00:00:00,2019.0,3.0,Q1,2019-Q1,auto_from_sav_date_column:Vdatesub,True,left_right_group,center,ΑΝΕΛ,1.2012,9,721,875,753.5593,high,ok,True
SURVEY_07,ΚυλιομενηΤρια.sav,2019-03-04 00:00:00,2019.0,3.0,Q1,2019-Q1,auto_from_sav_date_column:Vdatesub,True,left_right_group,center,Ελληνική Λύση,2.4386,18,721,875,753.5593,high,ok,True
SURVEY_07,ΚυλιομενηΤρια.sav,2019-03-04 00:00:00,2019.0,3.0,Q1,2019-Q1,auto_from_sav_date_column:Vdatesub,True,left_right_group,center,ΚΚΕ,2.0187,14,721,875,753.5593,high,ok,True
SURVEY_07,ΚυλιομενηΤρια.sav,2019-03-04 00:00:00,2019.0,3.0,Q1,2019-Q1,auto_from_sav_date_column:Vdatesub,True,left_right_group,center,ΜέΡΑ25,0.8986,6,721,875,753.5593,high,ok,True
SURVEY_07,ΚυλιομενηΤρια.sav,2019-03-04 00:00:00,2019.0,3.0,Q1,2019-Q1,auto_from_sav_date_column:Vdatesub,True,left_right_group,center,ΝΔ,38.4092,276,721,875,753.5593,high,ok,True
SURVEY_07,ΚυλιομενηΤρια.sav,2019-03-04 00:00:00,2019.0,3.0,Q1,2019-Q1,auto_from_sav_date_column:Vdatesub,True,left_right_group,center,ΠΑΣΟΚ/ΚΙΝΑΛ,10.4561,76,721,875,753.5593,high,ok,True
SURVEY_07,ΚυλιομενηΤρια.sav,2019-03-04 00:00:00,2019.0,3.0,Q1,2019-Q1,auto_from_sav_date_column:Vdatesub,True,left_right_group,center,Πλεύση Ελευθερίας,1.1943,9,721,875,753.5593,high,ok,True
SURVEY_07,ΚυλιομενηΤρια.sav,2019-03-04 00:00:00,2019.0,3.0,Q1,2019-Q1,auto_from_sav_date_column:Vdatesub,True,left_right_group,center,Ποτάμι,1.4802,10,721,875,753.5593,high,ok,True
SURVEY_07,ΚυλιομενηΤρια.sav,2019-03-04 00:00:00,2019.0,3.0,Q1,2019-Q1,auto_from_sav_date_column:Vdatesub,True,left_right_group,center,ΣΥΡΙΖΑ,30.3081,220,721,875,753.5593,high,ok,True
SURVEY_07,ΚυλιομενηΤρια.sav,2019-03-04 00:00:00,2019.0,3.0,Q1,2019-Q1,auto_from_sav_date_column:Vdatesub,True,left_right_group,center,Χρυσή Αυγή,4.1894,30,721,875,753.5593,high,ok,True
SURVEY_07,ΚυλιομενηΤρια.sav,2019-03-04 00:00:00,2019.0,3.0,Q1,2019-Q1,auto_from_sav_date_column:Vdatesub,True,left_right_group,left,other_party,6.5586,22,335,355,347.6091,high,ok,True
SURVEY_07,ΚυλιομενηΤρια.sav,2019-03-04 00:00:00,2019.0,3.0,Q1,2019-Q1,auto_from_sav_date_column:Vdatesub,True,left_right_group,left,Ελληνική Λύση,0.2877,1,335,355,347.6091,high,ok,True
SURVEY_07,ΚυλιομενηΤρια.sav,2019-03-04 00:00:00,2019.0,3.0,Q1,2019-Q1,auto_from_sav_date_column:Vdatesub,True,left_right_group,left,ΚΚΕ,14.3295,49,335,355,347.6091,high,ok,True
SURVEY_07,ΚυλιομενηΤρια.sav,2019-03-04 00:00:00,2019.0,3.0,Q1,2019-Q1,auto_from_sav_date_column:Vdatesub,True,left_right_group,left,ΜέΡΑ25,0.863,3,335,355,347.6091,high,ok,True
SURVEY_07,ΚυλιομενηΤρια.sav,2019-03-04 00:00:00,2019.0,3.0,Q1,2019-Q1,auto_from_sav_date_column:Vdatesub,True,left_right_group,left,ΝΔ,1.554,5,335,355,347.6091,high,ok,True
SURVEY_07,ΚυλιομενηΤρια.sav,2019-03-04 00:00:00,2019.0,3.0,Q1,2019-Q1,auto_from_sav_date_column:Vdatesub,True,left_right_group,left,ΠΑΣΟΚ/ΚΙΝΑΛ,2.8768,10,335,355,347.6091,high,ok,True
SURVEY_07,ΚυλιομενηΤρια.sav,2019-03-04 00:00:00,2019.0,3.0,Q1,2019-Q1,auto_from_sav_date_column:Vdatesub,True,left_right_group,left,Πλεύση Ελευθερίας,0.2877,1,335,355,347.6091,high,ok,True
SURVEY_07,ΚυλιομενηΤρια.sav,2019-03-04 00:00:00,2019.0,3.0,Q1,2019-Q1,auto_from_sav_date_column:Vdatesub,True,left_right_group,left,Ποτάμι,0.2877,1,335,355,347.6091,high,ok,True
SURVEY_07,ΚυλιομενηΤρια.sav,2019-03-04 00:00:00,2019.0,3.0,Q1,2019-Q1,auto_from_sav_date_column:Vdatesub,True,left_right_group,left,ΣΥΡΙΖΑ,71.5093,238,335,355,347.6091,high,ok,True
SURVEY_07,ΚυλιομενηΤρια.sav,2019-03-04 00:00:00,2019.0,3.0,Q1,2019-Q1,auto_from_sav_date_column:Vdatesub,True,left_right_group,left,Χρυσή Αυγή,1.4458,5,335,355,347.6091,high,ok,True
SURVEY_07,ΚυλιομενηΤρια.sav,2019-03-04 00:00:00,2019.0,3.0,Q1,2019-Q1,auto_from_sav_date_column:Vdatesub,True,left_right_group,right,other_party,6.1219,24,405,473,416.7111,high,ok,True
SURVEY_07,ΚυλιομενηΤρια.sav,2019-03-04 00:00:00,2019.0,3.0,Q1,2019-Q1,auto_from_sav_date_column:Vdatesub,True,left_right_group,right,Ένωση Κεντρώων,1.2015,5,405,473,416.7111,high,ok,True
SURVEY_07,ΚυλιομενηΤρια.sav,2019-03-04 00:00:00,2019.0,3.0,Q1,2019-Q1,auto_from_sav_date_column:Vdatesub,True,left_right_group,right,ΑΝΕΛ,0.24,1,405,473,416.7111,high,ok,True
SURVEY_07,ΚυλιομενηΤρια.sav,2019-03-04 00:00:00,2019.0,3.0,Q1,2019-Q1,auto_from_sav_date_column:Vdatesub,True,left_right_group,right,Ελληνική Λύση,7.0604,29,405,473,416.7111,high,ok,True
SURVEY_07,ΚυλιομενηΤρια.sav,2019-03-04 00:00:00,2019.0,3.0,Q1,2019-Q1,auto_from_sav_date_column:Vdatesub,True,left_right_group,right,ΚΚΕ,1.1999,5,405,473,416.7111,high,ok,True
SURVEY_07,ΚυλιομενηΤρια.sav,2019-03-04 00:00:00,2019.0,3.0,Q1,2019-Q1,auto_from_sav_date_column:Vdatesub,True,left_right_group,right,ΝΔ,55.7798,226,405,473,416.7111,high,ok,True
SURVEY_07,ΚυλιομενηΤρια.sav,2019-03-04 00:00:00,2019.0,3.0,Q1,2019-Q1,auto_from_sav_date_column:Vdatesub,True,left_right_group,right,ΠΑΣΟΚ/ΚΙΝΑΛ,1.1999,5,405,473,416.7111,high,ok,True
SURVEY_07,ΚυλιομενηΤρια.sav,2019-03-04 00:00:00,2019.0,3.0,Q1,2019-Q1,auto_from_sav_date_column:Vdatesub,True,left_right_group,right,Πλεύση Ελευθερίας,0.4861,2,405,473,416.7111,high,ok,True
SURVEY_07,ΚυλιομενηΤρια.sav,2019-03-04 00:00:00,2019.0,3.0,Q1,2019-Q1,auto_from_sav_date_column:Vdatesub,True,left_right_group,right,ΣΥΡΙΖΑ,6.4214,26,405,473,416.7111,high,ok,True
SURVEY_07,ΚυλιομενηΤρια.sav,2019-03-04 00:00:00,2019.0,3.0,Q1,2019-Q1,auto_from_sav_date_column:Vdatesub,True,left_right_group,right,Χρυσή Αυγή,20.2892,82,405,473,416.7111,high,ok,True
SURVEY_07,ΚυλιομενηΤρια.sav,2019-03-04 00:00:00,2019.0,3.0,Q1,2019-Q1,auto_from_sav_date_column:Vdatesub,True,previous_vote_party,other_party,other_party,14.9661,39,263,328,271.2069,medium,ok,True
SURVEY_07,ΚυλιομενηΤρια.sav,2019-03-04 00:00:00,2019.0,3.0,Q1,2019-Q1,auto_from_sav_date_column:Vdatesub,True,previous_vote_party,other_party,Ένωση Κεντρώων,1.111,3,263,328,271.2069,medium,ok,True
SURVEY_07,ΚυλιομενηΤρια.sav,2019-03-04 00:00:00,2019.0,3.0,Q1,2019-Q1,auto_from_sav_date_column:Vdatesub,True,previous_vote_party,other_party,Ελληνική Λύση,3.8332,10,263,328,271.2069,medium,ok,True
SURVEY_07,ΚυλιομενηΤρια.sav,2019-03-04 00:00:00,2019.0,3.0,Q1,2019-Q1,auto_from_sav_date_column:Vdatesub,True,previous_vote_party,other_party,ΚΚΕ,1.4773,4,263,328,271.2069,medium,ok,True
SURVEY_07,ΚυλιομενηΤρια.sav,2019-03-04 00:00:00,2019.0,3.0,Q1,2019-Q1,auto_from_sav_date_column:Vdatesub,True,previous_vote_party,other_party,ΜέΡΑ25,1.2497,3,263,328,271.2069,medium,ok,True
SURVEY_07,ΚυλιομενηΤρια.sav,2019-03-04 00:00:00,2019.0,3.0,Q1,2019-Q1,auto_from_sav_date_column:Vdatesub,True,previous_vote_party,other_party,ΝΔ,18.0762,47,263,328,271.2069,medium,ok,True
SURVEY_07,ΚυλιομενηΤρια.sav,2019-03-04 00:00:00,2019.0,3.0,Q1,2019-Q1,auto_from_sav_date_column:Vdatesub,True,previous_vote_party,other_party,ΠΑΣΟΚ/ΚΙΝΑΛ,22.2486,58,263,328,271.2069,medium,ok,True
SURVEY_07,ΚυλιομενηΤρια.sav,2019-03-04 00:00:00,2019.0,3.0,Q1,2019-Q1,auto_from_sav_date_column:Vdatesub,True,previous_vote_party,other_party,Πλεύση Ελευθερίας,1.4749,4,263,328,271.2069,medium,ok,True
SURVEY_07,ΚυλιομενηΤρια.sav,2019-03-04 00:00:00,2019.0,3.0,Q1,2019-Q1,auto_from_sav_date_column:Vdatesub,True,previous_vote_party,other_party,Ποτάμι,1.4846,4,263,328,271.2069,medium,ok,True
SURVEY_07,ΚυλιομενηΤρια.sav,2019-03-04 00:00:00,2019.0,3.0,Q1,2019-Q1,auto_from_sav_date_column:Vdatesub,True,previous_vote_party,other_party,ΣΥΡΙΖΑ,27.41,73,263,328,271.2069,medium,ok,True
SURVEY_07,ΚυλιομενηΤρια.sav,2019-03-04 00:00:00,2019.0,3.0,Q1,2019-Q1,auto_from_sav_date_column:Vdatesub,True,previous_vote_party,other_party,Χρυσή Αυγή,6.6684,18,263,328,271.2069,medium,ok,True
SURVEY_07,ΚυλιομενηΤρια.sav,2019-03-04 00:00:00,2019.0,3.0,Q1,2019-Q1,auto_from_sav_date_column:Vdatesub,True,previous_vote_party,Ένωση Κεντρώων,other_party,4.9435,2,39,48,40.9769,low,ok,True
SURVEY_07,ΚυλιομενηΤρια.sav,2019-03-04 00:00:00,2019.0,3.0,Q1,2019-Q1,auto_from_sav_date_column:Vdatesub,True,previous_vote_party,Ένωση Κεντρώων,Ένωση Κεντρώων,22.8973,9,39,48,40.9769,low,ok,True
SURVEY_07,ΚυλιομενηΤρια.sav,2019-03-04 00:00:00,2019.0,3.0,Q1,2019-Q1,auto_from_sav_date_column:Vdatesub,True,previous_vote_party,Ένωση Κεντρώων,Ελληνική Λύση,4.8808,2,39,48,40.9769,low,ok,True
SURVEY_07,ΚυλιομενηΤρια.sav,2019-03-04 00:00:00,2019.0,3.0,Q1,2019-Q1,auto_from_sav_date_column:Vdatesub,True,previous_vote_party,Ένωση Κεντρώων,ΚΚΕ,2.4404,1,39,48,40.9769,low,ok,True
SURVEY_07,ΚυλιομενηΤρια.sav,2019-03-04 00:00:00,2019.0,3.0,Q1,2019-Q1,auto_from_sav_date_column:Vdatesub,True,previous_vote_party,Ένωση Κεντρώων,ΝΔ,39.4537,15,39,48,40.9769,low,ok,True
SURVEY_07,ΚυλιομενηΤρια.sav,2019-03-04 00:00:00,2019.0,3.0,Q1,2019-Q1,auto_from_sav_date_column:Vdatesub,True,previous_vote_party,Ένωση Κεντρώων,ΠΑΣΟΚ/ΚΙΝΑΛ,7.3839,3,39,48,40.9769,low,ok,True
SURVEY_07,ΚυλιομενηΤρια.sav,2019-03-04 00:00:00,2019.0,3.0,Q1,2019-Q1,auto_from_sav_date_column:Vdatesub,True,previous_vote_party,Ένωση Κεντρώων,Ποτάμι,3.358,1,39,48,40.9769,low,ok,True
SURVEY_07,ΚυλιομενηΤρια.sav,2019-03-04 00:00:00,2019.0,3.0,Q1,2019-Q1,auto_from_sav_date_column:Vdatesub,True,previous_vote_party,Ένωση Κεντρώων,ΣΥΡΙΖΑ,7.3212,3,39,48,40.9769,low,ok,True
SURVEY_07,ΚυλιομενηΤρια.sav,2019-03-04 00:00:00,2019.0,3.0,Q1,2019-Q1,auto_from_sav_date_column:Vdatesub,True,previous_vote_party,Ένωση Κεντρώων,Χρυσή Αυγή,7.3212,3,39,48,40.9769,low,ok,True
SURVEY_07,ΚυλιομενηΤρια.sav,2019-03-04 00:00:00,2019.0,3.0,Q1,2019-Q1,auto_from_sav_date_column:Vdatesub,True,previous_vote_party,ΑΝΕΛ,other_party,4.196,2,46,52,47.6649,low,ok,True
SURVEY_07,ΚυλιομενηΤρια.sav,2019-03-04 00:00:00,2019.0,3.0,Q1,2019-Q1,auto_from_sav_date_column:Vdatesub,True,previous_vote_party,ΑΝΕΛ,ΑΝΕΛ,8.4998,4,46,52,47.6649,low,ok,True
SURVEY_07,ΚυλιομενηΤρια.sav,2019-03-04 00:00:00,2019.0,3.0,Q1,2019-Q1,auto_from_sav_date_column:Vdatesub,True,previous_vote_party,ΑΝΕΛ,Ελληνική Λύση,8.4459,4,46,52,47.6649,low,ok,True
SURVEY_07,ΚυλιομενηΤρια.sav,2019-03-04 00:00:00,2019.0,3.0,Q1,2019-Q1,auto_from_sav_date_column:Vdatesub,True,previous_vote_party,ΑΝΕΛ,ΜέΡΑ25,2.098,1,46,52,47.6649,low,ok,True
SURVEY_07,ΚυλιομενηΤρια.sav,2019-03-04 00:00:00,2019.0,3.0,Q1,2019-Q1,auto_from_sav_date_column:Vdatesub,True,previous_vote_party,ΑΝΕΛ,ΝΔ,37.3651,17,46,52,47.6649,low,ok,True
SURVEY_07,ΚυλιομενηΤρια.sav,2019-03-04 00:00:00,2019.0,3.0,Q1,2019-Q1,auto_from_sav_date_column:Vdatesub,True,previous_vote_party,ΑΝΕΛ,Πλεύση Ελευθερίας,2.098,1,46,52,47.6649,low,ok,True
SURVEY_07,ΚυλιομενηΤρια.sav,2019-03-04 00:00:00,2019.0,3.0,Q1,2019-Q1,auto_from_sav_date_column:Vdatesub,True,previous_vote_party,ΑΝΕΛ,ΣΥΡΙΖΑ,23.9206,11,46,52,47.6649,low,ok,True
SURVEY_07,ΚυλιομενηΤρια.sav,2019-03-04 00:00:00,2019.0,3.0,Q1,2019-Q1,auto_from_sav_date_column:Vdatesub,True,previous_vote_party,ΑΝΕΛ,Χρυσή Αυγή,13.3767,6,46,52,47.6649,low,ok,True
SURVEY_07,ΚυλιομενηΤρια.sav,2019-03-04 00:00:00,2019.0,3.0,Q1,2019-Q1,auto_from_sav_date_column:Vdatesub,True,previous_vote_party,ΚΚΕ,other_party,2.754,2,71,77,72.6207,low,ok,True
SURVEY_07,ΚυλιομενηΤρια.sav,2019-03-04 00:00:00,2019.0,3.0,Q1,2019-Q1,auto_from_sav_date_column:Vdatesub,True,previous_vote_party,ΚΚΕ,ΚΚΕ,63.1085,45,71,77,72.6207,low,ok,True
SURVEY_07,ΚυλιομενηΤρια.sav,2019-03-04 00:00:00,2019.0,3.0,Q1,2019-Q1,auto_from_sav_date_column:Vdatesub,True,previous_vote_party,ΚΚΕ,ΜέΡΑ25,1.377,1,71,77,72.6207,low,ok,True
SURVEY_07,ΚυλιομενηΤρια.sav,2019-03-04 00:00:00,2019.0,3.0,Q1,2019-Q1,auto_from_sav_date_column:Vdatesub,True,previous_vote_party,ΚΚΕ,ΝΔ,6.8851,5,71,77,72.6207,low,ok,True
SURVEY_07,ΚυλιομενηΤρια.sav,2019-03-04 00:00:00,2019.0,3.0,Q1,2019-Q1,auto_from_sav_date_column:Vdatesub,True,previous_vote_party,ΚΚΕ,ΣΥΡΙΖΑ,25.8754,18,71,77,72.6207,low,ok,True
SURVEY_07,ΚυλιομενηΤρια.sav,2019-03-04 00:00:00,2019.0,3.0,Q1,2019-Q1,auto_from_sav_date_column:Vdatesub,True,previous_vote_party,ΝΔ,other_party,1.7178,6,379,395,394.564,high,ok,True
SURVEY_07,ΚυλιομενηΤρια.sav,2019-03-04 00:00:00,2019.0,3.0,Q1,2019-Q1,auto_from_sav_date_column:Vdatesub,True,previous_vote_party,ΝΔ,Ένωση Κεντρώων,0.6022,2,379,395,394.564,high,ok,True
SURVEY_07,ΚυλιομενηΤρια.sav,2019-03-04 00:00:00,2019.0,3.0,Q1,2019-Q1,auto_from_sav_date_column:Vdatesub,True,previous_vote_party,ΝΔ,ΑΝΕΛ,0.5069,2,379,395,394.564,high,ok,True
SURVEY_07,ΚυλιομενηΤρια.sav,2019-03-04 00:00:00,2019.0,3.0,Q1,2019-Q1,auto_from_sav_date_column:Vdatesub,True,previous_vote_party,ΝΔ,Ελληνική Λύση,1.7741,7,379,395,394.564,high,ok,True
SURVEY_07,ΚυλιομενηΤρια.sav,2019-03-04 00:00:00,2019.0,3.0,Q1,2019-Q1,auto_from_sav_date_column:Vdatesub,True,previous_vote_party,ΝΔ,ΚΚΕ,0.5134,2,379,395,394.564,high,ok,True
SURVEY_07,ΚυλιομενηΤρια.sav,2019-03-04 00:00:00,2019.0,3.0,Q1,2019-Q1,auto_from_sav_date_column:Vdatesub,True,previous_vote_party,ΝΔ,ΝΔ,84.4889,321,379,395,394.564,high,ok,True
SURVEY_07,ΚυλιομενηΤρια.sav,2019-03-04 00:00:00,2019.0,3.0,Q1,2019-Q1,auto_from_sav_date_column:Vdatesub,True,previous_vote_party,ΝΔ,ΠΑΣΟΚ/ΚΙΝΑΛ,1.0268,4,379,395,394.564,high,ok,True
SURVEY_07,ΚυλιομενηΤρια.sav,2019-03-04 00:00:00,2019.0,3.0,Q1,2019-Q1,auto_from_sav_date_column:Vdatesub,True,previous_vote_party,ΝΔ,ΣΥΡΙΖΑ,7.3987,28,379,395,394.564,high,ok,True
SURVEY_07,ΚυλιομενηΤρια.sav,2019-03-04 00:00:00,2019.0,3.0,Q1,2019-Q1,auto_from_sav_date_column:Vdatesub,True,previous_vote_party,ΝΔ,Χρυσή Αυγή,1.9712,7,379,395,394.564,high,ok,True
SURVEY_07,ΚυλιομενηΤρια.sav,2019-03-04 00:00:00,2019.0,3.0,Q1,2019-Q1,auto_from_sav_date_column:Vdatesub,True,previous_vote_party,Ποτάμι,other_party,3.8235,2,50,57,52.3074,low,ok,True
SURVEY_07,ΚυλιομενηΤρια.sav,2019-03-04 00:00:00,2019.0,3.0,Q1,2019-Q1,auto_from_sav_date_column:Vdatesub,True,previous_vote_party,Ποτάμι,Ένωση Κεντρώων,1.9118,1,50,57,52.3074,low,ok,True
SURVEY_07,ΚυλιομενηΤρια.sav,2019-03-04 00:00:00,2019.0,3.0,Q1,2019-Q1,auto_from_sav_date_column:Vdatesub,True,previous_vote_party,Ποτάμι,ΝΔ,58.3659,29,50,57,52.3074,low,ok,True
SURVEY_07,ΚυλιομενηΤρια.sav,2019-03-04 00:00:00,2019.0,3.0,Q1,2019-Q1,auto_from_sav_date_column:Vdatesub,True,previous_vote_party,Ποτάμι,ΠΑΣΟΚ/ΚΙΝΑΛ,13.3824,7,50,57,52.3074,low,ok,True
SURVEY_07,ΚυλιομενηΤρια.sav,2019-03-04 00:00:00,2019.0,3.0,Q1,2019-Q1,auto_from_sav_date_column:Vdatesub,True,previous_vote_party,Ποτάμι,Ποτάμι,10.9965,5,50,57,52.3074,low,ok,True
SURVEY_07,ΚυλιομενηΤρια.sav,2019-03-04 00:00:00,2019.0,3.0,Q1,2019-Q1,auto_from_sav_date_column:Vdatesub,True,previous_vote_party,Ποτάμι,ΣΥΡΙΖΑ,9.608,5,50,57,52.3074,low,ok,True
SURVEY_07,ΚυλιομενηΤρια.sav,2019-03-04 00:00:00,2019.0,3.0,Q1,2019-Q1,auto_from_sav_date_column:Vdatesub,True,previous_vote_party,Ποτάμι,Χρυσή Αυγή,1.9118,1,50,57,52.3074,low,ok,True
SURVEY_07,ΚυλιομενηΤρια.sav,2019-03-04 00:00:00,2019.0,3.0,Q1,2019-Q1,auto_from_sav_date_column:Vdatesub,True,previous_vote_party,ΣΥΡΙΖΑ,other_party,3.255,14,446,499,465.5558,high,ok,True
SURVEY_07,ΚυλιομενηΤρια.sav,2019-03-04 00:00:00,2019.0,3.0,Q1,2019-Q1,auto_from_sav_date_column:Vdatesub,True,previous_vote_party,ΣΥΡΙΖΑ,Ένωση Κεντρώων,1.2943,6,446,499,465.5558,high,ok,True
SURVEY_07,ΚυλιομενηΤρια.sav,2019-03-04 00:00:00,2019.0,3.0,Q1,2019-Q1,auto_from_sav_date_column:Vdatesub,True,previous_vote_party,ΣΥΡΙΖΑ,ΑΝΕΛ,0.8592,4,446,499,465.5558,high,ok,True
SURVEY_07,ΚυλιομενηΤρια.sav,2019-03-04 00:00:00,2019.0,3.0,Q1,2019-Q1,auto_from_sav_date_column:Vdatesub,True,previous_vote_party,ΣΥΡΙΖΑ,Ελληνική Λύση,2.8731,13,446,499,465.5558,high,ok,True
SURVEY_07,ΚυλιομενηΤρια.sav,2019-03-04 00:00:00,2019.0,3.0,Q1,2019-Q1,auto_from_sav_date_column:Vdatesub,True,previous_vote_party,ΣΥΡΙΖΑ,ΚΚΕ,2.4491,11,446,499,465.5558,high,ok,True
SURVEY_07,ΚυλιομενηΤρια.sav,2019-03-04 00:00:00,2019.0,3.0,Q1,2019-Q1,auto_from_sav_date_column:Vdatesub,True,previous_vote_party,ΣΥΡΙΖΑ,ΜέΡΑ25,0.7266,3,446,499,465.5558,high,ok,True
SURVEY_07,ΚυλιομενηΤρια.sav,2019-03-04 00:00:00,2019.0,3.0,Q1,2019-Q1,auto_from_sav_date_column:Vdatesub,True,previous_vote_party,ΣΥΡΙΖΑ,ΝΔ,9.7991,44,446,499,465.5558,high,ok,True
SURVEY_07,ΚυλιομενηΤρια.sav,2019-03-04 00:00:00,2019.0,3.0,Q1,2019-Q1,auto_from_sav_date_column:Vdatesub,True,previous_vote_party,ΣΥΡΙΖΑ,ΠΑΣΟΚ/ΚΙΝΑΛ,3.0879,14,446,499,465.5558,high,ok,True
SURVEY_07,ΚυλιομενηΤρια.sav,2019-03-04 00:00:00,2019.0,3.0,Q1,2019-Q1,auto_from_sav_date_column:Vdatesub,True,previous_vote_party,ΣΥΡΙΖΑ,Πλεύση Ελευθερίας,1.0795,5,446,499,465.5558,high,ok,True
SURVEY_07,ΚυλιομενηΤρια.sav,2019-03-04 00:00:00,2019.0,3.0,Q1,2019-Q1,auto_from_sav_date_column:Vdatesub,True,previous_vote_party,ΣΥΡΙΖΑ,Ποτάμι,0.2148,1,446,499,465.5558,high,ok,True
SURVEY_07,ΚυλιομενηΤρια.sav,2019-03-04 00:00:00,2019.0,3.0,Q1,2019-Q1,auto_from_sav_date_column:Vdatesub,True,previous_vote_party,ΣΥΡΙΖΑ,ΣΥΡΙΖΑ,72.8579,324,446,499,465.5558,high,ok,True
SURVEY_07,ΚυλιομενηΤρια.sav,2019-03-04 00:00:00,2019.0,3.0,Q1,2019-Q1,auto_from_sav_date_column:Vdatesub,True,previous_vote_party,ΣΥΡΙΖΑ,Χρυσή Αυγή,1.5036,7,446,499,465.5558,high,ok,True
SURVEY_07,ΚυλιομενηΤρια.sav,2019-03-04 00:00:00,2019.0,3.0,Q1,2019-Q1,auto_from_sav_date_column:Vdatesub,True,previous_vote_party,Χρυσή Αυγή,other_party,5.2934,5,92,98,94.9426,low,ok,True
SURVEY_07,ΚυλιομενηΤρια.sav,2019-03-04 00:00:00,2019.0,3.0,Q1,2019-Q1,auto_from_sav_date_column:Vdatesub,True,previous_vote_party,Χρυσή Αυγή,Ένωση Κεντρώων,1.0533,1,92,98,94.9426,low,ok,True
SURVEY_07,ΚυλιομενηΤρια.sav,2019-03-04 00:00:00,2019.0,3.0,Q1,2019-Q1,auto_from_sav_date_column:Vdatesub,True,previous_vote_party,Χρυσή Αυγή,Ελληνική Λύση,3.1598,3,92,98,94.9426,low,ok,True
SURVEY_07,ΚυλιομενηΤρια.sav,2019-03-04 00:00:00,2019.0,3.0,Q1,2019-Q1,auto_from_sav_date_column:Vdatesub,True,previous_vote_party,Χρυσή Αυγή,ΝΔ,7.3868,7,92,98,94.9426,low,ok,True
SURVEY_07,ΚυλιομενηΤρια.sav,2019-03-04 00:00:00,2019.0,3.0,Q1,2019-Q1,auto_from_sav_date_column:Vdatesub,True,previous_vote_party,Χρυσή Αυγή,ΠΑΣΟΚ/ΚΙΝΑΛ,3.1598,3,92,98,94.9426,low,ok,True
SURVEY_07,ΚυλιομενηΤρια.sav,2019-03-04 00:00:00,2019.0,3.0,Q1,2019-Q1,auto_from_sav_date_column:Vdatesub,True,previous_vote_party,Χρυσή Αυγή,ΣΥΡΙΖΑ,4.2131,4,92,98,94.9426,low,ok,True
SURVEY_07,ΚυλιομενηΤρια.sav,2019-03-04 00:00:00,2019.0,3.0,Q1,2019-Q1,auto_from_sav_date_column:Vdatesub,True,previous_vote_party,Χρυσή Αυγή,Χρυσή Αυγή,75.7339,69,92,98,94.9426,low,ok,True
SURVEY_07,ΚυλιομενηΤρια.sav,2019-03-04 00:00:00,2019.0,3.0,Q1,2019-Q1,auto_from_sav_date_column:Vdatesub,True,region_group,00,ΣΥΡΙΖΑ,100.0,2,2,3,2.376,low,ok,False
SURVEY_07,ΚυλιομενηΤρια.sav,2019-03-04 00:00:00,2019.0,3.0,Q1,2019-Q1,auto_from_sav_date_column:Vdatesub,True,region_group,01,ΝΔ,73.3475,2,3,6,3.752,low,ok,False
SURVEY_07,ΚυλιομενηΤρια.sav,2019-03-04 00:00:00,2019.0,3.0,Q1,2019-Q1,auto_from_sav_date_column:Vdatesub,True,region_group,01,ΣΥΡΙΖΑ,26.6525,1,3,6,3.752,low,ok,False
SURVEY_07,ΚυλιομενηΤρια.sav,2019-03-04 00:00:00,2019.0,3.0,Q1,2019-Q1,auto_from_sav_date_column:Vdatesub,True,region_group,02,ΚΚΕ,11.9107,1,8,8,8.3958,low,ok,False
SURVEY_07,ΚυλιομενηΤρια.sav,2019-03-04 00:00:00,2019.0,3.0,Q1,2019-Q1,auto_from_sav_date_column:Vdatesub,True,region_group,02,ΝΔ,23.9,2,8,8,8.3958,low,ok,False
SURVEY_07,ΚυλιομενηΤρια.sav,2019-03-04 00:00:00,2019.0,3.0,Q1,2019-Q1,auto_from_sav_date_column:Vdatesub,True,region_group,02,ΣΥΡΙΖΑ,64.1892,5,8,8,8.3958,low,ok,False
SURVEY_07,ΚυλιομενηΤρια.sav,2019-03-04 00:00:00,2019.0,3.0,Q1,2019-Q1,auto_from_sav_date_column:Vdatesub,True,region_group,03,ΝΔ,39.8987,2,5,5,5.0771,low,ok,False
SURVEY_07,ΚυλιομενηΤρια.sav,2019-03-04 00:00:00,2019.0,3.0,Q1,2019-Q1,auto_from_sav_date_column:Vdatesub,True,region_group,03,ΣΥΡΙΖΑ,60.1013,3,5,5,5.0771,low,ok,False
SURVEY_07,ΚυλιομενηΤρια.sav,2019-03-04 00:00:00,2019.0,3.0,Q1,2019-Q1,auto_from_sav_date_column:Vdatesub,True,region_group,04,Ελληνική Λύση,23.9221,1,5,5,5.752,low,ok,False
SURVEY_07,ΚυλιομενηΤρια.sav,2019-03-04 00:00:00,2019.0,3.0,Q1,2019-Q1,auto_from_sav_date_column:Vdatesub,True,region_group,04,ΚΚΕ,17.3853,1,5,5,5.752,low,ok,False
SURVEY_07,ΚυλιομενηΤρια.sav,2019-03-04 00:00:00,2019.0,3.0,Q1,2019-Q1,auto_from_sav_date_column:Vdatesub,True,region_group,04,ΝΔ,23.9221,1,5,5,5.752,low,ok,False
SURVEY_07,ΚυλιομενηΤρια.sav,2019-03-04 00:00:00,2019.0,3.0,Q1,2019-Q1,auto_from_sav_date_column:Vdatesub,True,region_group,04,ΣΥΡΙΖΑ,17.3853,1,5,5,5.752,low,ok,False
SURVEY_07,ΚυλιομενηΤρια.sav,2019-03-04 00:00:00,2019.0,3.0,Q1,2019-Q1,auto_from_sav_date_column:Vdatesub,True,region_group,04,Χρυσή Αυγή,17.3853,1,5,5,5.752,low,ok,False
SURVEY_07,ΚυλιομενηΤρια.sav,2019-03-04 00:00:00,2019.0,3.0,Q1,2019-Q1,auto_from_sav_date_column:Vdatesub,True,region_group,05,Ελληνική Λύση,9.8888,2,19,22,20.2249,low,ok,False
SURVEY_07,ΚυλιομενηΤρια.sav,2019-03-04 00:00:00,2019.0,3.0,Q1,2019-Q1,auto_from_sav_date_column:Vdatesub,True,region_group,05,ΜέΡΑ25,6.8035,1,19,22,20.2249,low,ok,False
SURVEY_07,ΚυλιομενηΤρια.sav,2019-03-04 00:00:00,2019.0,3.0,Q1,2019-Q1,auto_from_sav_date_column:Vdatesub,True,region_group,05,ΝΔ,36.6296,7,19,22,20.2249,low,ok,False
SURVEY_07,ΚυλιομενηΤρια.sav,2019-03-04 00:00:00,2019.0,3.0,Q1,2019-Q1,auto_from_sav_date_column:Vdatesub,True,region_group,05,ΠΑΣΟΚ/ΚΙΝΑΛ,4.9444,1,19,22,20.2249,low,ok,False
SURVEY_07,ΚυλιομενηΤρια.sav,2019-03-04 00:00:00,2019.0,3.0,Q1,2019-Q1,auto_from_sav_date_column:Vdatesub,True,region_group,05,Ποτάμι,4.977,1,19,22,20.2249,low,ok,False
SURVEY_07,ΚυλιομενηΤρια.sav,2019-03-04 00:00:00,2019.0,3.0,Q1,2019-Q1,auto_from_sav_date_column:Vdatesub,True,region_group,05,ΣΥΡΙΖΑ,31.6852,6,19,22,20.2249,low,ok,False
SURVEY_07,ΚυλιομενηΤρια.sav,2019-03-04 00:00:00,2019.0,3.0,Q1,2019-Q1,auto_from_sav_date_column:Vdatesub,True,region_group,05,Χρυσή Αυγή,5.0715,1,19,22,20.2249,low,ok,False
SURVEY_07,ΚυλιομενηΤρια.sav,2019-03-04 00:00:00,2019.0,3.0,Q1,2019-Q1,auto_from_sav_date_column:Vdatesub,True,region_group,06,ΝΔ,100.0,2,2,3,2.0257,low,ok,False
SURVEY_07,ΚυλιομενηΤρια.sav,2019-03-04 00:00:00,2019.0,3.0,Q1,2019-Q1,auto_from_sav_date_column:Vdatesub,True,region_group,07,ΝΔ,31.3969,1,4,4,4.3826,low,ok,False
SURVEY_07,ΚυλιομενηΤρια.sav,2019-03-04 00:00:00,2019.0,3.0,Q1,2019-Q1,auto_from_sav_date_column:Vdatesub,True,region_group,07,ΠΑΣΟΚ/ΚΙΝΑΛ,45.635,2,4,4,4.3826,low,ok,False
SURVEY_07,ΚυλιομενηΤρια.sav,2019-03-04 00:00:00,2019.0,3.0,Q1,2019-Q1,auto_from_sav_date_column:Vdatesub,True,region_group,07,Χρυσή Αυγή,22.9681,1,4,4,4.3826,low,ok,False
SURVEY_07,ΚυλιομενηΤρια.sav,2019-03-04 00:00:00,2019.0,3.0,Q1,2019-Q1,auto_from_sav_date_column:Vdatesub,True,region_group,08,ΠΑΣΟΚ/ΚΙΝΑΛ,100.0,1,1,2,1.0,low,ok,False
SURVEY_07,ΚυλιομενηΤρια.sav,2019-03-04 00:00:00,2019.0,3.0,Q1,2019-Q1,auto_from_sav_date_column:Vdatesub,True,region_group,09,ΣΥΡΙΖΑ,33.3333,1,3,3,3.0,low,ok,False
SURVEY_07,ΚυλιομενηΤρια.sav,2019-03-04 00:00:00,2019.0,3.0,Q1,2019-Q1,auto_from_sav_date_column:Vdatesub,True,region_group,09,Χρυσή Αυγή,66.6667,2,3,3,3.0,low,ok,False
SURVEY_07,ΚυλιομενηΤρια.sav,2019-03-04 00:00:00,2019.0,3.0,Q1,2019-Q1,auto_from_sav_date_column:Vdatesub,True,region_group,11,Ελληνική Λύση,6.9249,1,14,17,14.4406,low,ok,False
SURVEY_07,ΚυλιομενηΤρια.sav,2019-03-04 00:00:00,2019.0,3.0,Q1,2019-Q1,auto_from_sav_date_column:Vdatesub,True,region_group,11,ΝΔ,58.0944,8,14,17,14.4406,low,ok,False
SURVEY_07,ΚυλιομενηΤρια.sav,2019-03-04 00:00:00,2019.0,3.0,Q1,2019-Q1,auto_from_sav_date_column:Vdatesub,True,region_group,11,ΠΑΣΟΚ/ΚΙΝΑΛ,7.103,1,14,17,14.4406,low,ok,False
SURVEY_07,ΚυλιομενηΤρια.sav,2019-03-04 00:00:00,2019.0,3.0,Q1,2019-Q1,auto_from_sav_date_column:Vdatesub,True,region_group,11,ΣΥΡΙΖΑ,27.8777,4,14,17,14.4406,low,ok,False
SURVEY_07,ΚυλιομενηΤρια.sav,2019-03-04 00:00:00,2019.0,3.0,Q1,2019-Q1,auto_from_sav_date_column:Vdatesub,True,region_group,12,Ελληνική Λύση,33.05,1,3,4,3.0257,low,ok,False
SURVEY_07,ΚυλιομενηΤρια.sav,2019-03-04 00:00:00,2019.0,3.0,Q1,2019-Q1,auto_from_sav_date_column:Vdatesub,True,region_group,12,ΝΔ,33.8999,1,3,4,3.0257,low,ok,False
SURVEY_07,ΚυλιομενηΤρια.sav,2019-03-04 00:00:00,2019.0,3.0,Q1,2019-Q1,auto_from_sav_date_column:Vdatesub,True,region_group,12,ΣΥΡΙΖΑ,33.05,1,3,4,3.0257,low,ok,False
SURVEY_07,ΚυλιομενηΤρια.sav,2019-03-04 00:00:00,2019.0,3.0,Q1,2019-Q1,auto_from_sav_date_column:Vdatesub,True,region_group,13,other_party,6.9234,16,243,287,253.3848,medium,ok,True
SURVEY_07,ΚυλιομενηΤρια.sav,2019-03-04 00:00:00,2019.0,3.0,Q1,2019-Q1,auto_from_sav_date_column:Vdatesub,True,region_group,13,Ένωση Κεντρώων,2.3807,6,243,287,253.3848,medium,ok,True
SURVEY_07,ΚυλιομενηΤρια.sav,2019-03-04 00:00:00,2019.0,3.0,Q1,2019-Q1,auto_from_sav_date_column:Vdatesub,True,region_group,13,ΑΝΕΛ,1.1941,3,243,287,253.3848,medium,ok,True
SURVEY_07,ΚυλιομενηΤρια.sav,2019-03-04 00:00:00,2019.0,3.0,Q1,2019-Q1,auto_from_sav_date_column:Vdatesub,True,region_group,13,Ελληνική Λύση,4.095,10,243,287,253.3848,medium,ok,True
SURVEY_07,ΚυλιομενηΤρια.sav,2019-03-04 00:00:00,2019.0,3.0,Q1,2019-Q1,auto_from_sav_date_column:Vdatesub,True,region_group,13,ΚΚΕ,4.1002,10,243,287,253.3848,medium,ok,True
SURVEY_07,ΚυλιομενηΤρια.sav,2019-03-04 00:00:00,2019.0,3.0,Q1,2019-Q1,auto_from_sav_date_column:Vdatesub,True,region_group,13,ΜέΡΑ25,1.335,3,243,287,253.3848,medium,ok,True
SURVEY_07,ΚυλιομενηΤρια.sav,2019-03-04 00:00:00,2019.0,3.0,Q1,2019-Q1,auto_from_sav_date_column:Vdatesub,True,region_group,13,ΝΔ,35.3705,86,243,287,253.3848,medium,ok,True
SURVEY_07,ΚυλιομενηΤρια.sav,2019-03-04 00:00:00,2019.0,3.0,Q1,2019-Q1,auto_from_sav_date_column:Vdatesub,True,region_group,13,ΠΑΣΟΚ/ΚΙΝΑΛ,6.3145,16,243,287,253.3848,medium,ok,True
SURVEY_07,ΚυλιομενηΤρια.sav,2019-03-04 00:00:00,2019.0,3.0,Q1,2019-Q1,auto_from_sav_date_column:Vdatesub,True,region_group,13,Πλεύση Ελευθερίας,1.5786,4,243,287,253.3848,medium,ok,True
SURVEY_07,ΚυλιομενηΤρια.sav,2019-03-04 00:00:00,2019.0,3.0,Q1,2019-Q1,auto_from_sav_date_column:Vdatesub,True,region_group,13,Ποτάμι,0.9377,2,243,287,253.3848,medium,ok,True
SURVEY_07,ΚυλιομενηΤρια.sav,2019-03-04 00:00:00,2019.0,3.0,Q1,2019-Q1,auto_from_sav_date_column:Vdatesub,True,region_group,13,ΣΥΡΙΖΑ,26.6576,64,243,287,253.3848,medium,ok,True
SURVEY_07,ΚυλιομενηΤρια.sav,2019-03-04 00:00:00,2019.0,3.0,Q1,2019-Q1,auto_from_sav_date_column:Vdatesub,True,region_group,13,Χρυσή Αυγή,9.1128,23,243,287,253.3848,medium,ok,True
SURVEY_07,ΚυλιομενηΤρια.sav,2019-03-04 00:00:00,2019.0,3.0,Q1,2019-Q1,auto_from_sav_date_column:Vdatesub,True,region_group,14,other_party,11.0664,1,12,14,12.434,low,ok,False
SURVEY_07,ΚυλιομενηΤρια.sav,2019-03-04 00:00:00,2019.0,3.0,Q1,2019-Q1,auto_from_sav_date_column:Vdatesub,True,region_group,14,ΝΔ,40.419,5,12,14,12.434,low,ok,False
SURVEY_07,ΚυλιομενηΤρια.sav,2019-03-04 00:00:00,2019.0,3.0,Q1,2019-Q1,auto_from_sav_date_column:Vdatesub,True,region_group,14,ΣΥΡΙΖΑ,24.1273,3,12,14,12.434,low,ok,False
SURVEY_07,ΚυλιομενηΤρια.sav,2019-03-04 00:00:00,2019.0,3.0,Q1,2019-Q1,auto_from_sav_date_column:Vdatesub,True,region_group,14,Χρυσή Αυγή,24.3872,3,12,14,12.434,low,ok,False
SURVEY_07,ΚυλιομενηΤρια.sav,2019-03-04 00:00:00,2019.0,3.0,Q1,2019-Q1,auto_from_sav_date_column:Vdatesub,True,region_group,15,ΣΥΡΙΖΑ,100.0,1,1,1,1.0,low,ok,False
SURVEY_07,ΚυλιομενηΤρια.sav,2019-03-04 00:00:00,2019.0,3.0,Q1,2019-Q1,auto_from_sav_date_column:Vdatesub,True,region_group,16,other_party,31.2416,2,6,6,6.4017,low,ok,False
SURVEY_07,ΚυλιομενηΤρια.sav,2019-03-04 00:00:00,2019.0,3.0,Q1,2019-Q1,auto_from_sav_date_column:Vdatesub,True,region_group,16,ΝΔ,15.6208,1,6,6,6.4017,low,ok,False
SURVEY_07,ΚυλιομενηΤρια.sav,2019-03-04 00:00:00,2019.0,3.0,Q1,2019-Q1,auto_from_sav_date_column:Vdatesub,True,region_group,16,ΠΑΣΟΚ/ΚΙΝΑΛ,15.6208,1,6,6,6.4017,low,ok,False
SURVEY_07,ΚυλιομενηΤρια.sav,2019-03-04 00:00:00,2019.0,3.0,Q1,2019-Q1,auto_from_sav_date_column:Vdatesub,True,region_group,16,ΣΥΡΙΖΑ,21.4942,1,6,6,6.4017,low,ok,False
SURVEY_07,ΚυλιομενηΤρια.sav,2019-03-04 00:00:00,2019.0,3.0,Q1,2019-Q1,auto_from_sav_date_column:Vdatesub,True,region_group,16,Χρυσή Αυγή,16.0225,1,6,6,6.4017,low,ok,False
SURVEY_07,ΚυλιομενηΤρια.sav,2019-03-04 00:00:00,2019.0,3.0,Q1,2019-Q1,auto_from_sav_date_column:Vdatesub,True,region_group,17,other_party,17.0087,2,11,11,11.7975,low,ok,False
SURVEY_07,ΚυλιομενηΤρια.sav,2019-03-04 00:00:00,2019.0,3.0,Q1,2019-Q1,auto_from_sav_date_column:Vdatesub,True,region_group,17,ΝΔ,42.6557,5,11,11,11.7975,low,ok,False
SURVEY_07,ΚυλιομενηΤρια.sav,2019-03-04 00:00:00,2019.0,3.0,Q1,2019-Q1,auto_from_sav_date_column:Vdatesub,True,region_group,17,ΠΑΣΟΚ/ΚΙΝΑΛ,8.4764,1,11,11,11.7975,low,ok,False
SURVEY_07,ΚυλιομενηΤρια.sav,2019-03-04 00:00:00,2019.0,3.0,Q1,2019-Q1,auto_from_sav_date_column:Vdatesub,True,region_group,17,Ποτάμι,11.6635,1,11,11,11.7975,low,ok,False
SURVEY_07,ΚυλιομενηΤρια.sav,2019-03-04 00:00:00,2019.0,3.0,Q1,2019-Q1,auto_from_sav_date_column:Vdatesub,True,region_group,17,ΣΥΡΙΖΑ,20.1958,2,11,11,11.7975,low,ok,False
SURVEY_07,ΚυλιομενηΤρια.sav,2019-03-04 00:00:00,2019.0,3.0,Q1,2019-Q1,auto_from_sav_date_column:Vdatesub,True,region_group,18,ΠΑΣΟΚ/ΚΙΝΑΛ,100.0,2,2,2,2.0,low,ok,False
SURVEY_07,ΚυλιομενηΤρια.sav,2019-03-04 00:00:00,2019.0,3.0,Q1,2019-Q1,auto_from_sav_date_column:Vdatesub,True,region_group,19,ΑΝΕΛ,14.0162,1,6,6,7.1346,low,ok,False
SURVEY_07,ΚυλιομενηΤρια.sav,2019-03-04 00:00:00,2019.0,3.0,Q1,2019-Q1,auto_from_sav_date_column:Vdatesub,True,region_group,19,ΝΔ,33.3025,2,6,6,7.1346,low,ok,False
SURVEY_07,ΚυλιομενηΤρια.sav,2019-03-04 00:00:00,2019.0,3.0,Q1,2019-Q1,auto_from_sav_date_column:Vdatesub,True,region_group,19,ΣΥΡΙΖΑ,19.2863,1,6,6,7.1346,low,ok,False
SURVEY_07,ΚυλιομενηΤρια.sav,2019-03-04 00:00:00,2019.0,3.0,Q1,2019-Q1,auto_from_sav_date_column:Vdatesub,True,region_group,19,Χρυσή Αυγή,33.395,2,6,6,7.1346,low,ok,False
SURVEY_07,ΚυλιομενηΤρια.sav,2019-03-04 00:00:00,2019.0,3.0,Q1,2019-Q1,auto_from_sav_date_column:Vdatesub,True,region_group,20,ΝΔ,100.0,1,1,1,1.0,low,ok,False
SURVEY_07,ΚυλιομενηΤρια.sav,2019-03-04 00:00:00,2019.0,3.0,Q1,2019-Q1,auto_from_sav_date_column:Vdatesub,True,region_group,21,other_party,11.8841,2,17,18,17.0455,low,ok,False
SURVEY_07,ΚυλιομενηΤρια.sav,2019-03-04 00:00:00,2019.0,3.0,Q1,2019-Q1,auto_from_sav_date_column:Vdatesub,True,region_group,21,ΜέΡΑ25,5.9054,1,17,18,17.0455,low,ok,False
SURVEY_07,ΚυλιομενηΤρια.sav,2019-03-04 00:00:00,2019.0,3.0,Q1,2019-Q1,auto_from_sav_date_column:Vdatesub,True,region_group,21,ΝΔ,17.5999,3,17,18,17.0455,low,ok,False
SURVEY_07,ΚυλιομενηΤρια.sav,2019-03-04 00:00:00,2019.0,3.0,Q1,2019-Q1,auto_from_sav_date_column:Vdatesub,True,region_group,21,ΠΑΣΟΚ/ΚΙΝΑΛ,5.8666,1,17,18,17.0455,low,ok,False
SURVEY_07,ΚυλιομενηΤρια.sav,2019-03-04 00:00:00,2019.0,3.0,Q1,2019-Q1,auto_from_sav_date_column:Vdatesub,True,region_group,21,ΣΥΡΙΖΑ,46.9719,8,17,18,17.0455,low,ok,False
SURVEY_07,ΚυλιομενηΤρια.sav,2019-03-04 00:00:00,2019.0,3.0,Q1,2019-Q1,auto_from_sav_date_column:Vdatesub,True,region_group,21,Χρυσή Αυγή,11.772,2,17,18,17.0455,low,ok,False
SURVEY_07,ΚυλιομενηΤρια.sav,2019-03-04 00:00:00,2019.0,3.0,Q1,2019-Q1,auto_from_sav_date_column:Vdatesub,True,region_group,22,other_party,17.7352,1,7,9,7.7586,low,ok,False
SURVEY_07,ΚυλιομενηΤρια.sav,2019-03-04 00:00:00,2019.0,3.0,Q1,2019-Q1,auto_from_sav_date_column:Vdatesub,True,region_group,22,ΝΔ,12.8889,1,7,9,7.7586,low,ok,False
SURVEY_07,ΚυλιομενηΤρια.sav,2019-03-04 00:00:00,2019.0,3.0,Q1,2019-Q1,auto_from_sav_date_column:Vdatesub,True,region_group,22,ΠΑΣΟΚ/ΚΙΝΑΛ,12.8889,1,7,9,7.7586,low,ok,False
SURVEY_07,ΚυλιομενηΤρια.sav,2019-03-04 00:00:00,2019.0,3.0,Q1,2019-Q1,auto_from_sav_date_column:Vdatesub,True,region_group,22,ΣΥΡΙΖΑ,56.487,4,7,9,7.7586,low,ok,False
SURVEY_07,ΚυλιομενηΤρια.sav,2019-03-04 00:00:00,2019.0,3.0,Q1,2019-Q1,auto_from_sav_date_column:Vdatesub,True,region_group,23,ΝΔ,100.0,1,1,1,1.0257,low,ok,False
SURVEY_07,ΚυλιομενηΤρια.sav,2019-03-04 00:00:00,2019.0,3.0,Q1,2019-Q1,auto_from_sav_date_column:Vdatesub,True,region_group,24,ΚΚΕ,10.6289,1,9,12,9.4083,low,ok,False
SURVEY_07,ΚυλιομενηΤρια.sav,2019-03-04 00:00:00,2019.0,3.0,Q1,2019-Q1,auto_from_sav_date_column:Vdatesub,True,region_group,24,ΝΔ,42.7889,4,9,12,9.4083,low,ok,False
SURVEY_07,ΚυλιομενηΤρια.sav,2019-03-04 00:00:00,2019.0,3.0,Q1,2019-Q1,auto_from_sav_date_column:Vdatesub,True,region_group,24,ΠΑΣΟΚ/ΚΙΝΑΛ,10.6289,1,9,12,9.4083,low,ok,False
SURVEY_07,ΚυλιομενηΤρια.sav,2019-03-04 00:00:00,2019.0,3.0,Q1,2019-Q1,auto_from_sav_date_column:Vdatesub,True,region_group,24,ΣΥΡΙΖΑ,25.2543,2,9,12,9.4083,low,ok,False
SURVEY_07,ΚυλιομενηΤρια.sav,2019-03-04 00:00:00,2019.0,3.0,Q1,2019-Q1,auto_from_sav_date_column:Vdatesub,True,region_group,24,Χρυσή Αυγή,10.6991,1,9,12,9.4083,low,ok,False
SURVEY_07,ΚυλιομενηΤρια.sav,2019-03-04 00:00:00,2019.0,3.0,Q1,2019-Q1,auto_from_sav_date_column:Vdatesub,True,region_group,25,ΝΔ,57.1429,4,7,8,7.0,low,ok,False
SURVEY_07,ΚυλιομενηΤρια.sav,2019-03-04 00:00:00,2019.0,3.0,Q1,2019-Q1,auto_from_sav_date_column:Vdatesub,True,region_group,25,ΠΑΣΟΚ/ΚΙΝΑΛ,14.2857,1,7,8,7.0,low,ok,False
SURVEY_07,ΚυλιομενηΤρια.sav,2019-03-04 00:00:00,2019.0,3.0,Q1,2019-Q1,auto_from_sav_date_column:Vdatesub,True,region_group,25,ΣΥΡΙΖΑ,14.2857,1,7,8,7.0,low,ok,False
SURVEY_07,ΚυλιομενηΤρια.sav,2019-03-04 00:00:00,2019.0,3.0,Q1,2019-Q1,auto_from_sav_date_column:Vdatesub,True,region_group,25,Χρυσή Αυγή,14.2857,1,7,8,7.0,low,ok,False
SURVEY_07,ΚυλιομενηΤρια.sav,2019-03-04 00:00:00,2019.0,3.0,Q1,2019-Q1,auto_from_sav_date_column:Vdatesub,True,region_group,26,ΚΚΕ,100.0,1,1,1,1.0,low,ok,False
SURVEY_07,ΚυλιομενηΤρια.sav,2019-03-04 00:00:00,2019.0,3.0,Q1,2019-Q1,auto_from_sav_date_column:Vdatesub,True,region_group,27,ΝΔ,100.0,2,2,3,2.0257,low,ok,False
SURVEY_07,ΚυλιομενηΤρια.sav,2019-03-04 00:00:00,2019.0,3.0,Q1,2019-Q1,auto_from_sav_date_column:Vdatesub,True,region_group,28,ΝΔ,60.2047,3,5,5,5.0257,low,ok,False
SURVEY_07,ΚυλιομενηΤρια.sav,2019-03-04 00:00:00,2019.0,3.0,Q1,2019-Q1,auto_from_sav_date_column:Vdatesub,True,region_group,28,ΣΥΡΙΖΑ,19.8977,1,5,5,5.0257,low,ok,False
SURVEY_07,ΚυλιομενηΤρια.sav,2019-03-04 00:00:00,2019.0,3.0,Q1,2019-Q1,auto_from_sav_date_column:Vdatesub,True,region_group,28,Χρυσή Αυγή,19.8977,1,5,5,5.0257,low,ok,False
SURVEY_07,ΚυλιομενηΤρια.sav,2019-03-04 00:00:00,2019.0,3.0,Q1,2019-Q1,auto_from_sav_date_column:Vdatesub,True,region_group,31,Ελληνική Λύση,16.5955,1,6,8,6.0257,low,ok,False
SURVEY_07,ΚυλιομενηΤρια.sav,2019-03-04 00:00:00,2019.0,3.0,Q1,2019-Q1,auto_from_sav_date_column:Vdatesub,True,region_group,31,ΝΔ,17.0223,1,6,8,6.0257,low,ok,False
SURVEY_07,ΚυλιομενηΤρια.sav,2019-03-04 00:00:00,2019.0,3.0,Q1,2019-Q1,auto_from_sav_date_column:Vdatesub,True,region_group,31,ΣΥΡΙΖΑ,49.7866,3,6,8,6.0257,low,ok,False
SURVEY_07,ΚυλιομενηΤρια.sav,2019-03-04 00:00:00,2019.0,3.0,Q1,2019-Q1,auto_from_sav_date_column:Vdatesub,True,region_group,31,Χρυσή Αυγή,16.5955,1,6,8,6.0257,low,ok,False
SURVEY_07,ΚυλιομενηΤρια.sav,2019-03-04 00:00:00,2019.0,3.0,Q1,2019-Q1,auto_from_sav_date_column:Vdatesub,True,region_group,32,ΣΥΡΙΖΑ,100.0,1,1,1,1.0,low,ok,False
SURVEY_07,ΚυλιομενηΤρια.sav,2019-03-04 00:00:00,2019.0,3.0,Q1,2019-Q1,auto_from_sav_date_column:Vdatesub,True,region_group,33,Χρυσή Αυγή,100.0,1,1,1,1.0,low,ok,False
SURVEY_07,ΚυλιομενηΤρια.sav,2019-03-04 00:00:00,2019.0,3.0,Q1,2019-Q1,auto_from_sav_date_column:Vdatesub,True,region_group,34,other_party,21.2147,2,9,12,9.4274,low,ok,False
SURVEY_07,ΚυλιομενηΤρια.sav,2019-03-04 00:00:00,2019.0,3.0,Q1,2019-Q1,auto_from_sav_date_column:Vdatesub,True,region_group,34,ΝΔ,53.5823,5,9,12,9.4274,low,ok,False
SURVEY_07,ΚυλιομενηΤρια.sav,2019-03-04 00:00:00,2019.0,3.0,Q1,2019-Q1,auto_from_sav_date_column:Vdatesub,True,region_group,34,ΣΥΡΙΖΑ,14.5957,1,9,12,9.4274,low,ok,False
SURVEY_07,ΚυλιομενηΤρια.sav,2019-03-04 00:00:00,2019.0,3.0,Q1,2019-Q1,auto_from_sav_date_column:Vdatesub,True,region_group,34,Χρυσή Αυγή,10.6073,1,9,12,9.4274,low,ok,False
SURVEY_07,ΚυλιομενηΤρια.sav,2019-03-04 00:00:00,2019.0,3.0,Q1,2019-Q1,auto_from_sav_date_column:Vdatesub,True,region_group,35,other_party,5.188,46,892,1042,925.0197,high,ok,True
SURVEY_07,ΚυλιομενηΤρια.sav,2019-03-04 00:00:00,2019.0,3.0,Q1,2019-Q1,auto_from_sav_date_column:Vdatesub,True,region_group,35,Ένωση Κεντρώων,1.3386,12,892,1042,925.0197,high,ok,True
SURVEY_07,ΚυλιομενηΤρια.sav,2019-03-04 00:00:00,2019.0,3.0,Q1,2019-Q1,auto_from_sav_date_column:Vdatesub,True,region_group,35,ΑΝΕΛ,0.4324,4,892,1042,925.0197,high,ok,True
SURVEY_07,ΚυλιομενηΤρια.sav,2019-03-04 00:00:00,2019.0,3.0,Q1,2019-Q1,auto_from_sav_date_column:Vdatesub,True,region_group,35,Ελληνική Λύση,2.9238,27,892,1042,925.0197,high,ok,True
SURVEY_07,ΚυλιομενηΤρια.sav,2019-03-04 00:00:00,2019.0,3.0,Q1,2019-Q1,auto_from_sav_date_column:Vdatesub,True,region_group,35,ΚΚΕ,5.3215,48,892,1042,925.0197,high,ok,True
SURVEY_07,ΚυλιομενηΤρια.sav,2019-03-04 00:00:00,2019.0,3.0,Q1,2019-Q1,auto_from_sav_date_column:Vdatesub,True,region_group,35,ΜέΡΑ25,0.3243,3,892,1042,925.0197,high,ok,True
SURVEY_07,ΚυλιομενηΤρια.sav,2019-03-04 00:00:00,2019.0,3.0,Q1,2019-Q1,auto_from_sav_date_column:Vdatesub,True,region_group,35,ΝΔ,34.5316,307,892,1042,925.0197,high,ok,True
SURVEY_07,ΚυλιομενηΤρια.sav,2019-03-04 00:00:00,2019.0,3.0,Q1,2019-Q1,auto_from_sav_date_column:Vdatesub,True,region_group,35,ΠΑΣΟΚ/ΚΙΝΑΛ,6.3531,56,892,1042,925.0197,high,ok,True
SURVEY_07,ΚυλιομενηΤρια.sav,2019-03-04 00:00:00,2019.0,3.0,Q1,2019-Q1,auto_from_sav_date_column:Vdatesub,True,region_group,35,Πλεύση Ελευθερίας,0.6486,6,892,1042,925.0197,high,ok,True
SURVEY_07,ΚυλιομενηΤρια.sav,2019-03-04 00:00:00,2019.0,3.0,Q1,2019-Q1,auto_from_sav_date_column:Vdatesub,True,region_group,35,Ποτάμι,0.7995,7,892,1042,925.0197,high,ok,True
SURVEY_07,ΚυλιομενηΤρια.sav,2019-03-04 00:00:00,2019.0,3.0,Q1,2019-Q1,auto_from_sav_date_column:Vdatesub,True,region_group,35,ΣΥΡΙΖΑ,35.0518,314,892,1042,925.0197,high,ok,True
SURVEY_07,ΚυλιομενηΤρια.sav,2019-03-04 00:00:00,2019.0,3.0,Q1,2019-Q1,auto_from_sav_date_column:Vdatesub,True,region_group,35,Χρυσή Αυγή,7.0866,62,892,1042,925.0197,high,ok,True
SURVEY_07,ΚυλιομενηΤρια.sav,2019-03-04 00:00:00,2019.0,3.0,Q1,2019-Q1,auto_from_sav_date_column:Vdatesub,True,region_group,36,Πλεύση Ελευθερίας,100.0,1,1,2,1.0,low,ok,False
SURVEY_07,ΚυλιομενηΤρια.sav,2019-03-04 00:00:00,2019.0,3.0,Q1,2019-Q1,auto_from_sav_date_column:Vdatesub,True,region_group,37,other_party,20.0,1,5,5,5.0,low,ok,False
SURVEY_07,ΚυλιομενηΤρια.sav,2019-03-04 00:00:00,2019.0,3.0,Q1,2019-Q1,auto_from_sav_date_column:Vdatesub,True,region_group,37,ΝΔ,40.0,2,5,5,5.0,low,ok,False
SURVEY_07,ΚυλιομενηΤρια.sav,2019-03-04 00:00:00,2019.0,3.0,Q1,2019-Q1,auto_from_sav_date_column:Vdatesub,True,region_group,37,Χρυσή Αυγή,40.0,2,5,5,5.0,low,ok,False
SURVEY_07,ΚυλιομενηΤρια.sav,2019-03-04 00:00:00,2019.0,3.0,Q1,2019-Q1,auto_from_sav_date_column:Vdatesub,True,region_group,38,other_party,10.2693,4,37,40,38.9512,low,ok,True
SURVEY_07,ΚυλιομενηΤρια.sav,2019-03-04 00:00:00,2019.0,3.0,Q1,2019-Q1,auto_from_sav_date_column:Vdatesub,True,region_group,38,Ελληνική Λύση,2.5673,1,37,40,38.9512,low,ok,True
SURVEY_07,ΚυλιομενηΤρια.sav,2019-03-04 00:00:00,2019.0,3.0,Q1,2019-Q1,auto_from_sav_date_column:Vdatesub,True,region_group,38,ΝΔ,34.3573,13,37,40,38.9512,low,ok,True
SURVEY_07,ΚυλιομενηΤρια.sav,2019-03-04 00:00:00,2019.0,3.0,Q1,2019-Q1,auto_from_sav_date_column:Vdatesub,True,region_group,38,ΣΥΡΙΖΑ,50.2388,18,37,40,38.9512,low,ok,True
SURVEY_07,ΚυλιομενηΤρια.sav,2019-03-04 00:00:00,2019.0,3.0,Q1,2019-Q1,auto_from_sav_date_column:Vdatesub,True,region_group,38,Χρυσή Αυγή,2.5673,1,37,40,38.9512,low,ok,True
SURVEY_07,ΚυλιομενηΤρια.sav,2019-03-04 00:00:00,2019.0,3.0,Q1,2019-Q1,auto_from_sav_date_column:Vdatesub,True,region_group,39,other_party,9.245,1,10,10,10.8166,low,ok,False
SURVEY_07,ΚυλιομενηΤρια.sav,2019-03-04 00:00:00,2019.0,3.0,Q1,2019-Q1,auto_from_sav_date_column:Vdatesub,True,region_group,39,ΚΚΕ,21.9662,2,10,10,10.8166,low,ok,False
SURVEY_07,ΚυλιομενηΤρια.sav,2019-03-04 00:00:00,2019.0,3.0,Q1,2019-Q1,auto_from_sav_date_column:Vdatesub,True,region_group,39,ΝΔ,37.2788,4,10,10,10.8166,low,ok,False
SURVEY_07,ΚυλιομενηΤρια.sav,2019-03-04 00:00:00,2019.0,3.0,Q1,2019-Q1,auto_from_sav_date_column:Vdatesub,True,region_group,39,ΣΥΡΙΖΑ,22.2039,2,10,10,10.8166,low,ok,False
SURVEY_07,ΚυλιομενηΤρια.sav,2019-03-04 00:00:00,2019.0,3.0,Q1,2019-Q1,auto_from_sav_date_column:Vdatesub,True,region_group,39,Χρυσή Αυγή,9.306,1,10,10,10.8166,low,ok,False
SURVEY_07,ΚυλιομενηΤρια.sav,2019-03-04 00:00:00,2019.0,3.0,Q1,2019-Q1,auto_from_sav_date_column:Vdatesub,True,region_group,40,Ένωση Κεντρώων,14.2857,1,7,7,7.0,low,ok,False
SURVEY_07,ΚυλιομενηΤρια.sav,2019-03-04 00:00:00,2019.0,3.0,Q1,2019-Q1,auto_from_sav_date_column:Vdatesub,True,region_group,40,ΝΔ,14.2857,1,7,7,7.0,low,ok,False
SURVEY_07,ΚυλιομενηΤρια.sav,2019-03-04 00:00:00,2019.0,3.0,Q1,2019-Q1,auto_from_sav_date_column:Vdatesub,True,region_group,40,ΣΥΡΙΖΑ,71.4286,5,7,7,7.0,low,ok,False
SURVEY_07,ΚυλιομενηΤρια.sav,2019-03-04 00:00:00,2019.0,3.0,Q1,2019-Q1,auto_from_sav_date_column:Vdatesub,True,region_group,41,Ένωση Κεντρώων,40.7583,1,3,4,3.376,low,ok,False
SURVEY_07,ΚυλιομενηΤρια.sav,2019-03-04 00:00:00,2019.0,3.0,Q1,2019-Q1,auto_from_sav_date_column:Vdatesub,True,region_group,41,ΝΔ,29.6209,1,3,4,3.376,low,ok,False
SURVEY_07,ΚυλιομενηΤρια.sav,2019-03-04 00:00:00,2019.0,3.0,Q1,2019-Q1,auto_from_sav_date_column:Vdatesub,True,region_group,41,ΣΥΡΙΖΑ,29.6209,1,3,4,3.376,low,ok,False
SURVEY_07,ΚυλιομενηΤρια.sav,2019-03-04 00:00:00,2019.0,3.0,Q1,2019-Q1,auto_from_sav_date_column:Vdatesub,True,region_group,42,ΝΔ,25.0,1,4,4,4.0,low,ok,False
SURVEY_07,ΚυλιομενηΤρια.sav,2019-03-04 00:00:00,2019.0,3.0,Q1,2019-Q1,auto_from_sav_date_column:Vdatesub,True,region_group,42,ΣΥΡΙΖΑ,75.0,3,4,4,4.0,low,ok,False
SURVEY_07,ΚυλιομενηΤρια.sav,2019-03-04 00:00:00,2019.0,3.0,Q1,2019-Q1,auto_from_sav_date_column:Vdatesub,True,region_group,43,ΝΔ,40.0,2,5,7,5.0,low,ok,False
SURVEY_07,ΚυλιομενηΤρια.sav,2019-03-04 00:00:00,2019.0,3.0,Q1,2019-Q1,auto_from_sav_date_column:Vdatesub,True,region_group,43,ΠΑΣΟΚ/ΚΙΝΑΛ,20.0,1,5,7,5.0,low,ok,False
SURVEY_07,ΚυλιομενηΤρια.sav,2019-03-04 00:00:00,2019.0,3.0,Q1,2019-Q1,auto_from_sav_date_column:Vdatesub,True,region_group,43,ΣΥΡΙΖΑ,40.0,2,5,7,5.0,low,ok,False
SURVEY_07,ΚυλιομενηΤρια.sav,2019-03-04 00:00:00,2019.0,3.0,Q1,2019-Q1,auto_from_sav_date_column:Vdatesub,True,region_group,44,other_party,16.6301,1,6,6,6.0132,low,ok,False
SURVEY_07,ΚυλιομενηΤρια.sav,2019-03-04 00:00:00,2019.0,3.0,Q1,2019-Q1,auto_from_sav_date_column:Vdatesub,True,region_group,44,Ένωση Κεντρώων,16.6301,1,6,6,6.0132,low,ok,False
SURVEY_07,ΚυλιομενηΤρια.sav,2019-03-04 00:00:00,2019.0,3.0,Q1,2019-Q1,auto_from_sav_date_column:Vdatesub,True,region_group,44,ΝΔ,33.3699,2,6,6,6.0132,low,ok,False
SURVEY_07,ΚυλιομενηΤρια.sav,2019-03-04 00:00:00,2019.0,3.0,Q1,2019-Q1,auto_from_sav_date_column:Vdatesub,True,region_group,44,ΣΥΡΙΖΑ,33.3699,2,6,6,6.0132,low,ok,False
SURVEY_07,ΚυλιομενηΤρια.sav,2019-03-04 00:00:00,2019.0,3.0,Q1,2019-Q1,auto_from_sav_date_column:Vdatesub,True,region_group,45,ΑΝΕΛ,2.9554,1,33,41,33.8364,low,ok,True
SURVEY_07,ΚυλιομενηΤρια.sav,2019-03-04 00:00:00,2019.0,3.0,Q1,2019-Q1,auto_from_sav_date_column:Vdatesub,True,region_group,45,Ελληνική Λύση,2.9554,1,33,41,33.8364,low,ok,True
SURVEY_07,ΚυλιομενηΤρια.sav,2019-03-04 00:00:00,2019.0,3.0,Q1,2019-Q1,auto_from_sav_date_column:Vdatesub,True,region_group,45,ΚΚΕ,5.9108,2,33,41,33.8364,low,ok,True
SURVEY_07,ΚυλιομενηΤρια.sav,2019-03-04 00:00:00,2019.0,3.0,Q1,2019-Q1,auto_from_sav_date_column:Vdatesub,True,region_group,45,ΜέΡΑ25,2.9749,1,33,41,33.8364,low,ok,True
SURVEY_07,ΚυλιομενηΤρια.sav,2019-03-04 00:00:00,2019.0,3.0,Q1,2019-Q1,auto_from_sav_date_column:Vdatesub,True,region_group,45,ΝΔ,39.6269,13,33,41,33.8364,low,ok,True
SURVEY_07,ΚυλιομενηΤρια.sav,2019-03-04 00:00:00,2019.0,3.0,Q1,2019-Q1,auto_from_sav_date_column:Vdatesub,True,region_group,45,ΠΑΣΟΚ/ΚΙΝΑΛ,2.9554,1,33,41,33.8364,low,ok,True
SURVEY_07,ΚυλιομενηΤρια.sav,2019-03-04 00:00:00,2019.0,3.0,Q1,2019-Q1,auto_from_sav_date_column:Vdatesub,True,region_group,45,ΣΥΡΙΖΑ,30.7802,10,33,41,33.8364,low,ok,True
SURVEY_07,ΚυλιομενηΤρια.sav,2019-03-04 00:00:00,2019.0,3.0,Q1,2019-Q1,auto_from_sav_date_column:Vdatesub,True,region_group,45,Χρυσή Αυγή,11.8411,4,33,41,33.8364,low,ok,True
SURVEY_07,ΚυλιομενηΤρια.sav,2019-03-04 00:00:00,2019.0,3.0,Q1,2019-Q1,auto_from_sav_date_column:Vdatesub,True,region_group,46,other_party,33.3333,1,3,3,3.0,low,ok,False
SURVEY_07,ΚυλιομενηΤρια.sav,2019-03-04 00:00:00,2019.0,3.0,Q1,2019-Q1,auto_from_sav_date_column:Vdatesub,True,region_group,46,ΝΔ,33.3333,1,3,3,3.0,low,ok,False
SURVEY_07,ΚυλιομενηΤρια.sav,2019-03-04 00:00:00,2019.0,3.0,Q1,2019-Q1,auto_from_sav_date_column:Vdatesub,True,region_group,46,ΠΑΣΟΚ/ΚΙΝΑΛ,33.3333,1,3,3,3.0,low,ok,False
SURVEY_07,ΚυλιομενηΤρια.sav,2019-03-04 00:00:00,2019.0,3.0,Q1,2019-Q1,auto_from_sav_date_column:Vdatesub,True,region_group,47,ΚΚΕ,17.0223,1,6,8,6.0257,low,ok,False
SURVEY_07,ΚυλιομενηΤρια.sav,2019-03-04 00:00:00,2019.0,3.0,Q1,2019-Q1,auto_from_sav_date_column:Vdatesub,True,region_group,47,ΝΔ,33.1911,2,6,8,6.0257,low,ok,False
SURVEY_07,ΚυλιομενηΤρια.sav,2019-03-04 00:00:00,2019.0,3.0,Q1,2019-Q1,auto_from_sav_date_column:Vdatesub,True,region_group,47,ΣΥΡΙΖΑ,33.1911,2,6,8,6.0257,low,ok,False
SURVEY_07,ΚυλιομενηΤρια.sav,2019-03-04 00:00:00,2019.0,3.0,Q1,2019-Q1,auto_from_sav_date_column:Vdatesub,True,region_group,47,Χρυσή Αυγή,16.5955,1,6,8,6.0257,low,ok,False
SURVEY_07,ΚυλιομενηΤρια.sav,2019-03-04 00:00:00,2019.0,3.0,Q1,2019-Q1,auto_from_sav_date_column:Vdatesub,True,region_group,48,Ένωση Κεντρώων,42.248,1,2,2,2.3826,low,ok,False
SURVEY_07,ΚυλιομενηΤρια.sav,2019-03-04 00:00:00,2019.0,3.0,Q1,2019-Q1,auto_from_sav_date_column:Vdatesub,True,region_group,48,ΝΔ,57.752,1,2,2,2.3826,low,ok,False
SURVEY_07,ΚυλιομενηΤρια.sav,2019-03-04 00:00:00,2019.0,3.0,Q1,2019-Q1,auto_from_sav_date_column:Vdatesub,True,region_group,49,Πλεύση Ελευθερίας,25.4791,1,4,4,4.0257,low,ok,False
SURVEY_07,ΚυλιομενηΤρια.sav,2019-03-04 00:00:00,2019.0,3.0,Q1,2019-Q1,auto_from_sav_date_column:Vdatesub,True,region_group,49,ΣΥΡΙΖΑ,49.6806,2,4,4,4.0257,low,ok,False
SURVEY_07,ΚυλιομενηΤρια.sav,2019-03-04 00:00:00,2019.0,3.0,Q1,2019-Q1,auto_from_sav_date_column:Vdatesub,True,region_group,49,Χρυσή Αυγή,24.8403,1,4,4,4.0257,low,ok,False
SURVEY_07,ΚυλιομενηΤρια.sav,2019-03-04 00:00:00,2019.0,3.0,Q1,2019-Q1,auto_from_sav_date_column:Vdatesub,True,region_group,50,ΑΝΕΛ,17.0223,1,6,6,6.0257,low,ok,False
SURVEY_07,ΚυλιομενηΤρια.sav,2019-03-04 00:00:00,2019.0,3.0,Q1,2019-Q1,auto_from_sav_date_column:Vdatesub,True,region_group,50,ΝΔ,16.5955,1,6,6,6.0257,low,ok,False
SURVEY_07,ΚυλιομενηΤρια.sav,2019-03-04 00:00:00,2019.0,3.0,Q1,2019-Q1,auto_from_sav_date_column:Vdatesub,True,region_group,50,ΣΥΡΙΖΑ,16.5955,1,6,6,6.0257,low,ok,False
SURVEY_07,ΚυλιομενηΤρια.sav,2019-03-04 00:00:00,2019.0,3.0,Q1,2019-Q1,auto_from_sav_date_column:Vdatesub,True,region_group,50,Χρυσή Αυγή,49.7866,3,6,6,6.0257,low,ok,False
SURVEY_07,ΚυλιομενηΤρια.sav,2019-03-04 00:00:00,2019.0,3.0,Q1,2019-Q1,auto_from_sav_date_column:Vdatesub,True,region_group,51,Ελληνική Λύση,50.0,1,2,2,2.0,low,ok,False
SURVEY_07,ΚυλιομενηΤρια.sav,2019-03-04 00:00:00,2019.0,3.0,Q1,2019-Q1,auto_from_sav_date_column:Vdatesub,True,region_group,51,ΝΔ,50.0,1,2,2,2.0,low,ok,False
SURVEY_07,ΚυλιομενηΤρια.sav,2019-03-04 00:00:00,2019.0,3.0,Q1,2019-Q1,auto_from_sav_date_column:Vdatesub,True,region_group,56,other_party,100.0,1,1,1,1.0066,low,ok,False
SURVEY_07,ΚυλιομενηΤρια.sav,2019-03-04 00:00:00,2019.0,3.0,Q1,2019-Q1,auto_from_sav_date_column:Vdatesub,True,region_group,A8,ΣΥΡΙΖΑ,100.0,1,1,1,1.0066,low,ok,False
SURVEY_07,ΚυλιομενηΤρια.sav,2019-03-04 00:00:00,2019.0,3.0,Q1,2019-Q1,auto_from_sav_date_column:Vdatesub,True,region_group,B6,ΠΑΣΟΚ/ΚΙΝΑΛ,100.0,1,1,1,1.0,low,ok,False
SURVEY_07,ΚυλιομενηΤρια.sav,2019-03-04 00:00:00,2019.0,3.0,Q1,2019-Q1,auto_from_sav_date_column:Vdatesub,True,region_group,H1,ΠΑΣΟΚ/ΚΙΝΑΛ,100.0,1,1,2,1.0,low,ok,False
SURVEY_07,ΚυλιομενηΤρια.sav,2019-03-04 00:00:00,2019.0,3.0,Q1,2019-Q1,auto_from_sav_date_column:Vdatesub,True,region_group,NJ,ΣΥΡΙΖΑ,100.0,1,1,1,1.0066,low,ok,False
SURVEY_07,ΚυλιομενηΤρια.sav,2019-03-04 00:00:00,2019.0,3.0,Q1,2019-Q1,auto_from_sav_date_column:Vdatesub,True,region_group,ON,ΝΔ,100.0,3,3,3,3.0257,low,ok,False
SURVEY_08,δειγμαΤελικο9_2018.sav,2018-09-01 00:00:00,2018.0,9.0,Q3,2018-Q3,auto_from_sav_date_column:Vdatesub,True,gender,female,other_party,5.2239,21,402,499,402.0,high,ok,True
SURVEY_08,δειγμαΤελικο9_2018.sav,2018-09-01 00:00:00,2018.0,9.0,Q3,2018-Q3,auto_from_sav_date_column:Vdatesub,True,gender,female,Ένωση Κεντρώων,0.7463,3,402,499,402.0,high,ok,True
SURVEY_08,δειγμαΤελικο9_2018.sav,2018-09-01 00:00:00,2018.0,9.0,Q3,2018-Q3,auto_from_sav_date_column:Vdatesub,True,gender,female,ΑΝΕΛ,0.2488,1,402,499,402.0,high,ok,True
SURVEY_08,δειγμαΤελικο9_2018.sav,2018-09-01 00:00:00,2018.0,9.0,Q3,2018-Q3,auto_from_sav_date_column:Vdatesub,True,gender,female,Ελληνική Λύση,1.99,8,402,499,402.0,high,ok,True
SURVEY_08,δειγμαΤελικο9_2018.sav,2018-09-01 00:00:00,2018.0,9.0,Q3,2018-Q3,auto_from_sav_date_column:Vdatesub,True,gender,female,ΚΚΕ,3.9801,16,402,499,402.0,high,ok,True
SURVEY_08,δειγμαΤελικο9_2018.sav,2018-09-01 00:00:00,2018.0,9.0,Q3,2018-Q3,auto_from_sav_date_column:Vdatesub,True,gender,female,ΜέΡΑ25,0.7463,3,402,499,402.0,high,ok,True
SURVEY_08,δειγμαΤελικο9_2018.sav,2018-09-01 00:00:00,2018.0,9.0,Q3,2018-Q3,auto_from_sav_date_column:Vdatesub,True,gender,female,ΝΔ,37.0647,149,402,499,402.0,high,ok,True
SURVEY_08,δειγμαΤελικο9_2018.sav,2018-09-01 00:00:00,2018.0,9.0,Q3,2018-Q3,auto_from_sav_date_column:Vdatesub,True,gender,female,ΠΑΣΟΚ/ΚΙΝΑΛ,2.9851,12,402,499,402.0,high,ok,True
SURVEY_08,δειγμαΤελικο9_2018.sav,2018-09-01 00:00:00,2018.0,9.0,Q3,2018-Q3,auto_from_sav_date_column:Vdatesub,True,gender,female,Πλεύση Ελευθερίας,1.2438,5,402,499,402.0,high,ok,True
SURVEY_08,δειγμαΤελικο9_2018.sav,2018-09-01 00:00:00,2018.0,9.0,Q3,2018-Q3,auto_from_sav_date_column:Vdatesub,True,gender,female,Ποτάμι,0.4975,2,402,499,402.0,high,ok,True
SURVEY_08,δειγμαΤελικο9_2018.sav,2018-09-01 00:00:00,2018.0,9.0,Q3,2018-Q3,auto_from_sav_date_column:Vdatesub,True,gender,female,ΣΥΡΙΖΑ,35.8209,144,402,499,402.0,high,ok,True
SURVEY_08,δειγμαΤελικο9_2018.sav,2018-09-01 00:00:00,2018.0,9.0,Q3,2018-Q3,auto_from_sav_date_column:Vdatesub,True,gender,female,Χρυσή Αυγή,9.4527,38,402,499,402.0,high,ok,True
SURVEY_08,δειγμαΤελικο9_2018.sav,2018-09-01 00:00:00,2018.0,9.0,Q3,2018-Q3,auto_from_sav_date_column:Vdatesub,True,gender,male,other_party,8.18,40,489,554,489.0,high,ok,True
SURVEY_08,δειγμαΤελικο9_2018.sav,2018-09-01 00:00:00,2018.0,9.0,Q3,2018-Q3,auto_from_sav_date_column:Vdatesub,True,gender,male,Ένωση Κεντρώων,1.636,8,489,554,489.0,high,ok,True
SURVEY_08,δειγμαΤελικο9_2018.sav,2018-09-01 00:00:00,2018.0,9.0,Q3,2018-Q3,auto_from_sav_date_column:Vdatesub,True,gender,male,ΑΝΕΛ,0.6135,3,489,554,489.0,high,ok,True
SURVEY_08,δειγμαΤελικο9_2018.sav,2018-09-01 00:00:00,2018.0,9.0,Q3,2018-Q3,auto_from_sav_date_column:Vdatesub,True,gender,male,Ελληνική Λύση,4.09,20,489,554,489.0,high,ok,True
SURVEY_08,δειγμαΤελικο9_2018.sav,2018-09-01 00:00:00,2018.0,9.0,Q3,2018-Q3,auto_from_sav_date_column:Vdatesub,True,gender,male,ΚΚΕ,6.3395,31,489,554,489.0,high,ok,True
SURVEY_08,δειγμαΤελικο9_2018.sav,2018-09-01 00:00:00,2018.0,9.0,Q3,2018-Q3,auto_from_sav_date_column:Vdatesub,True,gender,male,ΜέΡΑ25,2.863,14,489,554,489.0,high,ok,True
SURVEY_08,δειγμαΤελικο9_2018.sav,2018-09-01 00:00:00,2018.0,9.0,Q3,2018-Q3,auto_from_sav_date_column:Vdatesub,True,gender,male,ΝΔ,34.3558,168,489,554,489.0,high,ok,True
SURVEY_08,δειγμαΤελικο9_2018.sav,2018-09-01 00:00:00,2018.0,9.0,Q3,2018-Q3,auto_from_sav_date_column:Vdatesub,True,gender,male,ΠΑΣΟΚ/ΚΙΝΑΛ,5.726,28,489,554,489.0,high,ok,True
SURVEY_08,δειγμαΤελικο9_2018.sav,2018-09-01 00:00:00,2018.0,9.0,Q3,2018-Q3,auto_from_sav_date_column:Vdatesub,True,gender,male,Πλεύση Ελευθερίας,1.636,8,489,554,489.0,high,ok,True
SURVEY_08,δειγμαΤελικο9_2018.sav,2018-09-01 00:00:00,2018.0,9.0,Q3,2018-Q3,auto_from_sav_date_column:Vdatesub,True,gender,male,ΣΥΡΙΖΑ,26.9939,132,489,554,489.0,high,ok,True
SURVEY_08,δειγμαΤελικο9_2018.sav,2018-09-01 00:00:00,2018.0,9.0,Q3,2018-Q3,auto_from_sav_date_column:Vdatesub,True,gender,male,Χρυσή Αυγή,7.5665,37,489,554,489.0,high,ok,True
SURVEY_08,δειγμαΤελικο9_2018.sav,2018-09-01 00:00:00,2018.0,9.0,Q3,2018-Q3,auto_from_sav_date_column:Vdatesub,True,age_group,18-24,other_party,7.9365,5,63,73,63.0,low,ok,True
SURVEY_08,δειγμαΤελικο9_2018.sav,2018-09-01 00:00:00,2018.0,9.0,Q3,2018-Q3,auto_from_sav_date_column:Vdatesub,True,age_group,18-24,Ένωση Κεντρώων,3.1746,2,63,73,63.0,low,ok,True
SURVEY_08,δειγμαΤελικο9_2018.sav,2018-09-01 00:00:00,2018.0,9.0,Q3,2018-Q3,auto_from_sav_date_column:Vdatesub,True,age_group,18-24,Ελληνική Λύση,6.3492,4,63,73,63.0,low,ok,True
SURVEY_08,δειγμαΤελικο9_2018.sav,2018-09-01 00:00:00,2018.0,9.0,Q3,2018-Q3,auto_from_sav_date_column:Vdatesub,True,age_group,18-24,ΚΚΕ,14.2857,9,63,73,63.0,low,ok,True
SURVEY_08,δειγμαΤελικο9_2018.sav,2018-09-01 00:00:00,2018.0,9.0,Q3,2018-Q3,auto_from_sav_date_column:Vdatesub,True,age_group,18-24,ΜέΡΑ25,4.7619,3,63,73,63.0,low,ok,True
SURVEY_08,δειγμαΤελικο9_2018.sav,2018-09-01 00:00:00,2018.0,9.0,Q3,2018-Q3,auto_from_sav_date_column:Vdatesub,True,age_group,18-24,ΝΔ,23.8095,15,63,73,63.0,low,ok,True
SURVEY_08,δειγμαΤελικο9_2018.sav,2018-09-01 00:00:00,2018.0,9.0,Q3,2018-Q3,auto_from_sav_date_column:Vdatesub,True,age_group,18-24,ΠΑΣΟΚ/ΚΙΝΑΛ,4.7619,3,63,73,63.0,low,ok,True
SURVEY_08,δειγμαΤελικο9_2018.sav,2018-09-01 00:00:00,2018.0,9.0,Q3,2018-Q3,auto_from_sav_date_column:Vdatesub,True,age_group,18-24,Πλεύση Ελευθερίας,1.5873,1,63,73,63.0,low,ok,True
SURVEY_08,δειγμαΤελικο9_2018.sav,2018-09-01 00:00:00,2018.0,9.0,Q3,2018-Q3,auto_from_sav_date_column:Vdatesub,True,age_group,18-24,ΣΥΡΙΖΑ,28.5714,18,63,73,63.0,low,ok,True
SURVEY_08,δειγμαΤελικο9_2018.sav,2018-09-01 00:00:00,2018.0,9.0,Q3,2018-Q3,auto_from_sav_date_column:Vdatesub,True,age_group,18-24,Χρυσή Αυγή,4.7619,3,63,73,63.0,low,ok,True
SURVEY_08,δειγμαΤελικο9_2018.sav,2018-09-01 00:00:00,2018.0,9.0,Q3,2018-Q3,auto_from_sav_date_column:Vdatesub,True,age_group,25-39,other_party,6.1538,16,260,309,260.0,medium,ok,True
SURVEY_08,δειγμαΤελικο9_2018.sav,2018-09-01 00:00:00,2018.0,9.0,Q3,2018-Q3,auto_from_sav_date_column:Vdatesub,True,age_group,25-39,Ένωση Κεντρώων,1.1538,3,260,309,260.0,medium,ok,True
SURVEY_08,δειγμαΤελικο9_2018.sav,2018-09-01 00:00:00,2018.0,9.0,Q3,2018-Q3,auto_from_sav_date_column:Vdatesub,True,age_group,25-39,ΑΝΕΛ,0.3846,1,260,309,260.0,medium,ok,True
SURVEY_08,δειγμαΤελικο9_2018.sav,2018-09-01 00:00:00,2018.0,9.0,Q3,2018-Q3,auto_from_sav_date_column:Vdatesub,True,age_group,25-39,Ελληνική Λύση,3.4615,9,260,309,260.0,medium,ok,True
SURVEY_08,δειγμαΤελικο9_2018.sav,2018-09-01 00:00:00,2018.0,9.0,Q3,2018-Q3,auto_from_sav_date_column:Vdatesub,True,age_group,25-39,ΚΚΕ,7.3077,19,260,309,260.0,medium,ok,True
SURVEY_08,δειγμαΤελικο9_2018.sav,2018-09-01 00:00:00,2018.0,9.0,Q3,2018-Q3,auto_from_sav_date_column:Vdatesub,True,age_group,25-39,ΜέΡΑ25,3.8462,10,260,309,260.0,medium,ok,True
SURVEY_08,δειγμαΤελικο9_2018.sav,2018-09-01 00:00:00,2018.0,9.0,Q3,2018-Q3,auto_from_sav_date_column:Vdatesub,True,age_group,25-39,ΝΔ,30.3846,79,260,309,260.0,medium,ok,True
SURVEY_08,δειγμαΤελικο9_2018.sav,2018-09-01 00:00:00,2018.0,9.0,Q3,2018-Q3,auto_from_sav_date_column:Vdatesub,True,age_group,25-39,ΠΑΣΟΚ/ΚΙΝΑΛ,2.3077,6,260,309,260.0,medium,ok,True
SURVEY_08,δειγμαΤελικο9_2018.sav,2018-09-01 00:00:00,2018.0,9.0,Q3,2018-Q3,auto_from_sav_date_column:Vdatesub,True,age_group,25-39,Πλεύση Ελευθερίας,1.5385,4,260,309,260.0,medium,ok,True
SURVEY_08,δειγμαΤελικο9_2018.sav,2018-09-01 00:00:00,2018.0,9.0,Q3,2018-Q3,auto_from_sav_date_column:Vdatesub,True,age_group,25-39,ΣΥΡΙΖΑ,29.2308,76,260,309,260.0,medium,ok,True
SURVEY_08,δειγμαΤελικο9_2018.sav,2018-09-01 00:00:00,2018.0,9.0,Q3,2018-Q3,auto_from_sav_date_column:Vdatesub,True,age_group,25-39,Χρυσή Αυγή,14.2308,37,260,309,260.0,medium,ok,True
SURVEY_08,δειγμαΤελικο9_2018.sav,2018-09-01 00:00:00,2018.0,9.0,Q3,2018-Q3,auto_from_sav_date_column:Vdatesub,True,age_group,40-54,other_party,6.0484,15,248,303,248.0,medium,ok,True
SURVEY_08,δειγμαΤελικο9_2018.sav,2018-09-01 00:00:00,2018.0,9.0,Q3,2018-Q3,auto_from_sav_date_column:Vdatesub,True,age_group,40-54,Ένωση Κεντρώων,0.4032,1,248,303,248.0,medium,ok,True
SURVEY_08,δειγμαΤελικο9_2018.sav,2018-09-01 00:00:00,2018.0,9.0,Q3,2018-Q3,auto_from_sav_date_column:Vdatesub,True,age_group,40-54,Ελληνική Λύση,3.629,9,248,303,248.0,medium,ok,True
SURVEY_08,δειγμαΤελικο9_2018.sav,2018-09-01 00:00:00,2018.0,9.0,Q3,2018-Q3,auto_from_sav_date_column:Vdatesub,True,age_group,40-54,ΚΚΕ,4.4355,11,248,303,248.0,medium,ok,True
SURVEY_08,δειγμαΤελικο9_2018.sav,2018-09-01 00:00:00,2018.0,9.0,Q3,2018-Q3,auto_from_sav_date_column:Vdatesub,True,age_group,40-54,ΜέΡΑ25,0.8065,2,248,303,248.0,medium,ok,True
SURVEY_08,δειγμαΤελικο9_2018.sav,2018-09-01 00:00:00,2018.0,9.0,Q3,2018-Q3,auto_from_sav_date_column:Vdatesub,True,age_group,40-54,ΝΔ,35.8871,89,248,303,248.0,medium,ok,True
SURVEY_08,δειγμαΤελικο9_2018.sav,2018-09-01 00:00:00,2018.0,9.0,Q3,2018-Q3,auto_from_sav_date_column:Vdatesub,True,age_group,40-54,ΠΑΣΟΚ/ΚΙΝΑΛ,3.629,9,248,303,248.0,medium,ok,True
SURVEY_08,δειγμαΤελικο9_2018.sav,2018-09-01 00:00:00,2018.0,9.0,Q3,2018-Q3,auto_from_sav_date_column:Vdatesub,True,age_group,40-54,Πλεύση Ελευθερίας,2.0161,5,248,303,248.0,medium,ok,True
SURVEY_08,δειγμαΤελικο9_2018.sav,2018-09-01 00:00:00,2018.0,9.0,Q3,2018-Q3,auto_from_sav_date_column:Vdatesub,True,age_group,40-54,Ποτάμι,0.4032,1,248,303,248.0,medium,ok,True
SURVEY_08,δειγμαΤελικο9_2018.sav,2018-09-01 00:00:00,2018.0,9.0,Q3,2018-Q3,auto_from_sav_date_column:Vdatesub,True,age_group,40-54,ΣΥΡΙΖΑ,35.0806,87,248,303,248.0,medium,ok,True
SURVEY_08,δειγμαΤελικο9_2018.sav,2018-09-01 00:00:00,2018.0,9.0,Q3,2018-Q3,auto_from_sav_date_column:Vdatesub,True,age_group,40-54,Χρυσή Αυγή,7.6613,19,248,303,248.0,medium,ok,True
SURVEY_08,δειγμαΤελικο9_2018.sav,2018-09-01 00:00:00,2018.0,9.0,Q3,2018-Q3,auto_from_sav_date_column:Vdatesub,True,age_group,55+,other_party,7.8125,25,320,368,320.0,high,ok,True
SURVEY_08,δειγμαΤελικο9_2018.sav,2018-09-01 00:00:00,2018.0,9.0,Q3,2018-Q3,auto_from_sav_date_column:Vdatesub,True,age_group,55+,Ένωση Κεντρώων,1.5625,5,320,368,320.0,high,ok,True
SURVEY_08,δειγμαΤελικο9_2018.sav,2018-09-01 00:00:00,2018.0,9.0,Q3,2018-Q3,auto_from_sav_date_column:Vdatesub,True,age_group,55+,ΑΝΕΛ,0.9375,3,320,368,320.0,high,ok,True
SURVEY_08,δειγμαΤελικο9_2018.sav,2018-09-01 00:00:00,2018.0,9.0,Q3,2018-Q3,auto_from_sav_date_column:Vdatesub,True,age_group,55+,Ελληνική Λύση,1.875,6,320,368,320.0,high,ok,True
SURVEY_08,δειγμαΤελικο9_2018.sav,2018-09-01 00:00:00,2018.0,9.0,Q3,2018-Q3,auto_from_sav_date_column:Vdatesub,True,age_group,55+,ΚΚΕ,2.5,8,320,368,320.0,high,ok,True
SURVEY_08,δειγμαΤελικο9_2018.sav,2018-09-01 00:00:00,2018.0,9.0,Q3,2018-Q3,auto_from_sav_date_column:Vdatesub,True,age_group,55+,ΜέΡΑ25,0.625,2,320,368,320.0,high,ok,True
SURVEY_08,δειγμαΤελικο9_2018.sav,2018-09-01 00:00:00,2018.0,9.0,Q3,2018-Q3,auto_from_sav_date_column:Vdatesub,True,age_group,55+,ΝΔ,41.875,134,320,368,320.0,high,ok,True
SURVEY_08,δειγμαΤελικο9_2018.sav,2018-09-01 00:00:00,2018.0,9.0,Q3,2018-Q3,auto_from_sav_date_column:Vdatesub,True,age_group,55+,ΠΑΣΟΚ/ΚΙΝΑΛ,6.875,22,320,368,320.0,high,ok,True
SURVEY_08,δειγμαΤελικο9_2018.sav,2018-09-01 00:00:00,2018.0,9.0,Q3,2018-Q3,auto_from_sav_date_column:Vdatesub,True,age_group,55+,Πλεύση Ελευθερίας,0.9375,3,320,368,320.0,high,ok,True
SURVEY_08,δειγμαΤελικο9_2018.sav,2018-09-01 00:00:00,2018.0,9.0,Q3,2018-Q3,auto_from_sav_date_column:Vdatesub,True,age_group,55+,Ποτάμι,0.3125,1,320,368,320.0,high,ok,True
SURVEY_08,δειγμαΤελικο9_2018.sav,2018-09-01 00:00:00,2018.0,9.0,Q3,2018-Q3,auto_from_sav_date_column:Vdatesub,True,age_group,55+,ΣΥΡΙΖΑ,29.6875,95,320,368,320.0,high,ok,True
SURVEY_08,δειγμαΤελικο9_2018.sav,2018-09-01 00:00:00,2018.0,9.0,Q3,2018-Q3,auto_from_sav_date_column:Vdatesub,True,age_group,55+,Χρυσή Αυγή,5.0,16,320,368,320.0,high,ok,True
SURVEY_08,δειγμαΤελικο9_2018.sav,2018-09-01 00:00:00,2018.0,9.0,Q3,2018-Q3,auto_from_sav_date_column:Vdatesub,True,education_group,high_education,other_party,6.2868,32,509,593,509.0,high,ok,True
SURVEY_08,δειγμαΤελικο9_2018.sav,2018-09-01 00:00:00,2018.0,9.0,Q3,2018-Q3,auto_from_sav_date_column:Vdatesub,True,education_group,high_education,Ένωση Κεντρώων,1.3752,7,509,593,509.0,high,ok,True
SURVEY_08,δειγμαΤελικο9_2018.sav,2018-09-01 00:00:00,2018.0,9.0,Q3,2018-Q3,auto_from_sav_date_column:Vdatesub,True,education_group,high_education,ΑΝΕΛ,0.3929,2,509,593,509.0,high,ok,True
SURVEY_08,δειγμαΤελικο9_2018.sav,2018-09-01 00:00:00,2018.0,9.0,Q3,2018-Q3,auto_from_sav_date_column:Vdatesub,True,education_group,high_education,Ελληνική Λύση,1.7682,9,509,593,509.0,high,ok,True
SURVEY_08,δειγμαΤελικο9_2018.sav,2018-09-01 00:00:00,2018.0,9.0,Q3,2018-Q3,auto_from_sav_date_column:Vdatesub,True,education_group,high_education,ΚΚΕ,5.8939,30,509,593,509.0,high,ok,True
SURVEY_08,δειγμαΤελικο9_2018.sav,2018-09-01 00:00:00,2018.0,9.0,Q3,2018-Q3,auto_from_sav_date_column:Vdatesub,True,education_group,high_education,ΜέΡΑ25,2.554,13,509,593,509.0,high,ok,True
SURVEY_08,δειγμαΤελικο9_2018.sav,2018-09-01 00:00:00,2018.0,9.0,Q3,2018-Q3,auto_from_sav_date_column:Vdatesub,True,education_group,high_education,ΝΔ,38.7033,197,509,593,509.0,high,ok,True
SURVEY_08,δειγμαΤελικο9_2018.sav,2018-09-01 00:00:00,2018.0,9.0,Q3,2018-Q3,auto_from_sav_date_column:Vdatesub,True,education_group,high_education,ΠΑΣΟΚ/ΚΙΝΑΛ,6.2868,32,509,593,509.0,high,ok,True
SURVEY_08,δειγμαΤελικο9_2018.sav,2018-09-01 00:00:00,2018.0,9.0,Q3,2018-Q3,auto_from_sav_date_column:Vdatesub,True,education_group,high_education,Πλεύση Ελευθερίας,1.3752,7,509,593,509.0,high,ok,True
SURVEY_08,δειγμαΤελικο9_2018.sav,2018-09-01 00:00:00,2018.0,9.0,Q3,2018-Q3,auto_from_sav_date_column:Vdatesub,True,education_group,high_education,Ποτάμι,0.3929,2,509,593,509.0,high,ok,True
SURVEY_08,δειγμαΤελικο9_2018.sav,2018-09-01 00:00:00,2018.0,9.0,Q3,2018-Q3,auto_from_sav_date_column:Vdatesub,True,education_group,high_education,ΣΥΡΙΖΑ,30.0589,153,509,593,509.0,high,ok,True
SURVEY_08,δειγμαΤελικο9_2018.sav,2018-09-01 00:00:00,2018.0,9.0,Q3,2018-Q3,auto_from_sav_date_column:Vdatesub,True,education_group,high_education,Χρυσή Αυγή,4.9116,25,509,593,509.0,high,ok,True
SURVEY_08,δειγμαΤελικο9_2018.sav,2018-09-01 00:00:00,2018.0,9.0,Q3,2018-Q3,auto_from_sav_date_column:Vdatesub,True,education_group,low_education,other_party,7.3171,3,41,48,41.0,low,ok,True
SURVEY_08,δειγμαΤελικο9_2018.sav,2018-09-01 00:00:00,2018.0,9.0,Q3,2018-Q3,auto_from_sav_date_column:Vdatesub,True,education_group,low_education,Ένωση Κεντρώων,2.439,1,41,48,41.0,low,ok,True
SURVEY_08,δειγμαΤελικο9_2018.sav,2018-09-01 00:00:00,2018.0,9.0,Q3,2018-Q3,auto_from_sav_date_column:Vdatesub,True,education_group,low_education,Ελληνική Λύση,7.3171,3,41,48,41.0,low,ok,True
SURVEY_08,δειγμαΤελικο9_2018.sav,2018-09-01 00:00:00,2018.0,9.0,Q3,2018-Q3,auto_from_sav_date_column:Vdatesub,True,education_group,low_education,ΚΚΕ,2.439,1,41,48,41.0,low,ok,True
SURVEY_08,δειγμαΤελικο9_2018.sav,2018-09-01 00:00:00,2018.0,9.0,Q3,2018-Q3,auto_from_sav_date_column:Vdatesub,True,education_group,low_education,ΜέΡΑ25,2.439,1,41,48,41.0,low,ok,True
SURVEY_08,δειγμαΤελικο9_2018.sav,2018-09-01 00:00:00,2018.0,9.0,Q3,2018-Q3,auto_from_sav_date_column:Vdatesub,True,education_group,low_education,ΝΔ,14.6341,6,41,48,41.0,low,ok,True
SURVEY_08,δειγμαΤελικο9_2018.sav,2018-09-01 00:00:00,2018.0,9.0,Q3,2018-Q3,auto_from_sav_date_column:Vdatesub,True,education_group,low_education,ΠΑΣΟΚ/ΚΙΝΑΛ,2.439,1,41,48,41.0,low,ok,True
SURVEY_08,δειγμαΤελικο9_2018.sav,2018-09-01 00:00:00,2018.0,9.0,Q3,2018-Q3,auto_from_sav_date_column:Vdatesub,True,education_group,low_education,ΣΥΡΙΖΑ,34.1463,14,41,48,41.0,low,ok,True
SURVEY_08,δειγμαΤελικο9_2018.sav,2018-09-01 00:00:00,2018.0,9.0,Q3,2018-Q3,auto_from_sav_date_column:Vdatesub,True,education_group,low_education,Χρυσή Αυγή,26.8293,11,41,48,41.0,low,ok,True
SURVEY_08,δειγμαΤελικο9_2018.sav,2018-09-01 00:00:00,2018.0,9.0,Q3,2018-Q3,auto_from_sav_date_column:Vdatesub,True,education_group,medium_education,other_party,7.5301,25,332,400,332.0,high,ok,True
SURVEY_08,δειγμαΤελικο9_2018.sav,2018-09-01 00:00:00,2018.0,9.0,Q3,2018-Q3,auto_from_sav_date_column:Vdatesub,True,education_group,medium_education,Ένωση Κεντρώων,0.9036,3,332,400,332.0,high,ok,True
SURVEY_08,δειγμαΤελικο9_2018.sav,2018-09-01 00:00:00,2018.0,9.0,Q3,2018-Q3,auto_from_sav_date_column:Vdatesub,True,education_group,medium_education,ΑΝΕΛ,0.6024,2,332,400,332.0,high,ok,True
SURVEY_08,δειγμαΤελικο9_2018.sav,2018-09-01 00:00:00,2018.0,9.0,Q3,2018-Q3,auto_from_sav_date_column:Vdatesub,True,education_group,medium_education,Ελληνική Λύση,4.5181,15,332,400,332.0,high,ok,True
SURVEY_08,δειγμαΤελικο9_2018.sav,2018-09-01 00:00:00,2018.0,9.0,Q3,2018-Q3,auto_from_sav_date_column:Vdatesub,True,education_group,medium_education,ΚΚΕ,4.8193,16,332,400,332.0,high,ok,True
SURVEY_08,δειγμαΤελικο9_2018.sav,2018-09-01 00:00:00,2018.0,9.0,Q3,2018-Q3,auto_from_sav_date_column:Vdatesub,True,education_group,medium_education,ΜέΡΑ25,0.9036,3,332,400,332.0,high,ok,True
SURVEY_08,δειγμαΤελικο9_2018.sav,2018-09-01 00:00:00,2018.0,9.0,Q3,2018-Q3,auto_from_sav_date_column:Vdatesub,True,education_group,medium_education,ΝΔ,33.1325,110,332,400,332.0,high,ok,True
SURVEY_08,δειγμαΤελικο9_2018.sav,2018-09-01 00:00:00,2018.0,9.0,Q3,2018-Q3,auto_from_sav_date_column:Vdatesub,True,education_group,medium_education,ΠΑΣΟΚ/ΚΙΝΑΛ,2.1084,7,332,400,332.0,high,ok,True
SURVEY_08,δειγμαΤελικο9_2018.sav,2018-09-01 00:00:00,2018.0,9.0,Q3,2018-Q3,auto_from_sav_date_column:Vdatesub,True,education_group,medium_education,Πλεύση Ελευθερίας,1.506,5,332,400,332.0,high,ok,True
SURVEY_08,δειγμαΤελικο9_2018.sav,2018-09-01 00:00:00,2018.0,9.0,Q3,2018-Q3,auto_from_sav_date_column:Vdatesub,True,education_group,medium_education,ΣΥΡΙΖΑ,32.5301,108,332,400,332.0,high,ok,True
SURVEY_08,δειγμαΤελικο9_2018.sav,2018-09-01 00:00:00,2018.0,9.0,Q3,2018-Q3,auto_from_sav_date_column:Vdatesub,True,education_group,medium_education,Χρυσή Αυγή,11.4458,38,332,400,332.0,high,ok,True
SURVEY_08,δειγμαΤελικο9_2018.sav,2018-09-01 00:00:00,2018.0,9.0,Q3,2018-Q3,auto_from_sav_date_column:Vdatesub,True,education_group,Δε θέλω να απαντήσω,other_party,11.1111,1,9,12,9.0,low,ok,False
SURVEY_08,δειγμαΤελικο9_2018.sav,2018-09-01 00:00:00,2018.0,9.0,Q3,2018-Q3,auto_from_sav_date_column:Vdatesub,True,education_group,Δε θέλω να απαντήσω,Ελληνική Λύση,11.1111,1,9,12,9.0,low,ok,False
SURVEY_08,δειγμαΤελικο9_2018.sav,2018-09-01 00:00:00,2018.0,9.0,Q3,2018-Q3,auto_from_sav_date_column:Vdatesub,True,education_group,Δε θέλω να απαντήσω,ΝΔ,44.4444,4,9,12,9.0,low,ok,False
SURVEY_08,δειγμαΤελικο9_2018.sav,2018-09-01 00:00:00,2018.0,9.0,Q3,2018-Q3,auto_from_sav_date_column:Vdatesub,True,education_group,Δε θέλω να απαντήσω,Πλεύση Ελευθερίας,11.1111,1,9,12,9.0,low,ok,False
SURVEY_08,δειγμαΤελικο9_2018.sav,2018-09-01 00:00:00,2018.0,9.0,Q3,2018-Q3,auto_from_sav_date_column:Vdatesub,True,education_group,Δε θέλω να απαντήσω,ΣΥΡΙΖΑ,11.1111,1,9,12,9.0,low,ok,False
SURVEY_08,δειγμαΤελικο9_2018.sav,2018-09-01 00:00:00,2018.0,9.0,Q3,2018-Q3,auto_from_sav_date_column:Vdatesub,True,education_group,Δε θέλω να απαντήσω,Χρυσή Αυγή,11.1111,1,9,12,9.0,low,ok,False
SURVEY_08,δειγμαΤελικο9_2018.sav,2018-09-01 00:00:00,2018.0,9.0,Q3,2018-Q3,auto_from_sav_date_column:Vdatesub,True,occupation_group,private_sector,other_party,7.5676,14,185,226,185.0,medium,ok,True
SURVEY_08,δειγμαΤελικο9_2018.sav,2018-09-01 00:00:00,2018.0,9.0,Q3,2018-Q3,auto_from_sav_date_column:Vdatesub,True,occupation_group,private_sector,Ένωση Κεντρώων,1.0811,2,185,226,185.0,medium,ok,True
SURVEY_08,δειγμαΤελικο9_2018.sav,2018-09-01 00:00:00,2018.0,9.0,Q3,2018-Q3,auto_from_sav_date_column:Vdatesub,True,occupation_group,private_sector,Ελληνική Λύση,4.3243,8,185,226,185.0,medium,ok,True
SURVEY_08,δειγμαΤελικο9_2018.sav,2018-09-01 00:00:00,2018.0,9.0,Q3,2018-Q3,auto_from_sav_date_column:Vdatesub,True,occupation_group,private_sector,ΚΚΕ,6.4865,12,185,226,185.0,medium,ok,True
SURVEY_08,δειγμαΤελικο9_2018.sav,2018-09-01 00:00:00,2018.0,9.0,Q3,2018-Q3,auto_from_sav_date_column:Vdatesub,True,occupation_group,private_sector,ΜέΡΑ25,3.2432,6,185,226,185.0,medium,ok,True
SURVEY_08,δειγμαΤελικο9_2018.sav,2018-09-01 00:00:00,2018.0,9.0,Q3,2018-Q3,auto_from_sav_date_column:Vdatesub,True,occupation_group,private_sector,ΝΔ,27.027,50,185,226,185.0,medium,ok,True
SURVEY_08,δειγμαΤελικο9_2018.sav,2018-09-01 00:00:00,2018.0,9.0,Q3,2018-Q3,auto_from_sav_date_column:Vdatesub,True,occupation_group,private_sector,ΠΑΣΟΚ/ΚΙΝΑΛ,1.0811,2,185,226,185.0,medium,ok,True
SURVEY_08,δειγμαΤελικο9_2018.sav,2018-09-01 00:00:00,2018.0,9.0,Q3,2018-Q3,auto_from_sav_date_column:Vdatesub,True,occupation_group,private_sector,Πλεύση Ελευθερίας,1.0811,2,185,226,185.0,medium,ok,True
SURVEY_08,δειγμαΤελικο9_2018.sav,2018-09-01 00:00:00,2018.0,9.0,Q3,2018-Q3,auto_from_sav_date_column:Vdatesub,True,occupation_group,private_sector,Ποτάμι,0.5405,1,185,226,185.0,medium,ok,True
SURVEY_08,δειγμαΤελικο9_2018.sav,2018-09-01 00:00:00,2018.0,9.0,Q3,2018-Q3,auto_from_sav_date_column:Vdatesub,True,occupation_group,private_sector,ΣΥΡΙΖΑ,40.0,74,185,226,185.0,medium,ok,True
SURVEY_08,δειγμαΤελικο9_2018.sav,2018-09-01 00:00:00,2018.0,9.0,Q3,2018-Q3,auto_from_sav_date_column:Vdatesub,True,occupation_group,private_sector,Χρυσή Αυγή,7.5676,14,185,226,185.0,medium,ok,True
SURVEY_08,δειγμαΤελικο9_2018.sav,2018-09-01 00:00:00,2018.0,9.0,Q3,2018-Q3,auto_from_sav_date_column:Vdatesub,True,occupation_group,public_sector,other_party,6.1453,11,179,196,179.0,medium,ok,True
SURVEY_08,δειγμαΤελικο9_2018.sav,2018-09-01 00:00:00,2018.0,9.0,Q3,2018-Q3,auto_from_sav_date_column:Vdatesub,True,occupation_group,public_sector,Ένωση Κεντρώων,0.5587,1,179,196,179.0,medium,ok,True
SURVEY_08,δειγμαΤελικο9_2018.sav,2018-09-01 00:00:00,2018.0,9.0,Q3,2018-Q3,auto_from_sav_date_column:Vdatesub,True,occupation_group,public_sector,ΑΝΕΛ,1.1173,2,179,196,179.0,medium,ok,True
SURVEY_08,δειγμαΤελικο9_2018.sav,2018-09-01 00:00:00,2018.0,9.0,Q3,2018-Q3,auto_from_sav_date_column:Vdatesub,True,occupation_group,public_sector,Ελληνική Λύση,1.676,3,179,196,179.0,medium,ok,True
SURVEY_08,δειγμαΤελικο9_2018.sav,2018-09-01 00:00:00,2018.0,9.0,Q3,2018-Q3,auto_from_sav_date_column:Vdatesub,True,occupation_group,public_sector,ΚΚΕ,4.4693,8,179,196,179.0,medium,ok,True
SURVEY_08,δειγμαΤελικο9_2018.sav,2018-09-01 00:00:00,2018.0,9.0,Q3,2018-Q3,auto_from_sav_date_column:Vdatesub,True,occupation_group,public_sector,ΜέΡΑ25,1.1173,2,179,196,179.0,medium,ok,True
SURVEY_08,δειγμαΤελικο9_2018.sav,2018-09-01 00:00:00,2018.0,9.0,Q3,2018-Q3,auto_from_sav_date_column:Vdatesub,True,occupation_group,public_sector,ΝΔ,37.9888,68,179,196,179.0,medium,ok,True
SURVEY_08,δειγμαΤελικο9_2018.sav,2018-09-01 00:00:00,2018.0,9.0,Q3,2018-Q3,auto_from_sav_date_column:Vdatesub,True,occupation_group,public_sector,ΠΑΣΟΚ/ΚΙΝΑΛ,6.1453,11,179,196,179.0,medium,ok,True
SURVEY_08,δειγμαΤελικο9_2018.sav,2018-09-01 00:00:00,2018.0,9.0,Q3,2018-Q3,auto_from_sav_date_column:Vdatesub,True,occupation_group,public_sector,Ποτάμι,0.5587,1,179,196,179.0,medium,ok,True
SURVEY_08,δειγμαΤελικο9_2018.sav,2018-09-01 00:00:00,2018.0,9.0,Q3,2018-Q3,auto_from_sav_date_column:Vdatesub,True,occupation_group,public_sector,ΣΥΡΙΖΑ,35.1955,63,179,196,179.0,medium,ok,True
SURVEY_08,δειγμαΤελικο9_2018.sav,2018-09-01 00:00:00,2018.0,9.0,Q3,2018-Q3,auto_from_sav_date_column:Vdatesub,True,occupation_group,public_sector,Χρυσή Αυγή,5.0279,9,179,196,179.0,medium,ok,True
SURVEY_08,δειγμαΤελικο9_2018.sav,2018-09-01 00:00:00,2018.0,9.0,Q3,2018-Q3,auto_from_sav_date_column:Vdatesub,True,occupation_group,self_employed,other_party,6.7708,13,192,215,192.0,medium,ok,True
SURVEY_08,δειγμαΤελικο9_2018.sav,2018-09-01 00:00:00,2018.0,9.0,Q3,2018-Q3,auto_from_sav_date_column:Vdatesub,True,occupation_group,self_employed,Ένωση Κεντρώων,1.0417,2,192,215,192.0,medium,ok,True
SURVEY_08,δειγμαΤελικο9_2018.sav,2018-09-01 00:00:00,2018.0,9.0,Q3,2018-Q3,auto_from_sav_date_column:Vdatesub,True,occupation_group,self_employed,Ελληνική Λύση,2.6042,5,192,215,192.0,medium,ok,True
SURVEY_08,δειγμαΤελικο9_2018.sav,2018-09-01 00:00:00,2018.0,9.0,Q3,2018-Q3,auto_from_sav_date_column:Vdatesub,True,occupation_group,self_employed,ΚΚΕ,7.8125,15,192,215,192.0,medium,ok,True
SURVEY_08,δειγμαΤελικο9_2018.sav,2018-09-01 00:00:00,2018.0,9.0,Q3,2018-Q3,auto_from_sav_date_column:Vdatesub,True,occupation_group,self_employed,ΜέΡΑ25,2.6042,5,192,215,192.0,medium,ok,True
SURVEY_08,δειγμαΤελικο9_2018.sav,2018-09-01 00:00:00,2018.0,9.0,Q3,2018-Q3,auto_from_sav_date_column:Vdatesub,True,occupation_group,self_employed,ΝΔ,42.7083,82,192,215,192.0,medium,ok,True
SURVEY_08,δειγμαΤελικο9_2018.sav,2018-09-01 00:00:00,2018.0,9.0,Q3,2018-Q3,auto_from_sav_date_column:Vdatesub,True,occupation_group,self_employed,ΠΑΣΟΚ/ΚΙΝΑΛ,2.6042,5,192,215,192.0,medium,ok,True
SURVEY_08,δειγμαΤελικο9_2018.sav,2018-09-01 00:00:00,2018.0,9.0,Q3,2018-Q3,auto_from_sav_date_column:Vdatesub,True,occupation_group,self_employed,Πλεύση Ελευθερίας,1.5625,3,192,215,192.0,medium,ok,True
SURVEY_08,δειγμαΤελικο9_2018.sav,2018-09-01 00:00:00,2018.0,9.0,Q3,2018-Q3,auto_from_sav_date_column:Vdatesub,True,occupation_group,self_employed,ΣΥΡΙΖΑ,23.9583,46,192,215,192.0,medium,ok,True
SURVEY_08,δειγμαΤελικο9_2018.sav,2018-09-01 00:00:00,2018.0,9.0,Q3,2018-Q3,auto_from_sav_date_column:Vdatesub,True,occupation_group,self_employed,Χρυσή Αυγή,8.3333,16,192,215,192.0,medium,ok,True
SURVEY_08,δειγμαΤελικο9_2018.sav,2018-09-01 00:00:00,2018.0,9.0,Q3,2018-Q3,auto_from_sav_date_column:Vdatesub,True,occupation_group,Δε θέλω να απαντήσω,other_party,8.6957,4,46,56,46.0,low,ok,True
SURVEY_08,δειγμαΤελικο9_2018.sav,2018-09-01 00:00:00,2018.0,9.0,Q3,2018-Q3,auto_from_sav_date_column:Vdatesub,True,occupation_group,Δε θέλω να απαντήσω,ΑΝΕΛ,2.1739,1,46,56,46.0,low,ok,True
SURVEY_08,δειγμαΤελικο9_2018.sav,2018-09-01 00:00:00,2018.0,9.0,Q3,2018-Q3,auto_from_sav_date_column:Vdatesub,True,occupation_group,Δε θέλω να απαντήσω,Ελληνική Λύση,2.1739,1,46,56,46.0,low,ok,True
SURVEY_08,δειγμαΤελικο9_2018.sav,2018-09-01 00:00:00,2018.0,9.0,Q3,2018-Q3,auto_from_sav_date_column:Vdatesub,True,occupation_group,Δε θέλω να απαντήσω,ΚΚΕ,4.3478,2,46,56,46.0,low,ok,True
SURVEY_08,δειγμαΤελικο9_2018.sav,2018-09-01 00:00:00,2018.0,9.0,Q3,2018-Q3,auto_from_sav_date_column:Vdatesub,True,occupation_group,Δε θέλω να απαντήσω,ΝΔ,28.2609,13,46,56,46.0,low,ok,True
SURVEY_08,δειγμαΤελικο9_2018.sav,2018-09-01 00:00:00,2018.0,9.0,Q3,2018-Q3,auto_from_sav_date_column:Vdatesub,True,occupation_group,Δε θέλω να απαντήσω,ΠΑΣΟΚ/ΚΙΝΑΛ,4.3478,2,46,56,46.0,low,ok,True
SURVEY_08,δειγμαΤελικο9_2018.sav,2018-09-01 00:00:00,2018.0,9.0,Q3,2018-Q3,auto_from_sav_date_column:Vdatesub,True,occupation_group,Δε θέλω να απαντήσω,Πλεύση Ελευθερίας,4.3478,2,46,56,46.0,low,ok,True
SURVEY_08,δειγμαΤελικο9_2018.sav,2018-09-01 00:00:00,2018.0,9.0,Q3,2018-Q3,auto_from_sav_date_column:Vdatesub,True,occupation_group,Δε θέλω να απαντήσω,ΣΥΡΙΖΑ,32.6087,15,46,56,46.0,low,ok,True
SURVEY_08,δειγμαΤελικο9_2018.sav,2018-09-01 00:00:00,2018.0,9.0,Q3,2018-Q3,auto_from_sav_date_column:Vdatesub,True,occupation_group,Δε θέλω να απαντήσω,Χρυσή Αυγή,13.0435,6,46,56,46.0,low,ok,True
SURVEY_08,δειγμαΤελικο9_2018.sav,2018-09-01 00:00:00,2018.0,9.0,Q3,2018-Q3,auto_from_sav_date_column:Vdatesub,True,occupation_group,Δεν εργάζομαι,other_party,6.5744,19,289,360,289.0,medium,ok,True
SURVEY_08,δειγμαΤελικο9_2018.sav,2018-09-01 00:00:00,2018.0,9.0,Q3,2018-Q3,auto_from_sav_date_column:Vdatesub,True,occupation_group,Δεν εργάζομαι,Ένωση Κεντρώων,2.0761,6,289,360,289.0,medium,ok,True
SURVEY_08,δειγμαΤελικο9_2018.sav,2018-09-01 00:00:00,2018.0,9.0,Q3,2018-Q3,auto_from_sav_date_column:Vdatesub,True,occupation_group,Δεν εργάζομαι,ΑΝΕΛ,0.346,1,289,360,289.0,medium,ok,True
SURVEY_08,δειγμαΤελικο9_2018.sav,2018-09-01 00:00:00,2018.0,9.0,Q3,2018-Q3,auto_from_sav_date_column:Vdatesub,True,occupation_group,Δεν εργάζομαι,Ελληνική Λύση,3.8062,11,289,360,289.0,medium,ok,True
SURVEY_08,δειγμαΤελικο9_2018.sav,2018-09-01 00:00:00,2018.0,9.0,Q3,2018-Q3,auto_from_sav_date_column:Vdatesub,True,occupation_group,Δεν εργάζομαι,ΚΚΕ,3.4602,10,289,360,289.0,medium,ok,True
SURVEY_08,δειγμαΤελικο9_2018.sav,2018-09-01 00:00:00,2018.0,9.0,Q3,2018-Q3,auto_from_sav_date_column:Vdatesub,True,occupation_group,Δεν εργάζομαι,ΜέΡΑ25,1.3841,4,289,360,289.0,medium,ok,True
SURVEY_08,δειγμαΤελικο9_2018.sav,2018-09-01 00:00:00,2018.0,9.0,Q3,2018-Q3,auto_from_sav_date_column:Vdatesub,True,occupation_group,Δεν εργάζομαι,ΝΔ,35.9862,104,289,360,289.0,medium,ok,True
SURVEY_08,δειγμαΤελικο9_2018.sav,2018-09-01 00:00:00,2018.0,9.0,Q3,2018-Q3,auto_from_sav_date_column:Vdatesub,True,occupation_group,Δεν εργάζομαι,ΠΑΣΟΚ/ΚΙΝΑΛ,6.9204,20,289,360,289.0,medium,ok,True
SURVEY_08,δειγμαΤελικο9_2018.sav,2018-09-01 00:00:00,2018.0,9.0,Q3,2018-Q3,auto_from_sav_date_column:Vdatesub,True,occupation_group,Δεν εργάζομαι,Πλεύση Ελευθερίας,2.0761,6,289,360,289.0,medium,ok,True
SURVEY_08,δειγμαΤελικο9_2018.sav,2018-09-01 00:00:00,2018.0,9.0,Q3,2018-Q3,auto_from_sav_date_column:Vdatesub,True,occupation_group,Δεν εργάζομαι,ΣΥΡΙΖΑ,26.9896,78,289,360,289.0,medium,ok,True
SURVEY_08,δειγμαΤελικο9_2018.sav,2018-09-01 00:00:00,2018.0,9.0,Q3,2018-Q3,auto_from_sav_date_column:Vdatesub,True,occupation_group,Δεν εργάζομαι,Χρυσή Αυγή,10.3806,30,289,360,289.0,medium,ok,True
SURVEY_08,δειγμαΤελικο9_2018.sav,2018-09-01 00:00:00,2018.0,9.0,Q3,2018-Q3,auto_from_sav_date_column:Vdatesub,True,left_right_group,center,other_party,5.9701,28,469,585,469.0,high,ok,True
SURVEY_08,δειγμαΤελικο9_2018.sav,2018-09-01 00:00:00,2018.0,9.0,Q3,2018-Q3,auto_from_sav_date_column:Vdatesub,True,left_right_group,center,Ένωση Κεντρώων,1.919,9,469,585,469.0,high,ok,True
SURVEY_08,δειγμαΤελικο9_2018.sav,2018-09-01 00:00:00,2018.0,9.0,Q3,2018-Q3,auto_from_sav_date_column:Vdatesub,True,left_right_group,center,ΑΝΕΛ,0.6397,3,469,585,469.0,high,ok,True
SURVEY_08,δειγμαΤελικο9_2018.sav,2018-09-01 00:00:00,2018.0,9.0,Q3,2018-Q3,auto_from_sav_date_column:Vdatesub,True,left_right_group,center,Ελληνική Λύση,2.3454,11,469,585,469.0,high,ok,True
SURVEY_08,δειγμαΤελικο9_2018.sav,2018-09-01 00:00:00,2018.0,9.0,Q3,2018-Q3,auto_from_sav_date_column:Vdatesub,True,left_right_group,center,ΚΚΕ,0.8529,4,469,585,469.0,high,ok,True
SURVEY_08,δειγμαΤελικο9_2018.sav,2018-09-01 00:00:00,2018.0,9.0,Q3,2018-Q3,auto_from_sav_date_column:Vdatesub,True,left_right_group,center,ΜέΡΑ25,2.3454,11,469,585,469.0,high,ok,True
SURVEY_08,δειγμαΤελικο9_2018.sav,2018-09-01 00:00:00,2018.0,9.0,Q3,2018-Q3,auto_from_sav_date_column:Vdatesub,True,left_right_group,center,ΝΔ,40.7249,191,469,585,469.0,high,ok,True
SURVEY_08,δειγμαΤελικο9_2018.sav,2018-09-01 00:00:00,2018.0,9.0,Q3,2018-Q3,auto_from_sav_date_column:Vdatesub,True,left_right_group,center,ΠΑΣΟΚ/ΚΙΝΑΛ,7.8891,37,469,585,469.0,high,ok,True
SURVEY_08,δειγμαΤελικο9_2018.sav,2018-09-01 00:00:00,2018.0,9.0,Q3,2018-Q3,auto_from_sav_date_column:Vdatesub,True,left_right_group,center,Πλεύση Ελευθερίας,2.1322,10,469,585,469.0,high,ok,True
SURVEY_08,δειγμαΤελικο9_2018.sav,2018-09-01 00:00:00,2018.0,9.0,Q3,2018-Q3,auto_from_sav_date_column:Vdatesub,True,left_right_group,center,Ποτάμι,0.4264,2,469,585,469.0,high,ok,True
SURVEY_08,δειγμαΤελικο9_2018.sav,2018-09-01 00:00:00,2018.0,9.0,Q3,2018-Q3,auto_from_sav_date_column:Vdatesub,True,left_right_group,center,ΣΥΡΙΖΑ,29.6375,139,469,585,469.0,high,ok,True
SURVEY_08,δειγμαΤελικο9_2018.sav,2018-09-01 00:00:00,2018.0,9.0,Q3,2018-Q3,auto_from_sav_date_column:Vdatesub,True,left_right_group,center,Χρυσή Αυγή,5.1173,24,469,585,469.0,high,ok,True
SURVEY_08,δειγμαΤελικο9_2018.sav,2018-09-01 00:00:00,2018.0,9.0,Q3,2018-Q3,auto_from_sav_date_column:Vdatesub,True,left_right_group,left,other_party,5.1813,10,193,203,193.0,medium,ok,True
SURVEY_08,δειγμαΤελικο9_2018.sav,2018-09-01 00:00:00,2018.0,9.0,Q3,2018-Q3,auto_from_sav_date_column:Vdatesub,True,left_right_group,left,ΚΚΕ,21.2435,41,193,203,193.0,medium,ok,True
SURVEY_08,δειγμαΤελικο9_2018.sav,2018-09-01 00:00:00,2018.0,9.0,Q3,2018-Q3,auto_from_sav_date_column:Vdatesub,True,left_right_group,left,ΜέΡΑ25,3.1088,6,193,203,193.0,medium,ok,True
SURVEY_08,δειγμαΤελικο9_2018.sav,2018-09-01 00:00:00,2018.0,9.0,Q3,2018-Q3,auto_from_sav_date_column:Vdatesub,True,left_right_group,left,ΝΔ,2.0725,4,193,203,193.0,medium,ok,True
SURVEY_08,δειγμαΤελικο9_2018.sav,2018-09-01 00:00:00,2018.0,9.0,Q3,2018-Q3,auto_from_sav_date_column:Vdatesub,True,left_right_group,left,ΠΑΣΟΚ/ΚΙΝΑΛ,1.0363,2,193,203,193.0,medium,ok,True
SURVEY_08,δειγμαΤελικο9_2018.sav,2018-09-01 00:00:00,2018.0,9.0,Q3,2018-Q3,auto_from_sav_date_column:Vdatesub,True,left_right_group,left,Πλεύση Ελευθερίας,1.5544,3,193,203,193.0,medium,ok,True
SURVEY_08,δειγμαΤελικο9_2018.sav,2018-09-01 00:00:00,2018.0,9.0,Q3,2018-Q3,auto_from_sav_date_column:Vdatesub,True,left_right_group,left,ΣΥΡΙΖΑ,65.285,126,193,203,193.0,medium,ok,True
SURVEY_08,δειγμαΤελικο9_2018.sav,2018-09-01 00:00:00,2018.0,9.0,Q3,2018-Q3,auto_from_sav_date_column:Vdatesub,True,left_right_group,left,Χρυσή Αυγή,0.5181,1,193,203,193.0,medium,ok,True
SURVEY_08,δειγμαΤελικο9_2018.sav,2018-09-01 00:00:00,2018.0,9.0,Q3,2018-Q3,auto_from_sav_date_column:Vdatesub,True,left_right_group,right,other_party,4.6392,9,194,207,194.0,medium,ok,True
SURVEY_08,δειγμαΤελικο9_2018.sav,2018-09-01 00:00:00,2018.0,9.0,Q3,2018-Q3,auto_from_sav_date_column:Vdatesub,True,left_right_group,right,Ένωση Κεντρώων,1.0309,2,194,207,194.0,medium,ok,True
SURVEY_08,δειγμαΤελικο9_2018.sav,2018-09-01 00:00:00,2018.0,9.0,Q3,2018-Q3,auto_from_sav_date_column:Vdatesub,True,left_right_group,right,ΑΝΕΛ,0.5155,1,194,207,194.0,medium,ok,True
SURVEY_08,δειγμαΤελικο9_2018.sav,2018-09-01 00:00:00,2018.0,9.0,Q3,2018-Q3,auto_from_sav_date_column:Vdatesub,True,left_right_group,right,Ελληνική Λύση,7.732,15,194,207,194.0,medium,ok,True
SURVEY_08,δειγμαΤελικο9_2018.sav,2018-09-01 00:00:00,2018.0,9.0,Q3,2018-Q3,auto_from_sav_date_column:Vdatesub,True,left_right_group,right,ΚΚΕ,0.5155,1,194,207,194.0,medium,ok,True
SURVEY_08,δειγμαΤελικο9_2018.sav,2018-09-01 00:00:00,2018.0,9.0,Q3,2018-Q3,auto_from_sav_date_column:Vdatesub,True,left_right_group,right,ΝΔ,60.8247,118,194,207,194.0,medium,ok,True
SURVEY_08,δειγμαΤελικο9_2018.sav,2018-09-01 00:00:00,2018.0,9.0,Q3,2018-Q3,auto_from_sav_date_column:Vdatesub,True,left_right_group,right,ΠΑΣΟΚ/ΚΙΝΑΛ,0.5155,1,194,207,194.0,medium,ok,True
SURVEY_08,δειγμαΤελικο9_2018.sav,2018-09-01 00:00:00,2018.0,9.0,Q3,2018-Q3,auto_from_sav_date_column:Vdatesub,True,left_right_group,right,ΣΥΡΙΖΑ,3.0928,6,194,207,194.0,medium,ok,True
SURVEY_08,δειγμαΤελικο9_2018.sav,2018-09-01 00:00:00,2018.0,9.0,Q3,2018-Q3,auto_from_sav_date_column:Vdatesub,True,left_right_group,right,Χρυσή Αυγή,21.134,41,194,207,194.0,medium,ok,True
SURVEY_08,δειγμαΤελικο9_2018.sav,2018-09-01 00:00:00,2018.0,9.0,Q3,2018-Q3,auto_from_sav_date_column:Vdatesub,True,previous_vote_party,other_party,other_party,18.7097,29,155,192,155.0,medium,ok,True
SURVEY_08,δειγμαΤελικο9_2018.sav,2018-09-01 00:00:00,2018.0,9.0,Q3,2018-Q3,auto_from_sav_date_column:Vdatesub,True,previous_vote_party,other_party,Ένωση Κεντρώων,0.6452,1,155,192,155.0,medium,ok,True
SURVEY_08,δειγμαΤελικο9_2018.sav,2018-09-01 00:00:00,2018.0,9.0,Q3,2018-Q3,auto_from_sav_date_column:Vdatesub,True,previous_vote_party,other_party,Ελληνική Λύση,5.1613,8,155,192,155.0,medium,ok,True
SURVEY_08,δειγμαΤελικο9_2018.sav,2018-09-01 00:00:00,2018.0,9.0,Q3,2018-Q3,auto_from_sav_date_column:Vdatesub,True,previous_vote_party,other_party,ΚΚΕ,3.2258,5,155,192,155.0,medium,ok,True
SURVEY_08,δειγμαΤελικο9_2018.sav,2018-09-01 00:00:00,2018.0,9.0,Q3,2018-Q3,auto_from_sav_date_column:Vdatesub,True,previous_vote_party,other_party,ΜέΡΑ25,5.1613,8,155,192,155.0,medium,ok,True
SURVEY_08,δειγμαΤελικο9_2018.sav,2018-09-01 00:00:00,2018.0,9.0,Q3,2018-Q3,auto_from_sav_date_column:Vdatesub,True,previous_vote_party,other_party,ΝΔ,21.2903,33,155,192,155.0,medium,ok,True
SURVEY_08,δειγμαΤελικο9_2018.sav,2018-09-01 00:00:00,2018.0,9.0,Q3,2018-Q3,auto_from_sav_date_column:Vdatesub,True,previous_vote_party,other_party,ΠΑΣΟΚ/ΚΙΝΑΛ,16.129,25,155,192,155.0,medium,ok,True
SURVEY_08,δειγμαΤελικο9_2018.sav,2018-09-01 00:00:00,2018.0,9.0,Q3,2018-Q3,auto_from_sav_date_column:Vdatesub,True,previous_vote_party,other_party,Πλεύση Ελευθερίας,3.871,6,155,192,155.0,medium,ok,True
SURVEY_08,δειγμαΤελικο9_2018.sav,2018-09-01 00:00:00,2018.0,9.0,Q3,2018-Q3,auto_from_sav_date_column:Vdatesub,True,previous_vote_party,other_party,ΣΥΡΙΖΑ,22.5806,35,155,192,155.0,medium,ok,True
SURVEY_08,δειγμαΤελικο9_2018.sav,2018-09-01 00:00:00,2018.0,9.0,Q3,2018-Q3,auto_from_sav_date_column:Vdatesub,True,previous_vote_party,other_party,Χρυσή Αυγή,3.2258,5,155,192,155.0,medium,ok,True
SURVEY_08,δειγμαΤελικο9_2018.sav,2018-09-01 00:00:00,2018.0,9.0,Q3,2018-Q3,auto_from_sav_date_column:Vdatesub,True,previous_vote_party,Ένωση Κεντρώων,other_party,14.2857,2,14,19,14.0,low,ok,False
SURVEY_08,δειγμαΤελικο9_2018.sav,2018-09-01 00:00:00,2018.0,9.0,Q3,2018-Q3,auto_from_sav_date_column:Vdatesub,True,previous_vote_party,Ένωση Κεντρώων,Ένωση Κεντρώων,28.5714,4,14,19,14.0,low,ok,False
SURVEY_08,δειγμαΤελικο9_2018.sav,2018-09-01 00:00:00,2018.0,9.0,Q3,2018-Q3,auto_from_sav_date_column:Vdatesub,True,previous_vote_party,Ένωση Κεντρώων,Ελληνική Λύση,7.1429,1,14,19,14.0,low,ok,False
SURVEY_08,δειγμαΤελικο9_2018.sav,2018-09-01 00:00:00,2018.0,9.0,Q3,2018-Q3,auto_from_sav_date_column:Vdatesub,True,previous_vote_party,Ένωση Κεντρώων,ΜέΡΑ25,7.1429,1,14,19,14.0,low,ok,False
SURVEY_08,δειγμαΤελικο9_2018.sav,2018-09-01 00:00:00,2018.0,9.0,Q3,2018-Q3,auto_from_sav_date_column:Vdatesub,True,previous_vote_party,Ένωση Κεντρώων,ΝΔ,21.4286,3,14,19,14.0,low,ok,False
SURVEY_08,δειγμαΤελικο9_2018.sav,2018-09-01 00:00:00,2018.0,9.0,Q3,2018-Q3,auto_from_sav_date_column:Vdatesub,True,previous_vote_party,Ένωση Κεντρώων,ΣΥΡΙΖΑ,7.1429,1,14,19,14.0,low,ok,False
SURVEY_08,δειγμαΤελικο9_2018.sav,2018-09-01 00:00:00,2018.0,9.0,Q3,2018-Q3,auto_from_sav_date_column:Vdatesub,True,previous_vote_party,Ένωση Κεντρώων,Χρυσή Αυγή,14.2857,2,14,19,14.0,low,ok,False
SURVEY_08,δειγμαΤελικο9_2018.sav,2018-09-01 00:00:00,2018.0,9.0,Q3,2018-Q3,auto_from_sav_date_column:Vdatesub,True,previous_vote_party,ΑΝΕΛ,other_party,8.3333,3,36,41,36.0,low,ok,True
SURVEY_08,δειγμαΤελικο9_2018.sav,2018-09-01 00:00:00,2018.0,9.0,Q3,2018-Q3,auto_from_sav_date_column:Vdatesub,True,previous_vote_party,ΑΝΕΛ,Ένωση Κεντρώων,5.5556,2,36,41,36.0,low,ok,True
SURVEY_08,δειγμαΤελικο9_2018.sav,2018-09-01 00:00:00,2018.0,9.0,Q3,2018-Q3,auto_from_sav_date_column:Vdatesub,True,previous_vote_party,ΑΝΕΛ,ΑΝΕΛ,5.5556,2,36,41,36.0,low,ok,True
SURVEY_08,δειγμαΤελικο9_2018.sav,2018-09-01 00:00:00,2018.0,9.0,Q3,2018-Q3,auto_from_sav_date_column:Vdatesub,True,previous_vote_party,ΑΝΕΛ,Ελληνική Λύση,16.6667,6,36,41,36.0,low,ok,True
SURVEY_08,δειγμαΤελικο9_2018.sav,2018-09-01 00:00:00,2018.0,9.0,Q3,2018-Q3,auto_from_sav_date_column:Vdatesub,True,previous_vote_party,ΑΝΕΛ,ΜέΡΑ25,2.7778,1,36,41,36.0,low,ok,True
SURVEY_08,δειγμαΤελικο9_2018.sav,2018-09-01 00:00:00,2018.0,9.0,Q3,2018-Q3,auto_from_sav_date_column:Vdatesub,True,previous_vote_party,ΑΝΕΛ,ΝΔ,33.3333,12,36,41,36.0,low,ok,True
SURVEY_08,δειγμαΤελικο9_2018.sav,2018-09-01 00:00:00,2018.0,9.0,Q3,2018-Q3,auto_from_sav_date_column:Vdatesub,True,previous_vote_party,ΑΝΕΛ,Πλεύση Ελευθερίας,2.7778,1,36,41,36.0,low,ok,True
SURVEY_08,δειγμαΤελικο9_2018.sav,2018-09-01 00:00:00,2018.0,9.0,Q3,2018-Q3,auto_from_sav_date_column:Vdatesub,True,previous_vote_party,ΑΝΕΛ,ΣΥΡΙΖΑ,16.6667,6,36,41,36.0,low,ok,True
SURVEY_08,δειγμαΤελικο9_2018.sav,2018-09-01 00:00:00,2018.0,9.0,Q3,2018-Q3,auto_from_sav_date_column:Vdatesub,True,previous_vote_party,ΑΝΕΛ,Χρυσή Αυγή,8.3333,3,36,41,36.0,low,ok,True
SURVEY_08,δειγμαΤελικο9_2018.sav,2018-09-01 00:00:00,2018.0,9.0,Q3,2018-Q3,auto_from_sav_date_column:Vdatesub,True,previous_vote_party,ΚΚΕ,other_party,7.2727,4,55,56,55.0,low,ok,True
SURVEY_08,δειγμαΤελικο9_2018.sav,2018-09-01 00:00:00,2018.0,9.0,Q3,2018-Q3,auto_from_sav_date_column:Vdatesub,True,previous_vote_party,ΚΚΕ,ΚΚΕ,67.2727,37,55,56,55.0,low,ok,True
SURVEY_08,δειγμαΤελικο9_2018.sav,2018-09-01 00:00:00,2018.0,9.0,Q3,2018-Q3,auto_from_sav_date_column:Vdatesub,True,previous_vote_party,ΚΚΕ,ΜέΡΑ25,1.8182,1,55,56,55.0,low,ok,True
SURVEY_08,δειγμαΤελικο9_2018.sav,2018-09-01 00:00:00,2018.0,9.0,Q3,2018-Q3,auto_from_sav_date_column:Vdatesub,True,previous_vote_party,ΚΚΕ,ΝΔ,3.6364,2,55,56,55.0,low,ok,True
SURVEY_08,δειγμαΤελικο9_2018.sav,2018-09-01 00:00:00,2018.0,9.0,Q3,2018-Q3,auto_from_sav_date_column:Vdatesub,True,previous_vote_party,ΚΚΕ,ΠΑΣΟΚ/ΚΙΝΑΛ,1.8182,1,55,56,55.0,low,ok,True
SURVEY_08,δειγμαΤελικο9_2018.sav,2018-09-01 00:00:00,2018.0,9.0,Q3,2018-Q3,auto_from_sav_date_column:Vdatesub,True,previous_vote_party,ΚΚΕ,Πλεύση Ελευθερίας,1.8182,1,55,56,55.0,low,ok,True
SURVEY_08,δειγμαΤελικο9_2018.sav,2018-09-01 00:00:00,2018.0,9.0,Q3,2018-Q3,auto_from_sav_date_column:Vdatesub,True,previous_vote_party,ΚΚΕ,ΣΥΡΙΖΑ,16.3636,9,55,56,55.0,low,ok,True
SURVEY_08,δειγμαΤελικο9_2018.sav,2018-09-01 00:00:00,2018.0,9.0,Q3,2018-Q3,auto_from_sav_date_column:Vdatesub,True,previous_vote_party,ΝΔ,other_party,1.6736,4,239,249,239.0,medium,ok,True
SURVEY_08,δειγμαΤελικο9_2018.sav,2018-09-01 00:00:00,2018.0,9.0,Q3,2018-Q3,auto_from_sav_date_column:Vdatesub,True,previous_vote_party,ΝΔ,Ένωση Κεντρώων,0.4184,1,239,249,239.0,medium,ok,True
SURVEY_08,δειγμαΤελικο9_2018.sav,2018-09-01 00:00:00,2018.0,9.0,Q3,2018-Q3,auto_from_sav_date_column:Vdatesub,True,previous_vote_party,ΝΔ,ΑΝΕΛ,0.4184,1,239,249,239.0,medium,ok,True
SURVEY_08,δειγμαΤελικο9_2018.sav,2018-09-01 00:00:00,2018.0,9.0,Q3,2018-Q3,auto_from_sav_date_column:Vdatesub,True,previous_vote_party,ΝΔ,Ελληνική Λύση,0.8368,2,239,249,239.0,medium,ok,True
SURVEY_08,δειγμαΤελικο9_2018.sav,2018-09-01 00:00:00,2018.0,9.0,Q3,2018-Q3,auto_from_sav_date_column:Vdatesub,True,previous_vote_party,ΝΔ,ΚΚΕ,0.8368,2,239,249,239.0,medium,ok,True
SURVEY_08,δειγμαΤελικο9_2018.sav,2018-09-01 00:00:00,2018.0,9.0,Q3,2018-Q3,auto_from_sav_date_column:Vdatesub,True,previous_vote_party,ΝΔ,ΝΔ,81.1715,194,239,249,239.0,medium,ok,True
SURVEY_08,δειγμαΤελικο9_2018.sav,2018-09-01 00:00:00,2018.0,9.0,Q3,2018-Q3,auto_from_sav_date_column:Vdatesub,True,previous_vote_party,ΝΔ,ΠΑΣΟΚ/ΚΙΝΑΛ,0.4184,1,239,249,239.0,medium,ok,True
SURVEY_08,δειγμαΤελικο9_2018.sav,2018-09-01 00:00:00,2018.0,9.0,Q3,2018-Q3,auto_from_sav_date_column:Vdatesub,True,previous_vote_party,ΝΔ,ΣΥΡΙΖΑ,11.7155,28,239,249,239.0,medium,ok,True
SURVEY_08,δειγμαΤελικο9_2018.sav,2018-09-01 00:00:00,2018.0,9.0,Q3,2018-Q3,auto_from_sav_date_column:Vdatesub,True,previous_vote_party,ΝΔ,Χρυσή Αυγή,2.5105,6,239,249,239.0,medium,ok,True
SURVEY_08,δειγμαΤελικο9_2018.sav,2018-09-01 00:00:00,2018.0,9.0,Q3,2018-Q3,auto_from_sav_date_column:Vdatesub,True,previous_vote_party,Ποτάμι,ΝΔ,50.0,13,26,33,26.0,low,ok,False
SURVEY_08,δειγμαΤελικο9_2018.sav,2018-09-01 00:00:00,2018.0,9.0,Q3,2018-Q3,auto_from_sav_date_column:Vdatesub,True,previous_vote_party,Ποτάμι,ΠΑΣΟΚ/ΚΙΝΑΛ,7.6923,2,26,33,26.0,low,ok,False
SURVEY_08,δειγμαΤελικο9_2018.sav,2018-09-01 00:00:00,2018.0,9.0,Q3,2018-Q3,auto_from_sav_date_column:Vdatesub,True,previous_vote_party,Ποτάμι,Ποτάμι,7.6923,2,26,33,26.0,low,ok,False
SURVEY_08,δειγμαΤελικο9_2018.sav,2018-09-01 00:00:00,2018.0,9.0,Q3,2018-Q3,auto_from_sav_date_column:Vdatesub,True,previous_vote_party,Ποτάμι,ΣΥΡΙΖΑ,34.6154,9,26,33,26.0,low,ok,False
SURVEY_08,δειγμαΤελικο9_2018.sav,2018-09-01 00:00:00,2018.0,9.0,Q3,2018-Q3,auto_from_sav_date_column:Vdatesub,True,previous_vote_party,ΣΥΡΙΖΑ,other_party,3.6765,10,272,316,272.0,medium,ok,True
SURVEY_08,δειγμαΤελικο9_2018.sav,2018-09-01 00:00:00,2018.0,9.0,Q3,2018-Q3,auto_from_sav_date_column:Vdatesub,True,previous_vote_party,ΣΥΡΙΖΑ,Ένωση Κεντρώων,0.7353,2,272,316,272.0,medium,ok,True
SURVEY_08,δειγμαΤελικο9_2018.sav,2018-09-01 00:00:00,2018.0,9.0,Q3,2018-Q3,auto_from_sav_date_column:Vdatesub,True,previous_vote_party,ΣΥΡΙΖΑ,ΑΝΕΛ,0.3676,1,272,316,272.0,medium,ok,True
SURVEY_08,δειγμαΤελικο9_2018.sav,2018-09-01 00:00:00,2018.0,9.0,Q3,2018-Q3,auto_from_sav_date_column:Vdatesub,True,previous_vote_party,ΣΥΡΙΖΑ,Ελληνική Λύση,1.8382,5,272,316,272.0,medium,ok,True
SURVEY_08,δειγμαΤελικο9_2018.sav,2018-09-01 00:00:00,2018.0,9.0,Q3,2018-Q3,auto_from_sav_date_column:Vdatesub,True,previous_vote_party,ΣΥΡΙΖΑ,ΚΚΕ,1.1029,3,272,316,272.0,medium,ok,True
SURVEY_08,δειγμαΤελικο9_2018.sav,2018-09-01 00:00:00,2018.0,9.0,Q3,2018-Q3,auto_from_sav_date_column:Vdatesub,True,previous_vote_party,ΣΥΡΙΖΑ,ΜέΡΑ25,1.8382,5,272,316,272.0,medium,ok,True
SURVEY_08,δειγμαΤελικο9_2018.sav,2018-09-01 00:00:00,2018.0,9.0,Q3,2018-Q3,auto_from_sav_date_column:Vdatesub,True,previous_vote_party,ΣΥΡΙΖΑ,ΝΔ,14.7059,40,272,316,272.0,medium,ok,True
SURVEY_08,δειγμαΤελικο9_2018.sav,2018-09-01 00:00:00,2018.0,9.0,Q3,2018-Q3,auto_from_sav_date_column:Vdatesub,True,previous_vote_party,ΣΥΡΙΖΑ,ΠΑΣΟΚ/ΚΙΝΑΛ,3.6765,10,272,316,272.0,medium,ok,True
SURVEY_08,δειγμαΤελικο9_2018.sav,2018-09-01 00:00:00,2018.0,9.0,Q3,2018-Q3,auto_from_sav_date_column:Vdatesub,True,previous_vote_party,ΣΥΡΙΖΑ,Πλεύση Ελευθερίας,1.1029,3,272,316,272.0,medium,ok,True
SURVEY_08,δειγμαΤελικο9_2018.sav,2018-09-01 00:00:00,2018.0,9.0,Q3,2018-Q3,auto_from_sav_date_column:Vdatesub,True,previous_vote_party,ΣΥΡΙΖΑ,ΣΥΡΙΖΑ,66.9118,182,272,316,272.0,medium,ok,True
SURVEY_08,δειγμαΤελικο9_2018.sav,2018-09-01 00:00:00,2018.0,9.0,Q3,2018-Q3,auto_from_sav_date_column:Vdatesub,True,previous_vote_party,ΣΥΡΙΖΑ,Χρυσή Αυγή,4.0441,11,272,316,272.0,medium,ok,True
SURVEY_08,δειγμαΤελικο9_2018.sav,2018-09-01 00:00:00,2018.0,9.0,Q3,2018-Q3,auto_from_sav_date_column:Vdatesub,True,previous_vote_party,Χρυσή Αυγή,other_party,7.1429,4,56,61,56.0,low,ok,True
SURVEY_08,δειγμαΤελικο9_2018.sav,2018-09-01 00:00:00,2018.0,9.0,Q3,2018-Q3,auto_from_sav_date_column:Vdatesub,True,previous_vote_party,Χρυσή Αυγή,Ελληνική Λύση,3.5714,2,56,61,56.0,low,ok,True
SURVEY_08,δειγμαΤελικο9_2018.sav,2018-09-01 00:00:00,2018.0,9.0,Q3,2018-Q3,auto_from_sav_date_column:Vdatesub,True,previous_vote_party,Χρυσή Αυγή,ΝΔ,8.9286,5,56,61,56.0,low,ok,True
SURVEY_08,δειγμαΤελικο9_2018.sav,2018-09-01 00:00:00,2018.0,9.0,Q3,2018-Q3,auto_from_sav_date_column:Vdatesub,True,previous_vote_party,Χρυσή Αυγή,Χρυσή Αυγή,80.3571,45,56,61,56.0,low,ok,True
SURVEY_08,δειγμαΤελικο9_2018.sav,2018-09-01 00:00:00,2018.0,9.0,Q3,2018-Q3,auto_from_sav_date_column:Vdatesub,True,region_group,01,ΝΔ,42.8571,3,7,8,7.0,low,ok,False
SURVEY_08,δειγμαΤελικο9_2018.sav,2018-09-01 00:00:00,2018.0,9.0,Q3,2018-Q3,auto_from_sav_date_column:Vdatesub,True,region_group,01,ΠΑΣΟΚ/ΚΙΝΑΛ,14.2857,1,7,8,7.0,low,ok,False
SURVEY_08,δειγμαΤελικο9_2018.sav,2018-09-01 00:00:00,2018.0,9.0,Q3,2018-Q3,auto_from_sav_date_column:Vdatesub,True,region_group,01,ΣΥΡΙΖΑ,14.2857,1,7,8,7.0,low,ok,False
SURVEY_08,δειγμαΤελικο9_2018.sav,2018-09-01 00:00:00,2018.0,9.0,Q3,2018-Q3,auto_from_sav_date_column:Vdatesub,True,region_group,01,Χρυσή Αυγή,28.5714,2,7,8,7.0,low,ok,False
SURVEY_08,δειγμαΤελικο9_2018.sav,2018-09-01 00:00:00,2018.0,9.0,Q3,2018-Q3,auto_from_sav_date_column:Vdatesub,True,region_group,02,ΝΔ,50.0,1,2,2,2.0,low,ok,False
SURVEY_08,δειγμαΤελικο9_2018.sav,2018-09-01 00:00:00,2018.0,9.0,Q3,2018-Q3,auto_from_sav_date_column:Vdatesub,True,region_group,02,ΣΥΡΙΖΑ,50.0,1,2,2,2.0,low,ok,False
SURVEY_08,δειγμαΤελικο9_2018.sav,2018-09-01 00:00:00,2018.0,9.0,Q3,2018-Q3,auto_from_sav_date_column:Vdatesub,True,region_group,03,other_party,33.3333,1,3,3,3.0,low,ok,False
SURVEY_08,δειγμαΤελικο9_2018.sav,2018-09-01 00:00:00,2018.0,9.0,Q3,2018-Q3,auto_from_sav_date_column:Vdatesub,True,region_group,03,ΣΥΡΙΖΑ,33.3333,1,3,3,3.0,low,ok,False
SURVEY_08,δειγμαΤελικο9_2018.sav,2018-09-01 00:00:00,2018.0,9.0,Q3,2018-Q3,auto_from_sav_date_column:Vdatesub,True,region_group,03,Χρυσή Αυγή,33.3333,1,3,3,3.0,low,ok,False
SURVEY_08,δειγμαΤελικο9_2018.sav,2018-09-01 00:00:00,2018.0,9.0,Q3,2018-Q3,auto_from_sav_date_column:Vdatesub,True,region_group,04,ΜέΡΑ25,50.0,1,2,2,2.0,low,ok,False
SURVEY_08,δειγμαΤελικο9_2018.sav,2018-09-01 00:00:00,2018.0,9.0,Q3,2018-Q3,auto_from_sav_date_column:Vdatesub,True,region_group,04,ΣΥΡΙΖΑ,50.0,1,2,2,2.0,low,ok,False
SURVEY_08,δειγμαΤελικο9_2018.sav,2018-09-01 00:00:00,2018.0,9.0,Q3,2018-Q3,auto_from_sav_date_column:Vdatesub,True,region_group,05,ΝΔ,100.0,1,1,1,1.0,low,ok,False
SURVEY_08,δειγμαΤελικο9_2018.sav,2018-09-01 00:00:00,2018.0,9.0,Q3,2018-Q3,auto_from_sav_date_column:Vdatesub,True,region_group,06,ΝΔ,50.0,1,2,2,2.0,low,ok,False
SURVEY_08,δειγμαΤελικο9_2018.sav,2018-09-01 00:00:00,2018.0,9.0,Q3,2018-Q3,auto_from_sav_date_column:Vdatesub,True,region_group,06,ΣΥΡΙΖΑ,50.0,1,2,2,2.0,low,ok,False
SURVEY_08,δειγμαΤελικο9_2018.sav,2018-09-01 00:00:00,2018.0,9.0,Q3,2018-Q3,auto_from_sav_date_column:Vdatesub,True,region_group,07,ΑΝΕΛ,14.2857,1,7,9,7.0,low,ok,False
SURVEY_08,δειγμαΤελικο9_2018.sav,2018-09-01 00:00:00,2018.0,9.0,Q3,2018-Q3,auto_from_sav_date_column:Vdatesub,True,region_group,07,ΜέΡΑ25,14.2857,1,7,9,7.0,low,ok,False
SURVEY_08,δειγμαΤελικο9_2018.sav,2018-09-01 00:00:00,2018.0,9.0,Q3,2018-Q3,auto_from_sav_date_column:Vdatesub,True,region_group,07,ΝΔ,28.5714,2,7,9,7.0,low,ok,False
SURVEY_08,δειγμαΤελικο9_2018.sav,2018-09-01 00:00:00,2018.0,9.0,Q3,2018-Q3,auto_from_sav_date_column:Vdatesub,True,region_group,07,ΣΥΡΙΖΑ,14.2857,1,7,9,7.0,low,ok,False
SURVEY_08,δειγμαΤελικο9_2018.sav,2018-09-01 00:00:00,2018.0,9.0,Q3,2018-Q3,auto_from_sav_date_column:Vdatesub,True,region_group,07,Χρυσή Αυγή,28.5714,2,7,9,7.0,low,ok,False
SURVEY_08,δειγμαΤελικο9_2018.sav,2018-09-01 00:00:00,2018.0,9.0,Q3,2018-Q3,auto_from_sav_date_column:Vdatesub,True,region_group,09,Ένωση Κεντρώων,50.0,1,2,2,2.0,low,ok,False
SURVEY_08,δειγμαΤελικο9_2018.sav,2018-09-01 00:00:00,2018.0,9.0,Q3,2018-Q3,auto_from_sav_date_column:Vdatesub,True,region_group,09,ΣΥΡΙΖΑ,50.0,1,2,2,2.0,low,ok,False
SURVEY_08,δειγμαΤελικο9_2018.sav,2018-09-01 00:00:00,2018.0,9.0,Q3,2018-Q3,auto_from_sav_date_column:Vdatesub,True,region_group,11,ΜέΡΑ25,14.2857,1,7,8,7.0,low,ok,False
SURVEY_08,δειγμαΤελικο9_2018.sav,2018-09-01 00:00:00,2018.0,9.0,Q3,2018-Q3,auto_from_sav_date_column:Vdatesub,True,region_group,11,ΝΔ,57.1429,4,7,8,7.0,low,ok,False
SURVEY_08,δειγμαΤελικο9_2018.sav,2018-09-01 00:00:00,2018.0,9.0,Q3,2018-Q3,auto_from_sav_date_column:Vdatesub,True,region_group,11,ΣΥΡΙΖΑ,28.5714,2,7,8,7.0,low,ok,False
SURVEY_08,δειγμαΤελικο9_2018.sav,2018-09-01 00:00:00,2018.0,9.0,Q3,2018-Q3,auto_from_sav_date_column:Vdatesub,True,region_group,12,ΜέΡΑ25,33.3333,1,3,3,3.0,low,ok,False
SURVEY_08,δειγμαΤελικο9_2018.sav,2018-09-01 00:00:00,2018.0,9.0,Q3,2018-Q3,auto_from_sav_date_column:Vdatesub,True,region_group,12,ΝΔ,33.3333,1,3,3,3.0,low,ok,False
SURVEY_08,δειγμαΤελικο9_2018.sav,2018-09-01 00:00:00,2018.0,9.0,Q3,2018-Q3,auto_from_sav_date_column:Vdatesub,True,region_group,12,Χρυσή Αυγή,33.3333,1,3,3,3.0,low,ok,False
SURVEY_08,δειγμαΤελικο9_2018.sav,2018-09-01 00:00:00,2018.0,9.0,Q3,2018-Q3,auto_from_sav_date_column:Vdatesub,True,region_group,13,other_party,6.1069,8,131,158,131.0,medium,ok,True
SURVEY_08,δειγμαΤελικο9_2018.sav,2018-09-01 00:00:00,2018.0,9.0,Q3,2018-Q3,auto_from_sav_date_column:Vdatesub,True,region_group,13,Ένωση Κεντρώων,0.7634,1,131,158,131.0,medium,ok,True
SURVEY_08,δειγμαΤελικο9_2018.sav,2018-09-01 00:00:00,2018.0,9.0,Q3,2018-Q3,auto_from_sav_date_column:Vdatesub,True,region_group,13,ΑΝΕΛ,0.7634,1,131,158,131.0,medium,ok,True
SURVEY_08,δειγμαΤελικο9_2018.sav,2018-09-01 00:00:00,2018.0,9.0,Q3,2018-Q3,auto_from_sav_date_column:Vdatesub,True,region_group,13,Ελληνική Λύση,3.8168,5,131,158,131.0,medium,ok,True
SURVEY_08,δειγμαΤελικο9_2018.sav,2018-09-01 00:00:00,2018.0,9.0,Q3,2018-Q3,auto_from_sav_date_column:Vdatesub,True,region_group,13,ΚΚΕ,4.5802,6,131,158,131.0,medium,ok,True
SURVEY_08,δειγμαΤελικο9_2018.sav,2018-09-01 00:00:00,2018.0,9.0,Q3,2018-Q3,auto_from_sav_date_column:Vdatesub,True,region_group,13,ΜέΡΑ25,0.7634,1,131,158,131.0,medium,ok,True
SURVEY_08,δειγμαΤελικο9_2018.sav,2018-09-01 00:00:00,2018.0,9.0,Q3,2018-Q3,auto_from_sav_date_column:Vdatesub,True,region_group,13,ΝΔ,37.4046,49,131,158,131.0,medium,ok,True
SURVEY_08,δειγμαΤελικο9_2018.sav,2018-09-01 00:00:00,2018.0,9.0,Q3,2018-Q3,auto_from_sav_date_column:Vdatesub,True,region_group,13,ΠΑΣΟΚ/ΚΙΝΑΛ,3.8168,5,131,158,131.0,medium,ok,True
SURVEY_08,δειγμαΤελικο9_2018.sav,2018-09-01 00:00:00,2018.0,9.0,Q3,2018-Q3,auto_from_sav_date_column:Vdatesub,True,region_group,13,Πλεύση Ελευθερίας,3.0534,4,131,158,131.0,medium,ok,True
SURVEY_08,δειγμαΤελικο9_2018.sav,2018-09-01 00:00:00,2018.0,9.0,Q3,2018-Q3,auto_from_sav_date_column:Vdatesub,True,region_group,13,ΣΥΡΙΖΑ,31.2977,41,131,158,131.0,medium,ok,True
SURVEY_08,δειγμαΤελικο9_2018.sav,2018-09-01 00:00:00,2018.0,9.0,Q3,2018-Q3,auto_from_sav_date_column:Vdatesub,True,region_group,13,Χρυσή Αυγή,7.6336,10,131,158,131.0,medium,ok,True
SURVEY_08,δειγμαΤελικο9_2018.sav,2018-09-01 00:00:00,2018.0,9.0,Q3,2018-Q3,auto_from_sav_date_column:Vdatesub,True,region_group,14,other_party,25.0,1,4,4,4.0,low,ok,False
SURVEY_08,δειγμαΤελικο9_2018.sav,2018-09-01 00:00:00,2018.0,9.0,Q3,2018-Q3,auto_from_sav_date_column:Vdatesub,True,region_group,14,ΝΔ,25.0,1,4,4,4.0,low,ok,False
SURVEY_08,δειγμαΤελικο9_2018.sav,2018-09-01 00:00:00,2018.0,9.0,Q3,2018-Q3,auto_from_sav_date_column:Vdatesub,True,region_group,14,ΣΥΡΙΖΑ,25.0,1,4,4,4.0,low,ok,False
SURVEY_08,δειγμαΤελικο9_2018.sav,2018-09-01 00:00:00,2018.0,9.0,Q3,2018-Q3,auto_from_sav_date_column:Vdatesub,True,region_group,14,Χρυσή Αυγή,25.0,1,4,4,4.0,low,ok,False
SURVEY_08,δειγμαΤελικο9_2018.sav,2018-09-01 00:00:00,2018.0,9.0,Q3,2018-Q3,auto_from_sav_date_column:Vdatesub,True,region_group,17,ΣΥΡΙΖΑ,50.0,1,2,2,2.0,low,ok,False
SURVEY_08,δειγμαΤελικο9_2018.sav,2018-09-01 00:00:00,2018.0,9.0,Q3,2018-Q3,auto_from_sav_date_column:Vdatesub,True,region_group,17,Χρυσή Αυγή,50.0,1,2,2,2.0,low,ok,False
SURVEY_08,δειγμαΤελικο9_2018.sav,2018-09-01 00:00:00,2018.0,9.0,Q3,2018-Q3,auto_from_sav_date_column:Vdatesub,True,region_group,20,ΠΑΣΟΚ/ΚΙΝΑΛ,66.6667,2,3,4,3.0,low,ok,False
SURVEY_08,δειγμαΤελικο9_2018.sav,2018-09-01 00:00:00,2018.0,9.0,Q3,2018-Q3,auto_from_sav_date_column:Vdatesub,True,region_group,20,ΣΥΡΙΖΑ,33.3333,1,3,4,3.0,low,ok,False
SURVEY_08,δειγμαΤελικο9_2018.sav,2018-09-01 00:00:00,2018.0,9.0,Q3,2018-Q3,auto_from_sav_date_column:Vdatesub,True,region_group,21,Ελληνική Λύση,28.5714,2,7,9,7.0,low,ok,False
SURVEY_08,δειγμαΤελικο9_2018.sav,2018-09-01 00:00:00,2018.0,9.0,Q3,2018-Q3,auto_from_sav_date_column:Vdatesub,True,region_group,21,ΝΔ,57.1429,4,7,9,7.0,low,ok,False
SURVEY_08,δειγμαΤελικο9_2018.sav,2018-09-01 00:00:00,2018.0,9.0,Q3,2018-Q3,auto_from_sav_date_column:Vdatesub,True,region_group,21,ΣΥΡΙΖΑ,14.2857,1,7,9,7.0,low,ok,False
SURVEY_08,δειγμαΤελικο9_2018.sav,2018-09-01 00:00:00,2018.0,9.0,Q3,2018-Q3,auto_from_sav_date_column:Vdatesub,True,region_group,22,ΚΚΕ,12.5,1,8,9,8.0,low,ok,False
SURVEY_08,δειγμαΤελικο9_2018.sav,2018-09-01 00:00:00,2018.0,9.0,Q3,2018-Q3,auto_from_sav_date_column:Vdatesub,True,region_group,22,ΝΔ,37.5,3,8,9,8.0,low,ok,False
SURVEY_08,δειγμαΤελικο9_2018.sav,2018-09-01 00:00:00,2018.0,9.0,Q3,2018-Q3,auto_from_sav_date_column:Vdatesub,True,region_group,22,ΠΑΣΟΚ/ΚΙΝΑΛ,12.5,1,8,9,8.0,low,ok,False
SURVEY_08,δειγμαΤελικο9_2018.sav,2018-09-01 00:00:00,2018.0,9.0,Q3,2018-Q3,auto_from_sav_date_column:Vdatesub,True,region_group,22,ΣΥΡΙΖΑ,25.0,2,8,9,8.0,low,ok,False
SURVEY_08,δειγμαΤελικο9_2018.sav,2018-09-01 00:00:00,2018.0,9.0,Q3,2018-Q3,auto_from_sav_date_column:Vdatesub,True,region_group,22,Χρυσή Αυγή,12.5,1,8,9,8.0,low,ok,False
SURVEY_08,δειγμαΤελικο9_2018.sav,2018-09-01 00:00:00,2018.0,9.0,Q3,2018-Q3,auto_from_sav_date_column:Vdatesub,True,region_group,24,ΝΔ,66.6667,2,3,6,3.0,low,ok,False
SURVEY_08,δειγμαΤελικο9_2018.sav,2018-09-01 00:00:00,2018.0,9.0,Q3,2018-Q3,auto_from_sav_date_column:Vdatesub,True,region_group,24,Χρυσή Αυγή,33.3333,1,3,6,3.0,low,ok,False
SURVEY_08,δειγμαΤελικο9_2018.sav,2018-09-01 00:00:00,2018.0,9.0,Q3,2018-Q3,auto_from_sav_date_column:Vdatesub,True,region_group,25,other_party,14.2857,1,7,9,7.0,low,ok,False
SURVEY_08,δειγμαΤελικο9_2018.sav,2018-09-01 00:00:00,2018.0,9.0,Q3,2018-Q3,auto_from_sav_date_column:Vdatesub,True,region_group,25,ΠΑΣΟΚ/ΚΙΝΑΛ,14.2857,1,7,9,7.0,low,ok,False
SURVEY_08,δειγμαΤελικο9_2018.sav,2018-09-01 00:00:00,2018.0,9.0,Q3,2018-Q3,auto_from_sav_date_column:Vdatesub,True,region_group,25,ΣΥΡΙΖΑ,71.4286,5,7,9,7.0,low,ok,False
SURVEY_08,δειγμαΤελικο9_2018.sav,2018-09-01 00:00:00,2018.0,9.0,Q3,2018-Q3,auto_from_sav_date_column:Vdatesub,True,region_group,27,ΚΚΕ,33.3333,1,3,4,3.0,low,ok,False
SURVEY_08,δειγμαΤελικο9_2018.sav,2018-09-01 00:00:00,2018.0,9.0,Q3,2018-Q3,auto_from_sav_date_column:Vdatesub,True,region_group,27,Χρυσή Αυγή,66.6667,2,3,4,3.0,low,ok,False
SURVEY_08,δειγμαΤελικο9_2018.sav,2018-09-01 00:00:00,2018.0,9.0,Q3,2018-Q3,auto_from_sav_date_column:Vdatesub,True,region_group,28,Χρυσή Αυγή,100.0,1,1,2,1.0,low,ok,False
SURVEY_08,δειγμαΤελικο9_2018.sav,2018-09-01 00:00:00,2018.0,9.0,Q3,2018-Q3,auto_from_sav_date_column:Vdatesub,True,region_group,29,ΝΔ,66.6667,2,3,3,3.0,low,ok,False
SURVEY_08,δειγμαΤελικο9_2018.sav,2018-09-01 00:00:00,2018.0,9.0,Q3,2018-Q3,auto_from_sav_date_column:Vdatesub,True,region_group,29,ΣΥΡΙΖΑ,33.3333,1,3,3,3.0,low,ok,False
SURVEY_08,δειγμαΤελικο9_2018.sav,2018-09-01 00:00:00,2018.0,9.0,Q3,2018-Q3,auto_from_sav_date_column:Vdatesub,True,region_group,33,ΠΑΣΟΚ/ΚΙΝΑΛ,100.0,1,1,1,1.0,low,ok,False
SURVEY_08,δειγμαΤελικο9_2018.sav,2018-09-01 00:00:00,2018.0,9.0,Q3,2018-Q3,auto_from_sav_date_column:Vdatesub,True,region_group,34,ΚΚΕ,14.2857,1,7,7,7.0,low,ok,False
SURVEY_08,δειγμαΤελικο9_2018.sav,2018-09-01 00:00:00,2018.0,9.0,Q3,2018-Q3,auto_from_sav_date_column:Vdatesub,True,region_group,34,ΝΔ,14.2857,1,7,7,7.0,low,ok,False
SURVEY_08,δειγμαΤελικο9_2018.sav,2018-09-01 00:00:00,2018.0,9.0,Q3,2018-Q3,auto_from_sav_date_column:Vdatesub,True,region_group,34,ΠΑΣΟΚ/ΚΙΝΑΛ,14.2857,1,7,7,7.0,low,ok,False
SURVEY_08,δειγμαΤελικο9_2018.sav,2018-09-01 00:00:00,2018.0,9.0,Q3,2018-Q3,auto_from_sav_date_column:Vdatesub,True,region_group,34,ΣΥΡΙΖΑ,42.8571,3,7,7,7.0,low,ok,False
SURVEY_08,δειγμαΤελικο9_2018.sav,2018-09-01 00:00:00,2018.0,9.0,Q3,2018-Q3,auto_from_sav_date_column:Vdatesub,True,region_group,34,Χρυσή Αυγή,14.2857,1,7,7,7.0,low,ok,False
SURVEY_08,δειγμαΤελικο9_2018.sav,2018-09-01 00:00:00,2018.0,9.0,Q3,2018-Q3,auto_from_sav_date_column:Vdatesub,True,region_group,35,other_party,7.0632,38,538,636,538.0,high,ok,True
SURVEY_08,δειγμαΤελικο9_2018.sav,2018-09-01 00:00:00,2018.0,9.0,Q3,2018-Q3,auto_from_sav_date_column:Vdatesub,True,region_group,35,Ένωση Κεντρώων,1.3011,7,538,636,538.0,high,ok,True
SURVEY_08,δειγμαΤελικο9_2018.sav,2018-09-01 00:00:00,2018.0,9.0,Q3,2018-Q3,auto_from_sav_date_column:Vdatesub,True,region_group,35,ΑΝΕΛ,0.1859,1,538,636,538.0,high,ok,True
SURVEY_08,δειγμαΤελικο9_2018.sav,2018-09-01 00:00:00,2018.0,9.0,Q3,2018-Q3,auto_from_sav_date_column:Vdatesub,True,region_group,35,Ελληνική Λύση,3.3457,18,538,636,538.0,high,ok,True
SURVEY_08,δειγμαΤελικο9_2018.sav,2018-09-01 00:00:00,2018.0,9.0,Q3,2018-Q3,auto_from_sav_date_column:Vdatesub,True,region_group,35,ΚΚΕ,5.3903,29,538,636,538.0,high,ok,True
SURVEY_08,δειγμαΤελικο9_2018.sav,2018-09-01 00:00:00,2018.0,9.0,Q3,2018-Q3,auto_from_sav_date_column:Vdatesub,True,region_group,35,ΜέΡΑ25,2.0446,11,538,636,538.0,high,ok,True
SURVEY_08,δειγμαΤελικο9_2018.sav,2018-09-01 00:00:00,2018.0,9.0,Q3,2018-Q3,auto_from_sav_date_column:Vdatesub,True,region_group,35,ΝΔ,36.6171,197,538,636,538.0,high,ok,True
SURVEY_08,δειγμαΤελικο9_2018.sav,2018-09-01 00:00:00,2018.0,9.0,Q3,2018-Q3,auto_from_sav_date_column:Vdatesub,True,region_group,35,ΠΑΣΟΚ/ΚΙΝΑΛ,3.9033,21,538,636,538.0,high,ok,True
SURVEY_08,δειγμαΤελικο9_2018.sav,2018-09-01 00:00:00,2018.0,9.0,Q3,2018-Q3,auto_from_sav_date_column:Vdatesub,True,region_group,35,Πλεύση Ελευθερίας,0.9294,5,538,636,538.0,high,ok,True
SURVEY_08,δειγμαΤελικο9_2018.sav,2018-09-01 00:00:00,2018.0,9.0,Q3,2018-Q3,auto_from_sav_date_column:Vdatesub,True,region_group,35,Ποτάμι,0.1859,1,538,636,538.0,high,ok,True
SURVEY_08,δειγμαΤελικο9_2018.sav,2018-09-01 00:00:00,2018.0,9.0,Q3,2018-Q3,auto_from_sav_date_column:Vdatesub,True,region_group,35,ΣΥΡΙΖΑ,31.7844,171,538,636,538.0,high,ok,True
SURVEY_08,δειγμαΤελικο9_2018.sav,2018-09-01 00:00:00,2018.0,9.0,Q3,2018-Q3,auto_from_sav_date_column:Vdatesub,True,region_group,35,Χρυσή Αυγή,7.2491,39,538,636,538.0,high,ok,True
SURVEY_08,δειγμαΤελικο9_2018.sav,2018-09-01 00:00:00,2018.0,9.0,Q3,2018-Q3,auto_from_sav_date_column:Vdatesub,True,region_group,36,ΝΔ,100.0,2,2,2,2.0,low,ok,False
SURVEY_08,δειγμαΤελικο9_2018.sav,2018-09-01 00:00:00,2018.0,9.0,Q3,2018-Q3,auto_from_sav_date_column:Vdatesub,True,region_group,37,Ένωση Κεντρώων,20.0,1,5,5,5.0,low,ok,False
SURVEY_08,δειγμαΤελικο9_2018.sav,2018-09-01 00:00:00,2018.0,9.0,Q3,2018-Q3,auto_from_sav_date_column:Vdatesub,True,region_group,37,ΝΔ,60.0,3,5,5,5.0,low,ok,False
SURVEY_08,δειγμαΤελικο9_2018.sav,2018-09-01 00:00:00,2018.0,9.0,Q3,2018-Q3,auto_from_sav_date_column:Vdatesub,True,region_group,37,ΣΥΡΙΖΑ,20.0,1,5,5,5.0,low,ok,False
SURVEY_08,δειγμαΤελικο9_2018.sav,2018-09-01 00:00:00,2018.0,9.0,Q3,2018-Q3,auto_from_sav_date_column:Vdatesub,True,region_group,38,Ένωση Κεντρώων,11.1111,1,9,11,9.0,low,ok,False
SURVEY_08,δειγμαΤελικο9_2018.sav,2018-09-01 00:00:00,2018.0,9.0,Q3,2018-Q3,auto_from_sav_date_column:Vdatesub,True,region_group,38,ΝΔ,11.1111,1,9,11,9.0,low,ok,False
SURVEY_08,δειγμαΤελικο9_2018.sav,2018-09-01 00:00:00,2018.0,9.0,Q3,2018-Q3,auto_from_sav_date_column:Vdatesub,True,region_group,38,Πλεύση Ελευθερίας,11.1111,1,9,11,9.0,low,ok,False
SURVEY_08,δειγμαΤελικο9_2018.sav,2018-09-01 00:00:00,2018.0,9.0,Q3,2018-Q3,auto_from_sav_date_column:Vdatesub,True,region_group,38,ΣΥΡΙΖΑ,44.4444,4,9,11,9.0,low,ok,False
SURVEY_08,δειγμαΤελικο9_2018.sav,2018-09-01 00:00:00,2018.0,9.0,Q3,2018-Q3,auto_from_sav_date_column:Vdatesub,True,region_group,38,Χρυσή Αυγή,22.2222,2,9,11,9.0,low,ok,False
SURVEY_08,δειγμαΤελικο9_2018.sav,2018-09-01 00:00:00,2018.0,9.0,Q3,2018-Q3,auto_from_sav_date_column:Vdatesub,True,region_group,39,ΚΚΕ,14.2857,1,7,7,7.0,low,ok,False
SURVEY_08,δειγμαΤελικο9_2018.sav,2018-09-01 00:00:00,2018.0,9.0,Q3,2018-Q3,auto_from_sav_date_column:Vdatesub,True,region_group,39,ΝΔ,71.4286,5,7,7,7.0,low,ok,False
SURVEY_08,δειγμαΤελικο9_2018.sav,2018-09-01 00:00:00,2018.0,9.0,Q3,2018-Q3,auto_from_sav_date_column:Vdatesub,True,region_group,39,ΣΥΡΙΖΑ,14.2857,1,7,7,7.0,low,ok,False
SURVEY_08,δειγμαΤελικο9_2018.sav,2018-09-01 00:00:00,2018.0,9.0,Q3,2018-Q3,auto_from_sav_date_column:Vdatesub,True,region_group,40,other_party,14.2857,1,7,7,7.0,low,ok,False
SURVEY_08,δειγμαΤελικο9_2018.sav,2018-09-01 00:00:00,2018.0,9.0,Q3,2018-Q3,auto_from_sav_date_column:Vdatesub,True,region_group,40,ΝΔ,28.5714,2,7,7,7.0,low,ok,False
SURVEY_08,δειγμαΤελικο9_2018.sav,2018-09-01 00:00:00,2018.0,9.0,Q3,2018-Q3,auto_from_sav_date_column:Vdatesub,True,region_group,40,ΣΥΡΙΖΑ,42.8571,3,7,7,7.0,low,ok,False
SURVEY_08,δειγμαΤελικο9_2018.sav,2018-09-01 00:00:00,2018.0,9.0,Q3,2018-Q3,auto_from_sav_date_column:Vdatesub,True,region_group,40,Χρυσή Αυγή,14.2857,1,7,7,7.0,low,ok,False
SURVEY_08,δειγμαΤελικο9_2018.sav,2018-09-01 00:00:00,2018.0,9.0,Q3,2018-Q3,auto_from_sav_date_column:Vdatesub,True,region_group,41,other_party,50.0,1,2,2,2.0,low,ok,False
SURVEY_08,δειγμαΤελικο9_2018.sav,2018-09-01 00:00:00,2018.0,9.0,Q3,2018-Q3,auto_from_sav_date_column:Vdatesub,True,region_group,41,ΣΥΡΙΖΑ,50.0,1,2,2,2.0,low,ok,False
SURVEY_08,δειγμαΤελικο9_2018.sav,2018-09-01 00:00:00,2018.0,9.0,Q3,2018-Q3,auto_from_sav_date_column:Vdatesub,True,region_group,42,other_party,25.0,1,4,4,4.0,low,ok,False
SURVEY_08,δειγμαΤελικο9_2018.sav,2018-09-01 00:00:00,2018.0,9.0,Q3,2018-Q3,auto_from_sav_date_column:Vdatesub,True,region_group,42,Ελληνική Λύση,25.0,1,4,4,4.0,low,ok,False
SURVEY_08,δειγμαΤελικο9_2018.sav,2018-09-01 00:00:00,2018.0,9.0,Q3,2018-Q3,auto_from_sav_date_column:Vdatesub,True,region_group,42,ΝΔ,25.0,1,4,4,4.0,low,ok,False
SURVEY_08,δειγμαΤελικο9_2018.sav,2018-09-01 00:00:00,2018.0,9.0,Q3,2018-Q3,auto_from_sav_date_column:Vdatesub,True,region_group,42,Χρυσή Αυγή,25.0,1,4,4,4.0,low,ok,False
SURVEY_08,δειγμαΤελικο9_2018.sav,2018-09-01 00:00:00,2018.0,9.0,Q3,2018-Q3,auto_from_sav_date_column:Vdatesub,True,region_group,44,ΝΔ,33.3333,1,3,3,3.0,low,ok,False
SURVEY_08,δειγμαΤελικο9_2018.sav,2018-09-01 00:00:00,2018.0,9.0,Q3,2018-Q3,auto_from_sav_date_column:Vdatesub,True,region_group,44,ΣΥΡΙΖΑ,66.6667,2,3,3,3.0,low,ok,False
SURVEY_08,δειγμαΤελικο9_2018.sav,2018-09-01 00:00:00,2018.0,9.0,Q3,2018-Q3,auto_from_sav_date_column:Vdatesub,True,region_group,45,ΚΚΕ,11.1111,1,9,10,9.0,low,ok,False
SURVEY_08,δειγμαΤελικο9_2018.sav,2018-09-01 00:00:00,2018.0,9.0,Q3,2018-Q3,auto_from_sav_date_column:Vdatesub,True,region_group,45,ΝΔ,66.6667,6,9,10,9.0,low,ok,False
SURVEY_08,δειγμαΤελικο9_2018.sav,2018-09-01 00:00:00,2018.0,9.0,Q3,2018-Q3,auto_from_sav_date_column:Vdatesub,True,region_group,45,Ποτάμι,11.1111,1,9,10,9.0,low,ok,False
SURVEY_08,δειγμαΤελικο9_2018.sav,2018-09-01 00:00:00,2018.0,9.0,Q3,2018-Q3,auto_from_sav_date_column:Vdatesub,True,region_group,45,ΣΥΡΙΖΑ,11.1111,1,9,10,9.0,low,ok,False
SURVEY_08,δειγμαΤελικο9_2018.sav,2018-09-01 00:00:00,2018.0,9.0,Q3,2018-Q3,auto_from_sav_date_column:Vdatesub,True,region_group,46,other_party,33.3333,1,3,3,3.0,low,ok,False
SURVEY_08,δειγμαΤελικο9_2018.sav,2018-09-01 00:00:00,2018.0,9.0,Q3,2018-Q3,auto_from_sav_date_column:Vdatesub,True,region_group,46,ΝΔ,33.3333,1,3,3,3.0,low,ok,False
SURVEY_08,δειγμαΤελικο9_2018.sav,2018-09-01 00:00:00,2018.0,9.0,Q3,2018-Q3,auto_from_sav_date_column:Vdatesub,True,region_group,46,ΣΥΡΙΖΑ,33.3333,1,3,3,3.0,low,ok,False
SURVEY_08,δειγμαΤελικο9_2018.sav,2018-09-01 00:00:00,2018.0,9.0,Q3,2018-Q3,auto_from_sav_date_column:Vdatesub,True,region_group,47,other_party,11.1111,1,9,9,9.0,low,ok,False
SURVEY_08,δειγμαΤελικο9_2018.sav,2018-09-01 00:00:00,2018.0,9.0,Q3,2018-Q3,auto_from_sav_date_column:Vdatesub,True,region_group,47,ΝΔ,11.1111,1,9,9,9.0,low,ok,False
SURVEY_08,δειγμαΤελικο9_2018.sav,2018-09-01 00:00:00,2018.0,9.0,Q3,2018-Q3,auto_from_sav_date_column:Vdatesub,True,region_group,47,ΠΑΣΟΚ/ΚΙΝΑΛ,22.2222,2,9,9,9.0,low,ok,False
SURVEY_08,δειγμαΤελικο9_2018.sav,2018-09-01 00:00:00,2018.0,9.0,Q3,2018-Q3,auto_from_sav_date_column:Vdatesub,True,region_group,47,ΣΥΡΙΖΑ,33.3333,3,9,9,9.0,low,ok,False
SURVEY_08,δειγμαΤελικο9_2018.sav,2018-09-01 00:00:00,2018.0,9.0,Q3,2018-Q3,auto_from_sav_date_column:Vdatesub,True,region_group,47,Χρυσή Αυγή,22.2222,2,9,9,9.0,low,ok,False
SURVEY_08,δειγμαΤελικο9_2018.sav,2018-09-01 00:00:00,2018.0,9.0,Q3,2018-Q3,auto_from_sav_date_column:Vdatesub,True,region_group,48,ΣΥΡΙΖΑ,100.0,1,1,2,1.0,low,ok,False
SURVEY_08,δειγμαΤελικο9_2018.sav,2018-09-01 00:00:00,2018.0,9.0,Q3,2018-Q3,auto_from_sav_date_column:Vdatesub,True,region_group,49,ΝΔ,40.0,2,5,6,5.0,low,ok,False
SURVEY_08,δειγμαΤελικο9_2018.sav,2018-09-01 00:00:00,2018.0,9.0,Q3,2018-Q3,auto_from_sav_date_column:Vdatesub,True,region_group,49,ΣΥΡΙΖΑ,40.0,2,5,6,5.0,low,ok,False
SURVEY_08,δειγμαΤελικο9_2018.sav,2018-09-01 00:00:00,2018.0,9.0,Q3,2018-Q3,auto_from_sav_date_column:Vdatesub,True,region_group,49,Χρυσή Αυγή,20.0,1,5,6,5.0,low,ok,False
SURVEY_08,δειγμαΤελικο9_2018.sav,2018-09-01 00:00:00,2018.0,9.0,Q3,2018-Q3,auto_from_sav_date_column:Vdatesub,True,region_group,50,ΚΚΕ,20.0,1,5,5,5.0,low,ok,False
SURVEY_08,δειγμαΤελικο9_2018.sav,2018-09-01 00:00:00,2018.0,9.0,Q3,2018-Q3,auto_from_sav_date_column:Vdatesub,True,region_group,50,ΝΔ,20.0,1,5,5,5.0,low,ok,False
SURVEY_08,δειγμαΤελικο9_2018.sav,2018-09-01 00:00:00,2018.0,9.0,Q3,2018-Q3,auto_from_sav_date_column:Vdatesub,True,region_group,50,ΣΥΡΙΖΑ,40.0,2,5,5,5.0,low,ok,False
SURVEY_08,δειγμαΤελικο9_2018.sav,2018-09-01 00:00:00,2018.0,9.0,Q3,2018-Q3,auto_from_sav_date_column:Vdatesub,True,region_group,50,Χρυσή Αυγή,20.0,1,5,5,5.0,low,ok,False
SURVEY_08,δειγμαΤελικο9_2018.sav,2018-09-01 00:00:00,2018.0,9.0,Q3,2018-Q3,auto_from_sav_date_column:Vdatesub,True,region_group,51,ΝΔ,100.0,1,1,3,1.0,low,ok,False
SURVEY_08,δειγμαΤελικο9_2018.sav,2018-09-01 00:00:00,2018.0,9.0,Q3,2018-Q3,auto_from_sav_date_column:Vdatesub,True,region_group,NY,ΣΥΡΙΖΑ,100.0,1,1,1,1.0,low,ok,False
SURVEY_09,ευρωεκλογεςΠΨηφ.sav,2019-04-04 00:00:00,2019.0,4.0,Q2,2019-Q2,auto_from_sav_date_column:Vdatesub,True,gender,female,other_party,6.5113,51,819,998,2298.4141,high,ok,True
SURVEY_09,ευρωεκλογεςΠΨηφ.sav,2019-04-04 00:00:00,2019.0,4.0,Q2,2019-Q2,auto_from_sav_date_column:Vdatesub,True,gender,female,Ένωση Κεντρώων,1.2081,9,819,998,2298.4141,high,ok,True
SURVEY_09,ευρωεκλογεςΠΨηφ.sav,2019-04-04 00:00:00,2019.0,4.0,Q2,2019-Q2,auto_from_sav_date_column:Vdatesub,True,gender,female,ΑΝΕΛ,0.3635,3,819,998,2298.4141,high,ok,True
SURVEY_09,ευρωεκλογεςΠΨηφ.sav,2019-04-04 00:00:00,2019.0,4.0,Q2,2019-Q2,auto_from_sav_date_column:Vdatesub,True,gender,female,Ελληνική Λύση,1.2496,11,819,998,2298.4141,high,ok,True
SURVEY_09,ευρωεκλογεςΠΨηφ.sav,2019-04-04 00:00:00,2019.0,4.0,Q2,2019-Q2,auto_from_sav_date_column:Vdatesub,True,gender,female,ΚΚΕ,5.5175,42,819,998,2298.4141,high,ok,True
SURVEY_09,ευρωεκλογεςΠΨηφ.sav,2019-04-04 00:00:00,2019.0,4.0,Q2,2019-Q2,auto_from_sav_date_column:Vdatesub,True,gender,female,ΜέΡΑ25,0.6134,5,819,998,2298.4141,high,ok,True
SURVEY_09,ευρωεκλογεςΠΨηφ.sav,2019-04-04 00:00:00,2019.0,4.0,Q2,2019-Q2,auto_from_sav_date_column:Vdatesub,True,gender,female,ΝΔ,35.1805,306,819,998,2298.4141,high,ok,True
SURVEY_09,ευρωεκλογεςΠΨηφ.sav,2019-04-04 00:00:00,2019.0,4.0,Q2,2019-Q2,auto_from_sav_date_column:Vdatesub,True,gender,female,ΠΑΣΟΚ/ΚΙΝΑΛ,6.3391,51,819,998,2298.4141,high,ok,True
SURVEY_09,ευρωεκλογεςΠΨηφ.sav,2019-04-04 00:00:00,2019.0,4.0,Q2,2019-Q2,auto_from_sav_date_column:Vdatesub,True,gender,female,Πλεύση Ελευθερίας,1.8691,15,819,998,2298.4141,high,ok,True
SURVEY_09,ευρωεκλογεςΠΨηφ.sav,2019-04-04 00:00:00,2019.0,4.0,Q2,2019-Q2,auto_from_sav_date_column:Vdatesub,True,gender,female,Ποτάμι,1.3068,12,819,998,2298.4141,high,ok,True
SURVEY_09,ευρωεκλογεςΠΨηφ.sav,2019-04-04 00:00:00,2019.0,4.0,Q2,2019-Q2,auto_from_sav_date_column:Vdatesub,True,gender,female,ΣΥΡΙΖΑ,32.2763,258,819,998,2298.4141,high,ok,True
SURVEY_09,ευρωεκλογεςΠΨηφ.sav,2019-04-04 00:00:00,2019.0,4.0,Q2,2019-Q2,auto_from_sav_date_column:Vdatesub,True,gender,female,Χρυσή Αυγή,7.5647,56,819,998,2298.4141,high,ok,True
SURVEY_09,ευρωεκλογεςΠΨηφ.sav,2019-04-04 00:00:00,2019.0,4.0,Q2,2019-Q2,auto_from_sav_date_column:Vdatesub,True,gender,male,other_party,8.7624,79,884,984,2492.277,high,ok,True
SURVEY_09,ευρωεκλογεςΠΨηφ.sav,2019-04-04 00:00:00,2019.0,4.0,Q2,2019-Q2,auto_from_sav_date_column:Vdatesub,True,gender,male,Ένωση Κεντρώων,1.6303,15,884,984,2492.277,high,ok,True
SURVEY_09,ευρωεκλογεςΠΨηφ.sav,2019-04-04 00:00:00,2019.0,4.0,Q2,2019-Q2,auto_from_sav_date_column:Vdatesub,True,gender,male,ΑΝΕΛ,0.7114,6,884,984,2492.277,high,ok,True
SURVEY_09,ευρωεκλογεςΠΨηφ.sav,2019-04-04 00:00:00,2019.0,4.0,Q2,2019-Q2,auto_from_sav_date_column:Vdatesub,True,gender,male,Ελληνική Λύση,2.1723,20,884,984,2492.277,high,ok,True
SURVEY_09,ευρωεκλογεςΠΨηφ.sav,2019-04-04 00:00:00,2019.0,4.0,Q2,2019-Q2,auto_from_sav_date_column:Vdatesub,True,gender,male,ΚΚΕ,4.2104,42,884,984,2492.277,high,ok,True
SURVEY_09,ευρωεκλογεςΠΨηφ.sav,2019-04-04 00:00:00,2019.0,4.0,Q2,2019-Q2,auto_from_sav_date_column:Vdatesub,True,gender,male,ΜέΡΑ25,1.2505,13,884,984,2492.277,high,ok,True
SURVEY_09,ευρωεκλογεςΠΨηφ.sav,2019-04-04 00:00:00,2019.0,4.0,Q2,2019-Q2,auto_from_sav_date_column:Vdatesub,True,gender,male,ΝΔ,32.3055,276,884,984,2492.277,high,ok,True
SURVEY_09,ευρωεκλογεςΠΨηφ.sav,2019-04-04 00:00:00,2019.0,4.0,Q2,2019-Q2,auto_from_sav_date_column:Vdatesub,True,gender,male,ΠΑΣΟΚ/ΚΙΝΑΛ,10.642,87,884,984,2492.277,high,ok,True
SURVEY_09,ευρωεκλογεςΠΨηφ.sav,2019-04-04 00:00:00,2019.0,4.0,Q2,2019-Q2,auto_from_sav_date_column:Vdatesub,True,gender,male,Πλεύση Ελευθερίας,1.1411,10,884,984,2492.277,high,ok,True
SURVEY_09,ευρωεκλογεςΠΨηφ.sav,2019-04-04 00:00:00,2019.0,4.0,Q2,2019-Q2,auto_from_sav_date_column:Vdatesub,True,gender,male,Ποτάμι,1.1967,10,884,984,2492.277,high,ok,True
SURVEY_09,ευρωεκλογεςΠΨηφ.sav,2019-04-04 00:00:00,2019.0,4.0,Q2,2019-Q2,auto_from_sav_date_column:Vdatesub,True,gender,male,ΣΥΡΙΖΑ,25.6225,226,884,984,2492.277,high,ok,True
SURVEY_09,ευρωεκλογεςΠΨηφ.sav,2019-04-04 00:00:00,2019.0,4.0,Q2,2019-Q2,auto_from_sav_date_column:Vdatesub,True,gender,male,Χρυσή Αυγή,10.3549,100,884,984,2492.277,high,ok,True
SURVEY_09,ευρωεκλογεςΠΨηφ.sav,2019-04-04 00:00:00,2019.0,4.0,Q2,2019-Q2,auto_from_sav_date_column:Vdatesub,True,age_group,18-24,other_party,7.694,14,177,228,431.5666,medium,ok,True
SURVEY_09,ευρωεκλογεςΠΨηφ.sav,2019-04-04 00:00:00,2019.0,4.0,Q2,2019-Q2,auto_from_sav_date_column:Vdatesub,True,age_group,18-24,Ένωση Κεντρώων,3.5338,6,177,228,431.5666,medium,ok,True
SURVEY_09,ευρωεκλογεςΠΨηφ.sav,2019-04-04 00:00:00,2019.0,4.0,Q2,2019-Q2,auto_from_sav_date_column:Vdatesub,True,age_group,18-24,Ελληνική Λύση,1.4915,3,177,228,431.5666,medium,ok,True
SURVEY_09,ευρωεκλογεςΠΨηφ.sav,2019-04-04 00:00:00,2019.0,4.0,Q2,2019-Q2,auto_from_sav_date_column:Vdatesub,True,age_group,18-24,ΚΚΕ,12.8622,21,177,228,431.5666,medium,ok,True
SURVEY_09,ευρωεκλογεςΠΨηφ.sav,2019-04-04 00:00:00,2019.0,4.0,Q2,2019-Q2,auto_from_sav_date_column:Vdatesub,True,age_group,18-24,ΜέΡΑ25,2.5008,6,177,228,431.5666,medium,ok,True
SURVEY_09,ευρωεκλογεςΠΨηφ.sav,2019-04-04 00:00:00,2019.0,4.0,Q2,2019-Q2,auto_from_sav_date_column:Vdatesub,True,age_group,18-24,ΝΔ,26.5814,44,177,228,431.5666,medium,ok,True
SURVEY_09,ευρωεκλογεςΠΨηφ.sav,2019-04-04 00:00:00,2019.0,4.0,Q2,2019-Q2,auto_from_sav_date_column:Vdatesub,True,age_group,18-24,ΠΑΣΟΚ/ΚΙΝΑΛ,3.6069,7,177,228,431.5666,medium,ok,True
SURVEY_09,ευρωεκλογεςΠΨηφ.sav,2019-04-04 00:00:00,2019.0,4.0,Q2,2019-Q2,auto_from_sav_date_column:Vdatesub,True,age_group,18-24,Πλεύση Ελευθερίας,3.0616,5,177,228,431.5666,medium,ok,True
SURVEY_09,ευρωεκλογεςΠΨηφ.sav,2019-04-04 00:00:00,2019.0,4.0,Q2,2019-Q2,auto_from_sav_date_column:Vdatesub,True,age_group,18-24,Ποτάμι,1.0193,2,177,228,431.5666,medium,ok,True
SURVEY_09,ευρωεκλογεςΠΨηφ.sav,2019-04-04 00:00:00,2019.0,4.0,Q2,2019-Q2,auto_from_sav_date_column:Vdatesub,True,age_group,18-24,ΣΥΡΙΖΑ,19.3652,35,177,228,431.5666,medium,ok,True
SURVEY_09,ευρωεκλογεςΠΨηφ.sav,2019-04-04 00:00:00,2019.0,4.0,Q2,2019-Q2,auto_from_sav_date_column:Vdatesub,True,age_group,18-24,Χρυσή Αυγή,18.2835,34,177,228,431.5666,medium,ok,True
SURVEY_09,ευρωεκλογεςΠΨηφ.sav,2019-04-04 00:00:00,2019.0,4.0,Q2,2019-Q2,auto_from_sav_date_column:Vdatesub,True,age_group,25-39,other_party,9.5804,35,356,428,864.7963,high,ok,True
SURVEY_09,ευρωεκλογεςΠΨηφ.sav,2019-04-04 00:00:00,2019.0,4.0,Q2,2019-Q2,auto_from_sav_date_column:Vdatesub,True,age_group,25-39,Ένωση Κεντρώων,2.0044,7,356,428,864.7963,high,ok,True
SURVEY_09,ευρωεκλογεςΠΨηφ.sav,2019-04-04 00:00:00,2019.0,4.0,Q2,2019-Q2,auto_from_sav_date_column:Vdatesub,True,age_group,25-39,ΑΝΕΛ,1.2009,4,356,428,864.7963,high,ok,True
SURVEY_09,ευρωεκλογεςΠΨηφ.sav,2019-04-04 00:00:00,2019.0,4.0,Q2,2019-Q2,auto_from_sav_date_column:Vdatesub,True,age_group,25-39,Ελληνική Λύση,1.4647,5,356,428,864.7963,high,ok,True
SURVEY_09,ευρωεκλογεςΠΨηφ.sav,2019-04-04 00:00:00,2019.0,4.0,Q2,2019-Q2,auto_from_sav_date_column:Vdatesub,True,age_group,25-39,ΚΚΕ,5.7502,21,356,428,864.7963,high,ok,True
SURVEY_09,ευρωεκλογεςΠΨηφ.sav,2019-04-04 00:00:00,2019.0,4.0,Q2,2019-Q2,auto_from_sav_date_column:Vdatesub,True,age_group,25-39,ΜέΡΑ25,0.8692,3,356,428,864.7963,high,ok,True
SURVEY_09,ευρωεκλογεςΠΨηφ.sav,2019-04-04 00:00:00,2019.0,4.0,Q2,2019-Q2,auto_from_sav_date_column:Vdatesub,True,age_group,25-39,ΝΔ,30.4423,108,356,428,864.7963,high,ok,True
SURVEY_09,ευρωεκλογεςΠΨηφ.sav,2019-04-04 00:00:00,2019.0,4.0,Q2,2019-Q2,auto_from_sav_date_column:Vdatesub,True,age_group,25-39,ΠΑΣΟΚ/ΚΙΝΑΛ,4.5744,16,356,428,864.7963,high,ok,True
SURVEY_09,ευρωεκλογεςΠΨηφ.sav,2019-04-04 00:00:00,2019.0,4.0,Q2,2019-Q2,auto_from_sav_date_column:Vdatesub,True,age_group,25-39,Πλεύση Ελευθερίας,1.4537,5,356,428,864.7963,high,ok,True
SURVEY_09,ευρωεκλογεςΠΨηφ.sav,2019-04-04 00:00:00,2019.0,4.0,Q2,2019-Q2,auto_from_sav_date_column:Vdatesub,True,age_group,25-39,Ποτάμι,1.1899,4,356,428,864.7963,high,ok,True
SURVEY_09,ευρωεκλογεςΠΨηφ.sav,2019-04-04 00:00:00,2019.0,4.0,Q2,2019-Q2,auto_from_sav_date_column:Vdatesub,True,age_group,25-39,ΣΥΡΙΖΑ,30.0053,107,356,428,864.7963,high,ok,True
SURVEY_09,ευρωεκλογεςΠΨηφ.sav,2019-04-04 00:00:00,2019.0,4.0,Q2,2019-Q2,auto_from_sav_date_column:Vdatesub,True,age_group,25-39,Χρυσή Αυγή,11.4648,41,356,428,864.7963,high,ok,True
SURVEY_09,ευρωεκλογεςΠΨηφ.sav,2019-04-04 00:00:00,2019.0,4.0,Q2,2019-Q2,auto_from_sav_date_column:Vdatesub,True,age_group,40-54,other_party,8.4315,37,431,509,1500.508,high,ok,True
SURVEY_09,ευρωεκλογεςΠΨηφ.sav,2019-04-04 00:00:00,2019.0,4.0,Q2,2019-Q2,auto_from_sav_date_column:Vdatesub,True,age_group,40-54,Ένωση Κεντρώων,1.1643,5,431,509,1500.508,high,ok,True
SURVEY_09,ευρωεκλογεςΠΨηφ.sav,2019-04-04 00:00:00,2019.0,4.0,Q2,2019-Q2,auto_from_sav_date_column:Vdatesub,True,age_group,40-54,ΑΝΕΛ,0.6426,3,431,509,1500.508,high,ok,True
SURVEY_09,ευρωεκλογεςΠΨηφ.sav,2019-04-04 00:00:00,2019.0,4.0,Q2,2019-Q2,auto_from_sav_date_column:Vdatesub,True,age_group,40-54,Ελληνική Λύση,1.7477,8,431,509,1500.508,high,ok,True
SURVEY_09,ευρωεκλογεςΠΨηφ.sav,2019-04-04 00:00:00,2019.0,4.0,Q2,2019-Q2,auto_from_sav_date_column:Vdatesub,True,age_group,40-54,ΚΚΕ,5.3579,22,431,509,1500.508,high,ok,True
SURVEY_09,ευρωεκλογεςΠΨηφ.sav,2019-04-04 00:00:00,2019.0,4.0,Q2,2019-Q2,auto_from_sav_date_column:Vdatesub,True,age_group,40-54,ΜέΡΑ25,0.6736,3,431,509,1500.508,high,ok,True
SURVEY_09,ευρωεκλογεςΠΨηφ.sav,2019-04-04 00:00:00,2019.0,4.0,Q2,2019-Q2,auto_from_sav_date_column:Vdatesub,True,age_group,40-54,ΝΔ,35.0132,150,431,509,1500.508,high,ok,True
SURVEY_09,ευρωεκλογεςΠΨηφ.sav,2019-04-04 00:00:00,2019.0,4.0,Q2,2019-Q2,auto_from_sav_date_column:Vdatesub,True,age_group,40-54,ΠΑΣΟΚ/ΚΙΝΑΛ,4.2605,18,431,509,1500.508,high,ok,True
SURVEY_09,ευρωεκλογεςΠΨηφ.sav,2019-04-04 00:00:00,2019.0,4.0,Q2,2019-Q2,auto_from_sav_date_column:Vdatesub,True,age_group,40-54,Πλεύση Ελευθερίας,1.4664,7,431,509,1500.508,high,ok,True
SURVEY_09,ευρωεκλογεςΠΨηφ.sav,2019-04-04 00:00:00,2019.0,4.0,Q2,2019-Q2,auto_from_sav_date_column:Vdatesub,True,age_group,40-54,Ποτάμι,1.5102,7,431,509,1500.508,high,ok,True
SURVEY_09,ευρωεκλογεςΠΨηφ.sav,2019-04-04 00:00:00,2019.0,4.0,Q2,2019-Q2,auto_from_sav_date_column:Vdatesub,True,age_group,40-54,ΣΥΡΙΖΑ,29.2312,122,431,509,1500.508,high,ok,True
SURVEY_09,ευρωεκλογεςΠΨηφ.sav,2019-04-04 00:00:00,2019.0,4.0,Q2,2019-Q2,auto_from_sav_date_column:Vdatesub,True,age_group,40-54,Χρυσή Αυγή,10.5007,49,431,509,1500.508,high,ok,True
SURVEY_09,ευρωεκλογεςΠΨηφ.sav,2019-04-04 00:00:00,2019.0,4.0,Q2,2019-Q2,auto_from_sav_date_column:Vdatesub,True,age_group,55+,other_party,6.293,44,739,817,1993.8202,high,ok,True
SURVEY_09,ευρωεκλογεςΠΨηφ.sav,2019-04-04 00:00:00,2019.0,4.0,Q2,2019-Q2,auto_from_sav_date_column:Vdatesub,True,age_group,55+,Ένωση Κεντρώων,0.9199,6,739,817,1993.8202,high,ok,True
SURVEY_09,ευρωεκλογεςΠΨηφ.sav,2019-04-04 00:00:00,2019.0,4.0,Q2,2019-Q2,auto_from_sav_date_column:Vdatesub,True,age_group,55+,ΑΝΕΛ,0.3038,2,739,817,1993.8202,high,ok,True
SURVEY_09,ευρωεκλογεςΠΨηφ.sav,2019-04-04 00:00:00,2019.0,4.0,Q2,2019-Q2,auto_from_sav_date_column:Vdatesub,True,age_group,55+,Ελληνική Λύση,1.8825,15,739,817,1993.8202,high,ok,True
SURVEY_09,ευρωεκλογεςΠΨηφ.sav,2019-04-04 00:00:00,2019.0,4.0,Q2,2019-Q2,auto_from_sav_date_column:Vdatesub,True,age_group,55+,ΚΚΕ,2.313,20,739,817,1993.8202,high,ok,True
SURVEY_09,ευρωεκλογεςΠΨηφ.sav,2019-04-04 00:00:00,2019.0,4.0,Q2,2019-Q2,auto_from_sav_date_column:Vdatesub,True,age_group,55+,ΜέΡΑ25,0.845,6,739,817,1993.8202,high,ok,True
SURVEY_09,ευρωεκλογεςΠΨηφ.sav,2019-04-04 00:00:00,2019.0,4.0,Q2,2019-Q2,auto_from_sav_date_column:Vdatesub,True,age_group,55+,ΝΔ,35.6291,280,739,817,1993.8202,high,ok,True
SURVEY_09,ευρωεκλογεςΠΨηφ.sav,2019-04-04 00:00:00,2019.0,4.0,Q2,2019-Q2,auto_from_sav_date_column:Vdatesub,True,age_group,55+,ΠΑΣΟΚ/ΚΙΝΑΛ,14.6389,97,739,817,1993.8202,high,ok,True
SURVEY_09,ευρωεκλογεςΠΨηφ.sav,2019-04-04 00:00:00,2019.0,4.0,Q2,2019-Q2,auto_from_sav_date_column:Vdatesub,True,age_group,55+,Πλεύση Ελευθερίας,1.1843,8,739,817,1993.8202,high,ok,True
SURVEY_09,ευρωεκλογεςΠΨηφ.sav,2019-04-04 00:00:00,2019.0,4.0,Q2,2019-Q2,auto_from_sav_date_column:Vdatesub,True,age_group,55+,Ποτάμι,1.129,9,739,817,1993.8202,high,ok,True
SURVEY_09,ευρωεκλογεςΠΨηφ.sav,2019-04-04 00:00:00,2019.0,4.0,Q2,2019-Q2,auto_from_sav_date_column:Vdatesub,True,age_group,55+,ΣΥΡΙΖΑ,30.0304,220,739,817,1993.8202,high,ok,True
SURVEY_09,ευρωεκλογεςΠΨηφ.sav,2019-04-04 00:00:00,2019.0,4.0,Q2,2019-Q2,auto_from_sav_date_column:Vdatesub,True,age_group,55+,Χρυσή Αυγή,4.8312,32,739,817,1993.8202,high,ok,True
SURVEY_09,ευρωεκλογεςΠΨηφ.sav,2019-04-04 00:00:00,2019.0,4.0,Q2,2019-Q2,auto_from_sav_date_column:Vdatesub,True,education_group,high_education,other_party,8.6604,72,837,979,2373.0213,high,ok,True
SURVEY_09,ευρωεκλογεςΠΨηφ.sav,2019-04-04 00:00:00,2019.0,4.0,Q2,2019-Q2,auto_from_sav_date_column:Vdatesub,True,education_group,high_education,Ένωση Κεντρώων,0.878,6,837,979,2373.0213,high,ok,True
SURVEY_09,ευρωεκλογεςΠΨηφ.sav,2019-04-04 00:00:00,2019.0,4.0,Q2,2019-Q2,auto_from_sav_date_column:Vdatesub,True,education_group,high_education,ΑΝΕΛ,0.7679,6,837,979,2373.0213,high,ok,True
SURVEY_09,ευρωεκλογεςΠΨηφ.sav,2019-04-04 00:00:00,2019.0,4.0,Q2,2019-Q2,auto_from_sav_date_column:Vdatesub,True,education_group,high_education,Ελληνική Λύση,1.5965,14,837,979,2373.0213,high,ok,True
SURVEY_09,ευρωεκλογεςΠΨηφ.sav,2019-04-04 00:00:00,2019.0,4.0,Q2,2019-Q2,auto_from_sav_date_column:Vdatesub,True,education_group,high_education,ΚΚΕ,5.1794,47,837,979,2373.0213,high,ok,True
SURVEY_09,ευρωεκλογεςΠΨηφ.sav,2019-04-04 00:00:00,2019.0,4.0,Q2,2019-Q2,auto_from_sav_date_column:Vdatesub,True,education_group,high_education,ΜέΡΑ25,1.0818,9,837,979,2373.0213,high,ok,True
SURVEY_09,ευρωεκλογεςΠΨηφ.sav,2019-04-04 00:00:00,2019.0,4.0,Q2,2019-Q2,auto_from_sav_date_column:Vdatesub,True,education_group,high_education,ΝΔ,31.9742,274,837,979,2373.0213,high,ok,True
SURVEY_09,ευρωεκλογεςΠΨηφ.sav,2019-04-04 00:00:00,2019.0,4.0,Q2,2019-Q2,auto_from_sav_date_column:Vdatesub,True,education_group,high_education,ΠΑΣΟΚ/ΚΙΝΑΛ,9.6104,77,837,979,2373.0213,high,ok,True
SURVEY_09,ευρωεκλογεςΠΨηφ.sav,2019-04-04 00:00:00,2019.0,4.0,Q2,2019-Q2,auto_from_sav_date_column:Vdatesub,True,education_group,high_education,Πλεύση Ελευθερίας,0.8405,7,837,979,2373.0213,high,ok,True
SURVEY_09,ευρωεκλογεςΠΨηφ.sav,2019-04-04 00:00:00,2019.0,4.0,Q2,2019-Q2,auto_from_sav_date_column:Vdatesub,True,education_group,high_education,Ποτάμι,2.0,17,837,979,2373.0213,high,ok,True
SURVEY_09,ευρωεκλογεςΠΨηφ.sav,2019-04-04 00:00:00,2019.0,4.0,Q2,2019-Q2,auto_from_sav_date_column:Vdatesub,True,education_group,high_education,ΣΥΡΙΖΑ,32.3966,266,837,979,2373.0213,high,ok,True
SURVEY_09,ευρωεκλογεςΠΨηφ.sav,2019-04-04 00:00:00,2019.0,4.0,Q2,2019-Q2,auto_from_sav_date_column:Vdatesub,True,education_group,high_education,Χρυσή Αυγή,5.0143,42,837,979,2373.0213,high,ok,True
SURVEY_09,ευρωεκλογεςΠΨηφ.sav,2019-04-04 00:00:00,2019.0,4.0,Q2,2019-Q2,auto_from_sav_date_column:Vdatesub,True,education_group,low_education,other_party,5.9365,8,134,146,369.0979,medium,ok,True
SURVEY_09,ευρωεκλογεςΠΨηφ.sav,2019-04-04 00:00:00,2019.0,4.0,Q2,2019-Q2,auto_from_sav_date_column:Vdatesub,True,education_group,low_education,Ένωση Κεντρώων,2.1114,3,134,146,369.0979,medium,ok,True
SURVEY_09,ευρωεκλογεςΠΨηφ.sav,2019-04-04 00:00:00,2019.0,4.0,Q2,2019-Q2,auto_from_sav_date_column:Vdatesub,True,education_group,low_education,ΑΝΕΛ,0.6533,1,134,146,369.0979,medium,ok,True
SURVEY_09,ευρωεκλογεςΠΨηφ.sav,2019-04-04 00:00:00,2019.0,4.0,Q2,2019-Q2,auto_from_sav_date_column:Vdatesub,True,education_group,low_education,Ελληνική Λύση,1.8273,3,134,146,369.0979,medium,ok,True
SURVEY_09,ευρωεκλογεςΠΨηφ.sav,2019-04-04 00:00:00,2019.0,4.0,Q2,2019-Q2,auto_from_sav_date_column:Vdatesub,True,education_group,low_education,ΚΚΕ,3.0246,5,134,146,369.0979,medium,ok,True
SURVEY_09,ευρωεκλογεςΠΨηφ.sav,2019-04-04 00:00:00,2019.0,4.0,Q2,2019-Q2,auto_from_sav_date_column:Vdatesub,True,education_group,low_education,ΝΔ,29.5285,41,134,146,369.0979,medium,ok,True
SURVEY_09,ευρωεκλογεςΠΨηφ.sav,2019-04-04 00:00:00,2019.0,4.0,Q2,2019-Q2,auto_from_sav_date_column:Vdatesub,True,education_group,low_education,ΠΑΣΟΚ/ΚΙΝΑΛ,10.5157,13,134,146,369.0979,medium,ok,True
SURVEY_09,ευρωεκλογεςΠΨηφ.sav,2019-04-04 00:00:00,2019.0,4.0,Q2,2019-Q2,auto_from_sav_date_column:Vdatesub,True,education_group,low_education,Πλεύση Ελευθερίας,1.3832,1,134,146,369.0979,medium,ok,True
SURVEY_09,ευρωεκλογεςΠΨηφ.sav,2019-04-04 00:00:00,2019.0,4.0,Q2,2019-Q2,auto_from_sav_date_column:Vdatesub,True,education_group,low_education,ΣΥΡΙΖΑ,26.7159,35,134,146,369.0979,medium,ok,True
SURVEY_09,ευρωεκλογεςΠΨηφ.sav,2019-04-04 00:00:00,2019.0,4.0,Q2,2019-Q2,auto_from_sav_date_column:Vdatesub,True,education_group,low_education,Χρυσή Αυγή,18.3036,24,134,146,369.0979,medium,ok,True
SURVEY_09,ευρωεκλογεςΠΨηφ.sav,2019-04-04 00:00:00,2019.0,4.0,Q2,2019-Q2,auto_from_sav_date_column:Vdatesub,True,education_group,medium_education,other_party,7.1213,49,699,807,1960.5446,high,ok,True
SURVEY_09,ευρωεκλογεςΠΨηφ.sav,2019-04-04 00:00:00,2019.0,4.0,Q2,2019-Q2,auto_from_sav_date_column:Vdatesub,True,education_group,medium_education,Ένωση Κεντρώων,2.0284,15,699,807,1960.5446,high,ok,True
SURVEY_09,ευρωεκλογεςΠΨηφ.sav,2019-04-04 00:00:00,2019.0,4.0,Q2,2019-Q2,auto_from_sav_date_column:Vdatesub,True,education_group,medium_education,ΑΝΕΛ,0.2781,2,699,807,1960.5446,high,ok,True
SURVEY_09,ευρωεκλογεςΠΨηφ.sav,2019-04-04 00:00:00,2019.0,4.0,Q2,2019-Q2,auto_from_sav_date_column:Vdatesub,True,education_group,medium_education,Ελληνική Λύση,1.7445,12,699,807,1960.5446,high,ok,True
SURVEY_09,ευρωεκλογεςΠΨηφ.sav,2019-04-04 00:00:00,2019.0,4.0,Q2,2019-Q2,auto_from_sav_date_column:Vdatesub,True,education_group,medium_education,ΚΚΕ,4.6007,30,699,807,1960.5446,high,ok,True
SURVEY_09,ευρωεκλογεςΠΨηφ.sav,2019-04-04 00:00:00,2019.0,4.0,Q2,2019-Q2,auto_from_sav_date_column:Vdatesub,True,education_group,medium_education,ΜέΡΑ25,0.9994,9,699,807,1960.5446,high,ok,True
SURVEY_09,ευρωεκλογεςΠΨηφ.sav,2019-04-04 00:00:00,2019.0,4.0,Q2,2019-Q2,auto_from_sav_date_column:Vdatesub,True,education_group,medium_education,ΝΔ,36.5868,255,699,807,1960.5446,high,ok,True
SURVEY_09,ευρωεκλογεςΠΨηφ.sav,2019-04-04 00:00:00,2019.0,4.0,Q2,2019-Q2,auto_from_sav_date_column:Vdatesub,True,education_group,medium_education,ΠΑΣΟΚ/ΚΙΝΑΛ,7.0874,47,699,807,1960.5446,high,ok,True
SURVEY_09,ευρωεκλογεςΠΨηφ.sav,2019-04-04 00:00:00,2019.0,4.0,Q2,2019-Q2,auto_from_sav_date_column:Vdatesub,True,education_group,medium_education,Πλεύση Ελευθερίας,2.1957,16,699,807,1960.5446,high,ok,True
SURVEY_09,ευρωεκλογεςΠΨηφ.sav,2019-04-04 00:00:00,2019.0,4.0,Q2,2019-Q2,auto_from_sav_date_column:Vdatesub,True,education_group,medium_education,Ποτάμι,0.6325,5,699,807,1960.5446,high,ok,True
SURVEY_09,ευρωεκλογεςΠΨηφ.sav,2019-04-04 00:00:00,2019.0,4.0,Q2,2019-Q2,auto_from_sav_date_column:Vdatesub,True,education_group,medium_education,ΣΥΡΙΖΑ,25.0771,177,699,807,1960.5446,high,ok,True
SURVEY_09,ευρωεκλογεςΠΨηφ.sav,2019-04-04 00:00:00,2019.0,4.0,Q2,2019-Q2,auto_from_sav_date_column:Vdatesub,True,education_group,medium_education,Χρυσή Αυγή,11.648,82,699,807,1960.5446,high,ok,True
SURVEY_09,ευρωεκλογεςΠΨηφ.sav,2019-04-04 00:00:00,2019.0,4.0,Q2,2019-Q2,auto_from_sav_date_column:Vdatesub,True,education_group,Δε θέλω να απαντήσω,other_party,1.1743,1,32,49,85.1549,low,ok,True
SURVEY_09,ευρωεκλογεςΠΨηφ.sav,2019-04-04 00:00:00,2019.0,4.0,Q2,2019-Q2,auto_from_sav_date_column:Vdatesub,True,education_group,Δε θέλω να απαντήσω,Ελληνική Λύση,4.7313,2,32,49,85.1549,low,ok,True
SURVEY_09,ευρωεκλογεςΠΨηφ.sav,2019-04-04 00:00:00,2019.0,4.0,Q2,2019-Q2,auto_from_sav_date_column:Vdatesub,True,education_group,Δε θέλω να απαντήσω,ΚΚΕ,8.783,2,32,49,85.1549,low,ok,True
SURVEY_09,ευρωεκλογεςΠΨηφ.sav,2019-04-04 00:00:00,2019.0,4.0,Q2,2019-Q2,auto_from_sav_date_column:Vdatesub,True,education_group,Δε θέλω να απαντήσω,ΝΔ,33.6924,12,32,49,85.1549,low,ok,True
SURVEY_09,ευρωεκλογεςΠΨηφ.sav,2019-04-04 00:00:00,2019.0,4.0,Q2,2019-Q2,auto_from_sav_date_column:Vdatesub,True,education_group,Δε θέλω να απαντήσω,ΠΑΣΟΚ/ΚΙΝΑΛ,5.9953,1,32,49,85.1549,low,ok,True
SURVEY_09,ευρωεκλογεςΠΨηφ.sav,2019-04-04 00:00:00,2019.0,4.0,Q2,2019-Q2,auto_from_sav_date_column:Vdatesub,True,education_group,Δε θέλω να απαντήσω,Πλεύση Ελευθερίας,3.8786,1,32,49,85.1549,low,ok,True
SURVEY_09,ευρωεκλογεςΠΨηφ.sav,2019-04-04 00:00:00,2019.0,4.0,Q2,2019-Q2,auto_from_sav_date_column:Vdatesub,True,education_group,Δε θέλω να απαντήσω,ΣΥΡΙΖΑ,21.7491,5,32,49,85.1549,low,ok,True
SURVEY_09,ευρωεκλογεςΠΨηφ.sav,2019-04-04 00:00:00,2019.0,4.0,Q2,2019-Q2,auto_from_sav_date_column:Vdatesub,True,education_group,Δε θέλω να απαντήσω,Χρυσή Αυγή,19.996,8,32,49,85.1549,low,ok,True
SURVEY_09,ευρωεκλογεςΠΨηφ.sav,2019-04-04 00:00:00,2019.0,4.0,Q2,2019-Q2,auto_from_sav_date_column:Vdatesub,True,occupation_group,homemaker,other_party,8.8101,3,58,65,160.0276,low,ok,True
SURVEY_09,ευρωεκλογεςΠΨηφ.sav,2019-04-04 00:00:00,2019.0,4.0,Q2,2019-Q2,auto_from_sav_date_column:Vdatesub,True,occupation_group,homemaker,Ένωση Κεντρώων,3.7141,2,58,65,160.0276,low,ok,True
SURVEY_09,ευρωεκλογεςΠΨηφ.sav,2019-04-04 00:00:00,2019.0,4.0,Q2,2019-Q2,auto_from_sav_date_column:Vdatesub,True,occupation_group,homemaker,Ελληνική Λύση,4.2026,2,58,65,160.0276,low,ok,True
SURVEY_09,ευρωεκλογεςΠΨηφ.sav,2019-04-04 00:00:00,2019.0,4.0,Q2,2019-Q2,auto_from_sav_date_column:Vdatesub,True,occupation_group,homemaker,ΚΚΕ,3.6393,2,58,65,160.0276,low,ok,True
SURVEY_09,ευρωεκλογεςΠΨηφ.sav,2019-04-04 00:00:00,2019.0,4.0,Q2,2019-Q2,auto_from_sav_date_column:Vdatesub,True,occupation_group,homemaker,ΝΔ,40.3181,26,58,65,160.0276,low,ok,True
SURVEY_09,ευρωεκλογεςΠΨηφ.sav,2019-04-04 00:00:00,2019.0,4.0,Q2,2019-Q2,auto_from_sav_date_column:Vdatesub,True,occupation_group,homemaker,ΠΑΣΟΚ/ΚΙΝΑΛ,5.25,3,58,65,160.0276,low,ok,True
SURVEY_09,ευρωεκλογεςΠΨηφ.sav,2019-04-04 00:00:00,2019.0,4.0,Q2,2019-Q2,auto_from_sav_date_column:Vdatesub,True,occupation_group,homemaker,Πλεύση Ελευθερίας,2.4864,1,58,65,160.0276,low,ok,True
SURVEY_09,ευρωεκλογεςΠΨηφ.sav,2019-04-04 00:00:00,2019.0,4.0,Q2,2019-Q2,auto_from_sav_date_column:Vdatesub,True,occupation_group,homemaker,ΣΥΡΙΖΑ,15.8258,11,58,65,160.0276,low,ok,True
SURVEY_09,ευρωεκλογεςΠΨηφ.sav,2019-04-04 00:00:00,2019.0,4.0,Q2,2019-Q2,auto_from_sav_date_column:Vdatesub,True,occupation_group,homemaker,Χρυσή Αυγή,15.7536,8,58,65,160.0276,low,ok,True
SURVEY_09,ευρωεκλογεςΠΨηφ.sav,2019-04-04 00:00:00,2019.0,4.0,Q2,2019-Q2,auto_from_sav_date_column:Vdatesub,True,occupation_group,private_sector,other_party,8.2055,26,300,350,852.9576,high,ok,True
SURVEY_09,ευρωεκλογεςΠΨηφ.sav,2019-04-04 00:00:00,2019.0,4.0,Q2,2019-Q2,auto_from_sav_date_column:Vdatesub,True,occupation_group,private_sector,Ένωση Κεντρώων,2.1108,7,300,350,852.9576,high,ok,True
SURVEY_09,ευρωεκλογεςΠΨηφ.sav,2019-04-04 00:00:00,2019.0,4.0,Q2,2019-Q2,auto_from_sav_date_column:Vdatesub,True,occupation_group,private_sector,Ελληνική Λύση,1.3645,4,300,350,852.9576,high,ok,True
SURVEY_09,ευρωεκλογεςΠΨηφ.sav,2019-04-04 00:00:00,2019.0,4.0,Q2,2019-Q2,auto_from_sav_date_column:Vdatesub,True,occupation_group,private_sector,ΚΚΕ,7.7771,23,300,350,852.9576,high,ok,True
SURVEY_09,ευρωεκλογεςΠΨηφ.sav,2019-04-04 00:00:00,2019.0,4.0,Q2,2019-Q2,auto_from_sav_date_column:Vdatesub,True,occupation_group,private_sector,ΜέΡΑ25,0.5616,2,300,350,852.9576,high,ok,True
SURVEY_09,ευρωεκλογεςΠΨηφ.sav,2019-04-04 00:00:00,2019.0,4.0,Q2,2019-Q2,auto_from_sav_date_column:Vdatesub,True,occupation_group,private_sector,ΝΔ,31.172,94,300,350,852.9576,high,ok,True
SURVEY_09,ευρωεκλογεςΠΨηφ.sav,2019-04-04 00:00:00,2019.0,4.0,Q2,2019-Q2,auto_from_sav_date_column:Vdatesub,True,occupation_group,private_sector,ΠΑΣΟΚ/ΚΙΝΑΛ,4.1179,13,300,350,852.9576,high,ok,True
SURVEY_09,ευρωεκλογεςΠΨηφ.sav,2019-04-04 00:00:00,2019.0,4.0,Q2,2019-Q2,auto_from_sav_date_column:Vdatesub,True,occupation_group,private_sector,Πλεύση Ελευθερίας,1.3937,4,300,350,852.9576,high,ok,True
SURVEY_09,ευρωεκλογεςΠΨηφ.sav,2019-04-04 00:00:00,2019.0,4.0,Q2,2019-Q2,auto_from_sav_date_column:Vdatesub,True,occupation_group,private_sector,Ποτάμι,2.0202,6,300,350,852.9576,high,ok,True
SURVEY_09,ευρωεκλογεςΠΨηφ.sav,2019-04-04 00:00:00,2019.0,4.0,Q2,2019-Q2,auto_from_sav_date_column:Vdatesub,True,occupation_group,private_sector,ΣΥΡΙΖΑ,30.7908,88,300,350,852.9576,high,ok,True
SURVEY_09,ευρωεκλογεςΠΨηφ.sav,2019-04-04 00:00:00,2019.0,4.0,Q2,2019-Q2,auto_from_sav_date_column:Vdatesub,True,occupation_group,private_sector,Χρυσή Αυγή,10.4859,33,300,350,852.9576,high,ok,True
SURVEY_09,ευρωεκλογεςΠΨηφ.sav,2019-04-04 00:00:00,2019.0,4.0,Q2,2019-Q2,auto_from_sav_date_column:Vdatesub,True,occupation_group,public_sector,other_party,9.2891,17,176,208,578.632,medium,ok,True
SURVEY_09,ευρωεκλογεςΠΨηφ.sav,2019-04-04 00:00:00,2019.0,4.0,Q2,2019-Q2,auto_from_sav_date_column:Vdatesub,True,occupation_group,public_sector,Ένωση Κεντρώων,0.2902,1,176,208,578.632,medium,ok,True
SURVEY_09,ευρωεκλογεςΠΨηφ.sav,2019-04-04 00:00:00,2019.0,4.0,Q2,2019-Q2,auto_from_sav_date_column:Vdatesub,True,occupation_group,public_sector,ΑΝΕΛ,0.9424,2,176,208,578.632,medium,ok,True
SURVEY_09,ευρωεκλογεςΠΨηφ.sav,2019-04-04 00:00:00,2019.0,4.0,Q2,2019-Q2,auto_from_sav_date_column:Vdatesub,True,occupation_group,public_sector,Ελληνική Λύση,2.2183,4,176,208,578.632,medium,ok,True
SURVEY_09,ευρωεκλογεςΠΨηφ.sav,2019-04-04 00:00:00,2019.0,4.0,Q2,2019-Q2,auto_from_sav_date_column:Vdatesub,True,occupation_group,public_sector,ΚΚΕ,5.1804,9,176,208,578.632,medium,ok,True
SURVEY_09,ευρωεκλογεςΠΨηφ.sav,2019-04-04 00:00:00,2019.0,4.0,Q2,2019-Q2,auto_from_sav_date_column:Vdatesub,True,occupation_group,public_sector,ΜέΡΑ25,0.5235,1,176,208,578.632,medium,ok,True
SURVEY_09,ευρωεκλογεςΠΨηφ.sav,2019-04-04 00:00:00,2019.0,4.0,Q2,2019-Q2,auto_from_sav_date_column:Vdatesub,True,occupation_group,public_sector,ΝΔ,28.3626,49,176,208,578.632,medium,ok,True
SURVEY_09,ευρωεκλογεςΠΨηφ.sav,2019-04-04 00:00:00,2019.0,4.0,Q2,2019-Q2,auto_from_sav_date_column:Vdatesub,True,occupation_group,public_sector,ΠΑΣΟΚ/ΚΙΝΑΛ,8.7958,16,176,208,578.632,medium,ok,True
SURVEY_09,ευρωεκλογεςΠΨηφ.sav,2019-04-04 00:00:00,2019.0,4.0,Q2,2019-Q2,auto_from_sav_date_column:Vdatesub,True,occupation_group,public_sector,Πλεύση Ελευθερίας,0.9089,2,176,208,578.632,medium,ok,True
SURVEY_09,ευρωεκλογεςΠΨηφ.sav,2019-04-04 00:00:00,2019.0,4.0,Q2,2019-Q2,auto_from_sav_date_column:Vdatesub,True,occupation_group,public_sector,Ποτάμι,0.4572,1,176,208,578.632,medium,ok,True
SURVEY_09,ευρωεκλογεςΠΨηφ.sav,2019-04-04 00:00:00,2019.0,4.0,Q2,2019-Q2,auto_from_sav_date_column:Vdatesub,True,occupation_group,public_sector,ΣΥΡΙΖΑ,36.8788,62,176,208,578.632,medium,ok,True
SURVEY_09,ευρωεκλογεςΠΨηφ.sav,2019-04-04 00:00:00,2019.0,4.0,Q2,2019-Q2,auto_from_sav_date_column:Vdatesub,True,occupation_group,public_sector,Χρυσή Αυγή,6.1528,12,176,208,578.632,medium,ok,True
SURVEY_09,ευρωεκλογεςΠΨηφ.sav,2019-04-04 00:00:00,2019.0,4.0,Q2,2019-Q2,auto_from_sav_date_column:Vdatesub,True,occupation_group,retired,other_party,6.1917,27,507,560,1338.3797,high,ok,True
SURVEY_09,ευρωεκλογεςΠΨηφ.sav,2019-04-04 00:00:00,2019.0,4.0,Q2,2019-Q2,auto_from_sav_date_column:Vdatesub,True,occupation_group,retired,Ένωση Κεντρώων,0.9614,4,507,560,1338.3797,high,ok,True
SURVEY_09,ευρωεκλογεςΠΨηφ.sav,2019-04-04 00:00:00,2019.0,4.0,Q2,2019-Q2,auto_from_sav_date_column:Vdatesub,True,occupation_group,retired,ΑΝΕΛ,0.2263,1,507,560,1338.3797,high,ok,True
SURVEY_09,ευρωεκλογεςΠΨηφ.sav,2019-04-04 00:00:00,2019.0,4.0,Q2,2019-Q2,auto_from_sav_date_column:Vdatesub,True,occupation_group,retired,Ελληνική Λύση,1.9762,11,507,560,1338.3797,high,ok,True
SURVEY_09,ευρωεκλογεςΠΨηφ.sav,2019-04-04 00:00:00,2019.0,4.0,Q2,2019-Q2,auto_from_sav_date_column:Vdatesub,True,occupation_group,retired,ΚΚΕ,1.9712,13,507,560,1338.3797,high,ok,True
SURVEY_09,ευρωεκλογεςΠΨηφ.sav,2019-04-04 00:00:00,2019.0,4.0,Q2,2019-Q2,auto_from_sav_date_column:Vdatesub,True,occupation_group,retired,ΜέΡΑ25,0.301,2,507,560,1338.3797,high,ok,True
SURVEY_09,ευρωεκλογεςΠΨηφ.sav,2019-04-04 00:00:00,2019.0,4.0,Q2,2019-Q2,auto_from_sav_date_column:Vdatesub,True,occupation_group,retired,ΝΔ,38.5741,204,507,560,1338.3797,high,ok,True
SURVEY_09,ευρωεκλογεςΠΨηφ.sav,2019-04-04 00:00:00,2019.0,4.0,Q2,2019-Q2,auto_from_sav_date_column:Vdatesub,True,occupation_group,retired,ΠΑΣΟΚ/ΚΙΝΑΛ,15.7843,71,507,560,1338.3797,high,ok,True
SURVEY_09,ευρωεκλογεςΠΨηφ.sav,2019-04-04 00:00:00,2019.0,4.0,Q2,2019-Q2,auto_from_sav_date_column:Vdatesub,True,occupation_group,retired,Πλεύση Ελευθερίας,1.2406,6,507,560,1338.3797,high,ok,True
SURVEY_09,ευρωεκλογεςΠΨηφ.sav,2019-04-04 00:00:00,2019.0,4.0,Q2,2019-Q2,auto_from_sav_date_column:Vdatesub,True,occupation_group,retired,Ποτάμι,0.8319,5,507,560,1338.3797,high,ok,True
SURVEY_09,ευρωεκλογεςΠΨηφ.sav,2019-04-04 00:00:00,2019.0,4.0,Q2,2019-Q2,auto_from_sav_date_column:Vdatesub,True,occupation_group,retired,ΣΥΡΙΖΑ,27.2799,143,507,560,1338.3797,high,ok,True
SURVEY_09,ευρωεκλογεςΠΨηφ.sav,2019-04-04 00:00:00,2019.0,4.0,Q2,2019-Q2,auto_from_sav_date_column:Vdatesub,True,occupation_group,retired,Χρυσή Αυγή,4.6614,20,507,560,1338.3797,high,ok,True
SURVEY_09,ευρωεκλογεςΠΨηφ.sav,2019-04-04 00:00:00,2019.0,4.0,Q2,2019-Q2,auto_from_sav_date_column:Vdatesub,True,occupation_group,self_employed,other_party,8.0154,29,339,377,983.806,high,ok,True
SURVEY_09,ευρωεκλογεςΠΨηφ.sav,2019-04-04 00:00:00,2019.0,4.0,Q2,2019-Q2,auto_from_sav_date_column:Vdatesub,True,occupation_group,self_employed,Ένωση Κεντρώων,1.6914,5,339,377,983.806,high,ok,True
SURVEY_09,ευρωεκλογεςΠΨηφ.sav,2019-04-04 00:00:00,2019.0,4.0,Q2,2019-Q2,auto_from_sav_date_column:Vdatesub,True,occupation_group,self_employed,ΑΝΕΛ,0.6395,2,339,377,983.806,high,ok,True
SURVEY_09,ευρωεκλογεςΠΨηφ.sav,2019-04-04 00:00:00,2019.0,4.0,Q2,2019-Q2,auto_from_sav_date_column:Vdatesub,True,occupation_group,self_employed,Ελληνική Λύση,0.8243,3,339,377,983.806,high,ok,True
SURVEY_09,ευρωεκλογεςΠΨηφ.sav,2019-04-04 00:00:00,2019.0,4.0,Q2,2019-Q2,auto_from_sav_date_column:Vdatesub,True,occupation_group,self_employed,ΚΚΕ,3.2104,11,339,377,983.806,high,ok,True
SURVEY_09,ευρωεκλογεςΠΨηφ.sav,2019-04-04 00:00:00,2019.0,4.0,Q2,2019-Q2,auto_from_sav_date_column:Vdatesub,True,occupation_group,self_employed,ΜέΡΑ25,1.3268,4,339,377,983.806,high,ok,True
SURVEY_09,ευρωεκλογεςΠΨηφ.sav,2019-04-04 00:00:00,2019.0,4.0,Q2,2019-Q2,auto_from_sav_date_column:Vdatesub,True,occupation_group,self_employed,ΝΔ,36.8494,126,339,377,983.806,high,ok,True
SURVEY_09,ευρωεκλογεςΠΨηφ.sav,2019-04-04 00:00:00,2019.0,4.0,Q2,2019-Q2,auto_from_sav_date_column:Vdatesub,True,occupation_group,self_employed,ΠΑΣΟΚ/ΚΙΝΑΛ,7.4372,22,339,377,983.806,high,ok,True
SURVEY_09,ευρωεκλογεςΠΨηφ.sav,2019-04-04 00:00:00,2019.0,4.0,Q2,2019-Q2,auto_from_sav_date_column:Vdatesub,True,occupation_group,self_employed,Πλεύση Ελευθερίας,1.4748,5,339,377,983.806,high,ok,True
SURVEY_09,ευρωεκλογεςΠΨηφ.sav,2019-04-04 00:00:00,2019.0,4.0,Q2,2019-Q2,auto_from_sav_date_column:Vdatesub,True,occupation_group,self_employed,Ποτάμι,2.207,7,339,377,983.806,high,ok,True
SURVEY_09,ευρωεκλογεςΠΨηφ.sav,2019-04-04 00:00:00,2019.0,4.0,Q2,2019-Q2,auto_from_sav_date_column:Vdatesub,True,occupation_group,self_employed,ΣΥΡΙΖΑ,26.9466,91,339,377,983.806,high,ok,True
SURVEY_09,ευρωεκλογεςΠΨηφ.sav,2019-04-04 00:00:00,2019.0,4.0,Q2,2019-Q2,auto_from_sav_date_column:Vdatesub,True,occupation_group,self_employed,Χρυσή Αυγή,9.3773,34,339,377,983.806,high,ok,True
SURVEY_09,ευρωεκλογεςΠΨηφ.sav,2019-04-04 00:00:00,2019.0,4.0,Q2,2019-Q2,auto_from_sav_date_column:Vdatesub,True,occupation_group,student,other_party,10.5656,16,141,182,353.8249,medium,ok,True
SURVEY_09,ευρωεκλογεςΠΨηφ.sav,2019-04-04 00:00:00,2019.0,4.0,Q2,2019-Q2,auto_from_sav_date_column:Vdatesub,True,occupation_group,student,Ένωση Κεντρώων,2.2983,3,141,182,353.8249,medium,ok,True
SURVEY_09,ευρωεκλογεςΠΨηφ.sav,2019-04-04 00:00:00,2019.0,4.0,Q2,2019-Q2,auto_from_sav_date_column:Vdatesub,True,occupation_group,student,Ελληνική Λύση,1.8192,3,141,182,353.8249,medium,ok,True
SURVEY_09,ευρωεκλογεςΠΨηφ.sav,2019-04-04 00:00:00,2019.0,4.0,Q2,2019-Q2,auto_from_sav_date_column:Vdatesub,True,occupation_group,student,ΚΚΕ,12.1391,16,141,182,353.8249,medium,ok,True
SURVEY_09,ευρωεκλογεςΠΨηφ.sav,2019-04-04 00:00:00,2019.0,4.0,Q2,2019-Q2,auto_from_sav_date_column:Vdatesub,True,occupation_group,student,ΜέΡΑ25,3.0502,6,141,182,353.8249,medium,ok,True
SURVEY_09,ευρωεκλογεςΠΨηφ.sav,2019-04-04 00:00:00,2019.0,4.0,Q2,2019-Q2,auto_from_sav_date_column:Vdatesub,True,occupation_group,student,ΝΔ,26.5474,34,141,182,353.8249,medium,ok,True
SURVEY_09,ευρωεκλογεςΠΨηφ.sav,2019-04-04 00:00:00,2019.0,4.0,Q2,2019-Q2,auto_from_sav_date_column:Vdatesub,True,occupation_group,student,ΠΑΣΟΚ/ΚΙΝΑΛ,3.9248,6,141,182,353.8249,medium,ok,True
SURVEY_09,ευρωεκλογεςΠΨηφ.sav,2019-04-04 00:00:00,2019.0,4.0,Q2,2019-Q2,auto_from_sav_date_column:Vdatesub,True,occupation_group,student,Πλεύση Ελευθερίας,3.7343,5,141,182,353.8249,medium,ok,True
SURVEY_09,ευρωεκλογεςΠΨηφ.sav,2019-04-04 00:00:00,2019.0,4.0,Q2,2019-Q2,auto_from_sav_date_column:Vdatesub,True,occupation_group,student,Ποτάμι,0.4746,1,141,182,353.8249,medium,ok,True
SURVEY_09,ευρωεκλογεςΠΨηφ.sav,2019-04-04 00:00:00,2019.0,4.0,Q2,2019-Q2,auto_from_sav_date_column:Vdatesub,True,occupation_group,student,ΣΥΡΙΖΑ,21.5567,31,141,182,353.8249,medium,ok,True
SURVEY_09,ευρωεκλογεςΠΨηφ.sav,2019-04-04 00:00:00,2019.0,4.0,Q2,2019-Q2,auto_from_sav_date_column:Vdatesub,True,occupation_group,student,Χρυσή Αυγή,13.8897,20,141,182,353.8249,medium,ok,True
SURVEY_09,ευρωεκλογεςΠΨηφ.sav,2019-04-04 00:00:00,2019.0,4.0,Q2,2019-Q2,auto_from_sav_date_column:Vdatesub,True,occupation_group,unemployed,other_party,4.8987,7,128,169,375.5949,medium,ok,True
SURVEY_09,ευρωεκλογεςΠΨηφ.sav,2019-04-04 00:00:00,2019.0,4.0,Q2,2019-Q2,auto_from_sav_date_column:Vdatesub,True,occupation_group,unemployed,Ένωση Κεντρώων,1.3661,2,128,169,375.5949,medium,ok,True
SURVEY_09,ευρωεκλογεςΠΨηφ.sav,2019-04-04 00:00:00,2019.0,4.0,Q2,2019-Q2,auto_from_sav_date_column:Vdatesub,True,occupation_group,unemployed,ΑΝΕΛ,2.2244,3,128,169,375.5949,medium,ok,True
SURVEY_09,ευρωεκλογεςΠΨηφ.sav,2019-04-04 00:00:00,2019.0,4.0,Q2,2019-Q2,auto_from_sav_date_column:Vdatesub,True,occupation_group,unemployed,Ελληνική Λύση,1.371,2,128,169,375.5949,medium,ok,True
SURVEY_09,ευρωεκλογεςΠΨηφ.sav,2019-04-04 00:00:00,2019.0,4.0,Q2,2019-Q2,auto_from_sav_date_column:Vdatesub,True,occupation_group,unemployed,ΚΚΕ,6.252,8,128,169,375.5949,medium,ok,True
SURVEY_09,ευρωεκλογεςΠΨηφ.sav,2019-04-04 00:00:00,2019.0,4.0,Q2,2019-Q2,auto_from_sav_date_column:Vdatesub,True,occupation_group,unemployed,ΜέΡΑ25,2.5484,3,128,169,375.5949,medium,ok,True
SURVEY_09,ευρωεκλογεςΠΨηφ.sav,2019-04-04 00:00:00,2019.0,4.0,Q2,2019-Q2,auto_from_sav_date_column:Vdatesub,True,occupation_group,unemployed,ΝΔ,28.7649,34,128,169,375.5949,medium,ok,True
SURVEY_09,ευρωεκλογεςΠΨηφ.sav,2019-04-04 00:00:00,2019.0,4.0,Q2,2019-Q2,auto_from_sav_date_column:Vdatesub,True,occupation_group,unemployed,ΠΑΣΟΚ/ΚΙΝΑΛ,4.1163,6,128,169,375.5949,medium,ok,True
SURVEY_09,ευρωεκλογεςΠΨηφ.sav,2019-04-04 00:00:00,2019.0,4.0,Q2,2019-Q2,auto_from_sav_date_column:Vdatesub,True,occupation_group,unemployed,Πλεύση Ελευθερίας,0.7043,1,128,169,375.5949,medium,ok,True
SURVEY_09,ευρωεκλογεςΠΨηφ.sav,2019-04-04 00:00:00,2019.0,4.0,Q2,2019-Q2,auto_from_sav_date_column:Vdatesub,True,occupation_group,unemployed,Ποτάμι,1.453,2,128,169,375.5949,medium,ok,True
SURVEY_09,ευρωεκλογεςΠΨηφ.sav,2019-04-04 00:00:00,2019.0,4.0,Q2,2019-Q2,auto_from_sav_date_column:Vdatesub,True,occupation_group,unemployed,ΣΥΡΙΖΑ,34.2943,43,128,169,375.5949,medium,ok,True
SURVEY_09,ευρωεκλογεςΠΨηφ.sav,2019-04-04 00:00:00,2019.0,4.0,Q2,2019-Q2,auto_from_sav_date_column:Vdatesub,True,occupation_group,unemployed,Χρυσή Αυγή,12.0067,17,128,169,375.5949,medium,ok,True
SURVEY_09,ευρωεκλογεςΠΨηφ.sav,2019-04-04 00:00:00,2019.0,4.0,Q2,2019-Q2,auto_from_sav_date_column:Vdatesub,True,occupation_group,Δεν θέλω να απαντήσω,other_party,7.8542,4,42,55,120.1147,low,ok,True
SURVEY_09,ευρωεκλογεςΠΨηφ.sav,2019-04-04 00:00:00,2019.0,4.0,Q2,2019-Q2,auto_from_sav_date_column:Vdatesub,True,occupation_group,Δεν θέλω να απαντήσω,ΑΝΕΛ,2.4622,1,42,55,120.1147,low,ok,True
SURVEY_09,ευρωεκλογεςΠΨηφ.sav,2019-04-04 00:00:00,2019.0,4.0,Q2,2019-Q2,auto_from_sav_date_column:Vdatesub,True,occupation_group,Δεν θέλω να απαντήσω,Ελληνική Λύση,4.5937,2,42,55,120.1147,low,ok,True
SURVEY_09,ευρωεκλογεςΠΨηφ.sav,2019-04-04 00:00:00,2019.0,4.0,Q2,2019-Q2,auto_from_sav_date_column:Vdatesub,True,occupation_group,Δεν θέλω να απαντήσω,ΝΔ,26.1776,11,42,55,120.1147,low,ok,True
SURVEY_09,ευρωεκλογεςΠΨηφ.sav,2019-04-04 00:00:00,2019.0,4.0,Q2,2019-Q2,auto_from_sav_date_column:Vdatesub,True,occupation_group,Δεν θέλω να απαντήσω,ΠΑΣΟΚ/ΚΙΝΑΛ,2.2798,1,42,55,120.1147,low,ok,True
SURVEY_09,ευρωεκλογεςΠΨηφ.sav,2019-04-04 00:00:00,2019.0,4.0,Q2,2019-Q2,auto_from_sav_date_column:Vdatesub,True,occupation_group,Δεν θέλω να απαντήσω,Πλεύση Ελευθερίας,2.7497,1,42,55,120.1147,low,ok,True
SURVEY_09,ευρωεκλογεςΠΨηφ.sav,2019-04-04 00:00:00,2019.0,4.0,Q2,2019-Q2,auto_from_sav_date_column:Vdatesub,True,occupation_group,Δεν θέλω να απαντήσω,ΣΥΡΙΖΑ,31.6995,12,42,55,120.1147,low,ok,True
SURVEY_09,ευρωεκλογεςΠΨηφ.sav,2019-04-04 00:00:00,2019.0,4.0,Q2,2019-Q2,auto_from_sav_date_column:Vdatesub,True,occupation_group,Δεν θέλω να απαντήσω,Χρυσή Αυγή,22.1833,10,42,55,120.1147,low,ok,True
SURVEY_09,ευρωεκλογεςΠΨηφ.sav,2019-04-04 00:00:00,2019.0,4.0,Q2,2019-Q2,auto_from_sav_date_column:Vdatesub,True,occupation_group,Εισοδηματίας,ΝΔ,39.823,3,6,10,11.8984,low,ok,False
SURVEY_09,ευρωεκλογεςΠΨηφ.sav,2019-04-04 00:00:00,2019.0,4.0,Q2,2019-Q2,auto_from_sav_date_column:Vdatesub,True,occupation_group,Εισοδηματίας,ΣΥΡΙΖΑ,8.4045,1,6,10,11.8984,low,ok,False
SURVEY_09,ευρωεκλογεςΠΨηφ.sav,2019-04-04 00:00:00,2019.0,4.0,Q2,2019-Q2,auto_from_sav_date_column:Vdatesub,True,occupation_group,Εισοδηματίας,Χρυσή Αυγή,51.7725,2,6,10,11.8984,low,ok,False
SURVEY_09,ευρωεκλογεςΠΨηφ.sav,2019-04-04 00:00:00,2019.0,4.0,Q2,2019-Q2,auto_from_sav_date_column:Vdatesub,True,occupation_group,Φαντάρος,other_party,26.2539,1,5,5,12.4264,low,ok,False
SURVEY_09,ευρωεκλογεςΠΨηφ.sav,2019-04-04 00:00:00,2019.0,4.0,Q2,2019-Q2,auto_from_sav_date_column:Vdatesub,True,occupation_group,Φαντάρος,ΚΚΕ,41.969,2,5,5,12.4264,low,ok,False
SURVEY_09,ευρωεκλογεςΠΨηφ.sav,2019-04-04 00:00:00,2019.0,4.0,Q2,2019-Q2,auto_from_sav_date_column:Vdatesub,True,occupation_group,Φαντάρος,ΝΔ,18.2636,1,5,5,12.4264,low,ok,False
SURVEY_09,ευρωεκλογεςΠΨηφ.sav,2019-04-04 00:00:00,2019.0,4.0,Q2,2019-Q2,auto_from_sav_date_column:Vdatesub,True,occupation_group,Φαντάρος,ΣΥΡΙΖΑ,13.5135,1,5,5,12.4264,low,ok,False
SURVEY_09,ευρωεκλογεςΠΨηφ.sav,2019-04-04 00:00:00,2019.0,4.0,Q2,2019-Q2,auto_from_sav_date_column:Vdatesub,True,left_right_group,center,other_party,6.5445,54,801,958,2255.9161,high,ok,True
SURVEY_09,ευρωεκλογεςΠΨηφ.sav,2019-04-04 00:00:00,2019.0,4.0,Q2,2019-Q2,auto_from_sav_date_column:Vdatesub,True,left_right_group,center,Ένωση Κεντρώων,1.7509,15,801,958,2255.9161,high,ok,True
SURVEY_09,ευρωεκλογεςΠΨηφ.sav,2019-04-04 00:00:00,2019.0,4.0,Q2,2019-Q2,auto_from_sav_date_column:Vdatesub,True,left_right_group,center,ΑΝΕΛ,0.5083,4,801,958,2255.9161,high,ok,True
SURVEY_09,ευρωεκλογεςΠΨηφ.sav,2019-04-04 00:00:00,2019.0,4.0,Q2,2019-Q2,auto_from_sav_date_column:Vdatesub,True,left_right_group,center,Ελληνική Λύση,1.9352,16,801,958,2255.9161,high,ok,True
SURVEY_09,ευρωεκλογεςΠΨηφ.sav,2019-04-04 00:00:00,2019.0,4.0,Q2,2019-Q2,auto_from_sav_date_column:Vdatesub,True,left_right_group,center,ΚΚΕ,2.3108,19,801,958,2255.9161,high,ok,True
SURVEY_09,ευρωεκλογεςΠΨηφ.sav,2019-04-04 00:00:00,2019.0,4.0,Q2,2019-Q2,auto_from_sav_date_column:Vdatesub,True,left_right_group,center,ΜέΡΑ25,1.2719,12,801,958,2255.9161,high,ok,True
SURVEY_09,ευρωεκλογεςΠΨηφ.sav,2019-04-04 00:00:00,2019.0,4.0,Q2,2019-Q2,auto_from_sav_date_column:Vdatesub,True,left_right_group,center,ΝΔ,35.4931,286,801,958,2255.9161,high,ok,True
SURVEY_09,ευρωεκλογεςΠΨηφ.sav,2019-04-04 00:00:00,2019.0,4.0,Q2,2019-Q2,auto_from_sav_date_column:Vdatesub,True,left_right_group,center,ΠΑΣΟΚ/ΚΙΝΑΛ,14.9476,115,801,958,2255.9161,high,ok,True
SURVEY_09,ευρωεκλογεςΠΨηφ.sav,2019-04-04 00:00:00,2019.0,4.0,Q2,2019-Q2,auto_from_sav_date_column:Vdatesub,True,left_right_group,center,Πλεύση Ελευθερίας,2.2029,17,801,958,2255.9161,high,ok,True
SURVEY_09,ευρωεκλογεςΠΨηφ.sav,2019-04-04 00:00:00,2019.0,4.0,Q2,2019-Q2,auto_from_sav_date_column:Vdatesub,True,left_right_group,center,Ποτάμι,2.1775,18,801,958,2255.9161,high,ok,True
SURVEY_09,ευρωεκλογεςΠΨηφ.sav,2019-04-04 00:00:00,2019.0,4.0,Q2,2019-Q2,auto_from_sav_date_column:Vdatesub,True,left_right_group,center,ΣΥΡΙΖΑ,26.2011,208,801,958,2255.9161,high,ok,True
SURVEY_09,ευρωεκλογεςΠΨηφ.sav,2019-04-04 00:00:00,2019.0,4.0,Q2,2019-Q2,auto_from_sav_date_column:Vdatesub,True,left_right_group,center,Χρυσή Αυγή,4.6561,37,801,958,2255.9161,high,ok,True
SURVEY_09,ευρωεκλογεςΠΨηφ.sav,2019-04-04 00:00:00,2019.0,4.0,Q2,2019-Q2,auto_from_sav_date_column:Vdatesub,True,left_right_group,left,other_party,9.712,37,369,395,1057.6892,high,ok,True
SURVEY_09,ευρωεκλογεςΠΨηφ.sav,2019-04-04 00:00:00,2019.0,4.0,Q2,2019-Q2,auto_from_sav_date_column:Vdatesub,True,left_right_group,left,ΑΝΕΛ,0.2864,1,369,395,1057.6892,high,ok,True
SURVEY_09,ευρωεκλογεςΠΨηφ.sav,2019-04-04 00:00:00,2019.0,4.0,Q2,2019-Q2,auto_from_sav_date_column:Vdatesub,True,left_right_group,left,Ελληνική Λύση,0.2716,1,369,395,1057.6892,high,ok,True
SURVEY_09,ευρωεκλογεςΠΨηφ.sav,2019-04-04 00:00:00,2019.0,4.0,Q2,2019-Q2,auto_from_sav_date_column:Vdatesub,True,left_right_group,left,ΚΚΕ,15.0505,56,369,395,1057.6892,high,ok,True
SURVEY_09,ευρωεκλογεςΠΨηφ.sav,2019-04-04 00:00:00,2019.0,4.0,Q2,2019-Q2,auto_from_sav_date_column:Vdatesub,True,left_right_group,left,ΜέΡΑ25,1.5667,6,369,395,1057.6892,high,ok,True
SURVEY_09,ευρωεκλογεςΠΨηφ.sav,2019-04-04 00:00:00,2019.0,4.0,Q2,2019-Q2,auto_from_sav_date_column:Vdatesub,True,left_right_group,left,ΝΔ,3.1848,13,369,395,1057.6892,high,ok,True
SURVEY_09,ευρωεκλογεςΠΨηφ.sav,2019-04-04 00:00:00,2019.0,4.0,Q2,2019-Q2,auto_from_sav_date_column:Vdatesub,True,left_right_group,left,ΠΑΣΟΚ/ΚΙΝΑΛ,3.703,10,369,395,1057.6892,high,ok,True
SURVEY_09,ευρωεκλογεςΠΨηφ.sav,2019-04-04 00:00:00,2019.0,4.0,Q2,2019-Q2,auto_from_sav_date_column:Vdatesub,True,left_right_group,left,Πλεύση Ελευθερίας,0.6414,3,369,395,1057.6892,high,ok,True
SURVEY_09,ευρωεκλογεςΠΨηφ.sav,2019-04-04 00:00:00,2019.0,4.0,Q2,2019-Q2,auto_from_sav_date_column:Vdatesub,True,left_right_group,left,Ποτάμι,0.5441,2,369,395,1057.6892,high,ok,True
SURVEY_09,ευρωεκλογεςΠΨηφ.sav,2019-04-04 00:00:00,2019.0,4.0,Q2,2019-Q2,auto_from_sav_date_column:Vdatesub,True,left_right_group,left,ΣΥΡΙΖΑ,64.0991,237,369,395,1057.6892,high,ok,True
SURVEY_09,ευρωεκλογεςΠΨηφ.sav,2019-04-04 00:00:00,2019.0,4.0,Q2,2019-Q2,auto_from_sav_date_column:Vdatesub,True,left_right_group,left,Χρυσή Αυγή,0.9405,3,369,395,1057.6892,high,ok,True
SURVEY_09,ευρωεκλογεςΠΨηφ.sav,2019-04-04 00:00:00,2019.0,4.0,Q2,2019-Q2,auto_from_sav_date_column:Vdatesub,True,left_right_group,right,other_party,8.0633,39,528,624,1459.4745,high,ok,True
SURVEY_09,ευρωεκλογεςΠΨηφ.sav,2019-04-04 00:00:00,2019.0,4.0,Q2,2019-Q2,auto_from_sav_date_column:Vdatesub,True,left_right_group,right,Ένωση Κεντρώων,1.98,9,528,624,1459.4745,high,ok,True
SURVEY_09,ευρωεκλογεςΠΨηφ.sav,2019-04-04 00:00:00,2019.0,4.0,Q2,2019-Q2,auto_from_sav_date_column:Vdatesub,True,left_right_group,right,ΑΝΕΛ,0.7941,4,528,624,1459.4745,high,ok,True
SURVEY_09,ευρωεκλογεςΠΨηφ.sav,2019-04-04 00:00:00,2019.0,4.0,Q2,2019-Q2,auto_from_sav_date_column:Vdatesub,True,left_right_group,right,Ελληνική Λύση,2.4895,14,528,624,1459.4745,high,ok,True
SURVEY_09,ευρωεκλογεςΠΨηφ.sav,2019-04-04 00:00:00,2019.0,4.0,Q2,2019-Q2,auto_from_sav_date_column:Vdatesub,True,left_right_group,right,ΚΚΕ,1.3999,9,528,624,1459.4745,high,ok,True
SURVEY_09,ευρωεκλογεςΠΨηφ.sav,2019-04-04 00:00:00,2019.0,4.0,Q2,2019-Q2,auto_from_sav_date_column:Vdatesub,True,left_right_group,right,ΝΔ,52.9954,281,528,624,1459.4745,high,ok,True
SURVEY_09,ευρωεκλογεςΠΨηφ.sav,2019-04-04 00:00:00,2019.0,4.0,Q2,2019-Q2,auto_from_sav_date_column:Vdatesub,True,left_right_group,right,ΠΑΣΟΚ/ΚΙΝΑΛ,2.3677,13,528,624,1459.4745,high,ok,True
SURVEY_09,ευρωεκλογεςΠΨηφ.sav,2019-04-04 00:00:00,2019.0,4.0,Q2,2019-Q2,auto_from_sav_date_column:Vdatesub,True,left_right_group,right,Πλεύση Ελευθερίας,1.0224,5,528,624,1459.4745,high,ok,True
SURVEY_09,ευρωεκλογεςΠΨηφ.sav,2019-04-04 00:00:00,2019.0,4.0,Q2,2019-Q2,auto_from_sav_date_column:Vdatesub,True,left_right_group,right,Ποτάμι,0.3414,2,528,624,1459.4745,high,ok,True
SURVEY_09,ευρωεκλογεςΠΨηφ.sav,2019-04-04 00:00:00,2019.0,4.0,Q2,2019-Q2,auto_from_sav_date_column:Vdatesub,True,left_right_group,right,ΣΥΡΙΖΑ,7.0851,37,528,624,1459.4745,high,ok,True
SURVEY_09,ευρωεκλογεςΠΨηφ.sav,2019-04-04 00:00:00,2019.0,4.0,Q2,2019-Q2,auto_from_sav_date_column:Vdatesub,True,left_right_group,right,Χρυσή Αυγή,21.4614,115,528,624,1459.4745,high,ok,True
SURVEY_09,ευρωεκλογεςΠΨηφ.sav,2019-04-04 00:00:00,2019.0,4.0,Q2,2019-Q2,auto_from_sav_date_column:Vdatesub,True,previous_vote_party,other_party,other_party,16.8719,58,325,401,916.9901,high,ok,True
SURVEY_09,ευρωεκλογεςΠΨηφ.sav,2019-04-04 00:00:00,2019.0,4.0,Q2,2019-Q2,auto_from_sav_date_column:Vdatesub,True,previous_vote_party,other_party,Ένωση Κεντρώων,1.4471,5,325,401,916.9901,high,ok,True
SURVEY_09,ευρωεκλογεςΠΨηφ.sav,2019-04-04 00:00:00,2019.0,4.0,Q2,2019-Q2,auto_from_sav_date_column:Vdatesub,True,previous_vote_party,other_party,ΑΝΕΛ,0.3225,1,325,401,916.9901,high,ok,True
SURVEY_09,ευρωεκλογεςΠΨηφ.sav,2019-04-04 00:00:00,2019.0,4.0,Q2,2019-Q2,auto_from_sav_date_column:Vdatesub,True,previous_vote_party,other_party,Ελληνική Λύση,1.8584,7,325,401,916.9901,high,ok,True
SURVEY_09,ευρωεκλογεςΠΨηφ.sav,2019-04-04 00:00:00,2019.0,4.0,Q2,2019-Q2,auto_from_sav_date_column:Vdatesub,True,previous_vote_party,other_party,ΚΚΕ,3.8725,11,325,401,916.9901,high,ok,True
SURVEY_09,ευρωεκλογεςΠΨηφ.sav,2019-04-04 00:00:00,2019.0,4.0,Q2,2019-Q2,auto_from_sav_date_column:Vdatesub,True,previous_vote_party,other_party,ΜέΡΑ25,3.6051,14,325,401,916.9901,high,ok,True
SURVEY_09,ευρωεκλογεςΠΨηφ.sav,2019-04-04 00:00:00,2019.0,4.0,Q2,2019-Q2,auto_from_sav_date_column:Vdatesub,True,previous_vote_party,other_party,ΝΔ,16.7324,53,325,401,916.9901,high,ok,True
SURVEY_09,ευρωεκλογεςΠΨηφ.sav,2019-04-04 00:00:00,2019.0,4.0,Q2,2019-Q2,auto_from_sav_date_column:Vdatesub,True,previous_vote_party,other_party,ΠΑΣΟΚ/ΚΙΝΑΛ,30.6279,91,325,401,916.9901,high,ok,True
SURVEY_09,ευρωεκλογεςΠΨηφ.sav,2019-04-04 00:00:00,2019.0,4.0,Q2,2019-Q2,auto_from_sav_date_column:Vdatesub,True,previous_vote_party,other_party,Πλεύση Ελευθερίας,2.988,10,325,401,916.9901,high,ok,True
SURVEY_09,ευρωεκλογεςΠΨηφ.sav,2019-04-04 00:00:00,2019.0,4.0,Q2,2019-Q2,auto_from_sav_date_column:Vdatesub,True,previous_vote_party,other_party,Ποτάμι,0.7782,3,325,401,916.9901,high,ok,True
SURVEY_09,ευρωεκλογεςΠΨηφ.sav,2019-04-04 00:00:00,2019.0,4.0,Q2,2019-Q2,auto_from_sav_date_column:Vdatesub,True,previous_vote_party,other_party,ΣΥΡΙΖΑ,15.097,52,325,401,916.9901,high,ok,True
SURVEY_09,ευρωεκλογεςΠΨηφ.sav,2019-04-04 00:00:00,2019.0,4.0,Q2,2019-Q2,auto_from_sav_date_column:Vdatesub,True,previous_vote_party,other_party,Χρυσή Αυγή,5.7991,20,325,401,916.9901,high,ok,True
SURVEY_09,ευρωεκλογεςΠΨηφ.sav,2019-04-04 00:00:00,2019.0,4.0,Q2,2019-Q2,auto_from_sav_date_column:Vdatesub,True,previous_vote_party,Ένωση Κεντρώων,other_party,12.3017,7,47,56,132.6357,low,ok,True
SURVEY_09,ευρωεκλογεςΠΨηφ.sav,2019-04-04 00:00:00,2019.0,4.0,Q2,2019-Q2,auto_from_sav_date_column:Vdatesub,True,previous_vote_party,Ένωση Κεντρώων,Ένωση Κεντρώων,27.1062,11,47,56,132.6357,low,ok,True
SURVEY_09,ευρωεκλογεςΠΨηφ.sav,2019-04-04 00:00:00,2019.0,4.0,Q2,2019-Q2,auto_from_sav_date_column:Vdatesub,True,previous_vote_party,Ένωση Κεντρώων,Ελληνική Λύση,4.5457,2,47,56,132.6357,low,ok,True
SURVEY_09,ευρωεκλογεςΠΨηφ.sav,2019-04-04 00:00:00,2019.0,4.0,Q2,2019-Q2,auto_from_sav_date_column:Vdatesub,True,previous_vote_party,Ένωση Κεντρώων,ΝΔ,31.1996,15,47,56,132.6357,low,ok,True
SURVEY_09,ευρωεκλογεςΠΨηφ.sav,2019-04-04 00:00:00,2019.0,4.0,Q2,2019-Q2,auto_from_sav_date_column:Vdatesub,True,previous_vote_party,Ένωση Κεντρώων,ΠΑΣΟΚ/ΚΙΝΑΛ,8.562,4,47,56,132.6357,low,ok,True
SURVEY_09,ευρωεκλογεςΠΨηφ.sav,2019-04-04 00:00:00,2019.0,4.0,Q2,2019-Q2,auto_from_sav_date_column:Vdatesub,True,previous_vote_party,Ένωση Κεντρώων,ΣΥΡΙΖΑ,7.7699,4,47,56,132.6357,low,ok,True
SURVEY_09,ευρωεκλογεςΠΨηφ.sav,2019-04-04 00:00:00,2019.0,4.0,Q2,2019-Q2,auto_from_sav_date_column:Vdatesub,True,previous_vote_party,Ένωση Κεντρώων,Χρυσή Αυγή,8.5149,4,47,56,132.6357,low,ok,True
SURVEY_09,ευρωεκλογεςΠΨηφ.sav,2019-04-04 00:00:00,2019.0,4.0,Q2,2019-Q2,auto_from_sav_date_column:Vdatesub,True,previous_vote_party,ΑΝΕΛ,other_party,10.4432,5,51,60,146.0165,low,ok,True
SURVEY_09,ευρωεκλογεςΠΨηφ.sav,2019-04-04 00:00:00,2019.0,4.0,Q2,2019-Q2,auto_from_sav_date_column:Vdatesub,True,previous_vote_party,ΑΝΕΛ,Ένωση Κεντρώων,2.0744,1,51,60,146.0165,low,ok,True
SURVEY_09,ευρωεκλογεςΠΨηφ.sav,2019-04-04 00:00:00,2019.0,4.0,Q2,2019-Q2,auto_from_sav_date_column:Vdatesub,True,previous_vote_party,ΑΝΕΛ,ΑΝΕΛ,9.9768,5,51,60,146.0165,low,ok,True
SURVEY_09,ευρωεκλογεςΠΨηφ.sav,2019-04-04 00:00:00,2019.0,4.0,Q2,2019-Q2,auto_from_sav_date_column:Vdatesub,True,previous_vote_party,ΑΝΕΛ,Ελληνική Λύση,6.2422,3,51,60,146.0165,low,ok,True
SURVEY_09,ευρωεκλογεςΠΨηφ.sav,2019-04-04 00:00:00,2019.0,4.0,Q2,2019-Q2,auto_from_sav_date_column:Vdatesub,True,previous_vote_party,ΑΝΕΛ,ΝΔ,32.3533,17,51,60,146.0165,low,ok,True
SURVEY_09,ευρωεκλογεςΠΨηφ.sav,2019-04-04 00:00:00,2019.0,4.0,Q2,2019-Q2,auto_from_sav_date_column:Vdatesub,True,previous_vote_party,ΑΝΕΛ,ΠΑΣΟΚ/ΚΙΝΑΛ,3.4964,1,51,60,146.0165,low,ok,True
SURVEY_09,ευρωεκλογεςΠΨηφ.sav,2019-04-04 00:00:00,2019.0,4.0,Q2,2019-Q2,auto_from_sav_date_column:Vdatesub,True,previous_vote_party,ΑΝΕΛ,Πλεύση Ελευθερίας,5.3693,3,51,60,146.0165,low,ok,True
SURVEY_09,ευρωεκλογεςΠΨηφ.sav,2019-04-04 00:00:00,2019.0,4.0,Q2,2019-Q2,auto_from_sav_date_column:Vdatesub,True,previous_vote_party,ΑΝΕΛ,ΣΥΡΙΖΑ,18.3377,10,51,60,146.0165,low,ok,True
SURVEY_09,ευρωεκλογεςΠΨηφ.sav,2019-04-04 00:00:00,2019.0,4.0,Q2,2019-Q2,auto_from_sav_date_column:Vdatesub,True,previous_vote_party,ΑΝΕΛ,Χρυσή Αυγή,11.7068,6,51,60,146.0165,low,ok,True
SURVEY_09,ευρωεκλογεςΠΨηφ.sav,2019-04-04 00:00:00,2019.0,4.0,Q2,2019-Q2,auto_from_sav_date_column:Vdatesub,True,previous_vote_party,ΚΚΕ,other_party,8.0799,7,83,89,218.7483,low,ok,True
SURVEY_09,ευρωεκλογεςΠΨηφ.sav,2019-04-04 00:00:00,2019.0,4.0,Q2,2019-Q2,auto_from_sav_date_column:Vdatesub,True,previous_vote_party,ΚΚΕ,Ελληνική Λύση,2.0807,2,83,89,218.7483,low,ok,True
SURVEY_09,ευρωεκλογεςΠΨηφ.sav,2019-04-04 00:00:00,2019.0,4.0,Q2,2019-Q2,auto_from_sav_date_column:Vdatesub,True,previous_vote_party,ΚΚΕ,ΚΚΕ,71.0215,58,83,89,218.7483,low,ok,True
SURVEY_09,ευρωεκλογεςΠΨηφ.sav,2019-04-04 00:00:00,2019.0,4.0,Q2,2019-Q2,auto_from_sav_date_column:Vdatesub,True,previous_vote_party,ΚΚΕ,ΝΔ,0.4571,1,83,89,218.7483,low,ok,True
SURVEY_09,ευρωεκλογεςΠΨηφ.sav,2019-04-04 00:00:00,2019.0,4.0,Q2,2019-Q2,auto_from_sav_date_column:Vdatesub,True,previous_vote_party,ΚΚΕ,ΣΥΡΙΖΑ,17.3232,14,83,89,218.7483,low,ok,True
SURVEY_09,ευρωεκλογεςΠΨηφ.sav,2019-04-04 00:00:00,2019.0,4.0,Q2,2019-Q2,auto_from_sav_date_column:Vdatesub,True,previous_vote_party,ΚΚΕ,Χρυσή Αυγή,1.0375,1,83,89,218.7483,low,ok,True
SURVEY_09,ευρωεκλογεςΠΨηφ.sav,2019-04-04 00:00:00,2019.0,4.0,Q2,2019-Q2,auto_from_sav_date_column:Vdatesub,True,previous_vote_party,ΝΔ,other_party,3.0248,12,435,457,1193.0308,high,ok,True
SURVEY_09,ευρωεκλογεςΠΨηφ.sav,2019-04-04 00:00:00,2019.0,4.0,Q2,2019-Q2,auto_from_sav_date_column:Vdatesub,True,previous_vote_party,ΝΔ,Ένωση Κεντρώων,0.5972,3,435,457,1193.0308,high,ok,True
SURVEY_09,ευρωεκλογεςΠΨηφ.sav,2019-04-04 00:00:00,2019.0,4.0,Q2,2019-Q2,auto_from_sav_date_column:Vdatesub,True,previous_vote_party,ΝΔ,Ελληνική Λύση,0.5246,3,435,457,1193.0308,high,ok,True
SURVEY_09,ευρωεκλογεςΠΨηφ.sav,2019-04-04 00:00:00,2019.0,4.0,Q2,2019-Q2,auto_from_sav_date_column:Vdatesub,True,previous_vote_party,ΝΔ,ΚΚΕ,0.6657,3,435,457,1193.0308,high,ok,True
SURVEY_09,ευρωεκλογεςΠΨηφ.sav,2019-04-04 00:00:00,2019.0,4.0,Q2,2019-Q2,auto_from_sav_date_column:Vdatesub,True,previous_vote_party,ΝΔ,ΝΔ,87.7538,382,435,457,1193.0308,high,ok,True
SURVEY_09,ευρωεκλογεςΠΨηφ.sav,2019-04-04 00:00:00,2019.0,4.0,Q2,2019-Q2,auto_from_sav_date_column:Vdatesub,True,previous_vote_party,ΝΔ,ΠΑΣΟΚ/ΚΙΝΑΛ,0.585,4,435,457,1193.0308,high,ok,True
SURVEY_09,ευρωεκλογεςΠΨηφ.sav,2019-04-04 00:00:00,2019.0,4.0,Q2,2019-Q2,auto_from_sav_date_column:Vdatesub,True,previous_vote_party,ΝΔ,ΣΥΡΙΖΑ,4.946,20,435,457,1193.0308,high,ok,True
SURVEY_09,ευρωεκλογεςΠΨηφ.sav,2019-04-04 00:00:00,2019.0,4.0,Q2,2019-Q2,auto_from_sav_date_column:Vdatesub,True,previous_vote_party,ΝΔ,Χρυσή Αυγή,1.903,8,435,457,1193.0308,high,ok,True
SURVEY_09,ευρωεκλογεςΠΨηφ.sav,2019-04-04 00:00:00,2019.0,4.0,Q2,2019-Q2,auto_from_sav_date_column:Vdatesub,True,previous_vote_party,Ποτάμι,other_party,4.0763,2,57,66,139.6385,low,ok,True
SURVEY_09,ευρωεκλογεςΠΨηφ.sav,2019-04-04 00:00:00,2019.0,4.0,Q2,2019-Q2,auto_from_sav_date_column:Vdatesub,True,previous_vote_party,Ποτάμι,Ένωση Κεντρώων,0.7161,1,57,66,139.6385,low,ok,True
SURVEY_09,ευρωεκλογεςΠΨηφ.sav,2019-04-04 00:00:00,2019.0,4.0,Q2,2019-Q2,auto_from_sav_date_column:Vdatesub,True,previous_vote_party,Ποτάμι,Ελληνική Λύση,4.2871,2,57,66,139.6385,low,ok,True
SURVEY_09,ευρωεκλογεςΠΨηφ.sav,2019-04-04 00:00:00,2019.0,4.0,Q2,2019-Q2,auto_from_sav_date_column:Vdatesub,True,previous_vote_party,Ποτάμι,ΚΚΕ,2.6638,2,57,66,139.6385,low,ok,True
SURVEY_09,ευρωεκλογεςΠΨηφ.sav,2019-04-04 00:00:00,2019.0,4.0,Q2,2019-Q2,auto_from_sav_date_column:Vdatesub,True,previous_vote_party,Ποτάμι,ΝΔ,35.5358,22,57,66,139.6385,low,ok,True
SURVEY_09,ευρωεκλογεςΠΨηφ.sav,2019-04-04 00:00:00,2019.0,4.0,Q2,2019-Q2,auto_from_sav_date_column:Vdatesub,True,previous_vote_party,Ποτάμι,ΠΑΣΟΚ/ΚΙΝΑΛ,12.6984,7,57,66,139.6385,low,ok,True
SURVEY_09,ευρωεκλογεςΠΨηφ.sav,2019-04-04 00:00:00,2019.0,4.0,Q2,2019-Q2,auto_from_sav_date_column:Vdatesub,True,previous_vote_party,Ποτάμι,Πλεύση Ελευθερίας,1.9605,1,57,66,139.6385,low,ok,True
SURVEY_09,ευρωεκλογεςΠΨηφ.sav,2019-04-04 00:00:00,2019.0,4.0,Q2,2019-Q2,auto_from_sav_date_column:Vdatesub,True,previous_vote_party,Ποτάμι,Ποτάμι,23.2362,12,57,66,139.6385,low,ok,True
SURVEY_09,ευρωεκλογεςΠΨηφ.sav,2019-04-04 00:00:00,2019.0,4.0,Q2,2019-Q2,auto_from_sav_date_column:Vdatesub,True,previous_vote_party,Ποτάμι,ΣΥΡΙΖΑ,13.3667,7,57,66,139.6385,low,ok,True
SURVEY_09,ευρωεκλογεςΠΨηφ.sav,2019-04-04 00:00:00,2019.0,4.0,Q2,2019-Q2,auto_from_sav_date_column:Vdatesub,True,previous_vote_party,Ποτάμι,Χρυσή Αυγή,1.4593,1,57,66,139.6385,low,ok,True
SURVEY_09,ευρωεκλογεςΠΨηφ.sav,2019-04-04 00:00:00,2019.0,4.0,Q2,2019-Q2,auto_from_sav_date_column:Vdatesub,True,previous_vote_party,ΣΥΡΙΖΑ,other_party,3.4373,18,527,579,1529.1595,high,ok,True
SURVEY_09,ευρωεκλογεςΠΨηφ.sav,2019-04-04 00:00:00,2019.0,4.0,Q2,2019-Q2,auto_from_sav_date_column:Vdatesub,True,previous_vote_party,ΣΥΡΙΖΑ,Ένωση Κεντρώων,0.3515,2,527,579,1529.1595,high,ok,True
SURVEY_09,ευρωεκλογεςΠΨηφ.sav,2019-04-04 00:00:00,2019.0,4.0,Q2,2019-Q2,auto_from_sav_date_column:Vdatesub,True,previous_vote_party,ΣΥΡΙΖΑ,ΑΝΕΛ,0.5598,3,527,579,1529.1595,high,ok,True
SURVEY_09,ευρωεκλογεςΠΨηφ.sav,2019-04-04 00:00:00,2019.0,4.0,Q2,2019-Q2,auto_from_sav_date_column:Vdatesub,True,previous_vote_party,ΣΥΡΙΖΑ,Ελληνική Λύση,1.0667,5,527,579,1529.1595,high,ok,True
SURVEY_09,ευρωεκλογεςΠΨηφ.sav,2019-04-04 00:00:00,2019.0,4.0,Q2,2019-Q2,auto_from_sav_date_column:Vdatesub,True,previous_vote_party,ΣΥΡΙΖΑ,ΚΚΕ,1.9108,10,527,579,1529.1595,high,ok,True
SURVEY_09,ευρωεκλογεςΠΨηφ.sav,2019-04-04 00:00:00,2019.0,4.0,Q2,2019-Q2,auto_from_sav_date_column:Vdatesub,True,previous_vote_party,ΣΥΡΙΖΑ,ΜέΡΑ25,0.7983,4,527,579,1529.1595,high,ok,True
SURVEY_09,ευρωεκλογεςΠΨηφ.sav,2019-04-04 00:00:00,2019.0,4.0,Q2,2019-Q2,auto_from_sav_date_column:Vdatesub,True,previous_vote_party,ΣΥΡΙΖΑ,ΝΔ,12.0819,62,527,579,1529.1595,high,ok,True
SURVEY_09,ευρωεκλογεςΠΨηφ.sav,2019-04-04 00:00:00,2019.0,4.0,Q2,2019-Q2,auto_from_sav_date_column:Vdatesub,True,previous_vote_party,ΣΥΡΙΖΑ,ΠΑΣΟΚ/ΚΙΝΑΛ,5.5605,29,527,579,1529.1595,high,ok,True
SURVEY_09,ευρωεκλογεςΠΨηφ.sav,2019-04-04 00:00:00,2019.0,4.0,Q2,2019-Q2,auto_from_sav_date_column:Vdatesub,True,previous_vote_party,ΣΥΡΙΖΑ,Πλεύση Ελευθερίας,1.6119,8,527,579,1529.1595,high,ok,True
SURVEY_09,ευρωεκλογεςΠΨηφ.sav,2019-04-04 00:00:00,2019.0,4.0,Q2,2019-Q2,auto_from_sav_date_column:Vdatesub,True,previous_vote_party,ΣΥΡΙΖΑ,Ποτάμι,0.9478,5,527,579,1529.1595,high,ok,True
SURVEY_09,ευρωεκλογεςΠΨηφ.sav,2019-04-04 00:00:00,2019.0,4.0,Q2,2019-Q2,auto_from_sav_date_column:Vdatesub,True,previous_vote_party,ΣΥΡΙΖΑ,ΣΥΡΙΖΑ,67.9392,360,527,579,1529.1595,high,ok,True
SURVEY_09,ευρωεκλογεςΠΨηφ.sav,2019-04-04 00:00:00,2019.0,4.0,Q2,2019-Q2,auto_from_sav_date_column:Vdatesub,True,previous_vote_party,ΣΥΡΙΖΑ,Χρυσή Αυγή,3.7343,21,527,579,1529.1595,high,ok,True
SURVEY_09,ευρωεκλογεςΠΨηφ.sav,2019-04-04 00:00:00,2019.0,4.0,Q2,2019-Q2,auto_from_sav_date_column:Vdatesub,True,previous_vote_party,Χρυσή Αυγή,other_party,3.2678,3,104,112,292.1614,medium,ok,True
SURVEY_09,ευρωεκλογεςΠΨηφ.sav,2019-04-04 00:00:00,2019.0,4.0,Q2,2019-Q2,auto_from_sav_date_column:Vdatesub,True,previous_vote_party,Χρυσή Αυγή,Ένωση Κεντρώων,0.9055,1,104,112,292.1614,medium,ok,True
SURVEY_09,ευρωεκλογεςΠΨηφ.sav,2019-04-04 00:00:00,2019.0,4.0,Q2,2019-Q2,auto_from_sav_date_column:Vdatesub,True,previous_vote_party,Χρυσή Αυγή,Ελληνική Λύση,0.9831,1,104,112,292.1614,medium,ok,True
SURVEY_09,ευρωεκλογεςΠΨηφ.sav,2019-04-04 00:00:00,2019.0,4.0,Q2,2019-Q2,auto_from_sav_date_column:Vdatesub,True,previous_vote_party,Χρυσή Αυγή,ΝΔ,7.4012,8,104,112,292.1614,medium,ok,True
SURVEY_09,ευρωεκλογεςΠΨηφ.sav,2019-04-04 00:00:00,2019.0,4.0,Q2,2019-Q2,auto_from_sav_date_column:Vdatesub,True,previous_vote_party,Χρυσή Αυγή,ΣΥΡΙΖΑ,1.9495,2,104,112,292.1614,medium,ok,True
SURVEY_09,ευρωεκλογεςΠΨηφ.sav,2019-04-04 00:00:00,2019.0,4.0,Q2,2019-Q2,auto_from_sav_date_column:Vdatesub,True,previous_vote_party,Χρυσή Αυγή,Χρυσή Αυγή,85.4929,89,104,112,292.1614,medium,ok,True
SURVEY_09,ευρωεκλογεςΠΨηφ.sav,2019-04-04 00:00:00,2019.0,4.0,Q2,2019-Q2,auto_from_sav_date_column:Vdatesub,True,region_group,01,ΚΚΕ,5.6921,1,11,14,29.5015,low,ok,False
SURVEY_09,ευρωεκλογεςΠΨηφ.sav,2019-04-04 00:00:00,2019.0,4.0,Q2,2019-Q2,auto_from_sav_date_column:Vdatesub,True,region_group,01,ΝΔ,32.2273,4,11,14,29.5015,low,ok,False
SURVEY_09,ευρωεκλογεςΠΨηφ.sav,2019-04-04 00:00:00,2019.0,4.0,Q2,2019-Q2,auto_from_sav_date_column:Vdatesub,True,region_group,01,ΠΑΣΟΚ/ΚΙΝΑΛ,12.6516,1,11,14,29.5015,low,ok,False
SURVEY_09,ευρωεκλογεςΠΨηφ.sav,2019-04-04 00:00:00,2019.0,4.0,Q2,2019-Q2,auto_from_sav_date_column:Vdatesub,True,region_group,01,ΣΥΡΙΖΑ,28.5862,3,11,14,29.5015,low,ok,False
SURVEY_09,ευρωεκλογεςΠΨηφ.sav,2019-04-04 00:00:00,2019.0,4.0,Q2,2019-Q2,auto_from_sav_date_column:Vdatesub,True,region_group,01,Χρυσή Αυγή,20.8429,2,11,14,29.5015,low,ok,False
SURVEY_09,ευρωεκλογεςΠΨηφ.sav,2019-04-04 00:00:00,2019.0,4.0,Q2,2019-Q2,auto_from_sav_date_column:Vdatesub,True,region_group,02,ΝΔ,100.0,2,2,2,5.365,low,ok,False
SURVEY_09,ευρωεκλογεςΠΨηφ.sav,2019-04-04 00:00:00,2019.0,4.0,Q2,2019-Q2,auto_from_sav_date_column:Vdatesub,True,region_group,03,other_party,41.4059,3,9,9,25.6706,low,ok,False
SURVEY_09,ευρωεκλογεςΠΨηφ.sav,2019-04-04 00:00:00,2019.0,4.0,Q2,2019-Q2,auto_from_sav_date_column:Vdatesub,True,region_group,03,Ελληνική Λύση,7.938,1,9,9,25.6706,low,ok,False
SURVEY_09,ευρωεκλογεςΠΨηφ.sav,2019-04-04 00:00:00,2019.0,4.0,Q2,2019-Q2,auto_from_sav_date_column:Vdatesub,True,region_group,03,ΠΑΣΟΚ/ΚΙΝΑΛ,27.299,2,9,9,25.6706,low,ok,False
SURVEY_09,ευρωεκλογεςΠΨηφ.sav,2019-04-04 00:00:00,2019.0,4.0,Q2,2019-Q2,auto_from_sav_date_column:Vdatesub,True,region_group,03,ΣΥΡΙΖΑ,3.8955,1,9,9,25.6706,low,ok,False
SURVEY_09,ευρωεκλογεςΠΨηφ.sav,2019-04-04 00:00:00,2019.0,4.0,Q2,2019-Q2,auto_from_sav_date_column:Vdatesub,True,region_group,03,Χρυσή Αυγή,19.4616,2,9,9,25.6706,low,ok,False
SURVEY_09,ευρωεκλογεςΠΨηφ.sav,2019-04-04 00:00:00,2019.0,4.0,Q2,2019-Q2,auto_from_sav_date_column:Vdatesub,True,region_group,04,ΝΔ,38.2594,3,6,6,15.6698,low,ok,False
SURVEY_09,ευρωεκλογεςΠΨηφ.sav,2019-04-04 00:00:00,2019.0,4.0,Q2,2019-Q2,auto_from_sav_date_column:Vdatesub,True,region_group,04,ΠΑΣΟΚ/ΚΙΝΑΛ,25.392,1,6,6,15.6698,low,ok,False
SURVEY_09,ευρωεκλογεςΠΨηφ.sav,2019-04-04 00:00:00,2019.0,4.0,Q2,2019-Q2,auto_from_sav_date_column:Vdatesub,True,region_group,04,Χρυσή Αυγή,36.3486,2,6,6,15.6698,low,ok,False
SURVEY_09,ευρωεκλογεςΠΨηφ.sav,2019-04-04 00:00:00,2019.0,4.0,Q2,2019-Q2,auto_from_sav_date_column:Vdatesub,True,region_group,05,ΚΚΕ,16.9553,2,9,12,21.4215,low,ok,False
SURVEY_09,ευρωεκλογεςΠΨηφ.sav,2019-04-04 00:00:00,2019.0,4.0,Q2,2019-Q2,auto_from_sav_date_column:Vdatesub,True,region_group,05,ΝΔ,65.5969,5,9,12,21.4215,low,ok,False
SURVEY_09,ευρωεκλογεςΠΨηφ.sav,2019-04-04 00:00:00,2019.0,4.0,Q2,2019-Q2,auto_from_sav_date_column:Vdatesub,True,region_group,05,ΣΥΡΙΖΑ,17.4478,2,9,12,21.4215,low,ok,False
SURVEY_09,ευρωεκλογεςΠΨηφ.sav,2019-04-04 00:00:00,2019.0,4.0,Q2,2019-Q2,auto_from_sav_date_column:Vdatesub,True,region_group,06,Ελληνική Λύση,57.1666,1,2,2,5.2984,low,ok,False
SURVEY_09,ευρωεκλογεςΠΨηφ.sav,2019-04-04 00:00:00,2019.0,4.0,Q2,2019-Q2,auto_from_sav_date_column:Vdatesub,True,region_group,06,Χρυσή Αυγή,42.8334,1,2,2,5.2984,low,ok,False
SURVEY_09,ευρωεκλογεςΠΨηφ.sav,2019-04-04 00:00:00,2019.0,4.0,Q2,2019-Q2,auto_from_sav_date_column:Vdatesub,True,region_group,07,ΚΚΕ,17.2967,1,7,9,23.0037,low,ok,False
SURVEY_09,ευρωεκλογεςΠΨηφ.sav,2019-04-04 00:00:00,2019.0,4.0,Q2,2019-Q2,auto_from_sav_date_column:Vdatesub,True,region_group,07,ΜέΡΑ25,7.2999,1,7,9,23.0037,low,ok,False
SURVEY_09,ευρωεκλογεςΠΨηφ.sav,2019-04-04 00:00:00,2019.0,4.0,Q2,2019-Q2,auto_from_sav_date_column:Vdatesub,True,region_group,07,ΝΔ,45.0632,2,7,9,23.0037,low,ok,False
SURVEY_09,ευρωεκλογεςΠΨηφ.sav,2019-04-04 00:00:00,2019.0,4.0,Q2,2019-Q2,auto_from_sav_date_column:Vdatesub,True,region_group,07,ΣΥΡΙΖΑ,21.482,2,7,9,23.0037,low,ok,False
SURVEY_09,ευρωεκλογεςΠΨηφ.sav,2019-04-04 00:00:00,2019.0,4.0,Q2,2019-Q2,auto_from_sav_date_column:Vdatesub,True,region_group,07,Χρυσή Αυγή,8.8583,1,7,9,23.0037,low,ok,False
SURVEY_09,ευρωεκλογεςΠΨηφ.sav,2019-04-04 00:00:00,2019.0,4.0,Q2,2019-Q2,auto_from_sav_date_column:Vdatesub,True,region_group,08,ΣΥΡΙΖΑ,100.0,1,1,1,3.0289,low,ok,False
SURVEY_09,ευρωεκλογεςΠΨηφ.sav,2019-04-04 00:00:00,2019.0,4.0,Q2,2019-Q2,auto_from_sav_date_column:Vdatesub,True,region_group,09,Ένωση Κεντρώων,100.0,1,1,1,2.0377,low,ok,False
SURVEY_09,ευρωεκλογεςΠΨηφ.sav,2019-04-04 00:00:00,2019.0,4.0,Q2,2019-Q2,auto_from_sav_date_column:Vdatesub,True,region_group,10,ΝΔ,100.0,1,1,1,2.9574,low,ok,False
SURVEY_09,ευρωεκλογεςΠΨηφ.sav,2019-04-04 00:00:00,2019.0,4.0,Q2,2019-Q2,auto_from_sav_date_column:Vdatesub,True,region_group,11,other_party,9.8891,2,15,18,43.102,low,ok,False
SURVEY_09,ευρωεκλογεςΠΨηφ.sav,2019-04-04 00:00:00,2019.0,4.0,Q2,2019-Q2,auto_from_sav_date_column:Vdatesub,True,region_group,11,ΑΝΕΛ,5.8492,1,15,18,43.102,low,ok,False
SURVEY_09,ευρωεκλογεςΠΨηφ.sav,2019-04-04 00:00:00,2019.0,4.0,Q2,2019-Q2,auto_from_sav_date_column:Vdatesub,True,region_group,11,ΝΔ,44.9496,6,15,18,43.102,low,ok,False
SURVEY_09,ευρωεκλογεςΠΨηφ.sav,2019-04-04 00:00:00,2019.0,4.0,Q2,2019-Q2,auto_from_sav_date_column:Vdatesub,True,region_group,11,ΠΑΣΟΚ/ΚΙΝΑΛ,7.0274,1,15,18,43.102,low,ok,False
SURVEY_09,ευρωεκλογεςΠΨηφ.sav,2019-04-04 00:00:00,2019.0,4.0,Q2,2019-Q2,auto_from_sav_date_column:Vdatesub,True,region_group,11,Πλεύση Ελευθερίας,9.4116,1,15,18,43.102,low,ok,False
SURVEY_09,ευρωεκλογεςΠΨηφ.sav,2019-04-04 00:00:00,2019.0,4.0,Q2,2019-Q2,auto_from_sav_date_column:Vdatesub,True,region_group,11,ΣΥΡΙΖΑ,15.8456,3,15,18,43.102,low,ok,False
SURVEY_09,ευρωεκλογεςΠΨηφ.sav,2019-04-04 00:00:00,2019.0,4.0,Q2,2019-Q2,auto_from_sav_date_column:Vdatesub,True,region_group,11,Χρυσή Αυγή,7.0274,1,15,18,43.102,low,ok,False
SURVEY_09,ευρωεκλογεςΠΨηφ.sav,2019-04-04 00:00:00,2019.0,4.0,Q2,2019-Q2,auto_from_sav_date_column:Vdatesub,True,region_group,12,other_party,11.7352,1,6,6,17.3644,low,ok,False
SURVEY_09,ευρωεκλογεςΠΨηφ.sav,2019-04-04 00:00:00,2019.0,4.0,Q2,2019-Q2,auto_from_sav_date_column:Vdatesub,True,region_group,12,Ένωση Κεντρώων,15.7656,1,6,6,17.3644,low,ok,False
SURVEY_09,ευρωεκλογεςΠΨηφ.sav,2019-04-04 00:00:00,2019.0,4.0,Q2,2019-Q2,auto_from_sav_date_column:Vdatesub,True,region_group,12,ΝΔ,15.6621,1,6,6,17.3644,low,ok,False
SURVEY_09,ευρωεκλογεςΠΨηφ.sav,2019-04-04 00:00:00,2019.0,4.0,Q2,2019-Q2,auto_from_sav_date_column:Vdatesub,True,region_group,12,ΣΥΡΙΖΑ,29.4008,1,6,6,17.3644,low,ok,False
SURVEY_09,ευρωεκλογεςΠΨηφ.sav,2019-04-04 00:00:00,2019.0,4.0,Q2,2019-Q2,auto_from_sav_date_column:Vdatesub,True,region_group,12,Χρυσή Αυγή,27.4364,2,6,6,17.3644,low,ok,False
SURVEY_09,ευρωεκλογεςΠΨηφ.sav,2019-04-04 00:00:00,2019.0,4.0,Q2,2019-Q2,auto_from_sav_date_column:Vdatesub,True,region_group,13,other_party,5.3266,16,310,363,883.4734,high,ok,True
SURVEY_09,ευρωεκλογεςΠΨηφ.sav,2019-04-04 00:00:00,2019.0,4.0,Q2,2019-Q2,auto_from_sav_date_column:Vdatesub,True,region_group,13,Ένωση Κεντρώων,1.8212,6,310,363,883.4734,high,ok,True
SURVEY_09,ευρωεκλογεςΠΨηφ.sav,2019-04-04 00:00:00,2019.0,4.0,Q2,2019-Q2,auto_from_sav_date_column:Vdatesub,True,region_group,13,ΑΝΕΛ,0.96,3,310,363,883.4734,high,ok,True
SURVEY_09,ευρωεκλογεςΠΨηφ.sav,2019-04-04 00:00:00,2019.0,4.0,Q2,2019-Q2,auto_from_sav_date_column:Vdatesub,True,region_group,13,Ελληνική Λύση,1.9839,8,310,363,883.4734,high,ok,True
SURVEY_09,ευρωεκλογεςΠΨηφ.sav,2019-04-04 00:00:00,2019.0,4.0,Q2,2019-Q2,auto_from_sav_date_column:Vdatesub,True,region_group,13,ΚΚΕ,5.196,18,310,363,883.4734,high,ok,True
SURVEY_09,ευρωεκλογεςΠΨηφ.sav,2019-04-04 00:00:00,2019.0,4.0,Q2,2019-Q2,auto_from_sav_date_column:Vdatesub,True,region_group,13,ΜέΡΑ25,0.5593,2,310,363,883.4734,high,ok,True
SURVEY_09,ευρωεκλογεςΠΨηφ.sav,2019-04-04 00:00:00,2019.0,4.0,Q2,2019-Q2,auto_from_sav_date_column:Vdatesub,True,region_group,13,ΝΔ,35.5108,111,310,363,883.4734,high,ok,True
SURVEY_09,ευρωεκλογεςΠΨηφ.sav,2019-04-04 00:00:00,2019.0,4.0,Q2,2019-Q2,auto_from_sav_date_column:Vdatesub,True,region_group,13,ΠΑΣΟΚ/ΚΙΝΑΛ,6.6389,20,310,363,883.4734,high,ok,True
SURVEY_09,ευρωεκλογεςΠΨηφ.sav,2019-04-04 00:00:00,2019.0,4.0,Q2,2019-Q2,auto_from_sav_date_column:Vdatesub,True,region_group,13,Πλεύση Ελευθερίας,2.7047,8,310,363,883.4734,high,ok,True
SURVEY_09,ευρωεκλογεςΠΨηφ.sav,2019-04-04 00:00:00,2019.0,4.0,Q2,2019-Q2,auto_from_sav_date_column:Vdatesub,True,region_group,13,Ποτάμι,1.2667,4,310,363,883.4734,high,ok,True
SURVEY_09,ευρωεκλογεςΠΨηφ.sav,2019-04-04 00:00:00,2019.0,4.0,Q2,2019-Q2,auto_from_sav_date_column:Vdatesub,True,region_group,13,ΣΥΡΙΖΑ,27.7125,82,310,363,883.4734,high,ok,True
SURVEY_09,ευρωεκλογεςΠΨηφ.sav,2019-04-04 00:00:00,2019.0,4.0,Q2,2019-Q2,auto_from_sav_date_column:Vdatesub,True,region_group,13,Χρυσή Αυγή,10.3191,32,310,363,883.4734,high,ok,True
SURVEY_09,ευρωεκλογεςΠΨηφ.sav,2019-04-04 00:00:00,2019.0,4.0,Q2,2019-Q2,auto_from_sav_date_column:Vdatesub,True,region_group,14,other_party,12.3409,1,7,8,21.436,low,ok,False
SURVEY_09,ευρωεκλογεςΠΨηφ.sav,2019-04-04 00:00:00,2019.0,4.0,Q2,2019-Q2,auto_from_sav_date_column:Vdatesub,True,region_group,14,ΝΔ,20.1747,2,7,8,21.436,low,ok,False
SURVEY_09,ευρωεκλογεςΠΨηφ.sav,2019-04-04 00:00:00,2019.0,4.0,Q2,2019-Q2,auto_from_sav_date_column:Vdatesub,True,region_group,14,Πλεύση Ελευθερίας,15.4078,1,7,8,21.436,low,ok,False
SURVEY_09,ευρωεκλογεςΠΨηφ.sav,2019-04-04 00:00:00,2019.0,4.0,Q2,2019-Q2,auto_from_sav_date_column:Vdatesub,True,region_group,14,Ποτάμι,23.8163,1,7,8,21.436,low,ok,False
SURVEY_09,ευρωεκλογεςΠΨηφ.sav,2019-04-04 00:00:00,2019.0,4.0,Q2,2019-Q2,auto_from_sav_date_column:Vdatesub,True,region_group,14,ΣΥΡΙΖΑ,28.2603,2,7,8,21.436,low,ok,False
SURVEY_09,ευρωεκλογεςΠΨηφ.sav,2019-04-04 00:00:00,2019.0,4.0,Q2,2019-Q2,auto_from_sav_date_column:Vdatesub,True,region_group,16,ΝΔ,53.0963,2,4,6,9.0876,low,ok,False
SURVEY_09,ευρωεκλογεςΠΨηφ.sav,2019-04-04 00:00:00,2019.0,4.0,Q2,2019-Q2,auto_from_sav_date_column:Vdatesub,True,region_group,16,ΣΥΡΙΖΑ,46.9037,2,4,6,9.0876,low,ok,False
SURVEY_09,ευρωεκλογεςΠΨηφ.sav,2019-04-04 00:00:00,2019.0,4.0,Q2,2019-Q2,auto_from_sav_date_column:Vdatesub,True,region_group,17,other_party,7.621,1,13,17,38.8064,low,ok,False
SURVEY_09,ευρωεκλογεςΠΨηφ.sav,2019-04-04 00:00:00,2019.0,4.0,Q2,2019-Q2,auto_from_sav_date_column:Vdatesub,True,region_group,17,Ένωση Κεντρώων,13.1557,1,13,17,38.8064,low,ok,False
SURVEY_09,ευρωεκλογεςΠΨηφ.sav,2019-04-04 00:00:00,2019.0,4.0,Q2,2019-Q2,auto_from_sav_date_column:Vdatesub,True,region_group,17,ΝΔ,22.6438,4,13,17,38.8064,low,ok,False
SURVEY_09,ευρωεκλογεςΠΨηφ.sav,2019-04-04 00:00:00,2019.0,4.0,Q2,2019-Q2,auto_from_sav_date_column:Vdatesub,True,region_group,17,ΣΥΡΙΖΑ,33.6052,5,13,17,38.8064,low,ok,False
SURVEY_09,ευρωεκλογεςΠΨηφ.sav,2019-04-04 00:00:00,2019.0,4.0,Q2,2019-Q2,auto_from_sav_date_column:Vdatesub,True,region_group,17,Χρυσή Αυγή,22.9743,2,13,17,38.8064,low,ok,False
SURVEY_09,ευρωεκλογεςΠΨηφ.sav,2019-04-04 00:00:00,2019.0,4.0,Q2,2019-Q2,auto_from_sav_date_column:Vdatesub,True,region_group,18,other_party,66.6024,2,3,3,9.0693,low,ok,False
SURVEY_09,ευρωεκλογεςΠΨηφ.sav,2019-04-04 00:00:00,2019.0,4.0,Q2,2019-Q2,auto_from_sav_date_column:Vdatesub,True,region_group,18,ΝΔ,33.3976,1,3,3,9.0693,low,ok,False
SURVEY_09,ευρωεκλογεςΠΨηφ.sav,2019-04-04 00:00:00,2019.0,4.0,Q2,2019-Q2,auto_from_sav_date_column:Vdatesub,True,region_group,19,ΝΔ,42.2328,1,2,2,8.8377,low,ok,False
SURVEY_09,ευρωεκλογεςΠΨηφ.sav,2019-04-04 00:00:00,2019.0,4.0,Q2,2019-Q2,auto_from_sav_date_column:Vdatesub,True,region_group,19,ΠΑΣΟΚ/ΚΙΝΑΛ,57.7672,1,2,2,8.8377,low,ok,False
SURVEY_09,ευρωεκλογεςΠΨηφ.sav,2019-04-04 00:00:00,2019.0,4.0,Q2,2019-Q2,auto_from_sav_date_column:Vdatesub,True,region_group,20,ΝΔ,52.0761,3,5,5,12.8165,low,ok,False
SURVEY_09,ευρωεκλογεςΠΨηφ.sav,2019-04-04 00:00:00,2019.0,4.0,Q2,2019-Q2,auto_from_sav_date_column:Vdatesub,True,region_group,20,ΠΑΣΟΚ/ΚΙΝΑΛ,26.7042,1,5,5,12.8165,low,ok,False
SURVEY_09,ευρωεκλογεςΠΨηφ.sav,2019-04-04 00:00:00,2019.0,4.0,Q2,2019-Q2,auto_from_sav_date_column:Vdatesub,True,region_group,20,Χρυσή Αυγή,21.2197,1,5,5,12.8165,low,ok,False
SURVEY_09,ευρωεκλογεςΠΨηφ.sav,2019-04-04 00:00:00,2019.0,4.0,Q2,2019-Q2,auto_from_sav_date_column:Vdatesub,True,region_group,21,other_party,6.9305,2,31,34,84.1182,low,ok,True
SURVEY_09,ευρωεκλογεςΠΨηφ.sav,2019-04-04 00:00:00,2019.0,4.0,Q2,2019-Q2,auto_from_sav_date_column:Vdatesub,True,region_group,21,Ελληνική Λύση,3.2412,1,31,34,84.1182,low,ok,True
SURVEY_09,ευρωεκλογεςΠΨηφ.sav,2019-04-04 00:00:00,2019.0,4.0,Q2,2019-Q2,auto_from_sav_date_column:Vdatesub,True,region_group,21,ΚΚΕ,3.6008,1,31,34,84.1182,low,ok,True
SURVEY_09,ευρωεκλογεςΠΨηφ.sav,2019-04-04 00:00:00,2019.0,4.0,Q2,2019-Q2,auto_from_sav_date_column:Vdatesub,True,region_group,21,ΝΔ,25.7366,8,31,34,84.1182,low,ok,True
SURVEY_09,ευρωεκλογεςΠΨηφ.sav,2019-04-04 00:00:00,2019.0,4.0,Q2,2019-Q2,auto_from_sav_date_column:Vdatesub,True,region_group,21,ΠΑΣΟΚ/ΚΙΝΑΛ,9.54,3,31,34,84.1182,low,ok,True
SURVEY_09,ευρωεκλογεςΠΨηφ.sav,2019-04-04 00:00:00,2019.0,4.0,Q2,2019-Q2,auto_from_sav_date_column:Vdatesub,True,region_group,21,ΣΥΡΙΖΑ,32.7532,10,31,34,84.1182,low,ok,True
SURVEY_09,ευρωεκλογεςΠΨηφ.sav,2019-04-04 00:00:00,2019.0,4.0,Q2,2019-Q2,auto_from_sav_date_column:Vdatesub,True,region_group,21,Χρυσή Αυγή,18.1977,6,31,34,84.1182,low,ok,True
SURVEY_09,ευρωεκλογεςΠΨηφ.sav,2019-04-04 00:00:00,2019.0,4.0,Q2,2019-Q2,auto_from_sav_date_column:Vdatesub,True,region_group,22,Ελληνική Λύση,3.5318,1,26,30,71.3836,low,ok,False
SURVEY_09,ευρωεκλογεςΠΨηφ.sav,2019-04-04 00:00:00,2019.0,4.0,Q2,2019-Q2,auto_from_sav_date_column:Vdatesub,True,region_group,22,ΜέΡΑ25,1.4009,1,26,30,71.3836,low,ok,False
SURVEY_09,ευρωεκλογεςΠΨηφ.sav,2019-04-04 00:00:00,2019.0,4.0,Q2,2019-Q2,auto_from_sav_date_column:Vdatesub,True,region_group,22,ΝΔ,53.5905,12,26,30,71.3836,low,ok,False
SURVEY_09,ευρωεκλογεςΠΨηφ.sav,2019-04-04 00:00:00,2019.0,4.0,Q2,2019-Q2,auto_from_sav_date_column:Vdatesub,True,region_group,22,ΠΑΣΟΚ/ΚΙΝΑΛ,12.7296,3,26,30,71.3836,low,ok,False
SURVEY_09,ευρωεκλογεςΠΨηφ.sav,2019-04-04 00:00:00,2019.0,4.0,Q2,2019-Q2,auto_from_sav_date_column:Vdatesub,True,region_group,22,ΣΥΡΙΖΑ,14.8022,5,26,30,71.3836,low,ok,False
SURVEY_09,ευρωεκλογεςΠΨηφ.sav,2019-04-04 00:00:00,2019.0,4.0,Q2,2019-Q2,auto_from_sav_date_column:Vdatesub,True,region_group,22,Χρυσή Αυγή,13.945,4,26,30,71.3836,low,ok,False
SURVEY_09,ευρωεκλογεςΠΨηφ.sav,2019-04-04 00:00:00,2019.0,4.0,Q2,2019-Q2,auto_from_sav_date_column:Vdatesub,True,region_group,23,other_party,27.6728,1,3,3,8.2012,low,ok,False
SURVEY_09,ευρωεκλογεςΠΨηφ.sav,2019-04-04 00:00:00,2019.0,4.0,Q2,2019-Q2,auto_from_sav_date_column:Vdatesub,True,region_group,23,ΣΥΡΙΖΑ,72.3272,2,3,3,8.2012,low,ok,False
SURVEY_09,ευρωεκλογεςΠΨηφ.sav,2019-04-04 00:00:00,2019.0,4.0,Q2,2019-Q2,auto_from_sav_date_column:Vdatesub,True,region_group,24,other_party,7.2805,2,20,23,51.347,low,ok,False
SURVEY_09,ευρωεκλογεςΠΨηφ.sav,2019-04-04 00:00:00,2019.0,4.0,Q2,2019-Q2,auto_from_sav_date_column:Vdatesub,True,region_group,24,ΜέΡΑ25,5.3098,1,20,23,51.347,low,ok,False
SURVEY_09,ευρωεκλογεςΠΨηφ.sav,2019-04-04 00:00:00,2019.0,4.0,Q2,2019-Q2,auto_from_sav_date_column:Vdatesub,True,region_group,24,ΝΔ,21.2354,4,20,23,51.347,low,ok,False
SURVEY_09,ευρωεκλογεςΠΨηφ.sav,2019-04-04 00:00:00,2019.0,4.0,Q2,2019-Q2,auto_from_sav_date_column:Vdatesub,True,region_group,24,ΠΑΣΟΚ/ΚΙΝΑΛ,24.9542,5,20,23,51.347,low,ok,False
SURVEY_09,ευρωεκλογεςΠΨηφ.sav,2019-04-04 00:00:00,2019.0,4.0,Q2,2019-Q2,auto_from_sav_date_column:Vdatesub,True,region_group,24,Πλεύση Ελευθερίας,5.899,1,20,23,51.347,low,ok,False
SURVEY_09,ευρωεκλογεςΠΨηφ.sav,2019-04-04 00:00:00,2019.0,4.0,Q2,2019-Q2,auto_from_sav_date_column:Vdatesub,True,region_group,24,ΣΥΡΙΖΑ,24.2285,5,20,23,51.347,low,ok,False
SURVEY_09,ευρωεκλογεςΠΨηφ.sav,2019-04-04 00:00:00,2019.0,4.0,Q2,2019-Q2,auto_from_sav_date_column:Vdatesub,True,region_group,24,Χρυσή Αυγή,11.0927,2,20,23,51.347,low,ok,False
SURVEY_09,ευρωεκλογεςΠΨηφ.sav,2019-04-04 00:00:00,2019.0,4.0,Q2,2019-Q2,auto_from_sav_date_column:Vdatesub,True,region_group,25,other_party,11.8995,2,12,13,37.0238,low,ok,False
SURVEY_09,ευρωεκλογεςΠΨηφ.sav,2019-04-04 00:00:00,2019.0,4.0,Q2,2019-Q2,auto_from_sav_date_column:Vdatesub,True,region_group,25,ΝΔ,34.7662,5,12,13,37.0238,low,ok,False
SURVEY_09,ευρωεκλογεςΠΨηφ.sav,2019-04-04 00:00:00,2019.0,4.0,Q2,2019-Q2,auto_from_sav_date_column:Vdatesub,True,region_group,25,Πλεύση Ελευθερίας,13.7891,1,12,13,37.0238,low,ok,False
SURVEY_09,ευρωεκλογεςΠΨηφ.sav,2019-04-04 00:00:00,2019.0,4.0,Q2,2019-Q2,auto_from_sav_date_column:Vdatesub,True,region_group,25,ΣΥΡΙΖΑ,39.5451,4,12,13,37.0238,low,ok,False
SURVEY_09,ευρωεκλογεςΠΨηφ.sav,2019-04-04 00:00:00,2019.0,4.0,Q2,2019-Q2,auto_from_sav_date_column:Vdatesub,True,region_group,26,ΣΥΡΙΖΑ,100.0,1,1,1,2.7376,low,ok,False
SURVEY_09,ευρωεκλογεςΠΨηφ.sav,2019-04-04 00:00:00,2019.0,4.0,Q2,2019-Q2,auto_from_sav_date_column:Vdatesub,True,region_group,27,other_party,16.1731,1,2,3,6.1831,low,ok,False
SURVEY_09,ευρωεκλογεςΠΨηφ.sav,2019-04-04 00:00:00,2019.0,4.0,Q2,2019-Q2,auto_from_sav_date_column:Vdatesub,True,region_group,27,Ένωση Κεντρώων,83.8269,1,2,3,6.1831,low,ok,False
SURVEY_09,ευρωεκλογεςΠΨηφ.sav,2019-04-04 00:00:00,2019.0,4.0,Q2,2019-Q2,auto_from_sav_date_column:Vdatesub,True,region_group,28,ΝΔ,100.0,2,2,2,4.3246,low,ok,False
SURVEY_09,ευρωεκλογεςΠΨηφ.sav,2019-04-04 00:00:00,2019.0,4.0,Q2,2019-Q2,auto_from_sav_date_column:Vdatesub,True,region_group,29,other_party,9.0791,1,6,9,18.4957,low,ok,False
SURVEY_09,ευρωεκλογεςΠΨηφ.sav,2019-04-04 00:00:00,2019.0,4.0,Q2,2019-Q2,auto_from_sav_date_column:Vdatesub,True,region_group,29,Ένωση Κεντρώων,15.9899,1,6,9,18.4957,low,ok,False
SURVEY_09,ευρωεκλογεςΠΨηφ.sav,2019-04-04 00:00:00,2019.0,4.0,Q2,2019-Q2,auto_from_sav_date_column:Vdatesub,True,region_group,29,ΑΝΕΛ,16.3764,1,6,9,18.4957,low,ok,False
SURVEY_09,ευρωεκλογεςΠΨηφ.sav,2019-04-04 00:00:00,2019.0,4.0,Q2,2019-Q2,auto_from_sav_date_column:Vdatesub,True,region_group,29,ΝΔ,37.0422,2,6,9,18.4957,low,ok,False
SURVEY_09,ευρωεκλογεςΠΨηφ.sav,2019-04-04 00:00:00,2019.0,4.0,Q2,2019-Q2,auto_from_sav_date_column:Vdatesub,True,region_group,29,ΠΑΣΟΚ/ΚΙΝΑΛ,21.5124,1,6,9,18.4957,low,ok,False
SURVEY_09,ευρωεκλογεςΠΨηφ.sav,2019-04-04 00:00:00,2019.0,4.0,Q2,2019-Q2,auto_from_sav_date_column:Vdatesub,True,region_group,31,other_party,19.3391,2,12,13,38.2718,low,ok,False
SURVEY_09,ευρωεκλογεςΠΨηφ.sav,2019-04-04 00:00:00,2019.0,4.0,Q2,2019-Q2,auto_from_sav_date_column:Vdatesub,True,region_group,31,ΚΚΕ,10.5995,1,12,13,38.2718,low,ok,False
SURVEY_09,ευρωεκλογεςΠΨηφ.sav,2019-04-04 00:00:00,2019.0,4.0,Q2,2019-Q2,auto_from_sav_date_column:Vdatesub,True,region_group,31,ΝΔ,7.5051,1,12,13,38.2718,low,ok,False
SURVEY_09,ευρωεκλογεςΠΨηφ.sav,2019-04-04 00:00:00,2019.0,4.0,Q2,2019-Q2,auto_from_sav_date_column:Vdatesub,True,region_group,31,ΠΑΣΟΚ/ΚΙΝΑΛ,16.3263,2,12,13,38.2718,low,ok,False
SURVEY_09,ευρωεκλογεςΠΨηφ.sav,2019-04-04 00:00:00,2019.0,4.0,Q2,2019-Q2,auto_from_sav_date_column:Vdatesub,True,region_group,31,ΣΥΡΙΖΑ,46.2301,6,12,13,38.2718,low,ok,False
SURVEY_09,ευρωεκλογεςΠΨηφ.sav,2019-04-04 00:00:00,2019.0,4.0,Q2,2019-Q2,auto_from_sav_date_column:Vdatesub,True,region_group,32,ΝΔ,100.0,2,2,2,4.9417,low,ok,False
SURVEY_09,ευρωεκλογεςΠΨηφ.sav,2019-04-04 00:00:00,2019.0,4.0,Q2,2019-Q2,auto_from_sav_date_column:Vdatesub,True,region_group,33,other_party,23.3465,1,4,4,9.721,low,ok,False
SURVEY_09,ευρωεκλογεςΠΨηφ.sav,2019-04-04 00:00:00,2019.0,4.0,Q2,2019-Q2,auto_from_sav_date_column:Vdatesub,True,region_group,33,ΝΔ,31.1588,1,4,4,9.721,low,ok,False
SURVEY_09,ευρωεκλογεςΠΨηφ.sav,2019-04-04 00:00:00,2019.0,4.0,Q2,2019-Q2,auto_from_sav_date_column:Vdatesub,True,region_group,33,Πλεύση Ελευθερίας,35.2077,1,4,4,9.721,low,ok,False
SURVEY_09,ευρωεκλογεςΠΨηφ.sav,2019-04-04 00:00:00,2019.0,4.0,Q2,2019-Q2,auto_from_sav_date_column:Vdatesub,True,region_group,33,ΣΥΡΙΖΑ,10.287,1,4,4,9.721,low,ok,False
SURVEY_09,ευρωεκλογεςΠΨηφ.sav,2019-04-04 00:00:00,2019.0,4.0,Q2,2019-Q2,auto_from_sav_date_column:Vdatesub,True,region_group,34,other_party,5.8622,1,16,16,46.3924,low,ok,False
SURVEY_09,ευρωεκλογεςΠΨηφ.sav,2019-04-04 00:00:00,2019.0,4.0,Q2,2019-Q2,auto_from_sav_date_column:Vdatesub,True,region_group,34,ΚΚΕ,6.3749,1,16,16,46.3924,low,ok,False
SURVEY_09,ευρωεκλογεςΠΨηφ.sav,2019-04-04 00:00:00,2019.0,4.0,Q2,2019-Q2,auto_from_sav_date_column:Vdatesub,True,region_group,34,ΝΔ,39.6518,6,16,16,46.3924,low,ok,False
SURVEY_09,ευρωεκλογεςΠΨηφ.sav,2019-04-04 00:00:00,2019.0,4.0,Q2,2019-Q2,auto_from_sav_date_column:Vdatesub,True,region_group,34,ΣΥΡΙΖΑ,34.5499,6,16,16,46.3924,low,ok,False
SURVEY_09,ευρωεκλογεςΠΨηφ.sav,2019-04-04 00:00:00,2019.0,4.0,Q2,2019-Q2,auto_from_sav_date_column:Vdatesub,True,region_group,34,Χρυσή Αυγή,13.5612,2,16,16,46.3924,low,ok,False
SURVEY_09,ευρωεκλογεςΠΨηφ.sav,2019-04-04 00:00:00,2019.0,4.0,Q2,2019-Q2,auto_from_sav_date_column:Vdatesub,True,region_group,35,other_party,8.5886,82,991,1149,2784.3426,high,ok,True
SURVEY_09,ευρωεκλογεςΠΨηφ.sav,2019-04-04 00:00:00,2019.0,4.0,Q2,2019-Q2,auto_from_sav_date_column:Vdatesub,True,region_group,35,Ένωση Κεντρώων,1.0219,11,991,1149,2784.3426,high,ok,True
SURVEY_09,ευρωεκλογεςΠΨηφ.sav,2019-04-04 00:00:00,2019.0,4.0,Q2,2019-Q2,auto_from_sav_date_column:Vdatesub,True,region_group,35,ΑΝΕΛ,0.4329,4,991,1149,2784.3426,high,ok,True
SURVEY_09,ευρωεκλογεςΠΨηφ.sav,2019-04-04 00:00:00,2019.0,4.0,Q2,2019-Q2,auto_from_sav_date_column:Vdatesub,True,region_group,35,Ελληνική Λύση,1.976,19,991,1149,2784.3426,high,ok,True
SURVEY_09,ευρωεκλογεςΠΨηφ.sav,2019-04-04 00:00:00,2019.0,4.0,Q2,2019-Q2,auto_from_sav_date_column:Vdatesub,True,region_group,35,ΚΚΕ,4.9525,49,991,1149,2784.3426,high,ok,True
SURVEY_09,ευρωεκλογεςΠΨηφ.sav,2019-04-04 00:00:00,2019.0,4.0,Q2,2019-Q2,auto_from_sav_date_column:Vdatesub,True,region_group,35,ΜέΡΑ25,0.9621,10,991,1149,2784.3426,high,ok,True
SURVEY_09,ευρωεκλογεςΠΨηφ.sav,2019-04-04 00:00:00,2019.0,4.0,Q2,2019-Q2,auto_from_sav_date_column:Vdatesub,True,region_group,35,ΝΔ,32.905,337,991,1149,2784.3426,high,ok,True
SURVEY_09,ευρωεκλογεςΠΨηφ.sav,2019-04-04 00:00:00,2019.0,4.0,Q2,2019-Q2,auto_from_sav_date_column:Vdatesub,True,region_group,35,ΠΑΣΟΚ/ΚΙΝΑΛ,9.2488,85,991,1149,2784.3426,high,ok,True
SURVEY_09,ευρωεκλογεςΠΨηφ.sav,2019-04-04 00:00:00,2019.0,4.0,Q2,2019-Q2,auto_from_sav_date_column:Vdatesub,True,region_group,35,Πλεύση Ελευθερίας,0.8958,10,991,1149,2784.3426,high,ok,True
SURVEY_09,ευρωεκλογεςΠΨηφ.sav,2019-04-04 00:00:00,2019.0,4.0,Q2,2019-Q2,auto_from_sav_date_column:Vdatesub,True,region_group,35,Ποτάμι,1.5287,16,991,1149,2784.3426,high,ok,True
SURVEY_09,ευρωεκλογεςΠΨηφ.sav,2019-04-04 00:00:00,2019.0,4.0,Q2,2019-Q2,auto_from_sav_date_column:Vdatesub,True,region_group,35,ΣΥΡΙΖΑ,29.8223,290,991,1149,2784.3426,high,ok,True
SURVEY_09,ευρωεκλογεςΠΨηφ.sav,2019-04-04 00:00:00,2019.0,4.0,Q2,2019-Q2,auto_from_sav_date_column:Vdatesub,True,region_group,35,Χρυσή Αυγή,7.6653,78,991,1149,2784.3426,high,ok,True
SURVEY_09,ευρωεκλογεςΠΨηφ.sav,2019-04-04 00:00:00,2019.0,4.0,Q2,2019-Q2,auto_from_sav_date_column:Vdatesub,True,region_group,36,other_party,12.138,1,11,12,30.7497,low,ok,False
SURVEY_09,ευρωεκλογεςΠΨηφ.sav,2019-04-04 00:00:00,2019.0,4.0,Q2,2019-Q2,auto_from_sav_date_column:Vdatesub,True,region_group,36,ΝΔ,18.9588,2,11,12,30.7497,low,ok,False
SURVEY_09,ευρωεκλογεςΠΨηφ.sav,2019-04-04 00:00:00,2019.0,4.0,Q2,2019-Q2,auto_from_sav_date_column:Vdatesub,True,region_group,36,ΠΑΣΟΚ/ΚΙΝΑΛ,9.341,1,11,12,30.7497,low,ok,False
SURVEY_09,ευρωεκλογεςΠΨηφ.sav,2019-04-04 00:00:00,2019.0,4.0,Q2,2019-Q2,auto_from_sav_date_column:Vdatesub,True,region_group,36,Πλεύση Ελευθερίας,8.603,1,11,12,30.7497,low,ok,False
SURVEY_09,ευρωεκλογεςΠΨηφ.sav,2019-04-04 00:00:00,2019.0,4.0,Q2,2019-Q2,auto_from_sav_date_column:Vdatesub,True,region_group,36,Ποτάμι,3.2521,1,11,12,30.7497,low,ok,False
SURVEY_09,ευρωεκλογεςΠΨηφ.sav,2019-04-04 00:00:00,2019.0,4.0,Q2,2019-Q2,auto_from_sav_date_column:Vdatesub,True,region_group,36,ΣΥΡΙΖΑ,9.6178,1,11,12,30.7497,low,ok,False
SURVEY_09,ευρωεκλογεςΠΨηφ.sav,2019-04-04 00:00:00,2019.0,4.0,Q2,2019-Q2,auto_from_sav_date_column:Vdatesub,True,region_group,36,Χρυσή Αυγή,38.0894,4,11,12,30.7497,low,ok,False
SURVEY_09,ευρωεκλογεςΠΨηφ.sav,2019-04-04 00:00:00,2019.0,4.0,Q2,2019-Q2,auto_from_sav_date_column:Vdatesub,True,region_group,37,ΚΚΕ,12.7435,1,10,11,26.8571,low,ok,False
SURVEY_09,ευρωεκλογεςΠΨηφ.sav,2019-04-04 00:00:00,2019.0,4.0,Q2,2019-Q2,auto_from_sav_date_column:Vdatesub,True,region_group,37,ΝΔ,54.4719,5,10,11,26.8571,low,ok,False
SURVEY_09,ευρωεκλογεςΠΨηφ.sav,2019-04-04 00:00:00,2019.0,4.0,Q2,2019-Q2,auto_from_sav_date_column:Vdatesub,True,region_group,37,ΠΑΣΟΚ/ΚΙΝΑΛ,7.5873,1,10,11,26.8571,low,ok,False
SURVEY_09,ευρωεκλογεςΠΨηφ.sav,2019-04-04 00:00:00,2019.0,4.0,Q2,2019-Q2,auto_from_sav_date_column:Vdatesub,True,region_group,37,Πλεύση Ελευθερίας,3.7234,1,10,11,26.8571,low,ok,False
SURVEY_09,ευρωεκλογεςΠΨηφ.sav,2019-04-04 00:00:00,2019.0,4.0,Q2,2019-Q2,auto_from_sav_date_column:Vdatesub,True,region_group,37,ΣΥΡΙΖΑ,11.278,1,10,11,26.8571,low,ok,False
SURVEY_09,ευρωεκλογεςΠΨηφ.sav,2019-04-04 00:00:00,2019.0,4.0,Q2,2019-Q2,auto_from_sav_date_column:Vdatesub,True,region_group,37,Χρυσή Αυγή,10.1959,1,10,11,26.8571,low,ok,False
SURVEY_09,ευρωεκλογεςΠΨηφ.sav,2019-04-04 00:00:00,2019.0,4.0,Q2,2019-Q2,auto_from_sav_date_column:Vdatesub,True,region_group,38,other_party,2.5524,1,28,31,76.5088,low,ok,False
SURVEY_09,ευρωεκλογεςΠΨηφ.sav,2019-04-04 00:00:00,2019.0,4.0,Q2,2019-Q2,auto_from_sav_date_column:Vdatesub,True,region_group,38,ΜέΡΑ25,4.4734,1,28,31,76.5088,low,ok,False
SURVEY_09,ευρωεκλογεςΠΨηφ.sav,2019-04-04 00:00:00,2019.0,4.0,Q2,2019-Q2,auto_from_sav_date_column:Vdatesub,True,region_group,38,ΝΔ,44.9488,12,28,31,76.5088,low,ok,False
SURVEY_09,ευρωεκλογεςΠΨηφ.sav,2019-04-04 00:00:00,2019.0,4.0,Q2,2019-Q2,auto_from_sav_date_column:Vdatesub,True,region_group,38,ΠΑΣΟΚ/ΚΙΝΑΛ,9.9812,3,28,31,76.5088,low,ok,False
SURVEY_09,ευρωεκλογεςΠΨηφ.sav,2019-04-04 00:00:00,2019.0,4.0,Q2,2019-Q2,auto_from_sav_date_column:Vdatesub,True,region_group,38,ΣΥΡΙΖΑ,28.9619,8,28,31,76.5088,low,ok,False
SURVEY_09,ευρωεκλογεςΠΨηφ.sav,2019-04-04 00:00:00,2019.0,4.0,Q2,2019-Q2,auto_from_sav_date_column:Vdatesub,True,region_group,38,Χρυσή Αυγή,9.0823,3,28,31,76.5088,low,ok,False
SURVEY_09,ευρωεκλογεςΠΨηφ.sav,2019-04-04 00:00:00,2019.0,4.0,Q2,2019-Q2,auto_from_sav_date_column:Vdatesub,True,region_group,39,ΠΑΣΟΚ/ΚΙΝΑΛ,11.0668,1,4,6,9.036,low,ok,False
SURVEY_09,ευρωεκλογεςΠΨηφ.sav,2019-04-04 00:00:00,2019.0,4.0,Q2,2019-Q2,auto_from_sav_date_column:Vdatesub,True,region_group,39,ΣΥΡΙΖΑ,88.9332,3,4,6,9.036,low,ok,False
SURVEY_09,ευρωεκλογεςΠΨηφ.sav,2019-04-04 00:00:00,2019.0,4.0,Q2,2019-Q2,auto_from_sav_date_column:Vdatesub,True,region_group,40,ΚΚΕ,4.4547,1,20,23,61.0512,low,ok,False
SURVEY_09,ευρωεκλογεςΠΨηφ.sav,2019-04-04 00:00:00,2019.0,4.0,Q2,2019-Q2,auto_from_sav_date_column:Vdatesub,True,region_group,40,ΝΔ,29.5617,6,20,23,61.0512,low,ok,False
SURVEY_09,ευρωεκλογεςΠΨηφ.sav,2019-04-04 00:00:00,2019.0,4.0,Q2,2019-Q2,auto_from_sav_date_column:Vdatesub,True,region_group,40,ΠΑΣΟΚ/ΚΙΝΑΛ,4.7048,1,20,23,61.0512,low,ok,False
SURVEY_09,ευρωεκλογεςΠΨηφ.sav,2019-04-04 00:00:00,2019.0,4.0,Q2,2019-Q2,auto_from_sav_date_column:Vdatesub,True,region_group,40,ΣΥΡΙΖΑ,56.574,11,20,23,61.0512,low,ok,False
SURVEY_09,ευρωεκλογεςΠΨηφ.sav,2019-04-04 00:00:00,2019.0,4.0,Q2,2019-Q2,auto_from_sav_date_column:Vdatesub,True,region_group,40,Χρυσή Αυγή,4.7048,1,20,23,61.0512,low,ok,False
SURVEY_09,ευρωεκλογεςΠΨηφ.sav,2019-04-04 00:00:00,2019.0,4.0,Q2,2019-Q2,auto_from_sav_date_column:Vdatesub,True,region_group,41,other_party,36.5646,1,3,3,8.0883,low,ok,False
SURVEY_09,ευρωεκλογεςΠΨηφ.sav,2019-04-04 00:00:00,2019.0,4.0,Q2,2019-Q2,auto_from_sav_date_column:Vdatesub,True,region_group,41,Ένωση Κεντρώων,29.8112,1,3,3,8.0883,low,ok,False
SURVEY_09,ευρωεκλογεςΠΨηφ.sav,2019-04-04 00:00:00,2019.0,4.0,Q2,2019-Q2,auto_from_sav_date_column:Vdatesub,True,region_group,41,Χρυσή Αυγή,33.6243,1,3,3,8.0883,low,ok,False
SURVEY_09,ευρωεκλογεςΠΨηφ.sav,2019-04-04 00:00:00,2019.0,4.0,Q2,2019-Q2,auto_from_sav_date_column:Vdatesub,True,region_group,42,ΝΔ,62.1458,2,5,8,12.2718,low,ok,False
SURVEY_09,ευρωεκλογεςΠΨηφ.sav,2019-04-04 00:00:00,2019.0,4.0,Q2,2019-Q2,auto_from_sav_date_column:Vdatesub,True,region_group,42,ΣΥΡΙΖΑ,16.2976,2,5,8,12.2718,low,ok,False
SURVEY_09,ευρωεκλογεςΠΨηφ.sav,2019-04-04 00:00:00,2019.0,4.0,Q2,2019-Q2,auto_from_sav_date_column:Vdatesub,True,region_group,42,Χρυσή Αυγή,21.5567,1,5,8,12.2718,low,ok,False
SURVEY_09,ευρωεκλογεςΠΨηφ.sav,2019-04-04 00:00:00,2019.0,4.0,Q2,2019-Q2,auto_from_sav_date_column:Vdatesub,True,region_group,43,other_party,6.4938,1,13,15,31.3795,low,ok,False
SURVEY_09,ευρωεκλογεςΠΨηφ.sav,2019-04-04 00:00:00,2019.0,4.0,Q2,2019-Q2,auto_from_sav_date_column:Vdatesub,True,region_group,43,ΚΚΕ,8.6885,1,13,15,31.3795,low,ok,False
SURVEY_09,ευρωεκλογεςΠΨηφ.sav,2019-04-04 00:00:00,2019.0,4.0,Q2,2019-Q2,auto_from_sav_date_column:Vdatesub,True,region_group,43,ΜέΡΑ25,5.3514,1,13,15,31.3795,low,ok,False
SURVEY_09,ευρωεκλογεςΠΨηφ.sav,2019-04-04 00:00:00,2019.0,4.0,Q2,2019-Q2,auto_from_sav_date_column:Vdatesub,True,region_group,43,ΝΔ,37.0867,4,13,15,31.3795,low,ok,False
SURVEY_09,ευρωεκλογεςΠΨηφ.sav,2019-04-04 00:00:00,2019.0,4.0,Q2,2019-Q2,auto_from_sav_date_column:Vdatesub,True,region_group,43,ΠΑΣΟΚ/ΚΙΝΑΛ,3.1868,1,13,15,31.3795,low,ok,False
SURVEY_09,ευρωεκλογεςΠΨηφ.sav,2019-04-04 00:00:00,2019.0,4.0,Q2,2019-Q2,auto_from_sav_date_column:Vdatesub,True,region_group,43,ΣΥΡΙΖΑ,30.4663,4,13,15,31.3795,low,ok,False
SURVEY_09,ευρωεκλογεςΠΨηφ.sav,2019-04-04 00:00:00,2019.0,4.0,Q2,2019-Q2,auto_from_sav_date_column:Vdatesub,True,region_group,43,Χρυσή Αυγή,8.7265,1,13,15,31.3795,low,ok,False
SURVEY_09,ευρωεκλογεςΠΨηφ.sav,2019-04-04 00:00:00,2019.0,4.0,Q2,2019-Q2,auto_from_sav_date_column:Vdatesub,True,region_group,44,ΝΔ,43.13,3,6,8,16.1984,low,ok,False
SURVEY_09,ευρωεκλογεςΠΨηφ.sav,2019-04-04 00:00:00,2019.0,4.0,Q2,2019-Q2,auto_from_sav_date_column:Vdatesub,True,region_group,44,ΠΑΣΟΚ/ΚΙΝΑΛ,18.699,1,6,8,16.1984,low,ok,False
SURVEY_09,ευρωεκλογεςΠΨηφ.sav,2019-04-04 00:00:00,2019.0,4.0,Q2,2019-Q2,auto_from_sav_date_column:Vdatesub,True,region_group,44,ΣΥΡΙΖΑ,38.171,2,6,8,16.1984,low,ok,False
SURVEY_09,ευρωεκλογεςΠΨηφ.sav,2019-04-04 00:00:00,2019.0,4.0,Q2,2019-Q2,auto_from_sav_date_column:Vdatesub,True,region_group,45,other_party,7.572,3,33,42,91.3216,low,ok,True
SURVEY_09,ευρωεκλογεςΠΨηφ.sav,2019-04-04 00:00:00,2019.0,4.0,Q2,2019-Q2,auto_from_sav_date_column:Vdatesub,True,region_group,45,ΚΚΕ,16.5472,5,33,42,91.3216,low,ok,True
SURVEY_09,ευρωεκλογεςΠΨηφ.sav,2019-04-04 00:00:00,2019.0,4.0,Q2,2019-Q2,auto_from_sav_date_column:Vdatesub,True,region_group,45,ΜέΡΑ25,3.3168,1,33,42,91.3216,low,ok,True
SURVEY_09,ευρωεκλογεςΠΨηφ.sav,2019-04-04 00:00:00,2019.0,4.0,Q2,2019-Q2,auto_from_sav_date_column:Vdatesub,True,region_group,45,ΝΔ,30.5701,10,33,42,91.3216,low,ok,True
SURVEY_09,ευρωεκλογεςΠΨηφ.sav,2019-04-04 00:00:00,2019.0,4.0,Q2,2019-Q2,auto_from_sav_date_column:Vdatesub,True,region_group,45,ΠΑΣΟΚ/ΚΙΝΑΛ,2.9977,1,33,42,91.3216,low,ok,True
SURVEY_09,ευρωεκλογεςΠΨηφ.sav,2019-04-04 00:00:00,2019.0,4.0,Q2,2019-Q2,auto_from_sav_date_column:Vdatesub,True,region_group,45,ΣΥΡΙΖΑ,32.0482,10,33,42,91.3216,low,ok,True
SURVEY_09,ευρωεκλογεςΠΨηφ.sav,2019-04-04 00:00:00,2019.0,4.0,Q2,2019-Q2,auto_from_sav_date_column:Vdatesub,True,region_group,45,Χρυσή Αυγή,6.9479,3,33,42,91.3216,low,ok,True
SURVEY_09,ευρωεκλογεςΠΨηφ.sav,2019-04-04 00:00:00,2019.0,4.0,Q2,2019-Q2,auto_from_sav_date_column:Vdatesub,True,region_group,46,ΝΔ,100.0,2,2,2,3.5211,low,ok,False
SURVEY_09,ευρωεκλογεςΠΨηφ.sav,2019-04-04 00:00:00,2019.0,4.0,Q2,2019-Q2,auto_from_sav_date_column:Vdatesub,True,region_group,47,Ένωση Κεντρώων,13.4592,1,8,9,25.4289,low,ok,False
SURVEY_09,ευρωεκλογεςΠΨηφ.sav,2019-04-04 00:00:00,2019.0,4.0,Q2,2019-Q2,auto_from_sav_date_column:Vdatesub,True,region_group,47,ΚΚΕ,11.6303,1,8,9,25.4289,low,ok,False
SURVEY_09,ευρωεκλογεςΠΨηφ.sav,2019-04-04 00:00:00,2019.0,4.0,Q2,2019-Q2,auto_from_sav_date_column:Vdatesub,True,region_group,47,ΝΔ,43.5897,3,8,9,25.4289,low,ok,False
SURVEY_09,ευρωεκλογεςΠΨηφ.sav,2019-04-04 00:00:00,2019.0,4.0,Q2,2019-Q2,auto_from_sav_date_column:Vdatesub,True,region_group,47,ΠΑΣΟΚ/ΚΙΝΑΛ,8.9249,1,8,9,25.4289,low,ok,False
SURVEY_09,ευρωεκλογεςΠΨηφ.sav,2019-04-04 00:00:00,2019.0,4.0,Q2,2019-Q2,auto_from_sav_date_column:Vdatesub,True,region_group,47,ΣΥΡΙΖΑ,11.6303,1,8,9,25.4289,low,ok,False
SURVEY_09,ευρωεκλογεςΠΨηφ.sav,2019-04-04 00:00:00,2019.0,4.0,Q2,2019-Q2,auto_from_sav_date_column:Vdatesub,True,region_group,47,Χρυσή Αυγή,10.7657,1,8,9,25.4289,low,ok,False
SURVEY_09,ευρωεκλογεςΠΨηφ.sav,2019-04-04 00:00:00,2019.0,4.0,Q2,2019-Q2,auto_from_sav_date_column:Vdatesub,True,region_group,48,Χρυσή Αυγή,100.0,1,1,1,5.1053,low,ok,False
SURVEY_09,ευρωεκλογεςΠΨηφ.sav,2019-04-04 00:00:00,2019.0,4.0,Q2,2019-Q2,auto_from_sav_date_column:Vdatesub,True,region_group,49,ΣΥΡΙΖΑ,100.0,3,3,4,6.1376,low,ok,False
SURVEY_09,ευρωεκλογεςΠΨηφ.sav,2019-04-04 00:00:00,2019.0,4.0,Q2,2019-Q2,auto_from_sav_date_column:Vdatesub,True,region_group,50,ΝΔ,77.6726,2,3,4,13.2458,low,ok,False
SURVEY_09,ευρωεκλογεςΠΨηφ.sav,2019-04-04 00:00:00,2019.0,4.0,Q2,2019-Q2,auto_from_sav_date_column:Vdatesub,True,region_group,50,Χρυσή Αυγή,22.3274,1,3,4,13.2458,low,ok,False
SURVEY_09,ευρωεκλογεςΠΨηφ.sav,2019-04-04 00:00:00,2019.0,4.0,Q2,2019-Q2,auto_from_sav_date_column:Vdatesub,True,region_group,51,ΝΔ,19.763,1,4,7,13.3856,low,ok,False
SURVEY_09,ευρωεκλογεςΠΨηφ.sav,2019-04-04 00:00:00,2019.0,4.0,Q2,2019-Q2,auto_from_sav_date_column:Vdatesub,True,region_group,51,ΣΥΡΙΖΑ,80.237,3,4,7,13.3856,low,ok,False
SURVEY_09,ευρωεκλογεςΠΨηφ.sav,2019-04-04 00:00:00,2019.0,4.0,Q2,2019-Q2,auto_from_sav_date_column:Vdatesub,True,region_group,D9,ΝΔ,100.0,1,1,1,1.0,low,ok,False
SURVEY_09,ευρωεκλογεςΠΨηφ.sav,2019-04-04 00:00:00,2019.0,4.0,Q2,2019-Q2,auto_from_sav_date_column:Vdatesub,True,region_group,E6,ΠΑΣΟΚ/ΚΙΝΑΛ,100.0,1,1,1,2.8723,low,ok,False
SURVEY_09,ευρωεκλογεςΠΨηφ.sav,2019-04-04 00:00:00,2019.0,4.0,Q2,2019-Q2,auto_from_sav_date_column:Vdatesub,True,region_group,H9,ΝΔ,100.0,1,1,1,2.4112,low,ok,False
SURVEY_09,ευρωεκλογεςΠΨηφ.sav,2019-04-04 00:00:00,2019.0,4.0,Q2,2019-Q2,auto_from_sav_date_column:Vdatesub,True,region_group,NJ,ΣΥΡΙΖΑ,100.0,1,1,1,2.6454,low,ok,False
