question_leader_primary,metric_family,metric_name,group_type,group,response_option,share_weighted_valid,survey_year,survey_quarter,sample_confidence
Αλέξης Τσίπρας,leader_approval,Έγκριση/αποδοχή: Αλέξης Τσίπρας,gender,female,negative_approval,62.6069,2019,Q2,high
Αλέξης Τσίπρας,leader_approval,Έγκριση/αποδοχή: Αλέξης Τσίπρας,gender,female,positive_approval,37.3931,2019,Q2,high
Κυριάκος Μητσοτάκης,leader_approval,Έγκριση/αποδοχή: Κυριάκος Μητσοτάκης,gender,female,negative_approval,69.3248,2019,Q2,high
Κυριάκος Μητσοτάκης,leader_approval,Έγκριση/αποδοχή: Κυριάκος Μητσοτάκης,gender,female,positive_approval,30.6752,2019,Q2,high
,leader_trait,Σταθερότητα χώρας,gender,female,both,2.5108,2019,Q2,high
,leader_trait,Σταθερότητα χώρας,gender,female,Αλέξης Τσίπρας,50.4989,2019,Q2,high
,leader_trait,Σταθερότητα χώρας,gender,female,Κυριάκος Μητσοτάκης,46.9903,2019,Q2,high
,leader_trait,Κοντά στους πολίτες,gender,female,both,1.0492,2019,Q2,high
,leader_trait,Κοντά στους πολίτες,gender,female,Αλέξης Τσίπρας,58.876,2019,Q2,high
,leader_trait,Κοντά στους πολίτες,gender,female,Κυριάκος Μητσοτάκης,40.0748,2019,Q2,high
,leader_trait,Ικανότητα στην οικονομία,gender,female,both,4.8599,2019,Q2,high
,leader_trait,Ικανότητα στην οικονομία,gender,female,Αλέξης Τσίπρας,41.1221,2019,Q2,high
,leader_trait,Ικανότητα στην οικονομία,gender,female,Κυριάκος Μητσοτάκης,54.018,2019,Q2,high
,leader_trait,Εντιμότητα / ακεραιότητα,gender,female,both,0.3452,2019,Q2,high
,leader_trait,Εντιμότητα / ακεραιότητα,gender,female,Αλέξης Τσίπρας,53.3911,2019,Q2,high
,leader_trait,Εντιμότητα / ακεραιότητα,gender,female,Κυριάκος Μητσοτάκης,46.2637,2019,Q2,high
,leader_trait,Δίνει ελπίδα,gender,female,Αλέξης Τσίπρας,55.4682,2019,Q2,high
,leader_trait,Δίνει ελπίδα,gender,female,Κυριάκος Μητσοτάκης,44.5318,2019,Q2,high
,leader_trait,Σεβασμός από Ευρωπαίους ηγέτες,gender,female,both,4.1842,2019,Q2,high
,leader_trait,Σεβασμός από Ευρωπαίους ηγέτες,gender,female,Αλέξης Τσίπρας,51.5694,2019,Q2,high
,leader_trait,Σεβασμός από Ευρωπαίους ηγέτες,gender,female,Κυριάκος Μητσοτάκης,44.2464,2019,Q2,high
,leader_trait,Πατριωτισμός,gender,female,both,6.6531,2019,Q2,high
,leader_trait,Πατριωτισμός,gender,female,Αλέξης Τσίπρας,45.1342,2019,Q2,high
,leader_trait,Πατριωτισμός,gender,female,Κυριάκος Μητσοτάκης,48.2128,2019,Q2,high
,leader_trait,Ηγετικά προσόντα / ισχυρός ηγέτης,gender,female,both,0.9632,2019,Q2,high
,leader_trait,Ηγετικά προσόντα / ισχυρός ηγέτης,gender,female,Αλέξης Τσίπρας,64.6902,2019,Q2,high
,leader_trait,Ηγετικά προσόντα / ισχυρός ηγέτης,gender,female,Κυριάκος Μητσοτάκης,34.3466,2019,Q2,high
Αλέξης Τσίπρας,leader_approval,Έγκριση/αποδοχή: Αλέξης Τσίπρας,gender,male,negative_approval,68.4844,2019,Q2,high
Αλέξης Τσίπρας,leader_approval,Έγκριση/αποδοχή: Αλέξης Τσίπρας,gender,male,positive_approval,31.5156,2019,Q2,high
Κυριάκος Μητσοτάκης,leader_approval,Έγκριση/αποδοχή: Κυριάκος Μητσοτάκης,gender,male,negative_approval,68.5432,2019,Q2,high
Κυριάκος Μητσοτάκης,leader_approval,Έγκριση/αποδοχή: Κυριάκος Μητσοτάκης,gender,male,positive_approval,31.4568,2019,Q2,high
,leader_trait,Σταθερότητα χώρας,gender,male,both,2.519,2019,Q2,high
,leader_trait,Σταθερότητα χώρας,gender,male,Αλέξης Τσίπρας,46.1444,2019,Q2,high
,leader_trait,Σταθερότητα χώρας,gender,male,Κυριάκος Μητσοτάκης,51.3366,2019,Q2,high
,leader_trait,Κοντά στους πολίτες,gender,male,both,0.5668,2019,Q2,high
,leader_trait,Κοντά στους πολίτες,gender,male,Αλέξης Τσίπρας,52.6268,2019,Q2,high
,leader_trait,Κοντά στους πολίτες,gender,male,Κυριάκος Μητσοτάκης,46.8064,2019,Q2,high
,leader_trait,Ικανότητα στην οικονομία,gender,male,both,8.1725,2019,Q2,high
,leader_trait,Ικανότητα στην οικονομία,gender,male,Αλέξης Τσίπρας,30.4051,2019,Q2,high
,leader_trait,Ικανότητα στην οικονομία,gender,male,Κυριάκος Μητσοτάκης,61.4224,2019,Q2,high
,leader_trait,Εντιμότητα / ακεραιότητα,gender,male,both,0.5619,2019,Q2,high
,leader_trait,Εντιμότητα / ακεραιότητα,gender,male,Αλέξης Τσίπρας,41.8762,2019,Q2,high
,leader_trait,Εντιμότητα / ακεραιότητα,gender,male,Κυριάκος Μητσοτάκης,57.5619,2019,Q2,high
,leader_trait,Δίνει ελπίδα,gender,male,both,0.7958,2019,Q2,high
,leader_trait,Δίνει ελπίδα,gender,male,Αλέξης Τσίπρας,47.3796,2019,Q2,high
,leader_trait,Δίνει ελπίδα,gender,male,Κυριάκος Μητσοτάκης,51.8246,2019,Q2,high
,leader_trait,Σεβασμός από Ευρωπαίους ηγέτες,gender,male,both,5.6222,2019,Q2,high
,leader_trait,Σεβασμός από Ευρωπαίους ηγέτες,gender,male,Αλέξης Τσίπρας,44.4768,2019,Q2,high
,leader_trait,Σεβασμός από Ευρωπαίους ηγέτες,gender,male,Κυριάκος Μητσοτάκης,49.9011,2019,Q2,high
,leader_trait,Πατριωτισμός,gender,male,both,12.7602,2019,Q2,high
,leader_trait,Πατριωτισμός,gender,male,Αλέξης Τσίπρας,35.3273,2019,Q2,high
,leader_trait,Πατριωτισμός,gender,male,Κυριάκος Μητσοτάκης,51.9125,2019,Q2,high
,leader_trait,Ηγετικά προσόντα / ισχυρός ηγέτης,gender,male,both,1.2641,2019,Q2,high
,leader_trait,Ηγετικά προσόντα / ισχυρός ηγέτης,gender,male,Αλέξης Τσίπρας,59.0618,2019,Q2,high
,leader_trait,Ηγετικά προσόντα / ισχυρός ηγέτης,gender,male,Κυριάκος Μητσοτάκης,39.6742,2019,Q2,high
Αλέξης Τσίπρας,leader_approval,Έγκριση/αποδοχή: Αλέξης Τσίπρας,age_group,18-24,negative_approval,74.8212,2019,Q2,medium
Αλέξης Τσίπρας,leader_approval,Έγκριση/αποδοχή: Αλέξης Τσίπρας,age_group,18-24,positive_approval,25.1788,2019,Q2,medium
Κυριάκος Μητσοτάκης,leader_approval,Έγκριση/αποδοχή: Κυριάκος Μητσοτάκης,age_group,18-24,negative_approval,74.3391,2019,Q2,medium
Κυριάκος Μητσοτάκης,leader_approval,Έγκριση/αποδοχή: Κυριάκος Μητσοτάκης,age_group,18-24,positive_approval,25.6609,2019,Q2,medium
,leader_trait,Σταθερότητα χώρας,age_group,18-24,both,2.0701,2019,Q2,low
,leader_trait,Σταθερότητα χώρας,age_group,18-24,Αλέξης Τσίπρας,44.0832,2019,Q2,low
,leader_trait,Σταθερότητα χώρας,age_group,18-24,Κυριάκος Μητσοτάκης,53.8467,2019,Q2,low
,leader_trait,Κοντά στους πολίτες,age_group,18-24,Αλέξης Τσίπρας,51.3944,2019,Q2,low
,leader_trait,Κοντά στους πολίτες,age_group,18-24,Κυριάκος Μητσοτάκης,48.6056,2019,Q2,low
,leader_trait,Ικανότητα στην οικονομία,age_group,18-24,both,17.1051,2019,Q2,medium
,leader_trait,Ικανότητα στην οικονομία,age_group,18-24,Αλέξης Τσίπρας,19.9515,2019,Q2,medium
,leader_trait,Ικανότητα στην οικονομία,age_group,18-24,Κυριάκος Μητσοτάκης,62.9434,2019,Q2,medium
,leader_trait,Εντιμότητα / ακεραιότητα,age_group,18-24,Αλέξης Τσίπρας,45.9659,2019,Q2,low
,leader_trait,Εντιμότητα / ακεραιότητα,age_group,18-24,Κυριάκος Μητσοτάκης,54.0341,2019,Q2,low
,leader_trait,Δίνει ελπίδα,age_group,18-24,Αλέξης Τσίπρας,51.6153,2019,Q2,medium
,leader_trait,Δίνει ελπίδα,age_group,18-24,Κυριάκος Μητσοτάκης,48.3847,2019,Q2,medium
,leader_trait,Σεβασμός από Ευρωπαίους ηγέτες,age_group,18-24,both,4.0268,2019,Q2,medium
,leader_trait,Σεβασμός από Ευρωπαίους ηγέτες,age_group,18-24,Αλέξης Τσίπρας,36.7518,2019,Q2,medium
,leader_trait,Σεβασμός από Ευρωπαίους ηγέτες,age_group,18-24,Κυριάκος Μητσοτάκης,59.2213,2019,Q2,medium
,leader_trait,Πατριωτισμός,age_group,18-24,both,9.1976,2019,Q2,low
,leader_trait,Πατριωτισμός,age_group,18-24,Αλέξης Τσίπρας,27.3853,2019,Q2,low
,leader_trait,Πατριωτισμός,age_group,18-24,Κυριάκος Μητσοτάκης,63.4171,2019,Q2,low
,leader_trait,Ηγετικά προσόντα / ισχυρός ηγέτης,age_group,18-24,both,0.9897,2019,Q2,low
,leader_trait,Ηγετικά προσόντα / ισχυρός ηγέτης,age_group,18-24,Αλέξης Τσίπρας,58.4386,2019,Q2,low
,leader_trait,Ηγετικά προσόντα / ισχυρός ηγέτης,age_group,18-24,Κυριάκος Μητσοτάκης,40.5718,2019,Q2,low
Αλέξης Τσίπρας,leader_approval,Έγκριση/αποδοχή: Αλέξης Τσίπρας,age_group,25-39,negative_approval,68.5004,2019,Q2,high
Αλέξης Τσίπρας,leader_approval,Έγκριση/αποδοχή: Αλέξης Τσίπρας,age_group,25-39,positive_approval,31.4996,2019,Q2,high
Κυριάκος Μητσοτάκης,leader_approval,Έγκριση/αποδοχή: Κυριάκος Μητσοτάκης,age_group,25-39,negative_approval,74.2916,2019,Q2,high
Κυριάκος Μητσοτάκης,leader_approval,Έγκριση/αποδοχή: Κυριάκος Μητσοτάκης,age_group,25-39,positive_approval,25.7084,2019,Q2,high
,leader_trait,Σταθερότητα χώρας,age_group,25-39,both,3.9167,2019,Q2,medium
,leader_trait,Σταθερότητα χώρας,age_group,25-39,Αλέξης Τσίπρας,49.311,2019,Q2,medium
,leader_trait,Σταθερότητα χώρας,age_group,25-39,Κυριάκος Μητσοτάκης,46.7723,2019,Q2,medium
,leader_trait,Κοντά στους πολίτες,age_group,25-39,both,1.0141,2019,Q2,medium
,leader_trait,Κοντά στους πολίτες,age_group,25-39,Αλέξης Τσίπρας,55.2502,2019,Q2,medium
,leader_trait,Κοντά στους πολίτες,age_group,25-39,Κυριάκος Μητσοτάκης,43.7357,2019,Q2,medium
,leader_trait,Ικανότητα στην οικονομία,age_group,25-39,both,9.1875,2019,Q2,medium
,leader_trait,Ικανότητα στην οικονομία,age_group,25-39,Αλέξης Τσίπρας,33.4583,2019,Q2,medium
,leader_trait,Ικανότητα στην οικονομία,age_group,25-39,Κυριάκος Μητσοτάκης,57.3543,2019,Q2,medium
,leader_trait,Εντιμότητα / ακεραιότητα,age_group,25-39,Αλέξης Τσίπρας,49.8547,2019,Q2,medium
,leader_trait,Εντιμότητα / ακεραιότητα,age_group,25-39,Κυριάκος Μητσοτάκης,50.1453,2019,Q2,medium
,leader_trait,Δίνει ελπίδα,age_group,25-39,both,0.7076,2019,Q2,medium
,leader_trait,Δίνει ελπίδα,age_group,25-39,Αλέξης Τσίπρας,53.2236,2019,Q2,medium
,leader_trait,Δίνει ελπίδα,age_group,25-39,Κυριάκος Μητσοτάκης,46.0688,2019,Q2,medium
,leader_trait,Σεβασμός από Ευρωπαίους ηγέτες,age_group,25-39,both,3.4423,2019,Q2,medium
,leader_trait,Σεβασμός από Ευρωπαίους ηγέτες,age_group,25-39,Αλέξης Τσίπρας,46.2901,2019,Q2,medium
,leader_trait,Σεβασμός από Ευρωπαίους ηγέτες,age_group,25-39,Κυριάκος Μητσοτάκης,50.2676,2019,Q2,medium
,leader_trait,Πατριωτισμός,age_group,25-39,both,9.9727,2019,Q2,medium
,leader_trait,Πατριωτισμός,age_group,25-39,Αλέξης Τσίπρας,31.0851,2019,Q2,medium
,leader_trait,Πατριωτισμός,age_group,25-39,Κυριάκος Μητσοτάκης,58.9422,2019,Q2,medium
,leader_trait,Ηγετικά προσόντα / ισχυρός ηγέτης,age_group,25-39,both,0.5504,2019,Q2,medium
,leader_trait,Ηγετικά προσόντα / ισχυρός ηγέτης,age_group,25-39,Αλέξης Τσίπρας,66.8383,2019,Q2,medium
,leader_trait,Ηγετικά προσόντα / ισχυρός ηγέτης,age_group,25-39,Κυριάκος Μητσοτάκης,32.6113,2019,Q2,medium
Αλέξης Τσίπρας,leader_approval,Έγκριση/αποδοχή: Αλέξης Τσίπρας,age_group,40-54,negative_approval,67.5006,2019,Q2,high
Αλέξης Τσίπρας,leader_approval,Έγκριση/αποδοχή: Αλέξης Τσίπρας,age_group,40-54,positive_approval,32.4994,2019,Q2,high
Κυριάκος Μητσοτάκης,leader_approval,Έγκριση/αποδοχή: Κυριάκος Μητσοτάκης,age_group,40-54,negative_approval,70.9056,2019,Q2,high
Κυριάκος Μητσοτάκης,leader_approval,Έγκριση/αποδοχή: Κυριάκος Μητσοτάκης,age_group,40-54,positive_approval,29.0944,2019,Q2,high
,leader_trait,Σταθερότητα χώρας,age_group,40-54,both,3.6398,2019,Q2,medium
,leader_trait,Σταθερότητα χώρας,age_group,40-54,Αλέξης Τσίπρας,45.4894,2019,Q2,medium
,leader_trait,Σταθερότητα χώρας,age_group,40-54,Κυριάκος Μητσοτάκης,50.8708,2019,Q2,medium
,leader_trait,Κοντά στους πολίτες,age_group,40-54,both,1.2583,2019,Q2,medium
,leader_trait,Κοντά στους πολίτες,age_group,40-54,Αλέξης Τσίπρας,55.0163,2019,Q2,medium
,leader_trait,Κοντά στους πολίτες,age_group,40-54,Κυριάκος Μητσοτάκης,43.7254,2019,Q2,medium
,leader_trait,Ικανότητα στην οικονομία,age_group,40-54,both,7.0118,2019,Q2,medium
,leader_trait,Ικανότητα στην οικονομία,age_group,40-54,Αλέξης Τσίπρας,34.4258,2019,Q2,medium
,leader_trait,Ικανότητα στην οικονομία,age_group,40-54,Κυριάκος Μητσοτάκης,58.5623,2019,Q2,medium
,leader_trait,Εντιμότητα / ακεραιότητα,age_group,40-54,Αλέξης Τσίπρας,46.566,2019,Q2,medium
,leader_trait,Εντιμότητα / ακεραιότητα,age_group,40-54,Κυριάκος Μητσοτάκης,53.434,2019,Q2,medium
,leader_trait,Δίνει ελπίδα,age_group,40-54,both,0.4853,2019,Q2,medium
,leader_trait,Δίνει ελπίδα,age_group,40-54,Αλέξης Τσίπρας,51.8496,2019,Q2,medium
,leader_trait,Δίνει ελπίδα,age_group,40-54,Κυριάκος Μητσοτάκης,47.6651,2019,Q2,medium
,leader_trait,Σεβασμός από Ευρωπαίους ηγέτες,age_group,40-54,both,5.9027,2019,Q2,medium
,leader_trait,Σεβασμός από Ευρωπαίους ηγέτες,age_group,40-54,Αλέξης Τσίπρας,46.7361,2019,Q2,medium
,leader_trait,Σεβασμός από Ευρωπαίους ηγέτες,age_group,40-54,Κυριάκος Μητσοτάκης,47.3612,2019,Q2,medium
,leader_trait,Πατριωτισμός,age_group,40-54,both,6.3998,2019,Q2,medium
,leader_trait,Πατριωτισμός,age_group,40-54,Αλέξης Τσίπρας,42.1413,2019,Q2,medium
,leader_trait,Πατριωτισμός,age_group,40-54,Κυριάκος Μητσοτάκης,51.4589,2019,Q2,medium
,leader_trait,Ηγετικά προσόντα / ισχυρός ηγέτης,age_group,40-54,both,0.7234,2019,Q2,medium
,leader_trait,Ηγετικά προσόντα / ισχυρός ηγέτης,age_group,40-54,Αλέξης Τσίπρας,61.7986,2019,Q2,medium
,leader_trait,Ηγετικά προσόντα / ισχυρός ηγέτης,age_group,40-54,Κυριάκος Μητσοτάκης,37.4779,2019,Q2,medium
Αλέξης Τσίπρας,leader_approval,Έγκριση/αποδοχή: Αλέξης Τσίπρας,age_group,55+,negative_approval,60.0124,2019,Q2,high
Αλέξης Τσίπρας,leader_approval,Έγκριση/αποδοχή: Αλέξης Τσίπρας,age_group,55+,positive_approval,39.9876,2019,Q2,high
Κυριάκος Μητσοτάκης,leader_approval,Έγκριση/αποδοχή: Κυριάκος Μητσοτάκης,age_group,55+,negative_approval,63.6425,2019,Q2,high
Κυριάκος Μητσοτάκης,leader_approval,Έγκριση/αποδοχή: Κυριάκος Μητσοτάκης,age_group,55+,positive_approval,36.3575,2019,Q2,high
,leader_trait,Σταθερότητα χώρας,age_group,55+,both,1.2876,2019,Q2,high
,leader_trait,Σταθερότητα χώρας,age_group,55+,Αλέξης Τσίπρας,50.7942,2019,Q2,high
,leader_trait,Σταθερότητα χώρας,age_group,55+,Κυριάκος Μητσοτάκης,47.9182,2019,Q2,high
,leader_trait,Κοντά στους πολίτες,age_group,55+,both,0.6574,2019,Q2,high
,leader_trait,Κοντά στους πολίτες,age_group,55+,Αλέξης Τσίπρας,57.7687,2019,Q2,high
,leader_trait,Κοντά στους πολίτες,age_group,55+,Κυριάκος Μητσοτάκης,41.5738,2019,Q2,high
,leader_trait,Ικανότητα στην οικονομία,age_group,55+,both,3.1395,2019,Q2,high
,leader_trait,Ικανότητα στην οικονομία,age_group,55+,Αλέξης Τσίπρας,41.0284,2019,Q2,high
,leader_trait,Ικανότητα στην οικονομία,age_group,55+,Κυριάκος Μητσοτάκης,55.8321,2019,Q2,high
,leader_trait,Εντιμότητα / ακεραιότητα,age_group,55+,both,0.8843,2019,Q2,high
,leader_trait,Εντιμότητα / ακεραιότητα,age_group,55+,Αλέξης Τσίπρας,48.9544,2019,Q2,high
,leader_trait,Εντιμότητα / ακεραιότητα,age_group,55+,Κυριάκος Μητσοτάκης,50.1613,2019,Q2,high
,leader_trait,Δίνει ελπίδα,age_group,55+,both,0.2097,2019,Q2,high
,leader_trait,Δίνει ελπίδα,age_group,55+,Αλέξης Τσίπρας,51.4532,2019,Q2,high
,leader_trait,Δίνει ελπίδα,age_group,55+,Κυριάκος Μητσοτάκης,48.3372,2019,Q2,high
,leader_trait,Σεβασμός από Ευρωπαίους ηγέτες,age_group,55+,both,4.8096,2019,Q2,high
,leader_trait,Σεβασμός από Ευρωπαίους ηγέτες,age_group,55+,Αλέξης Τσίπρας,52.3966,2019,Q2,high
,leader_trait,Σεβασμός από Ευρωπαίους ηγέτες,age_group,55+,Κυριάκος Μητσοτάκης,42.7938,2019,Q2,high
,leader_trait,Πατριωτισμός,age_group,55+,both,10.8889,2019,Q2,high
,leader_trait,Πατριωτισμός,age_group,55+,Αλέξης Τσίπρας,45.0784,2019,Q2,high
,leader_trait,Πατριωτισμός,age_group,55+,Κυριάκος Μητσοτάκης,44.0326,2019,Q2,high
,leader_trait,Ηγετικά προσόντα / ισχυρός ηγέτης,age_group,55+,both,1.5285,2019,Q2,high
,leader_trait,Ηγετικά προσόντα / ισχυρός ηγέτης,age_group,55+,Αλέξης Τσίπρας,61.2787,2019,Q2,high
,leader_trait,Ηγετικά προσόντα / ισχυρός ηγέτης,age_group,55+,Κυριάκος Μητσοτάκης,37.1928,2019,Q2,high
Αλέξης Τσίπρας,leader_approval,Έγκριση/αποδοχή: Αλέξης Τσίπρας,education_group,Advanced Technological Educational Institute (public institutions),negative_approval,74.3783,2019,Q2,medium
Αλέξης Τσίπρας,leader_approval,Έγκριση/αποδοχή: Αλέξης Τσίπρας,education_group,Advanced Technological Educational Institute (public institutions),positive_approval,25.6217,2019,Q2,medium
Κυριάκος Μητσοτάκης,leader_approval,Έγκριση/αποδοχή: Κυριάκος Μητσοτάκης,education_group,Advanced Technological Educational Institute (public institutions),negative_approval,68.9104,2019,Q2,medium
Κυριάκος Μητσοτάκης,leader_approval,Έγκριση/αποδοχή: Κυριάκος Μητσοτάκης,education_group,Advanced Technological Educational Institute (public institutions),positive_approval,31.0896,2019,Q2,medium
,leader_trait,Σταθερότητα χώρας,education_group,Advanced Technological Educational Institute (public institutions),both,3.3735,2019,Q2,low
,leader_trait,Σταθερότητα χώρας,education_group,Advanced Technological Educational Institute (public institutions),Αλέξης Τσίπρας,33.6183,2019,Q2,low
,leader_trait,Σταθερότητα χώρας,education_group,Advanced Technological Educational Institute (public institutions),Κυριάκος Μητσοτάκης,63.0082,2019,Q2,low
,leader_trait,Κοντά στους πολίτες,education_group,Advanced Technological Educational Institute (public institutions),both,0.8965,2019,Q2,low
,leader_trait,Κοντά στους πολίτες,education_group,Advanced Technological Educational Institute (public institutions),Αλέξης Τσίπρας,40.9383,2019,Q2,low
,leader_trait,Κοντά στους πολίτες,education_group,Advanced Technological Educational Institute (public institutions),Κυριάκος Μητσοτάκης,58.1652,2019,Q2,low
,leader_trait,Ικανότητα στην οικονομία,education_group,Advanced Technological Educational Institute (public institutions),both,6.5919,2019,Q2,low
,leader_trait,Ικανότητα στην οικονομία,education_group,Advanced Technological Educational Institute (public institutions),Αλέξης Τσίπρας,23.441,2019,Q2,low
,leader_trait,Ικανότητα στην οικονομία,education_group,Advanced Technological Educational Institute (public institutions),Κυριάκος Μητσοτάκης,69.9671,2019,Q2,low
,leader_trait,Εντιμότητα / ακεραιότητα,education_group,Advanced Technological Educational Institute (public institutions),Αλέξης Τσίπρας,38.4986,2019,Q2,low
,leader_trait,Εντιμότητα / ακεραιότητα,education_group,Advanced Technological Educational Institute (public institutions),Κυριάκος Μητσοτάκης,61.5014,2019,Q2,low
,leader_trait,Δίνει ελπίδα,education_group,Advanced Technological Educational Institute (public institutions),Αλέξης Τσίπρας,38.5755,2019,Q2,low
,leader_trait,Δίνει ελπίδα,education_group,Advanced Technological Educational Institute (public institutions),Κυριάκος Μητσοτάκης,61.4245,2019,Q2,low
,leader_trait,Σεβασμός από Ευρωπαίους ηγέτες,education_group,Advanced Technological Educational Institute (public institutions),both,5.9416,2019,Q2,low
,leader_trait,Σεβασμός από Ευρωπαίους ηγέτες,education_group,Advanced Technological Educational Institute (public institutions),Αλέξης Τσίπρας,38.8963,2019,Q2,low
,leader_trait,Σεβασμός από Ευρωπαίους ηγέτες,education_group,Advanced Technological Educational Institute (public institutions),Κυριάκος Μητσοτάκης,55.1621,2019,Q2,low
,leader_trait,Πατριωτισμός,education_group,Advanced Technological Educational Institute (public institutions),both,10.2398,2019,Q2,low
,leader_trait,Πατριωτισμός,education_group,Advanced Technological Educational Institute (public institutions),Αλέξης Τσίπρας,21.3194,2019,Q2,low
,leader_trait,Πατριωτισμός,education_group,Advanced Technological Educational Institute (public institutions),Κυριάκος Μητσοτάκης,68.4407,2019,Q2,low
,leader_trait,Ηγετικά προσόντα / ισχυρός ηγέτης,education_group,Advanced Technological Educational Institute (public institutions),both,3.236,2019,Q2,low
,leader_trait,Ηγετικά προσόντα / ισχυρός ηγέτης,education_group,Advanced Technological Educational Institute (public institutions),Αλέξης Τσίπρας,50.3921,2019,Q2,low
,leader_trait,Ηγετικά προσόντα / ισχυρός ηγέτης,education_group,Advanced Technological Educational Institute (public institutions),Κυριάκος Μητσοτάκης,46.3719,2019,Q2,low
Αλέξης Τσίπρας,leader_approval,Έγκριση/αποδοχή: Αλέξης Τσίπρας,education_group,I don't want to answer,negative_approval,91.5615,2019,Q2,low
Αλέξης Τσίπρας,leader_approval,Έγκριση/αποδοχή: Αλέξης Τσίπρας,education_group,I don't want to answer,positive_approval,8.4385,2019,Q2,low
Κυριάκος Μητσοτάκης,leader_approval,Έγκριση/αποδοχή: Κυριάκος Μητσοτάκης,education_group,I don't want to answer,negative_approval,66.4712,2019,Q2,low
Κυριάκος Μητσοτάκης,leader_approval,Έγκριση/αποδοχή: Κυριάκος Μητσοτάκης,education_group,I don't want to answer,positive_approval,33.5288,2019,Q2,low
,leader_trait,Σταθερότητα χώρας,education_group,I don't want to answer,Αλέξης Τσίπρας,14.6855,2019,Q2,low
,leader_trait,Σταθερότητα χώρας,education_group,I don't want to answer,Κυριάκος Μητσοτάκης,85.3145,2019,Q2,low
,leader_trait,Κοντά στους πολίτες,education_group,I don't want to answer,Αλέξης Τσίπρας,23.0509,2019,Q2,low
,leader_trait,Κοντά στους πολίτες,education_group,I don't want to answer,Κυριάκος Μητσοτάκης,76.9491,2019,Q2,low
,leader_trait,Ικανότητα στην οικονομία,education_group,I don't want to answer,both,10.1484,2019,Q2,low
,leader_trait,Ικανότητα στην οικονομία,education_group,I don't want to answer,Αλέξης Τσίπρας,9.3613,2019,Q2,low
,leader_trait,Ικανότητα στην οικονομία,education_group,I don't want to answer,Κυριάκος Μητσοτάκης,80.4903,2019,Q2,low
,leader_trait,Εντιμότητα / ακεραιότητα,education_group,I don't want to answer,Αλέξης Τσίπρας,14.5871,2019,Q2,low
,leader_trait,Εντιμότητα / ακεραιότητα,education_group,I don't want to answer,Κυριάκος Μητσοτάκης,85.4129,2019,Q2,low
,leader_trait,Δίνει ελπίδα,education_group,I don't want to answer,Αλέξης Τσίπρας,17.8093,2019,Q2,low
,leader_trait,Δίνει ελπίδα,education_group,I don't want to answer,Κυριάκος Μητσοτάκης,82.1907,2019,Q2,low
,leader_trait,Σεβασμός από Ευρωπαίους ηγέτες,education_group,I don't want to answer,both,5.9443,2019,Q2,low
,leader_trait,Σεβασμός από Ευρωπαίους ηγέτες,education_group,I don't want to answer,Αλέξης Τσίπρας,23.6064,2019,Q2,low
,leader_trait,Σεβασμός από Ευρωπαίους ηγέτες,education_group,I don't want to answer,Κυριάκος Μητσοτάκης,70.4493,2019,Q2,low
,leader_trait,Πατριωτισμός,education_group,I don't want to answer,both,14.6585,2019,Q2,low
,leader_trait,Πατριωτισμός,education_group,I don't want to answer,Αλέξης Τσίπρας,12.9111,2019,Q2,low
,leader_trait,Πατριωτισμός,education_group,I don't want to answer,Κυριάκος Μητσοτάκης,72.4304,2019,Q2,low
,leader_trait,Ηγετικά προσόντα / ισχυρός ηγέτης,education_group,I don't want to answer,both,13.953,2019,Q2,low
,leader_trait,Ηγετικά προσόντα / ισχυρός ηγέτης,education_group,I don't want to answer,Αλέξης Τσίπρας,38.622,2019,Q2,low
,leader_trait,Ηγετικά προσόντα / ισχυρός ηγέτης,education_group,I don't want to answer,Κυριάκος Μητσοτάκης,47.425,2019,Q2,low
Αλέξης Τσίπρας,leader_approval,Έγκριση/αποδοχή: Αλέξης Τσίπρας,education_group,high_education,negative_approval,61.3764,2019,Q2,high
Αλέξης Τσίπρας,leader_approval,Έγκριση/αποδοχή: Αλέξης Τσίπρας,education_group,high_education,positive_approval,38.6236,2019,Q2,high
Κυριάκος Μητσοτάκης,leader_approval,Έγκριση/αποδοχή: Κυριάκος Μητσοτάκης,education_group,high_education,negative_approval,67.0838,2019,Q2,high
Κυριάκος Μητσοτάκης,leader_approval,Έγκριση/αποδοχή: Κυριάκος Μητσοτάκης,education_group,high_education,positive_approval,32.9162,2019,Q2,high
,leader_trait,Σταθερότητα χώρας,education_group,high_education,both,3.3285,2019,Q2,high
,leader_trait,Σταθερότητα χώρας,education_group,high_education,Αλέξης Τσίπρας,50.7786,2019,Q2,high
,leader_trait,Σταθερότητα χώρας,education_group,high_education,Κυριάκος Μητσοτάκης,45.8929,2019,Q2,high
,leader_trait,Κοντά στους πολίτες,education_group,high_education,both,1.2565,2019,Q2,high
,leader_trait,Κοντά στους πολίτες,education_group,high_education,Αλέξης Τσίπρας,58.2485,2019,Q2,high
,leader_trait,Κοντά στους πολίτες,education_group,high_education,Κυριάκος Μητσοτάκης,40.495,2019,Q2,high
,leader_trait,Ικανότητα στην οικονομία,education_group,high_education,both,6.4776,2019,Q2,high
,leader_trait,Ικανότητα στην οικονομία,education_group,high_education,Αλέξης Τσίπρας,37.6248,2019,Q2,high
,leader_trait,Ικανότητα στην οικονομία,education_group,high_education,Κυριάκος Μητσοτάκης,55.8976,2019,Q2,high
,leader_trait,Εντιμότητα / ακεραιότητα,education_group,high_education,both,0.91,2019,Q2,high
,leader_trait,Εντιμότητα / ακεραιότητα,education_group,high_education,Αλέξης Τσίπρας,48.9293,2019,Q2,high
,leader_trait,Εντιμότητα / ακεραιότητα,education_group,high_education,Κυριάκος Μητσοτάκης,50.1607,2019,Q2,high
,leader_trait,Δίνει ελπίδα,education_group,high_education,both,0.7324,2019,Q2,high
,leader_trait,Δίνει ελπίδα,education_group,high_education,Αλέξης Τσίπρας,54.2984,2019,Q2,high
,leader_trait,Δίνει ελπίδα,education_group,high_education,Κυριάκος Μητσοτάκης,44.9692,2019,Q2,high
,leader_trait,Σεβασμός από Ευρωπαίους ηγέτες,education_group,high_education,both,4.5131,2019,Q2,high
,leader_trait,Σεβασμός από Ευρωπαίους ηγέτες,education_group,high_education,Αλέξης Τσίπρας,51.1842,2019,Q2,high
,leader_trait,Σεβασμός από Ευρωπαίους ηγέτες,education_group,high_education,Κυριάκος Μητσοτάκης,44.3027,2019,Q2,high
,leader_trait,Πατριωτισμός,education_group,high_education,both,10.711,2019,Q2,high
,leader_trait,Πατριωτισμός,education_group,high_education,Αλέξης Τσίπρας,42.7491,2019,Q2,high
,leader_trait,Πατριωτισμός,education_group,high_education,Κυριάκος Μητσοτάκης,46.5399,2019,Q2,high
,leader_trait,Ηγετικά προσόντα / ισχυρός ηγέτης,education_group,high_education,both,0.5999,2019,Q2,high
,leader_trait,Ηγετικά προσόντα / ισχυρός ηγέτης,education_group,high_education,Αλέξης Τσίπρας,66.4185,2019,Q2,high
,leader_trait,Ηγετικά προσόντα / ισχυρός ηγέτης,education_group,high_education,Κυριάκος Μητσοτάκης,32.9815,2019,Q2,high
Αλέξης Τσίπρας,leader_approval,Έγκριση/αποδοχή: Αλέξης Τσίπρας,education_group,low_education,negative_approval,40.6971,2019,Q2,low
Αλέξης Τσίπρας,leader_approval,Έγκριση/αποδοχή: Αλέξης Τσίπρας,education_group,low_education,positive_approval,59.3029,2019,Q2,low
Κυριάκος Μητσοτάκης,leader_approval,Έγκριση/αποδοχή: Κυριάκος Μητσοτάκης,education_group,low_education,negative_approval,86.3103,2019,Q2,low
Κυριάκος Μητσοτάκης,leader_approval,Έγκριση/αποδοχή: Κυριάκος Μητσοτάκης,education_group,low_education,positive_approval,13.6897,2019,Q2,low
,leader_trait,Σταθερότητα χώρας,education_group,low_education,Αλέξης Τσίπρας,70.7136,2019,Q2,low
,leader_trait,Σταθερότητα χώρας,education_group,low_education,Κυριάκος Μητσοτάκης,29.2864,2019,Q2,low
,leader_trait,Κοντά στους πολίτες,education_group,low_education,Αλέξης Τσίπρας,75.9963,2019,Q2,low
,leader_trait,Κοντά στους πολίτες,education_group,low_education,Κυριάκος Μητσοτάκης,24.0037,2019,Q2,low
,leader_trait,Ικανότητα στην οικονομία,education_group,low_education,Αλέξης Τσίπρας,70.7136,2019,Q2,low
,leader_trait,Ικανότητα στην οικονομία,education_group,low_education,Κυριάκος Μητσοτάκης,29.2864,2019,Q2,low
,leader_trait,Εντιμότητα / ακεραιότητα,education_group,low_education,Αλέξης Τσίπρας,72.2694,2019,Q2,low
,leader_trait,Εντιμότητα / ακεραιότητα,education_group,low_education,Κυριάκος Μητσοτάκης,27.7306,2019,Q2,low
,leader_trait,Δίνει ελπίδα,education_group,low_education,Αλέξης Τσίπρας,70.4213,2019,Q2,low
,leader_trait,Δίνει ελπίδα,education_group,low_education,Κυριάκος Μητσοτάκης,29.5787,2019,Q2,low
,leader_trait,Σεβασμός από Ευρωπαίους ηγέτες,education_group,low_education,both,12.8346,2019,Q2,low
,leader_trait,Σεβασμός από Ευρωπαίους ηγέτες,education_group,low_education,Αλέξης Τσίπρας,69.8498,2019,Q2,low
,leader_trait,Σεβασμός από Ευρωπαίους ηγέτες,education_group,low_education,Κυριάκος Μητσοτάκης,17.3156,2019,Q2,low
,leader_trait,Πατριωτισμός,education_group,low_education,both,7.5086,2019,Q2,low
,leader_trait,Πατριωτισμός,education_group,low_education,Αλέξης Τσίπρας,68.5586,2019,Q2,low
,leader_trait,Πατριωτισμός,education_group,low_education,Κυριάκος Μητσοτάκης,23.9328,2019,Q2,low
,leader_trait,Ηγετικά προσόντα / ισχυρός ηγέτης,education_group,low_education,Αλέξης Τσίπρας,77.4727,2019,Q2,low
,leader_trait,Ηγετικά προσόντα / ισχυρός ηγέτης,education_group,low_education,Κυριάκος Μητσοτάκης,22.5273,2019,Q2,low
Αλέξης Τσίπρας,leader_approval,Έγκριση/αποδοχή: Αλέξης Τσίπρας,education_group,medium_education,negative_approval,67.4195,2019,Q2,high
Αλέξης Τσίπρας,leader_approval,Έγκριση/αποδοχή: Αλέξης Τσίπρας,education_group,medium_education,positive_approval,32.5805,2019,Q2,high
Κυριάκος Μητσοτάκης,leader_approval,Έγκριση/αποδοχή: Κυριάκος Μητσοτάκης,education_group,medium_education,negative_approval,70.4403,2019,Q2,high
Κυριάκος Μητσοτάκης,leader_approval,Έγκριση/αποδοχή: Κυριάκος Μητσοτάκης,education_group,medium_education,positive_approval,29.5597,2019,Q2,high
,leader_trait,Σταθερότητα χώρας,education_group,medium_education,both,1.5117,2019,Q2,high
,leader_trait,Σταθερότητα χώρας,education_group,medium_education,Αλέξης Τσίπρας,48.9936,2019,Q2,high
,leader_trait,Σταθερότητα χώρας,education_group,medium_education,Κυριάκος Μητσοτάκης,49.4947,2019,Q2,high
,leader_trait,Κοντά στους πολίτες,education_group,medium_education,both,0.3523,2019,Q2,high
,leader_trait,Κοντά στους πολίτες,education_group,medium_education,Αλέξης Τσίπρας,56.0657,2019,Q2,high
,leader_trait,Κοντά στους πολίτες,education_group,medium_education,Κυριάκος Μητσοτάκης,43.582,2019,Q2,high
,leader_trait,Ικανότητα στην οικονομία,education_group,medium_education,both,6.3463,2019,Q2,high
,leader_trait,Ικανότητα στην οικονομία,education_group,medium_education,Αλέξης Τσίπρας,36.8434,2019,Q2,high
,leader_trait,Ικανότητα στην οικονομία,education_group,medium_education,Κυριάκος Μητσοτάκης,56.8103,2019,Q2,high
,leader_trait,Εντιμότητα / ακεραιότητα,education_group,medium_education,Αλέξης Τσίπρας,49.3231,2019,Q2,high
,leader_trait,Εντιμότητα / ακεραιότητα,education_group,medium_education,Κυριάκος Μητσοτάκης,50.6769,2019,Q2,high
,leader_trait,Δίνει ελπίδα,education_group,medium_education,Αλέξης Τσίπρας,51.7049,2019,Q2,high
,leader_trait,Δίνει ελπίδα,education_group,medium_education,Κυριάκος Μητσοτάκης,48.2951,2019,Q2,high
,leader_trait,Σεβασμός από Ευρωπαίους ηγέτες,education_group,medium_education,both,4.5762,2019,Q2,high
,leader_trait,Σεβασμός από Ευρωπαίους ηγέτες,education_group,medium_education,Αλέξης Τσίπρας,47.2465,2019,Q2,high
,leader_trait,Σεβασμός από Ευρωπαίους ηγέτες,education_group,medium_education,Κυριάκος Μητσοτάκης,48.1773,2019,Q2,high
,leader_trait,Πατριωτισμός,education_group,medium_education,both,7.4017,2019,Q2,high
,leader_trait,Πατριωτισμός,education_group,medium_education,Αλέξης Τσίπρας,42.4039,2019,Q2,high
,leader_trait,Πατριωτισμός,education_group,medium_education,Κυριάκος Μητσοτάκης,50.1945,2019,Q2,high
,leader_trait,Ηγετικά προσόντα / ισχυρός ηγέτης,education_group,medium_education,both,1.0242,2019,Q2,high
,leader_trait,Ηγετικά προσόντα / ισχυρός ηγέτης,education_group,medium_education,Αλέξης Τσίπρας,59.38,2019,Q2,high
,leader_trait,Ηγετικά προσόντα / ισχυρός ηγέτης,education_group,medium_education,Κυριάκος Μητσοτάκης,39.5958,2019,Q2,high
Αλέξης Τσίπρας,leader_approval,Έγκριση/αποδοχή: Αλέξης Τσίπρας,occupation_group,Employer / Entrepreneur,negative_approval,64.2061,2019,Q2,low
Αλέξης Τσίπρας,leader_approval,Έγκριση/αποδοχή: Αλέξης Τσίπρας,occupation_group,Employer / Entrepreneur,positive_approval,35.7939,2019,Q2,low
Κυριάκος Μητσοτάκης,leader_approval,Έγκριση/αποδοχή: Κυριάκος Μητσοτάκης,occupation_group,Employer / Entrepreneur,negative_approval,67.0123,2019,Q2,low
Κυριάκος Μητσοτάκης,leader_approval,Έγκριση/αποδοχή: Κυριάκος Μητσοτάκης,occupation_group,Employer / Entrepreneur,positive_approval,32.9877,2019,Q2,low
,leader_trait,Σταθερότητα χώρας,occupation_group,Employer / Entrepreneur,both,5.048,2019,Q2,low
,leader_trait,Σταθερότητα χώρας,occupation_group,Employer / Entrepreneur,Αλέξης Τσίπρας,46.1981,2019,Q2,low
,leader_trait,Σταθερότητα χώρας,occupation_group,Employer / Entrepreneur,Κυριάκος Μητσοτάκης,48.7539,2019,Q2,low
,leader_trait,Κοντά στους πολίτες,occupation_group,Employer / Entrepreneur,Αλέξης Τσίπρας,47.399,2019,Q2,low
,leader_trait,Κοντά στους πολίτες,occupation_group,Employer / Entrepreneur,Κυριάκος Μητσοτάκης,52.601,2019,Q2,low
,leader_trait,Ικανότητα στην οικονομία,occupation_group,Employer / Entrepreneur,both,9.8784,2019,Q2,low
,leader_trait,Ικανότητα στην οικονομία,occupation_group,Employer / Entrepreneur,Αλέξης Τσίπρας,35.9264,2019,Q2,low
,leader_trait,Ικανότητα στην οικονομία,occupation_group,Employer / Entrepreneur,Κυριάκος Μητσοτάκης,54.1952,2019,Q2,low
,leader_trait,Εντιμότητα / ακεραιότητα,occupation_group,Employer / Entrepreneur,Αλέξης Τσίπρας,45.72,2019,Q2,low
,leader_trait,Εντιμότητα / ακεραιότητα,occupation_group,Employer / Entrepreneur,Κυριάκος Μητσοτάκης,54.28,2019,Q2,low
,leader_trait,Δίνει ελπίδα,occupation_group,Employer / Entrepreneur,both,2.0102,2019,Q2,low
,leader_trait,Δίνει ελπίδα,occupation_group,Employer / Entrepreneur,Αλέξης Τσίπρας,47.0553,2019,Q2,low
,leader_trait,Δίνει ελπίδα,occupation_group,Employer / Entrepreneur,Κυριάκος Μητσοτάκης,50.9345,2019,Q2,low
,leader_trait,Σεβασμός από Ευρωπαίους ηγέτες,occupation_group,Employer / Entrepreneur,both,2.2292,2019,Q2,low
,leader_trait,Σεβασμός από Ευρωπαίους ηγέτες,occupation_group,Employer / Entrepreneur,Αλέξης Τσίπρας,47.7323,2019,Q2,low
,leader_trait,Σεβασμός από Ευρωπαίους ηγέτες,occupation_group,Employer / Entrepreneur,Κυριάκος Μητσοτάκης,50.0385,2019,Q2,low
,leader_trait,Πατριωτισμός,occupation_group,Employer / Entrepreneur,both,11.7222,2019,Q2,low
,leader_trait,Πατριωτισμός,occupation_group,Employer / Entrepreneur,Αλέξης Τσίπρας,39.0256,2019,Q2,low
,leader_trait,Πατριωτισμός,occupation_group,Employer / Entrepreneur,Κυριάκος Μητσοτάκης,49.2522,2019,Q2,low
,leader_trait,Ηγετικά προσόντα / ισχυρός ηγέτης,occupation_group,Employer / Entrepreneur,Αλέξης Τσίπρας,66.607,2019,Q2,low
,leader_trait,Ηγετικά προσόντα / ισχυρός ηγέτης,occupation_group,Employer / Entrepreneur,Κυριάκος Μητσοτάκης,33.393,2019,Q2,low
Αλέξης Τσίπρας,leader_approval,Έγκριση/αποδοχή: Αλέξης Τσίπρας,occupation_group,I don't want to answer,negative_approval,83.2283,2019,Q2,low
Αλέξης Τσίπρας,leader_approval,Έγκριση/αποδοχή: Αλέξης Τσίπρας,occupation_group,I don't want to answer,positive_approval,16.7717,2019,Q2,low
Κυριάκος Μητσοτάκης,leader_approval,Έγκριση/αποδοχή: Κυριάκος Μητσοτάκης,occupation_group,I don't want to answer,negative_approval,68.6993,2019,Q2,low
Κυριάκος Μητσοτάκης,leader_approval,Έγκριση/αποδοχή: Κυριάκος Μητσοτάκης,occupation_group,I don't want to answer,positive_approval,31.3007,2019,Q2,low
,leader_trait,Σταθερότητα χώρας,occupation_group,I don't want to answer,Αλέξης Τσίπρας,35.3026,2019,Q2,low
,leader_trait,Σταθερότητα χώρας,occupation_group,I don't want to answer,Κυριάκος Μητσοτάκης,64.6974,2019,Q2,low
,leader_trait,Κοντά στους πολίτες,occupation_group,I don't want to answer,Αλέξης Τσίπρας,39.988,2019,Q2,low
,leader_trait,Κοντά στους πολίτες,occupation_group,I don't want to answer,Κυριάκος Μητσοτάκης,60.012,2019,Q2,low
,leader_trait,Ικανότητα στην οικονομία,occupation_group,I don't want to answer,both,4.3297,2019,Q2,low
,leader_trait,Ικανότητα στην οικονομία,occupation_group,I don't want to answer,Αλέξης Τσίπρας,32.121,2019,Q2,low
,leader_trait,Ικανότητα στην οικονομία,occupation_group,I don't want to answer,Κυριάκος Μητσοτάκης,63.5493,2019,Q2,low
,leader_trait,Εντιμότητα / ακεραιότητα,occupation_group,I don't want to answer,Αλέξης Τσίπρας,32.9923,2019,Q2,low
,leader_trait,Εντιμότητα / ακεραιότητα,occupation_group,I don't want to answer,Κυριάκος Μητσοτάκης,67.0077,2019,Q2,low
,leader_trait,Δίνει ελπίδα,occupation_group,I don't want to answer,Αλέξης Τσίπρας,33.0111,2019,Q2,low
,leader_trait,Δίνει ελπίδα,occupation_group,I don't want to answer,Κυριάκος Μητσοτάκης,66.9889,2019,Q2,low
,leader_trait,Σεβασμός από Ευρωπαίους ηγέτες,occupation_group,I don't want to answer,both,16.6476,2019,Q2,low
,leader_trait,Σεβασμός από Ευρωπαίους ηγέτες,occupation_group,I don't want to answer,Αλέξης Τσίπρας,33.0856,2019,Q2,low
,leader_trait,Σεβασμός από Ευρωπαίους ηγέτες,occupation_group,I don't want to answer,Κυριάκος Μητσοτάκης,50.2668,2019,Q2,low
,leader_trait,Πατριωτισμός,occupation_group,I don't want to answer,both,3.4714,2019,Q2,low
,leader_trait,Πατριωτισμός,occupation_group,I don't want to answer,Αλέξης Τσίπρας,27.9307,2019,Q2,low
,leader_trait,Πατριωτισμός,occupation_group,I don't want to answer,Κυριάκος Μητσοτάκης,68.5979,2019,Q2,low
,leader_trait,Ηγετικά προσόντα / ισχυρός ηγέτης,occupation_group,I don't want to answer,Αλέξης Τσίπρας,43.6089,2019,Q2,low
,leader_trait,Ηγετικά προσόντα / ισχυρός ηγέτης,occupation_group,I don't want to answer,Κυριάκος Μητσοτάκης,56.3911,2019,Q2,low
Αλέξης Τσίπρας,leader_approval,Έγκριση/αποδοχή: Αλέξης Τσίπρας,occupation_group,homemaker,negative_approval,62.6478,2019,Q2,low
Αλέξης Τσίπρας,leader_approval,Έγκριση/αποδοχή: Αλέξης Τσίπρας,occupation_group,homemaker,positive_approval,37.3522,2019,Q2,low
Κυριάκος Μητσοτάκης,leader_approval,Έγκριση/αποδοχή: Κυριάκος Μητσοτάκης,occupation_group,homemaker,negative_approval,83.1355,2019,Q2,low
Κυριάκος Μητσοτάκης,leader_approval,Έγκριση/αποδοχή: Κυριάκος Μητσοτάκης,occupation_group,homemaker,positive_approval,16.8645,2019,Q2,low
,leader_trait,Σταθερότητα χώρας,occupation_group,homemaker,Αλέξης Τσίπρας,49.3037,2019,Q2,low
,leader_trait,Σταθερότητα χώρας,occupation_group,homemaker,Κυριάκος Μητσοτάκης,50.6963,2019,Q2,low
,leader_trait,Κοντά στους πολίτες,occupation_group,homemaker,Αλέξης Τσίπρας,65.3913,2019,Q2,low
,leader_trait,Κοντά στους πολίτες,occupation_group,homemaker,Κυριάκος Μητσοτάκης,34.6087,2019,Q2,low
,leader_trait,Ικανότητα στην οικονομία,occupation_group,homemaker,both,3.9466,2019,Q2,low
,leader_trait,Ικανότητα στην οικονομία,occupation_group,homemaker,Αλέξης Τσίπρας,47.6801,2019,Q2,low
,leader_trait,Ικανότητα στην οικονομία,occupation_group,homemaker,Κυριάκος Μητσοτάκης,48.3734,2019,Q2,low
,leader_trait,Εντιμότητα / ακεραιότητα,occupation_group,homemaker,Αλέξης Τσίπρας,53.4767,2019,Q2,low
,leader_trait,Εντιμότητα / ακεραιότητα,occupation_group,homemaker,Κυριάκος Μητσοτάκης,46.5233,2019,Q2,low
,leader_trait,Δίνει ελπίδα,occupation_group,homemaker,Αλέξης Τσίπρας,67.2461,2019,Q2,low
,leader_trait,Δίνει ελπίδα,occupation_group,homemaker,Κυριάκος Μητσοτάκης,32.7539,2019,Q2,low
,leader_trait,Σεβασμός από Ευρωπαίους ηγέτες,occupation_group,homemaker,both,3.1759,2019,Q2,low
,leader_trait,Σεβασμός από Ευρωπαίους ηγέτες,occupation_group,homemaker,Αλέξης Τσίπρας,57.3177,2019,Q2,low
,leader_trait,Σεβασμός από Ευρωπαίους ηγέτες,occupation_group,homemaker,Κυριάκος Μητσοτάκης,39.5064,2019,Q2,low
,leader_trait,Πατριωτισμός,occupation_group,homemaker,Αλέξης Τσίπρας,60.6109,2019,Q2,low
,leader_trait,Πατριωτισμός,occupation_group,homemaker,Κυριάκος Μητσοτάκης,39.3891,2019,Q2,low
,leader_trait,Ηγετικά προσόντα / ισχυρός ηγέτης,occupation_group,homemaker,Αλέξης Τσίπρας,67.8857,2019,Q2,low
,leader_trait,Ηγετικά προσόντα / ισχυρός ηγέτης,occupation_group,homemaker,Κυριάκος Μητσοτάκης,32.1143,2019,Q2,low
Αλέξης Τσίπρας,leader_approval,Έγκριση/αποδοχή: Αλέξης Τσίπρας,occupation_group,private_sector,negative_approval,68.3061,2019,Q2,medium
Αλέξης Τσίπρας,leader_approval,Έγκριση/αποδοχή: Αλέξης Τσίπρας,occupation_group,private_sector,positive_approval,31.6939,2019,Q2,medium
Κυριάκος Μητσοτάκης,leader_approval,Έγκριση/αποδοχή: Κυριάκος Μητσοτάκης,occupation_group,private_sector,negative_approval,72.4941,2019,Q2,medium
Κυριάκος Μητσοτάκης,leader_approval,Έγκριση/αποδοχή: Κυριάκος Μητσοτάκης,occupation_group,private_sector,positive_approval,27.5059,2019,Q2,medium
,leader_trait,Σταθερότητα χώρας,occupation_group,private_sector,both,6.6574,2019,Q2,medium
,leader_trait,Σταθερότητα χώρας,occupation_group,private_sector,Αλέξης Τσίπρας,45.5302,2019,Q2,medium
,leader_trait,Σταθερότητα χώρας,occupation_group,private_sector,Κυριάκος Μητσοτάκης,47.8124,2019,Q2,medium
,leader_trait,Κοντά στους πολίτες,occupation_group,private_sector,both,1.3099,2019,Q2,medium
,leader_trait,Κοντά στους πολίτες,occupation_group,private_sector,Αλέξης Τσίπρας,54.3542,2019,Q2,medium
,leader_trait,Κοντά στους πολίτες,occupation_group,private_sector,Κυριάκος Μητσοτάκης,44.3359,2019,Q2,medium
,leader_trait,Ικανότητα στην οικονομία,occupation_group,private_sector,both,7.8608,2019,Q2,medium
,leader_trait,Ικανότητα στην οικονομία,occupation_group,private_sector,Αλέξης Τσίπρας,33.1509,2019,Q2,medium
,leader_trait,Ικανότητα στην οικονομία,occupation_group,private_sector,Κυριάκος Μητσοτάκης,58.9883,2019,Q2,medium
,leader_trait,Εντιμότητα / ακεραιότητα,occupation_group,private_sector,Αλέξης Τσίπρας,47.6301,2019,Q2,medium
,leader_trait,Εντιμότητα / ακεραιότητα,occupation_group,private_sector,Κυριάκος Μητσοτάκης,52.3699,2019,Q2,medium
,leader_trait,Δίνει ελπίδα,occupation_group,private_sector,Αλέξης Τσίπρας,52.6505,2019,Q2,medium
,leader_trait,Δίνει ελπίδα,occupation_group,private_sector,Κυριάκος Μητσοτάκης,47.3495,2019,Q2,medium
,leader_trait,Σεβασμός από Ευρωπαίους ηγέτες,occupation_group,private_sector,both,5.0047,2019,Q2,medium
,leader_trait,Σεβασμός από Ευρωπαίους ηγέτες,occupation_group,private_sector,Αλέξης Τσίπρας,46.0235,2019,Q2,medium
,leader_trait,Σεβασμός από Ευρωπαίους ηγέτες,occupation_group,private_sector,Κυριάκος Μητσοτάκης,48.9718,2019,Q2,medium
,leader_trait,Πατριωτισμός,occupation_group,private_sector,both,9.0974,2019,Q2,medium
,leader_trait,Πατριωτισμός,occupation_group,private_sector,Αλέξης Τσίπρας,35.1769,2019,Q2,medium
,leader_trait,Πατριωτισμός,occupation_group,private_sector,Κυριάκος Μητσοτάκης,55.7256,2019,Q2,medium
,leader_trait,Ηγετικά προσόντα / ισχυρός ηγέτης,occupation_group,private_sector,both,1.4749,2019,Q2,medium
,leader_trait,Ηγετικά προσόντα / ισχυρός ηγέτης,occupation_group,private_sector,Αλέξης Τσίπρας,63.111,2019,Q2,medium
,leader_trait,Ηγετικά προσόντα / ισχυρός ηγέτης,occupation_group,private_sector,Κυριάκος Μητσοτάκης,35.4141,2019,Q2,medium
Αλέξης Τσίπρας,leader_approval,Έγκριση/αποδοχή: Αλέξης Τσίπρας,occupation_group,public_sector,negative_approval,58.3976,2019,Q2,medium
Αλέξης Τσίπρας,leader_approval,Έγκριση/αποδοχή: Αλέξης Τσίπρας,occupation_group,public_sector,positive_approval,41.6024,2019,Q2,medium
Κυριάκος Μητσοτάκης,leader_approval,Έγκριση/αποδοχή: Κυριάκος Μητσοτάκης,occupation_group,public_sector,negative_approval,73.4435,2019,Q2,medium
Κυριάκος Μητσοτάκης,leader_approval,Έγκριση/αποδοχή: Κυριάκος Μητσοτάκης,occupation_group,public_sector,positive_approval,26.5565,2019,Q2,medium
,leader_trait,Σταθερότητα χώρας,occupation_group,public_sector,both,1.6353,2019,Q2,medium
,leader_trait,Σταθερότητα χώρας,occupation_group,public_sector,Αλέξης Τσίπρας,56.3843,2019,Q2,medium
,leader_trait,Σταθερότητα χώρας,occupation_group,public_sector,Κυριάκος Μητσοτάκης,41.9804,2019,Q2,medium
,leader_trait,Κοντά στους πολίτες,occupation_group,public_sector,both,0.7592,2019,Q2,medium
,leader_trait,Κοντά στους πολίτες,occupation_group,public_sector,Αλέξης Τσίπρας,73.088,2019,Q2,medium
,leader_trait,Κοντά στους πολίτες,occupation_group,public_sector,Κυριάκος Μητσοτάκης,26.1528,2019,Q2,medium
,leader_trait,Ικανότητα στην οικονομία,occupation_group,public_sector,both,5.8705,2019,Q2,medium
,leader_trait,Ικανότητα στην οικονομία,occupation_group,public_sector,Αλέξης Τσίπρας,41.3961,2019,Q2,medium
,leader_trait,Ικανότητα στην οικονομία,occupation_group,public_sector,Κυριάκος Μητσοτάκης,52.7334,2019,Q2,medium
,leader_trait,Εντιμότητα / ακεραιότητα,occupation_group,public_sector,Αλέξης Τσίπρας,56.3306,2019,Q2,medium
,leader_trait,Εντιμότητα / ακεραιότητα,occupation_group,public_sector,Κυριάκος Μητσοτάκης,43.6694,2019,Q2,medium
,leader_trait,Δίνει ελπίδα,occupation_group,public_sector,Αλέξης Τσίπρας,61.2697,2019,Q2,medium
,leader_trait,Δίνει ελπίδα,occupation_group,public_sector,Κυριάκος Μητσοτάκης,38.7303,2019,Q2,medium
,leader_trait,Σεβασμός από Ευρωπαίους ηγέτες,occupation_group,public_sector,both,2.8517,2019,Q2,medium
,leader_trait,Σεβασμός από Ευρωπαίους ηγέτες,occupation_group,public_sector,Αλέξης Τσίπρας,57.8515,2019,Q2,medium
,leader_trait,Σεβασμός από Ευρωπαίους ηγέτες,occupation_group,public_sector,Κυριάκος Μητσοτάκης,39.2968,2019,Q2,medium
,leader_trait,Πατριωτισμός,occupation_group,public_sector,both,7.558,2019,Q2,medium
,leader_trait,Πατριωτισμός,occupation_group,public_sector,Αλέξης Τσίπρας,49.2839,2019,Q2,medium
,leader_trait,Πατριωτισμός,occupation_group,public_sector,Κυριάκος Μητσοτάκης,43.158,2019,Q2,medium
,leader_trait,Ηγετικά προσόντα / ισχυρός ηγέτης,occupation_group,public_sector,Αλέξης Τσίπρας,72.4193,2019,Q2,medium
,leader_trait,Ηγετικά προσόντα / ισχυρός ηγέτης,occupation_group,public_sector,Κυριάκος Μητσοτάκης,27.5807,2019,Q2,medium
Αλέξης Τσίπρας,leader_approval,Έγκριση/αποδοχή: Αλέξης Τσίπρας,occupation_group,rentier,negative_approval,64.0064,2019,Q2,low
Αλέξης Τσίπρας,leader_approval,Έγκριση/αποδοχή: Αλέξης Τσίπρας,occupation_group,rentier,positive_approval,35.9936,2019,Q2,low
Κυριάκος Μητσοτάκης,leader_approval,Έγκριση/αποδοχή: Κυριάκος Μητσοτάκης,occupation_group,rentier,negative_approval,44.353,2019,Q2,low
Κυριάκος Μητσοτάκης,leader_approval,Έγκριση/αποδοχή: Κυριάκος Μητσοτάκης,occupation_group,rentier,positive_approval,55.647,2019,Q2,low
,leader_trait,Σταθερότητα χώρας,occupation_group,rentier,Αλέξης Τσίπρας,40.8148,2019,Q2,low
,leader_trait,Σταθερότητα χώρας,occupation_group,rentier,Κυριάκος Μητσοτάκης,59.1852,2019,Q2,low
,leader_trait,Κοντά στους πολίτες,occupation_group,rentier,Αλέξης Τσίπρας,48.3004,2019,Q2,low
,leader_trait,Κοντά στους πολίτες,occupation_group,rentier,Κυριάκος Μητσοτάκης,51.6996,2019,Q2,low
,leader_trait,Ικανότητα στην οικονομία,occupation_group,rentier,Αλέξης Τσίπρας,28.8252,2019,Q2,low
,leader_trait,Ικανότητα στην οικονομία,occupation_group,rentier,Κυριάκος Μητσοτάκης,71.1748,2019,Q2,low
,leader_trait,Εντιμότητα / ακεραιότητα,occupation_group,rentier,Αλέξης Τσίπρας,33.54,2019,Q2,low
,leader_trait,Εντιμότητα / ακεραιότητα,occupation_group,rentier,Κυριάκος Μητσοτάκης,66.46,2019,Q2,low
,leader_trait,Δίνει ελπίδα,occupation_group,rentier,Αλέξης Τσίπρας,39.3479,2019,Q2,low
,leader_trait,Δίνει ελπίδα,occupation_group,rentier,Κυριάκος Μητσοτάκης,60.6521,2019,Q2,low
,leader_trait,Σεβασμός από Ευρωπαίους ηγέτες,occupation_group,rentier,both,12.8619,2019,Q2,low
,leader_trait,Σεβασμός από Ευρωπαίους ηγέτες,occupation_group,rentier,Αλέξης Τσίπρας,29.2261,2019,Q2,low
,leader_trait,Σεβασμός από Ευρωπαίους ηγέτες,occupation_group,rentier,Κυριάκος Μητσοτάκης,57.912,2019,Q2,low
,leader_trait,Πατριωτισμός,occupation_group,rentier,Αλέξης Τσίπρας,39.3479,2019,Q2,low
,leader_trait,Πατριωτισμός,occupation_group,rentier,Κυριάκος Μητσοτάκης,60.6521,2019,Q2,low
,leader_trait,Ηγετικά προσόντα / ισχυρός ηγέτης,occupation_group,rentier,Αλέξης Τσίπρας,43.3974,2019,Q2,low
,leader_trait,Ηγετικά προσόντα / ισχυρός ηγέτης,occupation_group,rentier,Κυριάκος Μητσοτάκης,56.6026,2019,Q2,low
Αλέξης Τσίπρας,leader_approval,Έγκριση/αποδοχή: Αλέξης Τσίπρας,occupation_group,retired,negative_approval,62.0594,2019,Q2,high
Αλέξης Τσίπρας,leader_approval,Έγκριση/αποδοχή: Αλέξης Τσίπρας,occupation_group,retired,positive_approval,37.9406,2019,Q2,high
Κυριάκος Μητσοτάκης,leader_approval,Έγκριση/αποδοχή: Κυριάκος Μητσοτάκης,occupation_group,retired,negative_approval,60.45,2019,Q2,high
Κυριάκος Μητσοτάκης,leader_approval,Έγκριση/αποδοχή: Κυριάκος Μητσοτάκης,occupation_group,retired,positive_approval,39.55,2019,Q2,high
,leader_trait,Σταθερότητα χώρας,occupation_group,retired,both,0.1527,2019,Q2,high
,leader_trait,Σταθερότητα χώρας,occupation_group,retired,Αλέξης Τσίπρας,49.3544,2019,Q2,high
,leader_trait,Σταθερότητα χώρας,occupation_group,retired,Κυριάκος Μητσοτάκης,50.4929,2019,Q2,high
,leader_trait,Κοντά στους πολίτες,occupation_group,retired,Αλέξης Τσίπρας,53.9569,2019,Q2,medium
,leader_trait,Κοντά στους πολίτες,occupation_group,retired,Κυριάκος Μητσοτάκης,46.0431,2019,Q2,medium
,leader_trait,Ικανότητα στην οικονομία,occupation_group,retired,both,2.7588,2019,Q2,high
,leader_trait,Ικανότητα στην οικονομία,occupation_group,retired,Αλέξης Τσίπρας,38.1116,2019,Q2,high
,leader_trait,Ικανότητα στην οικονομία,occupation_group,retired,Κυριάκος Μητσοτάκης,59.1296,2019,Q2,high
,leader_trait,Εντιμότητα / ακεραιότητα,occupation_group,retired,both,0.4012,2019,Q2,high
,leader_trait,Εντιμότητα / ακεραιότητα,occupation_group,retired,Αλέξης Τσίπρας,46.2019,2019,Q2,high
,leader_trait,Εντιμότητα / ακεραιότητα,occupation_group,retired,Κυριάκος Μητσοτάκης,53.3969,2019,Q2,high
,leader_trait,Δίνει ελπίδα,occupation_group,retired,Αλέξης Τσίπρας,47.4365,2019,Q2,high
,leader_trait,Δίνει ελπίδα,occupation_group,retired,Κυριάκος Μητσοτάκης,52.5635,2019,Q2,high
,leader_trait,Σεβασμός από Ευρωπαίους ηγέτες,occupation_group,retired,both,4.9413,2019,Q2,high
,leader_trait,Σεβασμός από Ευρωπαίους ηγέτες,occupation_group,retired,Αλέξης Τσίπρας,49.1888,2019,Q2,high
,leader_trait,Σεβασμός από Ευρωπαίους ηγέτες,occupation_group,retired,Κυριάκος Μητσοτάκης,45.8699,2019,Q2,high
,leader_trait,Πατριωτισμός,occupation_group,retired,both,11.6608,2019,Q2,high
,leader_trait,Πατριωτισμός,occupation_group,retired,Αλέξης Τσίπρας,40.8333,2019,Q2,high
,leader_trait,Πατριωτισμός,occupation_group,retired,Κυριάκος Μητσοτάκης,47.5059,2019,Q2,high
,leader_trait,Ηγετικά προσόντα / ισχυρός ηγέτης,occupation_group,retired,both,1.7195,2019,Q2,high
,leader_trait,Ηγετικά προσόντα / ισχυρός ηγέτης,occupation_group,retired,Αλέξης Τσίπρας,57.6065,2019,Q2,high
,leader_trait,Ηγετικά προσόντα / ισχυρός ηγέτης,occupation_group,retired,Κυριάκος Μητσοτάκης,40.674,2019,Q2,high
Αλέξης Τσίπρας,leader_approval,Έγκριση/αποδοχή: Αλέξης Τσίπρας,occupation_group,self_employed,negative_approval,63.1221,2019,Q2,medium
Αλέξης Τσίπρας,leader_approval,Έγκριση/αποδοχή: Αλέξης Τσίπρας,occupation_group,self_employed,positive_approval,36.8779,2019,Q2,medium
Κυριάκος Μητσοτάκης,leader_approval,Έγκριση/αποδοχή: Κυριάκος Μητσοτάκης,occupation_group,self_employed,negative_approval,66.8159,2019,Q2,medium
Κυριάκος Μητσοτάκης,leader_approval,Έγκριση/αποδοχή: Κυριάκος Μητσοτάκης,occupation_group,self_employed,positive_approval,33.1841,2019,Q2,medium
,leader_trait,Σταθερότητα χώρας,occupation_group,self_employed,both,4.7013,2019,Q2,medium
,leader_trait,Σταθερότητα χώρας,occupation_group,self_employed,Αλέξης Τσίπρας,45.6811,2019,Q2,medium
,leader_trait,Σταθερότητα χώρας,occupation_group,self_employed,Κυριάκος Μητσοτάκης,49.6176,2019,Q2,medium
,leader_trait,Κοντά στους πολίτες,occupation_group,self_employed,both,2.3969,2019,Q2,medium
,leader_trait,Κοντά στους πολίτες,occupation_group,self_employed,Αλέξης Τσίπρας,50.6597,2019,Q2,medium
,leader_trait,Κοντά στους πολίτες,occupation_group,self_employed,Κυριάκος Μητσοτάκης,46.9433,2019,Q2,medium
,leader_trait,Ικανότητα στην οικονομία,occupation_group,self_employed,both,8.5841,2019,Q2,medium
,leader_trait,Ικανότητα στην οικονομία,occupation_group,self_employed,Αλέξης Τσίπρας,35.4183,2019,Q2,medium
,leader_trait,Ικανότητα στην οικονομία,occupation_group,self_employed,Κυριάκος Μητσοτάκης,55.9975,2019,Q2,medium
,leader_trait,Εντιμότητα / ακεραιότητα,occupation_group,self_employed,both,2.3706,2019,Q2,medium
,leader_trait,Εντιμότητα / ακεραιότητα,occupation_group,self_employed,Αλέξης Τσίπρας,47.2201,2019,Q2,medium
,leader_trait,Εντιμότητα / ακεραιότητα,occupation_group,self_employed,Κυριάκος Μητσοτάκης,50.4093,2019,Q2,medium
,leader_trait,Δίνει ελπίδα,occupation_group,self_employed,both,0.7766,2019,Q2,medium
,leader_trait,Δίνει ελπίδα,occupation_group,self_employed,Αλέξης Τσίπρας,54.3042,2019,Q2,medium
,leader_trait,Δίνει ελπίδα,occupation_group,self_employed,Κυριάκος Μητσοτάκης,44.9192,2019,Q2,medium
,leader_trait,Σεβασμός από Ευρωπαίους ηγέτες,occupation_group,self_employed,both,5.8505,2019,Q2,medium
,leader_trait,Σεβασμός από Ευρωπαίους ηγέτες,occupation_group,self_employed,Αλέξης Τσίπρας,46.1566,2019,Q2,medium
,leader_trait,Σεβασμός από Ευρωπαίους ηγέτες,occupation_group,self_employed,Κυριάκος Μητσοτάκης,47.9929,2019,Q2,medium
,leader_trait,Πατριωτισμός,occupation_group,self_employed,both,7.7916,2019,Q2,medium
,leader_trait,Πατριωτισμός,occupation_group,self_employed,Αλέξης Τσίπρας,42.5777,2019,Q2,medium
,leader_trait,Πατριωτισμός,occupation_group,self_employed,Κυριάκος Μητσοτάκης,49.6307,2019,Q2,medium
,leader_trait,Ηγετικά προσόντα / ισχυρός ηγέτης,occupation_group,self_employed,both,1.5099,2019,Q2,medium
,leader_trait,Ηγετικά προσόντα / ισχυρός ηγέτης,occupation_group,self_employed,Αλέξης Τσίπρας,63.1385,2019,Q2,medium
,leader_trait,Ηγετικά προσόντα / ισχυρός ηγέτης,occupation_group,self_employed,Κυριάκος Μητσοτάκης,35.3516,2019,Q2,medium
Αλέξης Τσίπρας,leader_approval,Έγκριση/αποδοχή: Αλέξης Τσίπρας,occupation_group,soldier,negative_approval,50.0,2019,Q2,low
Αλέξης Τσίπρας,leader_approval,Έγκριση/αποδοχή: Αλέξης Τσίπρας,occupation_group,soldier,positive_approval,50.0,2019,Q2,low
Κυριάκος Μητσοτάκης,leader_approval,Έγκριση/αποδοχή: Κυριάκος Μητσοτάκης,occupation_group,soldier,negative_approval,87.4317,2019,Q2,low
Κυριάκος Μητσοτάκης,leader_approval,Έγκριση/αποδοχή: Κυριάκος Μητσοτάκης,occupation_group,soldier,positive_approval,12.5683,2019,Q2,low
,leader_trait,Σταθερότητα χώρας,occupation_group,soldier,Αλέξης Τσίπρας,66.6667,2019,Q2,low
,leader_trait,Σταθερότητα χώρας,occupation_group,soldier,Κυριάκος Μητσοτάκης,33.3333,2019,Q2,low
,leader_trait,Κοντά στους πολίτες,occupation_group,soldier,Αλέξης Τσίπρας,79.9127,2019,Q2,low
,leader_trait,Κοντά στους πολίτες,occupation_group,soldier,Κυριάκος Μητσοτάκης,20.0873,2019,Q2,low
,leader_trait,Ικανότητα στην οικονομία,occupation_group,soldier,both,20.0873,2019,Q2,low
,leader_trait,Ικανότητα στην οικονομία,occupation_group,soldier,Αλέξης Τσίπρας,20.0873,2019,Q2,low
,leader_trait,Ικανότητα στην οικονομία,occupation_group,soldier,Κυριάκος Μητσοτάκης,59.8253,2019,Q2,low
,leader_trait,Εντιμότητα / ακεραιότητα,occupation_group,soldier,Αλέξης Τσίπρας,66.6667,2019,Q2,low
,leader_trait,Εντιμότητα / ακεραιότητα,occupation_group,soldier,Κυριάκος Μητσοτάκης,33.3333,2019,Q2,low
,leader_trait,Δίνει ελπίδα,occupation_group,soldier,Αλέξης Τσίπρας,66.5455,2019,Q2,low
,leader_trait,Δίνει ελπίδα,occupation_group,soldier,Κυριάκος Μητσοτάκης,33.4545,2019,Q2,low
,leader_trait,Σεβασμός από Ευρωπαίους ηγέτες,occupation_group,soldier,both,16.7577,2019,Q2,low
,leader_trait,Σεβασμός από Ευρωπαίους ηγέτες,occupation_group,soldier,Αλέξης Τσίπρας,33.3333,2019,Q2,low
,leader_trait,Σεβασμός από Ευρωπαίους ηγέτες,occupation_group,soldier,Κυριάκος Μητσοτάκης,49.9089,2019,Q2,low
,leader_trait,Πατριωτισμός,occupation_group,soldier,both,20.0873,2019,Q2,low
,leader_trait,Πατριωτισμός,occupation_group,soldier,Αλέξης Τσίπρας,39.9563,2019,Q2,low
,leader_trait,Πατριωτισμός,occupation_group,soldier,Κυριάκος Μητσοτάκης,39.9563,2019,Q2,low
,leader_trait,Ηγετικά προσόντα / ισχυρός ηγέτης,occupation_group,soldier,Αλέξης Τσίπρας,83.2423,2019,Q2,low
,leader_trait,Ηγετικά προσόντα / ισχυρός ηγέτης,occupation_group,soldier,Κυριάκος Μητσοτάκης,16.7577,2019,Q2,low
Αλέξης Τσίπρας,leader_approval,Έγκριση/αποδοχή: Αλέξης Τσίπρας,occupation_group,student,negative_approval,69.7297,2019,Q2,medium
Αλέξης Τσίπρας,leader_approval,Έγκριση/αποδοχή: Αλέξης Τσίπρας,occupation_group,student,positive_approval,30.2703,2019,Q2,medium
Κυριάκος Μητσοτάκης,leader_approval,Έγκριση/αποδοχή: Κυριάκος Μητσοτάκης,occupation_group,student,negative_approval,77.4375,2019,Q2,medium
Κυριάκος Μητσοτάκης,leader_approval,Έγκριση/αποδοχή: Κυριάκος Μητσοτάκης,occupation_group,student,positive_approval,22.5625,2019,Q2,medium
,leader_trait,Σταθερότητα χώρας,occupation_group,student,both,3.3595,2019,Q2,low
,leader_trait,Σταθερότητα χώρας,occupation_group,student,Αλέξης Τσίπρας,50.5793,2019,Q2,low
,leader_trait,Σταθερότητα χώρας,occupation_group,student,Κυριάκος Μητσοτάκης,46.0612,2019,Q2,low
,leader_trait,Κοντά στους πολίτες,occupation_group,student,both,1.0134,2019,Q2,low
,leader_trait,Κοντά στους πολίτες,occupation_group,student,Αλέξης Τσίπρας,56.5669,2019,Q2,low
,leader_trait,Κοντά στους πολίτες,occupation_group,student,Κυριάκος Μητσοτάκης,42.4197,2019,Q2,low
,leader_trait,Ικανότητα στην οικονομία,occupation_group,student,both,17.5138,2019,Q2,low
,leader_trait,Ικανότητα στην οικονομία,occupation_group,student,Αλέξης Τσίπρας,24.7015,2019,Q2,low
,leader_trait,Ικανότητα στην οικονομία,occupation_group,student,Κυριάκος Μητσοτάκης,57.7846,2019,Q2,low
,leader_trait,Εντιμότητα / ακεραιότητα,occupation_group,student,Αλέξης Τσίπρας,54.0144,2019,Q2,low
,leader_trait,Εντιμότητα / ακεραιότητα,occupation_group,student,Κυριάκος Μητσοτάκης,45.9856,2019,Q2,low
,leader_trait,Δίνει ελπίδα,occupation_group,student,Αλέξης Τσίπρας,57.944,2019,Q2,low
,leader_trait,Δίνει ελπίδα,occupation_group,student,Κυριάκος Μητσοτάκης,42.056,2019,Q2,low
,leader_trait,Σεβασμός από Ευρωπαίους ηγέτες,occupation_group,student,both,2.7084,2019,Q2,low
,leader_trait,Σεβασμός από Ευρωπαίους ηγέτες,occupation_group,student,Αλέξης Τσίπρας,43.9513,2019,Q2,low
,leader_trait,Σεβασμός από Ευρωπαίους ηγέτες,occupation_group,student,Κυριάκος Μητσοτάκης,53.3402,2019,Q2,low
,leader_trait,Πατριωτισμός,occupation_group,student,both,8.4105,2019,Q2,low
,leader_trait,Πατριωτισμός,occupation_group,student,Αλέξης Τσίπρας,34.3613,2019,Q2,low
,leader_trait,Πατριωτισμός,occupation_group,student,Κυριάκος Μητσοτάκης,57.2282,2019,Q2,low
,leader_trait,Ηγετικά προσόντα / ισχυρός ηγέτης,occupation_group,student,both,1.0925,2019,Q2,low
,leader_trait,Ηγετικά προσόντα / ισχυρός ηγέτης,occupation_group,student,Αλέξης Τσίπρας,65.1218,2019,Q2,low
,leader_trait,Ηγετικά προσόντα / ισχυρός ηγέτης,occupation_group,student,Κυριάκος Μητσοτάκης,33.7858,2019,Q2,low
Αλέξης Τσίπρας,leader_approval,Έγκριση/αποδοχή: Αλέξης Τσίπρας,occupation_group,unemployed,negative_approval,79.4667,2019,Q2,medium
Αλέξης Τσίπρας,leader_approval,Έγκριση/αποδοχή: Αλέξης Τσίπρας,occupation_group,unemployed,positive_approval,20.5333,2019,Q2,medium
Κυριάκος Μητσοτάκης,leader_approval,Έγκριση/αποδοχή: Κυριάκος Μητσοτάκης,occupation_group,unemployed,negative_approval,74.0212,2019,Q2,medium
Κυριάκος Μητσοτάκης,leader_approval,Έγκριση/αποδοχή: Κυριάκος Μητσοτάκης,occupation_group,unemployed,positive_approval,25.9788,2019,Q2,medium
,leader_trait,Σταθερότητα χώρας,occupation_group,unemployed,Αλέξης Τσίπρας,43.5515,2019,Q2,low
,leader_trait,Σταθερότητα χώρας,occupation_group,unemployed,Κυριάκος Μητσοτάκης,56.4485,2019,Q2,low
,leader_trait,Κοντά στους πολίτες,occupation_group,unemployed,both,2.7217,2019,Q2,low
,leader_trait,Κοντά στους πολίτες,occupation_group,unemployed,Αλέξης Τσίπρας,54.0076,2019,Q2,low
,leader_trait,Κοντά στους πολίτες,occupation_group,unemployed,Κυριάκος Μητσοτάκης,43.2707,2019,Q2,low
,leader_trait,Ικανότητα στην οικονομία,occupation_group,unemployed,both,4.7946,2019,Q2,low
,leader_trait,Ικανότητα στην οικονομία,occupation_group,unemployed,Αλέξης Τσίπρας,32.7492,2019,Q2,low
,leader_trait,Ικανότητα στην οικονομία,occupation_group,unemployed,Κυριάκος Μητσοτάκης,62.4562,2019,Q2,low
,leader_trait,Εντιμότητα / ακεραιότητα,occupation_group,unemployed,Αλέξης Τσίπρας,43.7182,2019,Q2,low
,leader_trait,Εντιμότητα / ακεραιότητα,occupation_group,unemployed,Κυριάκος Μητσοτάκης,56.2818,2019,Q2,low
,leader_trait,Δίνει ελπίδα,occupation_group,unemployed,both,2.5622,2019,Q2,low
,leader_trait,Δίνει ελπίδα,occupation_group,unemployed,Αλέξης Τσίπρας,42.0158,2019,Q2,low
,leader_trait,Δίνει ελπίδα,occupation_group,unemployed,Κυριάκος Μητσοτάκης,55.422,2019,Q2,low
,leader_trait,Σεβασμός από Ευρωπαίους ηγέτες,occupation_group,unemployed,both,5.5757,2019,Q2,low
,leader_trait,Σεβασμός από Ευρωπαίους ηγέτες,occupation_group,unemployed,Αλέξης Τσίπρας,43.5448,2019,Q2,low
,leader_trait,Σεβασμός από Ευρωπαίους ηγέτες,occupation_group,unemployed,Κυριάκος Μητσοτάκης,50.8796,2019,Q2,low
,leader_trait,Πατριωτισμός,occupation_group,unemployed,both,9.8176,2019,Q2,low
,leader_trait,Πατριωτισμός,occupation_group,unemployed,Αλέξης Τσίπρας,34.4183,2019,Q2,low
,leader_trait,Πατριωτισμός,occupation_group,unemployed,Κυριάκος Μητσοτάκης,55.7641,2019,Q2,low
,leader_trait,Ηγετικά προσόντα / ισχυρός ηγέτης,occupation_group,unemployed,Αλέξης Τσίπρας,51.9311,2019,Q2,low
,leader_trait,Ηγετικά προσόντα / ισχυρός ηγέτης,occupation_group,unemployed,Κυριάκος Μητσοτάκης,48.0689,2019,Q2,low
Αλέξης Τσίπρας,leader_approval,Έγκριση/αποδοχή: Αλέξης Τσίπρας,left_right_group,center,negative_approval,67.2321,2019,Q2,high
Αλέξης Τσίπρας,leader_approval,Έγκριση/αποδοχή: Αλέξης Τσίπρας,left_right_group,center,positive_approval,32.7679,2019,Q2,high
Κυριάκος Μητσοτάκης,leader_approval,Έγκριση/αποδοχή: Κυριάκος Μητσοτάκης,left_right_group,center,negative_approval,68.3337,2019,Q2,high
Κυριάκος Μητσοτάκης,leader_approval,Έγκριση/αποδοχή: Κυριάκος Μητσοτάκης,left_right_group,center,positive_approval,31.6663,2019,Q2,high
,leader_trait,Σταθερότητα χώρας,left_right_group,center,both,4.5551,2019,Q2,high
,leader_trait,Σταθερότητα χώρας,left_right_group,center,Αλέξης Τσίπρας,44.8977,2019,Q2,high
,leader_trait,Σταθερότητα χώρας,left_right_group,center,Κυριάκος Μητσοτάκης,50.5472,2019,Q2,high
,leader_trait,Κοντά στους πολίτες,left_right_group,center,both,0.9358,2019,Q2,high
,leader_trait,Κοντά στους πολίτες,left_right_group,center,Αλέξης Τσίπρας,53.9032,2019,Q2,high
,leader_trait,Κοντά στους πολίτες,left_right_group,center,Κυριάκος Μητσοτάκης,45.161,2019,Q2,high
,leader_trait,Ικανότητα στην οικονομία,left_right_group,center,both,8.0381,2019,Q2,high
,leader_trait,Ικανότητα στην οικονομία,left_right_group,center,Αλέξης Τσίπρας,28.9179,2019,Q2,high
,leader_trait,Ικανότητα στην οικονομία,left_right_group,center,Κυριάκος Μητσοτάκης,63.044,2019,Q2,high
,leader_trait,Εντιμότητα / ακεραιότητα,left_right_group,center,both,0.7211,2019,Q2,high
,leader_trait,Εντιμότητα / ακεραιότητα,left_right_group,center,Αλέξης Τσίπρας,43.2657,2019,Q2,high
,leader_trait,Εντιμότητα / ακεραιότητα,left_right_group,center,Κυριάκος Μητσοτάκης,56.0132,2019,Q2,high
,leader_trait,Δίνει ελπίδα,left_right_group,center,Αλέξης Τσίπρας,49.4285,2019,Q2,high
,leader_trait,Δίνει ελπίδα,left_right_group,center,Κυριάκος Μητσοτάκης,50.5715,2019,Q2,high
,leader_trait,Σεβασμός από Ευρωπαίους ηγέτες,left_right_group,center,both,5.5342,2019,Q2,high
,leader_trait,Σεβασμός από Ευρωπαίους ηγέτες,left_right_group,center,Αλέξης Τσίπρας,44.4596,2019,Q2,high
,leader_trait,Σεβασμός από Ευρωπαίους ηγέτες,left_right_group,center,Κυριάκος Μητσοτάκης,50.0061,2019,Q2,high
,leader_trait,Πατριωτισμός,left_right_group,center,both,14.0995,2019,Q2,high
,leader_trait,Πατριωτισμός,left_right_group,center,Αλέξης Τσίπρας,33.9951,2019,Q2,high
,leader_trait,Πατριωτισμός,left_right_group,center,Κυριάκος Μητσοτάκης,51.9054,2019,Q2,high
,leader_trait,Ηγετικά προσόντα / ισχυρός ηγέτης,left_right_group,center,both,1.6637,2019,Q2,high
,leader_trait,Ηγετικά προσόντα / ισχυρός ηγέτης,left_right_group,center,Αλέξης Τσίπρας,64.1073,2019,Q2,high
,leader_trait,Ηγετικά προσόντα / ισχυρός ηγέτης,left_right_group,center,Κυριάκος Μητσοτάκης,34.229,2019,Q2,high
Αλέξης Τσίπρας,leader_approval,Έγκριση/αποδοχή: Αλέξης Τσίπρας,left_right_group,left,negative_approval,25.0369,2019,Q2,high
Αλέξης Τσίπρας,leader_approval,Έγκριση/αποδοχή: Αλέξης Τσίπρας,left_right_group,left,positive_approval,74.9631,2019,Q2,high
Κυριάκος Μητσοτάκης,leader_approval,Έγκριση/αποδοχή: Κυριάκος Μητσοτάκης,left_right_group,left,negative_approval,96.6352,2019,Q2,high
Κυριάκος Μητσοτάκης,leader_approval,Έγκριση/αποδοχή: Κυριάκος Μητσοτάκης,left_right_group,left,positive_approval,3.3648,2019,Q2,high
,leader_trait,Σταθερότητα χώρας,left_right_group,left,both,1.001,2019,Q2,medium
,leader_trait,Σταθερότητα χώρας,left_right_group,left,Αλέξης Τσίπρας,95.2513,2019,Q2,medium
,leader_trait,Σταθερότητα χώρας,left_right_group,left,Κυριάκος Μητσοτάκης,3.7477,2019,Q2,medium
,leader_trait,Κοντά στους πολίτες,left_right_group,left,both,0.6518,2019,Q2,medium
,leader_trait,Κοντά στους πολίτες,left_right_group,left,Αλέξης Τσίπρας,95.1908,2019,Q2,medium
,leader_trait,Κοντά στους πολίτες,left_right_group,left,Κυριάκος Μητσοτάκης,4.1574,2019,Q2,medium
,leader_trait,Ικανότητα στην οικονομία,left_right_group,left,both,8.3976,2019,Q2,medium
,leader_trait,Ικανότητα στην οικονομία,left_right_group,left,Αλέξης Τσίπρας,84.7999,2019,Q2,medium
,leader_trait,Ικανότητα στην οικονομία,left_right_group,left,Κυριάκος Μητσοτάκης,6.8026,2019,Q2,medium
,leader_trait,Εντιμότητα / ακεραιότητα,left_right_group,left,both,0.4216,2019,Q2,medium
,leader_trait,Εντιμότητα / ακεραιότητα,left_right_group,left,Αλέξης Τσίπρας,94.9333,2019,Q2,medium
,leader_trait,Εντιμότητα / ακεραιότητα,left_right_group,left,Κυριάκος Μητσοτάκης,4.6451,2019,Q2,medium
,leader_trait,Δίνει ελπίδα,left_right_group,left,both,0.8343,2019,Q2,medium
,leader_trait,Δίνει ελπίδα,left_right_group,left,Αλέξης Τσίπρας,95.7035,2019,Q2,medium
,leader_trait,Δίνει ελπίδα,left_right_group,left,Κυριάκος Μητσοτάκης,3.4622,2019,Q2,medium
,leader_trait,Σεβασμός από Ευρωπαίους ηγέτες,left_right_group,left,both,3.583,2019,Q2,medium
,leader_trait,Σεβασμός από Ευρωπαίους ηγέτες,left_right_group,left,Αλέξης Τσίπρας,92.2175,2019,Q2,medium
,leader_trait,Σεβασμός από Ευρωπαίους ηγέτες,left_right_group,left,Κυριάκος Μητσοτάκης,4.1995,2019,Q2,medium
,leader_trait,Πατριωτισμός,left_right_group,left,both,8.1723,2019,Q2,medium
,leader_trait,Πατριωτισμός,left_right_group,left,Αλέξης Τσίπρας,86.3133,2019,Q2,medium
,leader_trait,Πατριωτισμός,left_right_group,left,Κυριάκος Μητσοτάκης,5.5144,2019,Q2,medium
,leader_trait,Ηγετικά προσόντα / ισχυρός ηγέτης,left_right_group,left,both,0.3747,2019,Q2,medium
,leader_trait,Ηγετικά προσόντα / ισχυρός ηγέτης,left_right_group,left,Αλέξης Τσίπρας,97.5419,2019,Q2,medium
,leader_trait,Ηγετικά προσόντα / ισχυρός ηγέτης,left_right_group,left,Κυριάκος Μητσοτάκης,2.0833,2019,Q2,medium
Αλέξης Τσίπρας,leader_approval,Έγκριση/αποδοχή: Αλέξης Τσίπρας,left_right_group,right,negative_approval,90.7271,2019,Q2,high
Αλέξης Τσίπρας,leader_approval,Έγκριση/αποδοχή: Αλέξης Τσίπρας,left_right_group,right,positive_approval,9.2729,2019,Q2,high
Κυριάκος Μητσοτάκης,leader_approval,Έγκριση/αποδοχή: Κυριάκος Μητσοτάκης,left_right_group,right,negative_approval,49.5706,2019,Q2,high
Κυριάκος Μητσοτάκης,leader_approval,Έγκριση/αποδοχή: Κυριάκος Μητσοτάκης,left_right_group,right,positive_approval,50.4294,2019,Q2,high
,leader_trait,Σταθερότητα χώρας,left_right_group,right,both,0.2029,2019,Q2,high
,leader_trait,Σταθερότητα χώρας,left_right_group,right,Αλέξης Τσίπρας,15.9662,2019,Q2,high
,leader_trait,Σταθερότητα χώρας,left_right_group,right,Κυριάκος Μητσοτάκης,83.8308,2019,Q2,high
,leader_trait,Κοντά στους πολίτες,left_right_group,right,both,0.8526,2019,Q2,medium
,leader_trait,Κοντά στους πολίτες,left_right_group,right,Αλέξης Τσίπρας,14.2356,2019,Q2,medium
,leader_trait,Κοντά στους πολίτες,left_right_group,right,Κυριάκος Μητσοτάκης,84.9118,2019,Q2,medium
,leader_trait,Ικανότητα στην οικονομία,left_right_group,right,both,1.8144,2019,Q2,high
,leader_trait,Ικανότητα στην οικονομία,left_right_group,right,Αλέξης Τσίπρας,10.3234,2019,Q2,high
,leader_trait,Ικανότητα στην οικονομία,left_right_group,right,Κυριάκος Μητσοτάκης,87.8621,2019,Q2,high
,leader_trait,Εντιμότητα / ακεραιότητα,left_right_group,right,Αλέξης Τσίπρας,11.9846,2019,Q2,medium
,leader_trait,Εντιμότητα / ακεραιότητα,left_right_group,right,Κυριάκος Μητσοτάκης,88.0154,2019,Q2,medium
,leader_trait,Δίνει ελπίδα,left_right_group,right,both,0.4934,2019,Q2,medium
,leader_trait,Δίνει ελπίδα,left_right_group,right,Αλέξης Τσίπρας,14.1848,2019,Q2,medium
,leader_trait,Δίνει ελπίδα,left_right_group,right,Κυριάκος Μητσοτάκης,85.3218,2019,Q2,medium
,leader_trait,Σεβασμός από Ευρωπαίους ηγέτες,left_right_group,right,both,4.7171,2019,Q2,high
,leader_trait,Σεβασμός από Ευρωπαίους ηγέτες,left_right_group,right,Αλέξης Τσίπρας,15.2175,2019,Q2,high
,leader_trait,Σεβασμός από Ευρωπαίους ηγέτες,left_right_group,right,Κυριάκος Μητσοτάκης,80.0654,2019,Q2,high
,leader_trait,Πατριωτισμός,left_right_group,right,both,1.736,2019,Q2,medium
,leader_trait,Πατριωτισμός,left_right_group,right,Αλέξης Τσίπρας,9.5899,2019,Q2,medium
,leader_trait,Πατριωτισμός,left_right_group,right,Κυριάκος Μητσοτάκης,88.6741,2019,Q2,medium
,leader_trait,Ηγετικά προσόντα / ισχυρός ηγέτης,left_right_group,right,both,0.9193,2019,Q2,medium
,leader_trait,Ηγετικά προσόντα / ισχυρός ηγέτης,left_right_group,right,Αλέξης Τσίπρας,19.5059,2019,Q2,medium
,leader_trait,Ηγετικά προσόντα / ισχυρός ηγέτης,left_right_group,right,Κυριάκος Μητσοτάκης,79.5748,2019,Q2,medium
Αλέξης Τσίπρας,leader_approval,Έγκριση/αποδοχή: Αλέξης Τσίπρας,previous_vote_party,other_party,negative_approval,73.1336,2019,Q2,high
Αλέξης Τσίπρας,leader_approval,Έγκριση/αποδοχή: Αλέξης Τσίπρας,previous_vote_party,other_party,positive_approval,26.8664,2019,Q2,high
Κυριάκος Μητσοτάκης,leader_approval,Έγκριση/αποδοχή: Κυριάκος Μητσοτάκης,previous_vote_party,other_party,negative_approval,79.5506,2019,Q2,high
Κυριάκος Μητσοτάκης,leader_approval,Έγκριση/αποδοχή: Κυριάκος Μητσοτάκης,previous_vote_party,other_party,positive_approval,20.4494,2019,Q2,high
,leader_trait,Σταθερότητα χώρας,previous_vote_party,other_party,both,3.7003,2019,Q2,medium
,leader_trait,Σταθερότητα χώρας,previous_vote_party,other_party,Αλέξης Τσίπρας,49.664,2019,Q2,medium
,leader_trait,Σταθερότητα χώρας,previous_vote_party,other_party,Κυριάκος Μητσοτάκης,46.6358,2019,Q2,medium
,leader_trait,Κοντά στους πολίτες,previous_vote_party,other_party,both,0.319,2019,Q2,medium
,leader_trait,Κοντά στους πολίτες,previous_vote_party,other_party,Αλέξης Τσίπρας,60.1192,2019,Q2,medium
,leader_trait,Κοντά στους πολίτες,previous_vote_party,other_party,Κυριάκος Μητσοτάκης,39.5619,2019,Q2,medium
,leader_trait,Ικανότητα στην οικονομία,previous_vote_party,other_party,both,11.9012,2019,Q2,high
,leader_trait,Ικανότητα στην οικονομία,previous_vote_party,other_party,Αλέξης Τσίπρας,30.9418,2019,Q2,high
,leader_trait,Ικανότητα στην οικονομία,previous_vote_party,other_party,Κυριάκος Μητσοτάκης,57.157,2019,Q2,high
,leader_trait,Εντιμότητα / ακεραιότητα,previous_vote_party,other_party,Αλέξης Τσίπρας,46.8886,2019,Q2,medium
,leader_trait,Εντιμότητα / ακεραιότητα,previous_vote_party,other_party,Κυριάκος Μητσοτάκης,53.1114,2019,Q2,medium
,leader_trait,Δίνει ελπίδα,previous_vote_party,other_party,both,0.6197,2019,Q2,medium
,leader_trait,Δίνει ελπίδα,previous_vote_party,other_party,Αλέξης Τσίπρας,54.258,2019,Q2,medium
,leader_trait,Δίνει ελπίδα,previous_vote_party,other_party,Κυριάκος Μητσοτάκης,45.1223,2019,Q2,medium
,leader_trait,Σεβασμός από Ευρωπαίους ηγέτες,previous_vote_party,other_party,both,7.2901,2019,Q2,medium
,leader_trait,Σεβασμός από Ευρωπαίους ηγέτες,previous_vote_party,other_party,Αλέξης Τσίπρας,49.8282,2019,Q2,medium
,leader_trait,Σεβασμός από Ευρωπαίους ηγέτες,previous_vote_party,other_party,Κυριάκος Μητσοτάκης,42.8817,2019,Q2,medium
,leader_trait,Πατριωτισμός,previous_vote_party,other_party,both,14.9879,2019,Q2,medium
,leader_trait,Πατριωτισμός,previous_vote_party,other_party,Αλέξης Τσίπρας,37.2194,2019,Q2,medium
,leader_trait,Πατριωτισμός,previous_vote_party,other_party,Κυριάκος Μητσοτάκης,47.7927,2019,Q2,medium
,leader_trait,Ηγετικά προσόντα / ισχυρός ηγέτης,previous_vote_party,other_party,both,1.1555,2019,Q2,medium
,leader_trait,Ηγετικά προσόντα / ισχυρός ηγέτης,previous_vote_party,other_party,Αλέξης Τσίπρας,71.8397,2019,Q2,medium
,leader_trait,Ηγετικά προσόντα / ισχυρός ηγέτης,previous_vote_party,other_party,Κυριάκος Μητσοτάκης,27.0049,2019,Q2,medium
Αλέξης Τσίπρας,leader_approval,Έγκριση/αποδοχή: Αλέξης Τσίπρας,previous_vote_party,ΑΝΕΛ,negative_approval,72.9301,2019,Q2,low
Αλέξης Τσίπρας,leader_approval,Έγκριση/αποδοχή: Αλέξης Τσίπρας,previous_vote_party,ΑΝΕΛ,positive_approval,27.0699,2019,Q2,low
Κυριάκος Μητσοτάκης,leader_approval,Έγκριση/αποδοχή: Κυριάκος Μητσοτάκης,previous_vote_party,ΑΝΕΛ,negative_approval,79.2535,2019,Q2,low
Κυριάκος Μητσοτάκης,leader_approval,Έγκριση/αποδοχή: Κυριάκος Μητσοτάκης,previous_vote_party,ΑΝΕΛ,positive_approval,20.7465,2019,Q2,low
,leader_trait,Σταθερότητα χώρας,previous_vote_party,ΑΝΕΛ,both,2.2367,2019,Q2,low
,leader_trait,Σταθερότητα χώρας,previous_vote_party,ΑΝΕΛ,Αλέξης Τσίπρας,44.089,2019,Q2,low
,leader_trait,Σταθερότητα χώρας,previous_vote_party,ΑΝΕΛ,Κυριάκος Μητσοτάκης,53.6743,2019,Q2,low
,leader_trait,Κοντά στους πολίτες,previous_vote_party,ΑΝΕΛ,Αλέξης Τσίπρας,70.1434,2019,Q2,low
,leader_trait,Κοντά στους πολίτες,previous_vote_party,ΑΝΕΛ,Κυριάκος Μητσοτάκης,29.8566,2019,Q2,low
,leader_trait,Ικανότητα στην οικονομία,previous_vote_party,ΑΝΕΛ,Αλέξης Τσίπρας,36.5502,2019,Q2,low
,leader_trait,Ικανότητα στην οικονομία,previous_vote_party,ΑΝΕΛ,Κυριάκος Μητσοτάκης,63.4498,2019,Q2,low
,leader_trait,Εντιμότητα / ακεραιότητα,previous_vote_party,ΑΝΕΛ,Αλέξης Τσίπρας,53.038,2019,Q2,low
,leader_trait,Εντιμότητα / ακεραιότητα,previous_vote_party,ΑΝΕΛ,Κυριάκος Μητσοτάκης,46.962,2019,Q2,low
,leader_trait,Δίνει ελπίδα,previous_vote_party,ΑΝΕΛ,Αλέξης Τσίπρας,58.4899,2019,Q2,low
,leader_trait,Δίνει ελπίδα,previous_vote_party,ΑΝΕΛ,Κυριάκος Μητσοτάκης,41.5101,2019,Q2,low
,leader_trait,Σεβασμός από Ευρωπαίους ηγέτες,previous_vote_party,ΑΝΕΛ,both,9.1692,2019,Q2,low
,leader_trait,Σεβασμός από Ευρωπαίους ηγέτες,previous_vote_party,ΑΝΕΛ,Αλέξης Τσίπρας,48.0931,2019,Q2,low
,leader_trait,Σεβασμός από Ευρωπαίους ηγέτες,previous_vote_party,ΑΝΕΛ,Κυριάκος Μητσοτάκης,42.7377,2019,Q2,low
,leader_trait,Πατριωτισμός,previous_vote_party,ΑΝΕΛ,both,3.9561,2019,Q2,low
,leader_trait,Πατριωτισμός,previous_vote_party,ΑΝΕΛ,Αλέξης Τσίπρας,41.7213,2019,Q2,low
,leader_trait,Πατριωτισμός,previous_vote_party,ΑΝΕΛ,Κυριάκος Μητσοτάκης,54.3226,2019,Q2,low
,leader_trait,Ηγετικά προσόντα / ισχυρός ηγέτης,previous_vote_party,ΑΝΕΛ,both,4.6489,2019,Q2,low
,leader_trait,Ηγετικά προσόντα / ισχυρός ηγέτης,previous_vote_party,ΑΝΕΛ,Αλέξης Τσίπρας,72.512,2019,Q2,low
,leader_trait,Ηγετικά προσόντα / ισχυρός ηγέτης,previous_vote_party,ΑΝΕΛ,Κυριάκος Μητσοτάκης,22.8391,2019,Q2,low
Αλέξης Τσίπρας,leader_approval,Έγκριση/αποδοχή: Αλέξης Τσίπρας,previous_vote_party,ΝΔ,negative_approval,91.6212,2019,Q2,high
Αλέξης Τσίπρας,leader_approval,Έγκριση/αποδοχή: Αλέξης Τσίπρας,previous_vote_party,ΝΔ,positive_approval,8.3788,2019,Q2,high
Κυριάκος Μητσοτάκης,leader_approval,Έγκριση/αποδοχή: Κυριάκος Μητσοτάκης,previous_vote_party,ΝΔ,negative_approval,22.262,2019,Q2,high
Κυριάκος Μητσοτάκης,leader_approval,Έγκριση/αποδοχή: Κυριάκος Μητσοτάκης,previous_vote_party,ΝΔ,positive_approval,77.738,2019,Q2,high
,leader_trait,Σταθερότητα χώρας,previous_vote_party,ΝΔ,both,0.3625,2019,Q2,high
,leader_trait,Σταθερότητα χώρας,previous_vote_party,ΝΔ,Αλέξης Τσίπρας,11.1267,2019,Q2,high
,leader_trait,Σταθερότητα χώρας,previous_vote_party,ΝΔ,Κυριάκος Μητσοτάκης,88.5108,2019,Q2,high
,leader_trait,Κοντά στους πολίτες,previous_vote_party,ΝΔ,both,0.2297,2019,Q2,medium
,leader_trait,Κοντά στους πολίτες,previous_vote_party,ΝΔ,Αλέξης Τσίπρας,8.9574,2019,Q2,medium
,leader_trait,Κοντά στους πολίτες,previous_vote_party,ΝΔ,Κυριάκος Μητσοτάκης,90.8129,2019,Q2,medium
,leader_trait,Ικανότητα στην οικονομία,previous_vote_party,ΝΔ,both,0.6201,2019,Q2,high
,leader_trait,Ικανότητα στην οικονομία,previous_vote_party,ΝΔ,Αλέξης Τσίπρας,5.5209,2019,Q2,high
,leader_trait,Ικανότητα στην οικονομία,previous_vote_party,ΝΔ,Κυριάκος Μητσοτάκης,93.859,2019,Q2,high
,leader_trait,Εντιμότητα / ακεραιότητα,previous_vote_party,ΝΔ,Αλέξης Τσίπρας,7.172,2019,Q2,medium
,leader_trait,Εντιμότητα / ακεραιότητα,previous_vote_party,ΝΔ,Κυριάκος Μητσοτάκης,92.828,2019,Q2,medium
,leader_trait,Δίνει ελπίδα,previous_vote_party,ΝΔ,Αλέξης Τσίπρας,8.1004,2019,Q2,high
,leader_trait,Δίνει ελπίδα,previous_vote_party,ΝΔ,Κυριάκος Μητσοτάκης,91.8996,2019,Q2,high
,leader_trait,Σεβασμός από Ευρωπαίους ηγέτες,previous_vote_party,ΝΔ,both,3.0694,2019,Q2,high
,leader_trait,Σεβασμός από Ευρωπαίους ηγέτες,previous_vote_party,ΝΔ,Αλέξης Τσίπρας,8.0671,2019,Q2,high
,leader_trait,Σεβασμός από Ευρωπαίους ηγέτες,previous_vote_party,ΝΔ,Κυριάκος Μητσοτάκης,88.8635,2019,Q2,high
,leader_trait,Πατριωτισμός,previous_vote_party,ΝΔ,both,4.6238,2019,Q2,medium
,leader_trait,Πατριωτισμός,previous_vote_party,ΝΔ,Αλέξης Τσίπρας,4.9427,2019,Q2,medium
,leader_trait,Πατριωτισμός,previous_vote_party,ΝΔ,Κυριάκος Μητσοτάκης,90.4336,2019,Q2,medium
,leader_trait,Ηγετικά προσόντα / ισχυρός ηγέτης,previous_vote_party,ΝΔ,both,0.7379,2019,Q2,medium
,leader_trait,Ηγετικά προσόντα / ισχυρός ηγέτης,previous_vote_party,ΝΔ,Αλέξης Τσίπρας,14.8751,2019,Q2,medium
,leader_trait,Ηγετικά προσόντα / ισχυρός ηγέτης,previous_vote_party,ΝΔ,Κυριάκος Μητσοτάκης,84.3871,2019,Q2,medium
Αλέξης Τσίπρας,leader_approval,Έγκριση/αποδοχή: Αλέξης Τσίπρας,previous_vote_party,Ποτάμι,negative_approval,81.1701,2019,Q2,low
Αλέξης Τσίπρας,leader_approval,Έγκριση/αποδοχή: Αλέξης Τσίπρας,previous_vote_party,Ποτάμι,positive_approval,18.8299,2019,Q2,low
Κυριάκος Μητσοτάκης,leader_approval,Έγκριση/αποδοχή: Κυριάκος Μητσοτάκης,previous_vote_party,Ποτάμι,negative_approval,47.7318,2019,Q2,low
Κυριάκος Μητσοτάκης,leader_approval,Έγκριση/αποδοχή: Κυριάκος Μητσοτάκης,previous_vote_party,Ποτάμι,positive_approval,52.2682,2019,Q2,low
,leader_trait,Σταθερότητα χώρας,previous_vote_party,Ποτάμι,both,10.4941,2019,Q2,low
,leader_trait,Σταθερότητα χώρας,previous_vote_party,Ποτάμι,Αλέξης Τσίπρας,19.5323,2019,Q2,low
,leader_trait,Σταθερότητα χώρας,previous_vote_party,Ποτάμι,Κυριάκος Μητσοτάκης,69.9735,2019,Q2,low
,leader_trait,Κοντά στους πολίτες,previous_vote_party,Ποτάμι,Αλέξης Τσίπρας,32.5363,2019,Q2,low
,leader_trait,Κοντά στους πολίτες,previous_vote_party,Ποτάμι,Κυριάκος Μητσοτάκης,67.4637,2019,Q2,low
,leader_trait,Ικανότητα στην οικονομία,previous_vote_party,Ποτάμι,both,2.5752,2019,Q2,low
,leader_trait,Ικανότητα στην οικονομία,previous_vote_party,Ποτάμι,Αλέξης Τσίπρας,11.9112,2019,Q2,low
,leader_trait,Ικανότητα στην οικονομία,previous_vote_party,Ποτάμι,Κυριάκος Μητσοτάκης,85.5137,2019,Q2,low
,leader_trait,Εντιμότητα / ακεραιότητα,previous_vote_party,Ποτάμι,Αλέξης Τσίπρας,24.138,2019,Q2,low
,leader_trait,Εντιμότητα / ακεραιότητα,previous_vote_party,Ποτάμι,Κυριάκος Μητσοτάκης,75.862,2019,Q2,low
,leader_trait,Δίνει ελπίδα,previous_vote_party,Ποτάμι,both,3.5552,2019,Q2,low
,leader_trait,Δίνει ελπίδα,previous_vote_party,Ποτάμι,Αλέξης Τσίπρας,22.3807,2019,Q2,low
,leader_trait,Δίνει ελπίδα,previous_vote_party,Ποτάμι,Κυριάκος Μητσοτάκης,74.0641,2019,Q2,low
,leader_trait,Σεβασμός από Ευρωπαίους ηγέτες,previous_vote_party,Ποτάμι,both,10.0426,2019,Q2,low
,leader_trait,Σεβασμός από Ευρωπαίους ηγέτες,previous_vote_party,Ποτάμι,Αλέξης Τσίπρας,29.4062,2019,Q2,low
,leader_trait,Σεβασμός από Ευρωπαίους ηγέτες,previous_vote_party,Ποτάμι,Κυριάκος Μητσοτάκης,60.5512,2019,Q2,low
,leader_trait,Πατριωτισμός,previous_vote_party,Ποτάμι,both,17.8839,2019,Q2,low
,leader_trait,Πατριωτισμός,previous_vote_party,Ποτάμι,Αλέξης Τσίπρας,17.6608,2019,Q2,low
,leader_trait,Πατριωτισμός,previous_vote_party,Ποτάμι,Κυριάκος Μητσοτάκης,64.4553,2019,Q2,low
,leader_trait,Ηγετικά προσόντα / ισχυρός ηγέτης,previous_vote_party,Ποτάμι,both,3.6682,2019,Q2,low
,leader_trait,Ηγετικά προσόντα / ισχυρός ηγέτης,previous_vote_party,Ποτάμι,Αλέξης Τσίπρας,58.4582,2019,Q2,low
,leader_trait,Ηγετικά προσόντα / ισχυρός ηγέτης,previous_vote_party,Ποτάμι,Κυριάκος Μητσοτάκης,37.8735,2019,Q2,low
Αλέξης Τσίπρας,leader_approval,Έγκριση/αποδοχή: Αλέξης Τσίπρας,previous_vote_party,ΣΥΡΙΖΑ,negative_approval,28.8075,2019,Q2,high
Αλέξης Τσίπρας,leader_approval,Έγκριση/αποδοχή: Αλέξης Τσίπρας,previous_vote_party,ΣΥΡΙΖΑ,positive_approval,71.1925,2019,Q2,high
Κυριάκος Μητσοτάκης,leader_approval,Έγκριση/αποδοχή: Κυριάκος Μητσοτάκης,previous_vote_party,ΣΥΡΙΖΑ,negative_approval,90.3295,2019,Q2,high
Κυριάκος Μητσοτάκης,leader_approval,Έγκριση/αποδοχή: Κυριάκος Μητσοτάκης,previous_vote_party,ΣΥΡΙΖΑ,positive_approval,9.6705,2019,Q2,high
,leader_trait,Σταθερότητα χώρας,previous_vote_party,ΣΥΡΙΖΑ,both,2.8853,2019,Q2,high
,leader_trait,Σταθερότητα χώρας,previous_vote_party,ΣΥΡΙΖΑ,Αλέξης Τσίπρας,83.5314,2019,Q2,high
,leader_trait,Σταθερότητα χώρας,previous_vote_party,ΣΥΡΙΖΑ,Κυριάκος Μητσοτάκης,13.5833,2019,Q2,high
,leader_trait,Κοντά στους πολίτες,previous_vote_party,ΣΥΡΙΖΑ,both,1.6945,2019,Q2,high
,leader_trait,Κοντά στους πολίτες,previous_vote_party,ΣΥΡΙΖΑ,Αλέξης Τσίπρας,90.4997,2019,Q2,high
,leader_trait,Κοντά στους πολίτες,previous_vote_party,ΣΥΡΙΖΑ,Κυριάκος Μητσοτάκης,7.8058,2019,Q2,high
,leader_trait,Ικανότητα στην οικονομία,previous_vote_party,ΣΥΡΙΖΑ,both,8.3505,2019,Q2,high
,leader_trait,Ικανότητα στην οικονομία,previous_vote_party,ΣΥΡΙΖΑ,Αλέξης Τσίπρας,72.7951,2019,Q2,high
,leader_trait,Ικανότητα στην οικονομία,previous_vote_party,ΣΥΡΙΖΑ,Κυριάκος Μητσοτάκης,18.8544,2019,Q2,high
,leader_trait,Εντιμότητα / ακεραιότητα,previous_vote_party,ΣΥΡΙΖΑ,both,0.8014,2019,Q2,high
,leader_trait,Εντιμότητα / ακεραιότητα,previous_vote_party,ΣΥΡΙΖΑ,Αλέξης Τσίπρας,86.8391,2019,Q2,high
,leader_trait,Εντιμότητα / ακεραιότητα,previous_vote_party,ΣΥΡΙΖΑ,Κυριάκος Μητσοτάκης,12.3594,2019,Q2,high
,leader_trait,Δίνει ελπίδα,previous_vote_party,ΣΥΡΙΖΑ,both,0.2569,2019,Q2,high
,leader_trait,Δίνει ελπίδα,previous_vote_party,ΣΥΡΙΖΑ,Αλέξης Τσίπρας,89.424,2019,Q2,high
,leader_trait,Δίνει ελπίδα,previous_vote_party,ΣΥΡΙΖΑ,Κυριάκος Μητσοτάκης,10.3191,2019,Q2,high
,leader_trait,Σεβασμός από Ευρωπαίους ηγέτες,previous_vote_party,ΣΥΡΙΖΑ,both,3.0116,2019,Q2,high
,leader_trait,Σεβασμός από Ευρωπαίους ηγέτες,previous_vote_party,ΣΥΡΙΖΑ,Αλέξης Τσίπρας,84.081,2019,Q2,high
,leader_trait,Σεβασμός από Ευρωπαίους ηγέτες,previous_vote_party,ΣΥΡΙΖΑ,Κυριάκος Μητσοτάκης,12.9074,2019,Q2,high
,leader_trait,Πατριωτισμός,previous_vote_party,ΣΥΡΙΖΑ,both,9.6949,2019,Q2,high
,leader_trait,Πατριωτισμός,previous_vote_party,ΣΥΡΙΖΑ,Αλέξης Τσίπρας,76.6428,2019,Q2,high
,leader_trait,Πατριωτισμός,previous_vote_party,ΣΥΡΙΖΑ,Κυριάκος Μητσοτάκης,13.6623,2019,Q2,high
,leader_trait,Ηγετικά προσόντα / ισχυρός ηγέτης,previous_vote_party,ΣΥΡΙΖΑ,both,0.9734,2019,Q2,high
,leader_trait,Ηγετικά προσόντα / ισχυρός ηγέτης,previous_vote_party,ΣΥΡΙΖΑ,Αλέξης Τσίπρας,90.9058,2019,Q2,high
,leader_trait,Ηγετικά προσόντα / ισχυρός ηγέτης,previous_vote_party,ΣΥΡΙΖΑ,Κυριάκος Μητσοτάκης,8.1209,2019,Q2,high
Αλέξης Τσίπρας,leader_approval,Έγκριση/αποδοχή: Αλέξης Τσίπρας,previous_vote_party,Χρυσή Αυγή,negative_approval,96.783,2019,Q2,low
Αλέξης Τσίπρας,leader_approval,Έγκριση/αποδοχή: Αλέξης Τσίπρας,previous_vote_party,Χρυσή Αυγή,positive_approval,3.217,2019,Q2,low
Κυριάκος Μητσοτάκης,leader_approval,Έγκριση/αποδοχή: Κυριάκος Μητσοτάκης,previous_vote_party,Χρυσή Αυγή,negative_approval,83.0783,2019,Q2,low
Κυριάκος Μητσοτάκης,leader_approval,Έγκριση/αποδοχή: Κυριάκος Μητσοτάκης,previous_vote_party,Χρυσή Αυγή,positive_approval,16.9217,2019,Q2,low
,leader_trait,Σταθερότητα χώρας,previous_vote_party,Χρυσή Αυγή,both,2.5185,2019,Q2,low
,leader_trait,Σταθερότητα χώρας,previous_vote_party,Χρυσή Αυγή,Αλέξης Τσίπρας,9.562,2019,Q2,low
,leader_trait,Σταθερότητα χώρας,previous_vote_party,Χρυσή Αυγή,Κυριάκος Μητσοτάκης,87.9195,2019,Q2,low
,leader_trait,Κοντά στους πολίτες,previous_vote_party,Χρυσή Αυγή,Αλέξης Τσίπρας,18.5473,2019,Q2,low
,leader_trait,Κοντά στους πολίτες,previous_vote_party,Χρυσή Αυγή,Κυριάκος Μητσοτάκης,81.4527,2019,Q2,low
,leader_trait,Ικανότητα στην οικονομία,previous_vote_party,Χρυσή Αυγή,both,8.3935,2019,Q2,low
,leader_trait,Ικανότητα στην οικονομία,previous_vote_party,Χρυσή Αυγή,Αλέξης Τσίπρας,9.4107,2019,Q2,low
,leader_trait,Ικανότητα στην οικονομία,previous_vote_party,Χρυσή Αυγή,Κυριάκος Μητσοτάκης,82.1958,2019,Q2,low
,leader_trait,Εντιμότητα / ακεραιότητα,previous_vote_party,Χρυσή Αυγή,both,6.6931,2019,Q2,low
,leader_trait,Εντιμότητα / ακεραιότητα,previous_vote_party,Χρυσή Αυγή,Αλέξης Τσίπρας,12.2806,2019,Q2,low
,leader_trait,Εντιμότητα / ακεραιότητα,previous_vote_party,Χρυσή Αυγή,Κυριάκος Μητσοτάκης,81.0263,2019,Q2,low
,leader_trait,Δίνει ελπίδα,previous_vote_party,Χρυσή Αυγή,Αλέξης Τσίπρας,19.2392,2019,Q2,low
,leader_trait,Δίνει ελπίδα,previous_vote_party,Χρυσή Αυγή,Κυριάκος Μητσοτάκης,80.7608,2019,Q2,low
,leader_trait,Σεβασμός από Ευρωπαίους ηγέτες,previous_vote_party,Χρυσή Αυγή,both,9.043,2019,Q2,low
,leader_trait,Σεβασμός από Ευρωπαίους ηγέτες,previous_vote_party,Χρυσή Αυγή,Αλέξης Τσίπρας,17.6035,2019,Q2,low
,leader_trait,Σεβασμός από Ευρωπαίους ηγέτες,previous_vote_party,Χρυσή Αυγή,Κυριάκος Μητσοτάκης,73.3535,2019,Q2,low
,leader_trait,Πατριωτισμός,previous_vote_party,Χρυσή Αυγή,Αλέξης Τσίπρας,6.8883,2019,Q2,low
,leader_trait,Πατριωτισμός,previous_vote_party,Χρυσή Αυγή,Κυριάκος Μητσοτάκης,93.1117,2019,Q2,low
,leader_trait,Ηγετικά προσόντα / ισχυρός ηγέτης,previous_vote_party,Χρυσή Αυγή,both,4.6208,2019,Q2,low
,leader_trait,Ηγετικά προσόντα / ισχυρός ηγέτης,previous_vote_party,Χρυσή Αυγή,Αλέξης Τσίπρας,18.5101,2019,Q2,low
,leader_trait,Ηγετικά προσόντα / ισχυρός ηγέτης,previous_vote_party,Χρυσή Αυγή,Κυριάκος Μητσοτάκης,76.8691,2019,Q2,low
Αλέξης Τσίπρας,leader_approval,Έγκριση/αποδοχή: Αλέξης Τσίπρας,region_group,01,negative_approval,55.2926,2019,Q2,low
Αλέξης Τσίπρας,leader_approval,Έγκριση/αποδοχή: Αλέξης Τσίπρας,region_group,01,positive_approval,44.7074,2019,Q2,low
Κυριάκος Μητσοτάκης,leader_approval,Έγκριση/αποδοχή: Κυριάκος Μητσοτάκης,region_group,01,negative_approval,80.3607,2019,Q2,low
Κυριάκος Μητσοτάκης,leader_approval,Έγκριση/αποδοχή: Κυριάκος Μητσοτάκης,region_group,01,positive_approval,19.6393,2019,Q2,low
,leader_trait,Σταθερότητα χώρας,region_group,01,Αλέξης Τσίπρας,31.8283,2019,Q2,low
,leader_trait,Σταθερότητα χώρας,region_group,01,Κυριάκος Μητσοτάκης,68.1717,2019,Q2,low
,leader_trait,Κοντά στους πολίτες,region_group,01,Αλέξης Τσίπρας,56.7935,2019,Q2,low
,leader_trait,Κοντά στους πολίτες,region_group,01,Κυριάκος Μητσοτάκης,43.2065,2019,Q2,low
,leader_trait,Ικανότητα στην οικονομία,region_group,01,both,21.1701,2019,Q2,low
,leader_trait,Ικανότητα στην οικονομία,region_group,01,Αλέξης Τσίπρας,28.928,2019,Q2,low
,leader_trait,Ικανότητα στην οικονομία,region_group,01,Κυριάκος Μητσοτάκης,49.9019,2019,Q2,low
,leader_trait,Εντιμότητα / ακεραιότητα,region_group,01,Αλέξης Τσίπρας,56.7935,2019,Q2,low
,leader_trait,Εντιμότητα / ακεραιότητα,region_group,01,Κυριάκος Μητσοτάκης,43.2065,2019,Q2,low
,leader_trait,Δίνει ελπίδα,region_group,01,Αλέξης Τσίπρας,56.7935,2019,Q2,low
,leader_trait,Δίνει ελπίδα,region_group,01,Κυριάκος Μητσοτάκης,43.2065,2019,Q2,low
,leader_trait,Σεβασμός από Ευρωπαίους ηγέτες,region_group,01,Αλέξης Τσίπρας,65.0638,2019,Q2,low
,leader_trait,Σεβασμός από Ευρωπαίους ηγέτες,region_group,01,Κυριάκος Μητσοτάκης,34.9362,2019,Q2,low
,leader_trait,Πατριωτισμός,region_group,01,both,29.36,2019,Q2,low
,leader_trait,Πατριωτισμός,region_group,01,Αλέξης Τσίπρας,40.119,2019,Q2,low
,leader_trait,Πατριωτισμός,region_group,01,Κυριάκος Μητσοτάκης,30.5211,2019,Q2,low
,leader_trait,Ηγετικά προσόντα / ισχυρός ηγέτης,region_group,01,Αλέξης Τσίπρας,69.4789,2019,Q2,low
,leader_trait,Ηγετικά προσόντα / ισχυρός ηγέτης,region_group,01,Κυριάκος Μητσοτάκης,30.5211,2019,Q2,low
Αλέξης Τσίπρας,leader_approval,Έγκριση/αποδοχή: Αλέξης Τσίπρας,region_group,02,negative_approval,100.0,2019,Q2,low
Κυριάκος Μητσοτάκης,leader_approval,Έγκριση/αποδοχή: Κυριάκος Μητσοτάκης,region_group,02,negative_approval,80.6458,2019,Q2,low
Κυριάκος Μητσοτάκης,leader_approval,Έγκριση/αποδοχή: Κυριάκος Μητσοτάκης,region_group,02,positive_approval,19.3542,2019,Q2,low
,leader_trait,Σταθερότητα χώρας,region_group,02,Αλέξης Τσίπρας,55.2293,2019,Q2,low
,leader_trait,Σταθερότητα χώρας,region_group,02,Κυριάκος Μητσοτάκης,44.7707,2019,Q2,low
,leader_trait,Κοντά στους πολίτες,region_group,02,Κυριάκος Μητσοτάκης,100.0,2019,Q2,low
,leader_trait,Ικανότητα στην οικονομία,region_group,02,Κυριάκος Μητσοτάκης,100.0,2019,Q2,low
,leader_trait,Εντιμότητα / ακεραιότητα,region_group,02,Κυριάκος Μητσοτάκης,100.0,2019,Q2,low
,leader_trait,Δίνει ελπίδα,region_group,02,Κυριάκος Μητσοτάκης,100.0,2019,Q2,low
,leader_trait,Σεβασμός από Ευρωπαίους ηγέτες,region_group,02,Κυριάκος Μητσοτάκης,100.0,2019,Q2,low
,leader_trait,Πατριωτισμός,region_group,02,both,44.6386,2019,Q2,low
,leader_trait,Πατριωτισμός,region_group,02,Κυριάκος Μητσοτάκης,55.3614,2019,Q2,low
,leader_trait,Ηγετικά προσόντα / ισχυρός ηγέτης,region_group,02,Αλέξης Τσίπρας,55.2293,2019,Q2,low
,leader_trait,Ηγετικά προσόντα / ισχυρός ηγέτης,region_group,02,Κυριάκος Μητσοτάκης,44.7707,2019,Q2,low
Αλέξης Τσίπρας,leader_approval,Έγκριση/αποδοχή: Αλέξης Τσίπρας,region_group,03,negative_approval,89.1904,2019,Q2,low
Αλέξης Τσίπρας,leader_approval,Έγκριση/αποδοχή: Αλέξης Τσίπρας,region_group,03,positive_approval,10.8096,2019,Q2,low
Κυριάκος Μητσοτάκης,leader_approval,Έγκριση/αποδοχή: Κυριάκος Μητσοτάκης,region_group,03,negative_approval,68.9286,2019,Q2,low
Κυριάκος Μητσοτάκης,leader_approval,Έγκριση/αποδοχή: Κυριάκος Μητσοτάκης,region_group,03,positive_approval,31.0714,2019,Q2,low
,leader_trait,Σταθερότητα χώρας,region_group,03,Αλέξης Τσίπρας,25.8102,2019,Q2,low
,leader_trait,Σταθερότητα χώρας,region_group,03,Κυριάκος Μητσοτάκης,74.1898,2019,Q2,low
,leader_trait,Κοντά στους πολίτες,region_group,03,Αλέξης Τσίπρας,25.8102,2019,Q2,low
,leader_trait,Κοντά στους πολίτες,region_group,03,Κυριάκος Μητσοτάκης,74.1898,2019,Q2,low
,leader_trait,Ικανότητα στην οικονομία,region_group,03,Αλέξης Τσίπρας,18.2272,2019,Q2,low
,leader_trait,Ικανότητα στην οικονομία,region_group,03,Κυριάκος Μητσοτάκης,81.7728,2019,Q2,low
,leader_trait,Εντιμότητα / ακεραιότητα,region_group,03,Αλέξης Τσίπρας,25.8102,2019,Q2,low
,leader_trait,Εντιμότητα / ακεραιότητα,region_group,03,Κυριάκος Μητσοτάκης,74.1898,2019,Q2,low
,leader_trait,Δίνει ελπίδα,region_group,03,Αλέξης Τσίπρας,25.8102,2019,Q2,low
,leader_trait,Δίνει ελπίδα,region_group,03,Κυριάκος Μητσοτάκης,74.1898,2019,Q2,low
,leader_trait,Σεβασμός από Ευρωπαίους ηγέτες,region_group,03,Αλέξης Τσίπρας,21.7627,2019,Q2,low
,leader_trait,Σεβασμός από Ευρωπαίους ηγέτες,region_group,03,Κυριάκος Μητσοτάκης,78.2373,2019,Q2,low
,leader_trait,Πατριωτισμός,region_group,03,Αλέξης Τσίπρας,20.9832,2019,Q2,low
,leader_trait,Πατριωτισμός,region_group,03,Κυριάκος Μητσοτάκης,79.0168,2019,Q2,low
,leader_trait,Ηγετικά προσόντα / ισχυρός ηγέτης,region_group,03,Αλέξης Τσίπρας,47.6072,2019,Q2,low
,leader_trait,Ηγετικά προσόντα / ισχυρός ηγέτης,region_group,03,Κυριάκος Μητσοτάκης,52.3928,2019,Q2,low
Αλέξης Τσίπρας,leader_approval,Έγκριση/αποδοχή: Αλέξης Τσίπρας,region_group,04,negative_approval,84.088,2019,Q2,low
Αλέξης Τσίπρας,leader_approval,Έγκριση/αποδοχή: Αλέξης Τσίπρας,region_group,04,positive_approval,15.912,2019,Q2,low
Κυριάκος Μητσοτάκης,leader_approval,Έγκριση/αποδοχή: Κυριάκος Μητσοτάκης,region_group,04,negative_approval,52.2869,2019,Q2,low
Κυριάκος Μητσοτάκης,leader_approval,Έγκριση/αποδοχή: Κυριάκος Μητσοτάκης,region_group,04,positive_approval,47.7131,2019,Q2,low
,leader_trait,Σταθερότητα χώρας,region_group,04,Αλέξης Τσίπρας,25.6976,2019,Q2,low
,leader_trait,Σταθερότητα χώρας,region_group,04,Κυριάκος Μητσοτάκης,74.3024,2019,Q2,low
,leader_trait,Κοντά στους πολίτες,region_group,04,Αλέξης Τσίπρας,100.0,2019,Q2,low
,leader_trait,Ικανότητα στην οικονομία,region_group,04,both,26.6205,2019,Q2,low
,leader_trait,Ικανότητα στην οικονομία,region_group,04,Αλέξης Τσίπρας,22.7737,2019,Q2,low
,leader_trait,Ικανότητα στην οικονομία,region_group,04,Κυριάκος Μητσοτάκης,50.6058,2019,Q2,low
,leader_trait,Εντιμότητα / ακεραιότητα,region_group,04,Αλέξης Τσίπρας,40.0,2019,Q2,low
,leader_trait,Εντιμότητα / ακεραιότητα,region_group,04,Κυριάκος Μητσοτάκης,60.0,2019,Q2,low
,leader_trait,Δίνει ελπίδα,region_group,04,Αλέξης Τσίπρας,31.5528,2019,Q2,low
,leader_trait,Δίνει ελπίδα,region_group,04,Κυριάκος Μητσοτάκης,68.4472,2019,Q2,low
,leader_trait,Σεβασμός από Ευρωπαίους ηγέτες,region_group,04,both,13.2919,2019,Q2,low
,leader_trait,Σεβασμός από Ευρωπαίους ηγέτες,region_group,04,Αλέξης Τσίπρας,22.2819,2019,Q2,low
,leader_trait,Σεβασμός από Ευρωπαίους ηγέτες,region_group,04,Κυριάκος Μητσοτάκης,64.4262,2019,Q2,low
,leader_trait,Πατριωτισμός,region_group,04,Αλέξης Τσίπρας,100.0,2019,Q2,low
,leader_trait,Ηγετικά προσόντα / ισχυρός ηγέτης,region_group,04,Αλέξης Τσίπρας,58.0681,2019,Q2,low
,leader_trait,Ηγετικά προσόντα / ισχυρός ηγέτης,region_group,04,Κυριάκος Μητσοτάκης,41.9319,2019,Q2,low
Αλέξης Τσίπρας,leader_approval,Έγκριση/αποδοχή: Αλέξης Τσίπρας,region_group,05,negative_approval,61.0181,2019,Q2,low
Αλέξης Τσίπρας,leader_approval,Έγκριση/αποδοχή: Αλέξης Τσίπρας,region_group,05,positive_approval,38.9819,2019,Q2,low
Κυριάκος Μητσοτάκης,leader_approval,Έγκριση/αποδοχή: Κυριάκος Μητσοτάκης,region_group,05,negative_approval,79.1903,2019,Q2,low
Κυριάκος Μητσοτάκης,leader_approval,Έγκριση/αποδοχή: Κυριάκος Μητσοτάκης,region_group,05,positive_approval,20.8097,2019,Q2,low
,leader_trait,Σταθερότητα χώρας,region_group,05,Αλέξης Τσίπρας,52.8238,2019,Q2,low
,leader_trait,Σταθερότητα χώρας,region_group,05,Κυριάκος Μητσοτάκης,47.1762,2019,Q2,low
,leader_trait,Κοντά στους πολίτες,region_group,05,Αλέξης Τσίπρας,67.4099,2019,Q2,low
,leader_trait,Κοντά στους πολίτες,region_group,05,Κυριάκος Μητσοτάκης,32.5901,2019,Q2,low
,leader_trait,Ικανότητα στην οικονομία,region_group,05,both,5.5812,2019,Q2,low
,leader_trait,Ικανότητα στην οικονομία,region_group,05,Αλέξης Τσίπρας,37.4264,2019,Q2,low
,leader_trait,Ικανότητα στην οικονομία,region_group,05,Κυριάκος Μητσοτάκης,56.9924,2019,Q2,low
,leader_trait,Εντιμότητα / ακεραιότητα,region_group,05,Αλέξης Τσίπρας,48.5315,2019,Q2,low
,leader_trait,Εντιμότητα / ακεραιότητα,region_group,05,Κυριάκος Μητσοτάκης,51.4685,2019,Q2,low
,leader_trait,Δίνει ελπίδα,region_group,05,Αλέξης Τσίπρας,53.234,2019,Q2,low
,leader_trait,Δίνει ελπίδα,region_group,05,Κυριάκος Μητσοτάκης,46.766,2019,Q2,low
,leader_trait,Σεβασμός από Ευρωπαίους ηγέτες,region_group,05,both,3.8291,2019,Q2,low
,leader_trait,Σεβασμός από Ευρωπαίους ηγέτες,region_group,05,Αλέξης Τσίπρας,56.1184,2019,Q2,low
,leader_trait,Σεβασμός από Ευρωπαίους ηγέτες,region_group,05,Κυριάκος Μητσοτάκης,40.0526,2019,Q2,low
,leader_trait,Πατριωτισμός,region_group,05,both,9.2837,2019,Q2,low
,leader_trait,Πατριωτισμός,region_group,05,Αλέξης Τσίπρας,42.4279,2019,Q2,low
,leader_trait,Πατριωτισμός,region_group,05,Κυριάκος Μητσοτάκης,48.2884,2019,Q2,low
,leader_trait,Ηγετικά προσόντα / ισχυρός ηγέτης,region_group,05,Αλέξης Τσίπρας,59.6588,2019,Q2,low
,leader_trait,Ηγετικά προσόντα / ισχυρός ηγέτης,region_group,05,Κυριάκος Μητσοτάκης,40.3412,2019,Q2,low
Αλέξης Τσίπρας,leader_approval,Έγκριση/αποδοχή: Αλέξης Τσίπρας,region_group,06,negative_approval,45.548,2019,Q2,low
Αλέξης Τσίπρας,leader_approval,Έγκριση/αποδοχή: Αλέξης Τσίπρας,region_group,06,positive_approval,54.452,2019,Q2,low
Κυριάκος Μητσοτάκης,leader_approval,Έγκριση/αποδοχή: Κυριάκος Μητσοτάκης,region_group,06,negative_approval,100.0,2019,Q2,low
,leader_trait,Σταθερότητα χώρας,region_group,06,Αλέξης Τσίπρας,54.452,2019,Q2,low
,leader_trait,Σταθερότητα χώρας,region_group,06,Κυριάκος Μητσοτάκης,45.548,2019,Q2,low
,leader_trait,Κοντά στους πολίτες,region_group,06,Αλέξης Τσίπρας,100.0,2019,Q2,low
,leader_trait,Ικανότητα στην οικονομία,region_group,06,Αλέξης Τσίπρας,54.452,2019,Q2,low
,leader_trait,Ικανότητα στην οικονομία,region_group,06,Κυριάκος Μητσοτάκης,45.548,2019,Q2,low
,leader_trait,Εντιμότητα / ακεραιότητα,region_group,06,Αλέξης Τσίπρας,100.0,2019,Q2,low
,leader_trait,Δίνει ελπίδα,region_group,06,Αλέξης Τσίπρας,100.0,2019,Q2,low
,leader_trait,Σεβασμός από Ευρωπαίους ηγέτες,region_group,06,Αλέξης Τσίπρας,54.452,2019,Q2,low
,leader_trait,Σεβασμός από Ευρωπαίους ηγέτες,region_group,06,Κυριάκος Μητσοτάκης,45.548,2019,Q2,low
,leader_trait,Πατριωτισμός,region_group,06,Αλέξης Τσίπρας,100.0,2019,Q2,low
,leader_trait,Ηγετικά προσόντα / ισχυρός ηγέτης,region_group,06,Αλέξης Τσίπρας,100.0,2019,Q2,low
Αλέξης Τσίπρας,leader_approval,Έγκριση/αποδοχή: Αλέξης Τσίπρας,region_group,07,negative_approval,85.6416,2019,Q2,low
Αλέξης Τσίπρας,leader_approval,Έγκριση/αποδοχή: Αλέξης Τσίπρας,region_group,07,positive_approval,14.3584,2019,Q2,low
Κυριάκος Μητσοτάκης,leader_approval,Έγκριση/αποδοχή: Κυριάκος Μητσοτάκης,region_group,07,negative_approval,68.0377,2019,Q2,low
Κυριάκος Μητσοτάκης,leader_approval,Έγκριση/αποδοχή: Κυριάκος Μητσοτάκης,region_group,07,positive_approval,31.9623,2019,Q2,low
,leader_trait,Σταθερότητα χώρας,region_group,07,Αλέξης Τσίπρας,30.9978,2019,Q2,low
,leader_trait,Σταθερότητα χώρας,region_group,07,Κυριάκος Μητσοτάκης,69.0022,2019,Q2,low
,leader_trait,Κοντά στους πολίτες,region_group,07,Αλέξης Τσίπρας,33.4061,2019,Q2,low
,leader_trait,Κοντά στους πολίτες,region_group,07,Κυριάκος Μητσοτάκης,66.5939,2019,Q2,low
,leader_trait,Ικανότητα στην οικονομία,region_group,07,Αλέξης Τσίπρας,30.9978,2019,Q2,low
,leader_trait,Ικανότητα στην οικονομία,region_group,07,Κυριάκος Μητσοτάκης,69.0022,2019,Q2,low
,leader_trait,Εντιμότητα / ακεραιότητα,region_group,07,Αλέξης Τσίπρας,50.0,2019,Q2,low
,leader_trait,Εντιμότητα / ακεραιότητα,region_group,07,Κυριάκος Μητσοτάκης,50.0,2019,Q2,low
,leader_trait,Δίνει ελπίδα,region_group,07,Αλέξης Τσίπρας,33.4061,2019,Q2,low
,leader_trait,Δίνει ελπίδα,region_group,07,Κυριάκος Μητσοτάκης,66.5939,2019,Q2,low
,leader_trait,Σεβασμός από Ευρωπαίους ηγέτες,region_group,07,Αλέξης Τσίπρας,39.544,2019,Q2,low
,leader_trait,Σεβασμός από Ευρωπαίους ηγέτες,region_group,07,Κυριάκος Μητσοτάκης,60.456,2019,Q2,low
,leader_trait,Πατριωτισμός,region_group,07,both,13.0211,2019,Q2,low
,leader_trait,Πατριωτισμός,region_group,07,Αλέξης Τσίπρας,26.9616,2019,Q2,low
,leader_trait,Πατριωτισμός,region_group,07,Κυριάκος Μητσοτάκης,60.0173,2019,Q2,low
,leader_trait,Ηγετικά προσόντα / ισχυρός ηγέτης,region_group,07,Αλέξης Τσίπρας,40.2747,2019,Q2,low
,leader_trait,Ηγετικά προσόντα / ισχυρός ηγέτης,region_group,07,Κυριάκος Μητσοτάκης,59.7253,2019,Q2,low
,leader_trait,Σταθερότητα χώρας,region_group,08,Αλέξης Τσίπρας,100.0,2019,Q2,low
,leader_trait,Σεβασμός από Ευρωπαίους ηγέτες,region_group,08,Αλέξης Τσίπρας,100.0,2019,Q2,low
Αλέξης Τσίπρας,leader_approval,Έγκριση/αποδοχή: Αλέξης Τσίπρας,region_group,09,negative_approval,43.2768,2019,Q2,low
Αλέξης Τσίπρας,leader_approval,Έγκριση/αποδοχή: Αλέξης Τσίπρας,region_group,09,positive_approval,56.7232,2019,Q2,low
Κυριάκος Μητσοτάκης,leader_approval,Έγκριση/αποδοχή: Κυριάκος Μητσοτάκης,region_group,09,negative_approval,56.7232,2019,Q2,low
Κυριάκος Μητσοτάκης,leader_approval,Έγκριση/αποδοχή: Κυριάκος Μητσοτάκης,region_group,09,positive_approval,43.2768,2019,Q2,low
,leader_trait,Σταθερότητα χώρας,region_group,09,Αλέξης Τσίπρας,56.7232,2019,Q2,low
,leader_trait,Σταθερότητα χώρας,region_group,09,Κυριάκος Μητσοτάκης,43.2768,2019,Q2,low
,leader_trait,Κοντά στους πολίτες,region_group,09,Αλέξης Τσίπρας,56.7232,2019,Q2,low
,leader_trait,Κοντά στους πολίτες,region_group,09,Κυριάκος Μητσοτάκης,43.2768,2019,Q2,low
,leader_trait,Ικανότητα στην οικονομία,region_group,09,Αλέξης Τσίπρας,56.7232,2019,Q2,low
,leader_trait,Ικανότητα στην οικονομία,region_group,09,Κυριάκος Μητσοτάκης,43.2768,2019,Q2,low
,leader_trait,Εντιμότητα / ακεραιότητα,region_group,09,Αλέξης Τσίπρας,56.7232,2019,Q2,low
,leader_trait,Εντιμότητα / ακεραιότητα,region_group,09,Κυριάκος Μητσοτάκης,43.2768,2019,Q2,low
,leader_trait,Δίνει ελπίδα,region_group,09,Κυριάκος Μητσοτάκης,100.0,2019,Q2,low
,leader_trait,Σεβασμός από Ευρωπαίους ηγέτες,region_group,09,Αλέξης Τσίπρας,56.7232,2019,Q2,low
,leader_trait,Σεβασμός από Ευρωπαίους ηγέτες,region_group,09,Κυριάκος Μητσοτάκης,43.2768,2019,Q2,low
,leader_trait,Πατριωτισμός,region_group,09,Αλέξης Τσίπρας,56.7232,2019,Q2,low
,leader_trait,Πατριωτισμός,region_group,09,Κυριάκος Μητσοτάκης,43.2768,2019,Q2,low
,leader_trait,Ηγετικά προσόντα / ισχυρός ηγέτης,region_group,09,Αλέξης Τσίπρας,56.7232,2019,Q2,low
,leader_trait,Ηγετικά προσόντα / ισχυρός ηγέτης,region_group,09,Κυριάκος Μητσοτάκης,43.2768,2019,Q2,low
Αλέξης Τσίπρας,leader_approval,Έγκριση/αποδοχή: Αλέξης Τσίπρας,region_group,10,negative_approval,100.0,2019,Q2,low
Κυριάκος Μητσοτάκης,leader_approval,Έγκριση/αποδοχή: Κυριάκος Μητσοτάκης,region_group,10,negative_approval,100.0,2019,Q2,low
Αλέξης Τσίπρας,leader_approval,Έγκριση/αποδοχή: Αλέξης Τσίπρας,region_group,11,negative_approval,89.3806,2019,Q2,low
Αλέξης Τσίπρας,leader_approval,Έγκριση/αποδοχή: Αλέξης Τσίπρας,region_group,11,positive_approval,10.6194,2019,Q2,low
Κυριάκος Μητσοτάκης,leader_approval,Έγκριση/αποδοχή: Κυριάκος Μητσοτάκης,region_group,11,negative_approval,62.3957,2019,Q2,low
Κυριάκος Μητσοτάκης,leader_approval,Έγκριση/αποδοχή: Κυριάκος Μητσοτάκης,region_group,11,positive_approval,37.6043,2019,Q2,low
,leader_trait,Σταθερότητα χώρας,region_group,11,Αλέξης Τσίπρας,22.0212,2019,Q2,low
,leader_trait,Σταθερότητα χώρας,region_group,11,Κυριάκος Μητσοτάκης,77.9788,2019,Q2,low
,leader_trait,Κοντά στους πολίτες,region_group,11,Αλέξης Τσίπρας,33.2206,2019,Q2,low
,leader_trait,Κοντά στους πολίτες,region_group,11,Κυριάκος Μητσοτάκης,66.7794,2019,Q2,low
,leader_trait,Ικανότητα στην οικονομία,region_group,11,both,17.7383,2019,Q2,low
,leader_trait,Ικανότητα στην οικονομία,region_group,11,Αλέξης Τσίπρας,8.1194,2019,Q2,low
,leader_trait,Ικανότητα στην οικονομία,region_group,11,Κυριάκος Μητσοτάκης,74.1423,2019,Q2,low
,leader_trait,Εντιμότητα / ακεραιότητα,region_group,11,Αλέξης Τσίπρας,9.8702,2019,Q2,low
,leader_trait,Εντιμότητα / ακεραιότητα,region_group,11,Κυριάκος Μητσοτάκης,90.1298,2019,Q2,low
,leader_trait,Δίνει ελπίδα,region_group,11,Αλέξης Τσίπρας,24.4855,2019,Q2,low
,leader_trait,Δίνει ελπίδα,region_group,11,Κυριάκος Μητσοτάκης,75.5145,2019,Q2,low
,leader_trait,Σεβασμός από Ευρωπαίους ηγέτες,region_group,11,both,6.4953,2019,Q2,low
,leader_trait,Σεβασμός από Ευρωπαίους ηγέτες,region_group,11,Αλέξης Τσίπρας,17.6721,2019,Q2,low
,leader_trait,Σεβασμός από Ευρωπαίους ηγέτες,region_group,11,Κυριάκος Μητσοτάκης,75.8326,2019,Q2,low
,leader_trait,Πατριωτισμός,region_group,11,both,9.4951,2019,Q2,low
,leader_trait,Πατριωτισμός,region_group,11,Αλέξης Τσίπρας,14.9903,2019,Q2,low
,leader_trait,Πατριωτισμός,region_group,11,Κυριάκος Μητσοτάκης,75.5145,2019,Q2,low
,leader_trait,Ηγετικά προσόντα / ισχυρός ηγέτης,region_group,11,Αλέξης Τσίπρας,51.0345,2019,Q2,low
,leader_trait,Ηγετικά προσόντα / ισχυρός ηγέτης,region_group,11,Κυριάκος Μητσοτάκης,48.9655,2019,Q2,low
Αλέξης Τσίπρας,leader_approval,Έγκριση/αποδοχή: Αλέξης Τσίπρας,region_group,12,negative_approval,70.277,2019,Q2,low
Αλέξης Τσίπρας,leader_approval,Έγκριση/αποδοχή: Αλέξης Τσίπρας,region_group,12,positive_approval,29.723,2019,Q2,low
Κυριάκος Μητσοτάκης,leader_approval,Έγκριση/αποδοχή: Κυριάκος Μητσοτάκης,region_group,12,negative_approval,65.3453,2019,Q2,low
Κυριάκος Μητσοτάκης,leader_approval,Έγκριση/αποδοχή: Κυριάκος Μητσοτάκης,region_group,12,positive_approval,34.6547,2019,Q2,low
,leader_trait,Σταθερότητα χώρας,region_group,12,Αλέξης Τσίπρας,46.1698,2019,Q2,low
,leader_trait,Σταθερότητα χώρας,region_group,12,Κυριάκος Μητσοτάκης,53.8302,2019,Q2,low
,leader_trait,Κοντά στους πολίτες,region_group,12,Αλέξης Τσίπρας,63.0854,2019,Q2,low
,leader_trait,Κοντά στους πολίτες,region_group,12,Κυριάκος Μητσοτάκης,36.9146,2019,Q2,low
,leader_trait,Ικανότητα στην οικονομία,region_group,12,Αλέξης Τσίπρας,37.7519,2019,Q2,low
,leader_trait,Ικανότητα στην οικονομία,region_group,12,Κυριάκος Μητσοτάκης,62.2481,2019,Q2,low
,leader_trait,Εντιμότητα / ακεραιότητα,region_group,12,Αλέξης Τσίπρας,71.7058,2019,Q2,low
,leader_trait,Εντιμότητα / ακεραιότητα,region_group,12,Κυριάκος Μητσοτάκης,28.2942,2019,Q2,low
,leader_trait,Δίνει ελπίδα,region_group,12,Αλέξης Τσίπρας,46.1698,2019,Q2,low
,leader_trait,Δίνει ελπίδα,region_group,12,Κυριάκος Μητσοτάκης,53.8302,2019,Q2,low
,leader_trait,Σεβασμός από Ευρωπαίους ηγέτες,region_group,12,Αλέξης Τσίπρας,59.537,2019,Q2,low
,leader_trait,Σεβασμός από Ευρωπαίους ηγέτες,region_group,12,Κυριάκος Μητσοτάκης,40.463,2019,Q2,low
,leader_trait,Πατριωτισμός,region_group,12,Αλέξης Τσίπρας,63.0854,2019,Q2,low
,leader_trait,Πατριωτισμός,region_group,12,Κυριάκος Μητσοτάκης,36.9146,2019,Q2,low
,leader_trait,Ηγετικά προσόντα / ισχυρός ηγέτης,region_group,12,Αλέξης Τσίπρας,63.0854,2019,Q2,low
,leader_trait,Ηγετικά προσόντα / ισχυρός ηγέτης,region_group,12,Κυριάκος Μητσοτάκης,36.9146,2019,Q2,low
Αλέξης Τσίπρας,leader_approval,Έγκριση/αποδοχή: Αλέξης Τσίπρας,region_group,13,negative_approval,69.5834,2019,Q2,medium
Αλέξης Τσίπρας,leader_approval,Έγκριση/αποδοχή: Αλέξης Τσίπρας,region_group,13,positive_approval,30.4166,2019,Q2,medium
Κυριάκος Μητσοτάκης,leader_approval,Έγκριση/αποδοχή: Κυριάκος Μητσοτάκης,region_group,13,negative_approval,73.602,2019,Q2,medium
Κυριάκος Μητσοτάκης,leader_approval,Έγκριση/αποδοχή: Κυριάκος Μητσοτάκης,region_group,13,positive_approval,26.398,2019,Q2,medium
,leader_trait,Σταθερότητα χώρας,region_group,13,both,3.7437,2019,Q2,medium
,leader_trait,Σταθερότητα χώρας,region_group,13,Αλέξης Τσίπρας,47.4384,2019,Q2,medium
,leader_trait,Σταθερότητα χώρας,region_group,13,Κυριάκος Μητσοτάκης,48.8179,2019,Q2,medium
,leader_trait,Κοντά στους πολίτες,region_group,13,both,0.4664,2019,Q2,medium
,leader_trait,Κοντά στους πολίτες,region_group,13,Αλέξης Τσίπρας,63.7069,2019,Q2,medium
,leader_trait,Κοντά στους πολίτες,region_group,13,Κυριάκος Μητσοτάκης,35.8268,2019,Q2,medium
,leader_trait,Ικανότητα στην οικονομία,region_group,13,both,6.5178,2019,Q2,medium
,leader_trait,Ικανότητα στην οικονομία,region_group,13,Αλέξης Τσίπρας,33.7575,2019,Q2,medium
,leader_trait,Ικανότητα στην οικονομία,region_group,13,Κυριάκος Μητσοτάκης,59.7247,2019,Q2,medium
,leader_trait,Εντιμότητα / ακεραιότητα,region_group,13,Αλέξης Τσίπρας,48.7099,2019,Q2,medium
,leader_trait,Εντιμότητα / ακεραιότητα,region_group,13,Κυριάκος Μητσοτάκης,51.2901,2019,Q2,medium
,leader_trait,Δίνει ελπίδα,region_group,13,Αλέξης Τσίπρας,55.9185,2019,Q2,medium
,leader_trait,Δίνει ελπίδα,region_group,13,Κυριάκος Μητσοτάκης,44.0815,2019,Q2,medium
,leader_trait,Σεβασμός από Ευρωπαίους ηγέτες,region_group,13,both,3.7199,2019,Q2,medium
,leader_trait,Σεβασμός από Ευρωπαίους ηγέτες,region_group,13,Αλέξης Τσίπρας,51.1225,2019,Q2,medium
,leader_trait,Σεβασμός από Ευρωπαίους ηγέτες,region_group,13,Κυριάκος Μητσοτάκης,45.1576,2019,Q2,medium
,leader_trait,Πατριωτισμός,region_group,13,both,9.237,2019,Q2,medium
,leader_trait,Πατριωτισμός,region_group,13,Αλέξης Τσίπρας,42.1956,2019,Q2,medium
,leader_trait,Πατριωτισμός,region_group,13,Κυριάκος Μητσοτάκης,48.5674,2019,Q2,medium
,leader_trait,Ηγετικά προσόντα / ισχυρός ηγέτης,region_group,13,both,1.4899,2019,Q2,medium
,leader_trait,Ηγετικά προσόντα / ισχυρός ηγέτης,region_group,13,Αλέξης Τσίπρας,63.6014,2019,Q2,medium
,leader_trait,Ηγετικά προσόντα / ισχυρός ηγέτης,region_group,13,Κυριάκος Μητσοτάκης,34.9086,2019,Q2,medium
Αλέξης Τσίπρας,leader_approval,Έγκριση/αποδοχή: Αλέξης Τσίπρας,region_group,14,negative_approval,59.8414,2019,Q2,low
Αλέξης Τσίπρας,leader_approval,Έγκριση/αποδοχή: Αλέξης Τσίπρας,region_group,14,positive_approval,40.1586,2019,Q2,low
Κυριάκος Μητσοτάκης,leader_approval,Έγκριση/αποδοχή: Κυριάκος Μητσοτάκης,region_group,14,negative_approval,54.2304,2019,Q2,low
Κυριάκος Μητσοτάκης,leader_approval,Έγκριση/αποδοχή: Κυριάκος Μητσοτάκης,region_group,14,positive_approval,45.7696,2019,Q2,low
,leader_trait,Σταθερότητα χώρας,region_group,14,both,7.9264,2019,Q2,low
,leader_trait,Σταθερότητα χώρας,region_group,14,Αλέξης Τσίπρας,50.0713,2019,Q2,low
,leader_trait,Σταθερότητα χώρας,region_group,14,Κυριάκος Μητσοτάκης,42.0023,2019,Q2,low
,leader_trait,Κοντά στους πολίτες,region_group,14,Αλέξης Τσίπρας,63.4266,2019,Q2,low
,leader_trait,Κοντά στους πολίτες,region_group,14,Κυριάκος Μητσοτάκης,36.5734,2019,Q2,low
,leader_trait,Ικανότητα στην οικονομία,region_group,14,both,7.9264,2019,Q2,low
,leader_trait,Ικανότητα στην οικονομία,region_group,14,Αλέξης Τσίπρας,35.8814,2019,Q2,low
,leader_trait,Ικανότητα στην οικονομία,region_group,14,Κυριάκος Μητσοτάκης,56.1923,2019,Q2,low
,leader_trait,Εντιμότητα / ακεραιότητα,region_group,14,Αλέξης Τσίπρας,47.631,2019,Q2,low
,leader_trait,Εντιμότητα / ακεραιότητα,region_group,14,Κυριάκος Μητσοτάκης,52.369,2019,Q2,low
,leader_trait,Δίνει ελπίδα,region_group,14,Αλέξης Τσίπρας,47.4391,2019,Q2,low
,leader_trait,Δίνει ελπίδα,region_group,14,Κυριάκος Μητσοτάκης,52.5609,2019,Q2,low
,leader_trait,Σεβασμός από Ευρωπαίους ηγέτες,region_group,14,both,11.4761,2019,Q2,low
,leader_trait,Σεβασμός από Ευρωπαίους ηγέτες,region_group,14,Αλέξης Τσίπρας,51.9505,2019,Q2,low
,leader_trait,Σεβασμός από Ευρωπαίους ηγέτες,region_group,14,Κυριάκος Μητσοτάκης,36.5734,2019,Q2,low
,leader_trait,Πατριωτισμός,region_group,14,both,7.9264,2019,Q2,low
,leader_trait,Πατριωτισμός,region_group,14,Αλέξης Τσίπρας,35.8814,2019,Q2,low
,leader_trait,Πατριωτισμός,region_group,14,Κυριάκος Μητσοτάκης,56.1923,2019,Q2,low
,leader_trait,Ηγετικά προσόντα / ισχυρός ηγέτης,region_group,14,Αλέξης Τσίπρας,61.2411,2019,Q2,low
,leader_trait,Ηγετικά προσόντα / ισχυρός ηγέτης,region_group,14,Κυριάκος Μητσοτάκης,38.7589,2019,Q2,low
Αλέξης Τσίπρας,leader_approval,Έγκριση/αποδοχή: Αλέξης Τσίπρας,region_group,16,negative_approval,100.0,2019,Q2,low
Κυριάκος Μητσοτάκης,leader_approval,Έγκριση/αποδοχή: Κυριάκος Μητσοτάκης,region_group,16,negative_approval,61.5241,2019,Q2,low
Κυριάκος Μητσοτάκης,leader_approval,Έγκριση/αποδοχή: Κυριάκος Μητσοτάκης,region_group,16,positive_approval,38.4759,2019,Q2,low
,leader_trait,Σταθερότητα χώρας,region_group,16,Κυριάκος Μητσοτάκης,100.0,2019,Q2,low
,leader_trait,Κοντά στους πολίτες,region_group,16,Κυριάκος Μητσοτάκης,100.0,2019,Q2,low
,leader_trait,Ικανότητα στην οικονομία,region_group,16,Κυριάκος Μητσοτάκης,100.0,2019,Q2,low
,leader_trait,Εντιμότητα / ακεραιότητα,region_group,16,Κυριάκος Μητσοτάκης,100.0,2019,Q2,low
,leader_trait,Δίνει ελπίδα,region_group,16,Κυριάκος Μητσοτάκης,100.0,2019,Q2,low
,leader_trait,Σεβασμός από Ευρωπαίους ηγέτες,region_group,16,Κυριάκος Μητσοτάκης,100.0,2019,Q2,low
,leader_trait,Πατριωτισμός,region_group,16,Κυριάκος Μητσοτάκης,100.0,2019,Q2,low
,leader_trait,Ηγετικά προσόντα / ισχυρός ηγέτης,region_group,16,Κυριάκος Μητσοτάκης,100.0,2019,Q2,low
Αλέξης Τσίπρας,leader_approval,Έγκριση/αποδοχή: Αλέξης Τσίπρας,region_group,17,negative_approval,75.2566,2019,Q2,low
Αλέξης Τσίπρας,leader_approval,Έγκριση/αποδοχή: Αλέξης Τσίπρας,region_group,17,positive_approval,24.7434,2019,Q2,low
Κυριάκος Μητσοτάκης,leader_approval,Έγκριση/αποδοχή: Κυριάκος Μητσοτάκης,region_group,17,negative_approval,61.7098,2019,Q2,low
Κυριάκος Μητσοτάκης,leader_approval,Έγκριση/αποδοχή: Κυριάκος Μητσοτάκης,region_group,17,positive_approval,38.2902,2019,Q2,low
,leader_trait,Σταθερότητα χώρας,region_group,17,Αλέξης Τσίπρας,23.9328,2019,Q2,low
,leader_trait,Σταθερότητα χώρας,region_group,17,Κυριάκος Μητσοτάκης,76.0672,2019,Q2,low
,leader_trait,Κοντά στους πολίτες,region_group,17,Αλέξης Τσίπρας,41.6484,2019,Q2,low
,leader_trait,Κοντά στους πολίτες,region_group,17,Κυριάκος Μητσοτάκης,58.3516,2019,Q2,low
,leader_trait,Ικανότητα στην οικονομία,region_group,17,Αλέξης Τσίπρας,37.0994,2019,Q2,low
,leader_trait,Ικανότητα στην οικονομία,region_group,17,Κυριάκος Μητσοτάκης,62.9006,2019,Q2,low
,leader_trait,Εντιμότητα / ακεραιότητα,region_group,17,Αλέξης Τσίπρας,26.9717,2019,Q2,low
,leader_trait,Εντιμότητα / ακεραιότητα,region_group,17,Κυριάκος Μητσοτάκης,73.0283,2019,Q2,low
,leader_trait,Δίνει ελπίδα,region_group,17,Αλέξης Τσίπρας,41.6484,2019,Q2,low
,leader_trait,Δίνει ελπίδα,region_group,17,Κυριάκος Μητσοτάκης,58.3516,2019,Q2,low
,leader_trait,Σεβασμός από Ευρωπαίους ηγέτες,region_group,17,Αλέξης Τσίπρας,31.6076,2019,Q2,low
,leader_trait,Σεβασμός από Ευρωπαίους ηγέτες,region_group,17,Κυριάκος Μητσοτάκης,68.3924,2019,Q2,low
,leader_trait,Πατριωτισμός,region_group,17,Αλέξης Τσίπρας,31.1377,2019,Q2,low
,leader_trait,Πατριωτισμός,region_group,17,Κυριάκος Μητσοτάκης,68.8623,2019,Q2,low
,leader_trait,Ηγετικά προσόντα / ισχυρός ηγέτης,region_group,17,Αλέξης Τσίπρας,35.9259,2019,Q2,low
,leader_trait,Ηγετικά προσόντα / ισχυρός ηγέτης,region_group,17,Κυριάκος Μητσοτάκης,64.0741,2019,Q2,low
Αλέξης Τσίπρας,leader_approval,Έγκριση/αποδοχή: Αλέξης Τσίπρας,region_group,18,negative_approval,100.0,2019,Q2,low
Κυριάκος Μητσοτάκης,leader_approval,Έγκριση/αποδοχή: Κυριάκος Μητσοτάκης,region_group,18,negative_approval,49.0593,2019,Q2,low
Κυριάκος Μητσοτάκης,leader_approval,Έγκριση/αποδοχή: Κυριάκος Μητσοτάκης,region_group,18,positive_approval,50.9407,2019,Q2,low
,leader_trait,Σταθερότητα χώρας,region_group,18,Κυριάκος Μητσοτάκης,100.0,2019,Q2,low
,leader_trait,Κοντά στους πολίτες,region_group,18,Κυριάκος Μητσοτάκης,100.0,2019,Q2,low
,leader_trait,Ικανότητα στην οικονομία,region_group,18,Κυριάκος Μητσοτάκης,100.0,2019,Q2,low
,leader_trait,Εντιμότητα / ακεραιότητα,region_group,18,Κυριάκος Μητσοτάκης,100.0,2019,Q2,low
,leader_trait,Δίνει ελπίδα,region_group,18,Κυριάκος Μητσοτάκης,100.0,2019,Q2,low
,leader_trait,Σεβασμός από Ευρωπαίους ηγέτες,region_group,18,Κυριάκος Μητσοτάκης,100.0,2019,Q2,low
,leader_trait,Πατριωτισμός,region_group,18,Κυριάκος Μητσοτάκης,100.0,2019,Q2,low
Αλέξης Τσίπρας,leader_approval,Έγκριση/αποδοχή: Αλέξης Τσίπρας,region_group,19,negative_approval,100.0,2019,Q2,low
Κυριάκος Μητσοτάκης,leader_approval,Έγκριση/αποδοχή: Κυριάκος Μητσοτάκης,region_group,19,negative_approval,72.8794,2019,Q2,low
Κυριάκος Μητσοτάκης,leader_approval,Έγκριση/αποδοχή: Κυριάκος Μητσοτάκης,region_group,19,positive_approval,27.1206,2019,Q2,low
,leader_trait,Σταθερότητα χώρας,region_group,19,Κυριάκος Μητσοτάκης,100.0,2019,Q2,low
,leader_trait,Κοντά στους πολίτες,region_group,19,Κυριάκος Μητσοτάκης,100.0,2019,Q2,low
,leader_trait,Ικανότητα στην οικονομία,region_group,19,Κυριάκος Μητσοτάκης,100.0,2019,Q2,low
,leader_trait,Εντιμότητα / ακεραιότητα,region_group,19,Κυριάκος Μητσοτάκης,100.0,2019,Q2,low
,leader_trait,Δίνει ελπίδα,region_group,19,Κυριάκος Μητσοτάκης,100.0,2019,Q2,low
,leader_trait,Σεβασμός από Ευρωπαίους ηγέτες,region_group,19,Κυριάκος Μητσοτάκης,100.0,2019,Q2,low
,leader_trait,Πατριωτισμός,region_group,19,Κυριάκος Μητσοτάκης,100.0,2019,Q2,low
,leader_trait,Ηγετικά προσόντα / ισχυρός ηγέτης,region_group,19,Κυριάκος Μητσοτάκης,100.0,2019,Q2,low
Αλέξης Τσίπρας,leader_approval,Έγκριση/αποδοχή: Αλέξης Τσίπρας,region_group,21,negative_approval,70.6111,2019,Q2,low
Αλέξης Τσίπρας,leader_approval,Έγκριση/αποδοχή: Αλέξης Τσίπρας,region_group,21,positive_approval,29.3889,2019,Q2,low
Κυριάκος Μητσοτάκης,leader_approval,Έγκριση/αποδοχή: Κυριάκος Μητσοτάκης,region_group,21,negative_approval,68.564,2019,Q2,low
Κυριάκος Μητσοτάκης,leader_approval,Έγκριση/αποδοχή: Κυριάκος Μητσοτάκης,region_group,21,positive_approval,31.436,2019,Q2,low
,leader_trait,Σταθερότητα χώρας,region_group,21,Αλέξης Τσίπρας,50.0969,2019,Q2,low
,leader_trait,Σταθερότητα χώρας,region_group,21,Κυριάκος Μητσοτάκης,49.9031,2019,Q2,low
,leader_trait,Κοντά στους πολίτες,region_group,21,Αλέξης Τσίπρας,59.0731,2019,Q2,low
,leader_trait,Κοντά στους πολίτες,region_group,21,Κυριάκος Μητσοτάκης,40.9269,2019,Q2,low
,leader_trait,Ικανότητα στην οικονομία,region_group,21,both,9.8997,2019,Q2,low
,leader_trait,Ικανότητα στην οικονομία,region_group,21,Αλέξης Τσίπρας,26.986,2019,Q2,low
,leader_trait,Ικανότητα στην οικονομία,region_group,21,Κυριάκος Μητσοτάκης,63.1143,2019,Q2,low
,leader_trait,Εντιμότητα / ακεραιότητα,region_group,21,Αλέξης Τσίπρας,19.7371,2019,Q2,low
,leader_trait,Εντιμότητα / ακεραιότητα,region_group,21,Κυριάκος Μητσοτάκης,80.2629,2019,Q2,low
,leader_trait,Δίνει ελπίδα,region_group,21,Αλέξης Τσίπρας,45.5847,2019,Q2,low
,leader_trait,Δίνει ελπίδα,region_group,21,Κυριάκος Μητσοτάκης,54.4153,2019,Q2,low
,leader_trait,Σεβασμός από Ευρωπαίους ηγέτες,region_group,21,both,10.2955,2019,Q2,low
,leader_trait,Σεβασμός από Ευρωπαίους ηγέτες,region_group,21,Αλέξης Τσίπρας,40.0475,2019,Q2,low
,leader_trait,Σεβασμός από Ευρωπαίους ηγέτες,region_group,21,Κυριάκος Μητσοτάκης,49.657,2019,Q2,low
,leader_trait,Πατριωτισμός,region_group,21,Αλέξης Τσίπρας,24.1846,2019,Q2,low
,leader_trait,Πατριωτισμός,region_group,21,Κυριάκος Μητσοτάκης,75.8154,2019,Q2,low
,leader_trait,Ηγετικά προσόντα / ισχυρός ηγέτης,region_group,21,Αλέξης Τσίπρας,50.3085,2019,Q2,low
,leader_trait,Ηγετικά προσόντα / ισχυρός ηγέτης,region_group,21,Κυριάκος Μητσοτάκης,49.6915,2019,Q2,low
Αλέξης Τσίπρας,leader_approval,Έγκριση/αποδοχή: Αλέξης Τσίπρας,region_group,22,negative_approval,60.7528,2019,Q2,low
Αλέξης Τσίπρας,leader_approval,Έγκριση/αποδοχή: Αλέξης Τσίπρας,region_group,22,positive_approval,39.2472,2019,Q2,low
Κυριάκος Μητσοτάκης,leader_approval,Έγκριση/αποδοχή: Κυριάκος Μητσοτάκης,region_group,22,negative_approval,54.0866,2019,Q2,low
Κυριάκος Μητσοτάκης,leader_approval,Έγκριση/αποδοχή: Κυριάκος Μητσοτάκης,region_group,22,positive_approval,45.9134,2019,Q2,low
,leader_trait,Σταθερότητα χώρας,region_group,22,Αλέξης Τσίπρας,46.0861,2019,Q2,low
,leader_trait,Σταθερότητα χώρας,region_group,22,Κυριάκος Μητσοτάκης,53.9139,2019,Q2,low
,leader_trait,Κοντά στους πολίτες,region_group,22,Αλέξης Τσίπρας,53.1359,2019,Q2,low
,leader_trait,Κοντά στους πολίτες,region_group,22,Κυριάκος Μητσοτάκης,46.8641,2019,Q2,low
,leader_trait,Ικανότητα στην οικονομία,region_group,22,Αλέξης Τσίπρας,36.1123,2019,Q2,low
,leader_trait,Ικανότητα στην οικονομία,region_group,22,Κυριάκος Μητσοτάκης,63.8877,2019,Q2,low
,leader_trait,Εντιμότητα / ακεραιότητα,region_group,22,Αλέξης Τσίπρας,46.0861,2019,Q2,low
,leader_trait,Εντιμότητα / ακεραιότητα,region_group,22,Κυριάκος Μητσοτάκης,53.9139,2019,Q2,low
,leader_trait,Δίνει ελπίδα,region_group,22,Αλέξης Τσίπρας,46.0861,2019,Q2,low
,leader_trait,Δίνει ελπίδα,region_group,22,Κυριάκος Μητσοτάκης,53.9139,2019,Q2,low
,leader_trait,Σεβασμός από Ευρωπαίους ηγέτες,region_group,22,Αλέξης Τσίπρας,46.0861,2019,Q2,low
,leader_trait,Σεβασμός από Ευρωπαίους ηγέτες,region_group,22,Κυριάκος Μητσοτάκης,53.9139,2019,Q2,low
,leader_trait,Πατριωτισμός,region_group,22,Αλέξης Τσίπρας,40.1131,2019,Q2,low
,leader_trait,Πατριωτισμός,region_group,22,Κυριάκος Μητσοτάκης,59.8869,2019,Q2,low
,leader_trait,Ηγετικά προσόντα / ισχυρός ηγέτης,region_group,22,Αλέξης Τσίπρας,46.0861,2019,Q2,low
,leader_trait,Ηγετικά προσόντα / ισχυρός ηγέτης,region_group,22,Κυριάκος Μητσοτάκης,53.9139,2019,Q2,low
Αλέξης Τσίπρας,leader_approval,Έγκριση/αποδοχή: Αλέξης Τσίπρας,region_group,23,negative_approval,56.3205,2019,Q2,low
Αλέξης Τσίπρας,leader_approval,Έγκριση/αποδοχή: Αλέξης Τσίπρας,region_group,23,positive_approval,43.6795,2019,Q2,low
Κυριάκος Μητσοτάκης,leader_approval,Έγκριση/αποδοχή: Κυριάκος Μητσοτάκης,region_group,23,negative_approval,43.6795,2019,Q2,low
Κυριάκος Μητσοτάκης,leader_approval,Έγκριση/αποδοχή: Κυριάκος Μητσοτάκης,region_group,23,positive_approval,56.3205,2019,Q2,low
,leader_trait,Σταθερότητα χώρας,region_group,23,Αλέξης Τσίπρας,43.6795,2019,Q2,low
,leader_trait,Σταθερότητα χώρας,region_group,23,Κυριάκος Μητσοτάκης,56.3205,2019,Q2,low
,leader_trait,Κοντά στους πολίτες,region_group,23,Αλέξης Τσίπρας,43.6795,2019,Q2,low
,leader_trait,Κοντά στους πολίτες,region_group,23,Κυριάκος Μητσοτάκης,56.3205,2019,Q2,low
,leader_trait,Ικανότητα στην οικονομία,region_group,23,Αλέξης Τσίπρας,43.6795,2019,Q2,low
,leader_trait,Ικανότητα στην οικονομία,region_group,23,Κυριάκος Μητσοτάκης,56.3205,2019,Q2,low
,leader_trait,Εντιμότητα / ακεραιότητα,region_group,23,Αλέξης Τσίπρας,43.6795,2019,Q2,low
,leader_trait,Εντιμότητα / ακεραιότητα,region_group,23,Κυριάκος Μητσοτάκης,56.3205,2019,Q2,low
,leader_trait,Δίνει ελπίδα,region_group,23,Αλέξης Τσίπρας,43.6795,2019,Q2,low
,leader_trait,Δίνει ελπίδα,region_group,23,Κυριάκος Μητσοτάκης,56.3205,2019,Q2,low
,leader_trait,Σεβασμός από Ευρωπαίους ηγέτες,region_group,23,Αλέξης Τσίπρας,43.6795,2019,Q2,low
,leader_trait,Σεβασμός από Ευρωπαίους ηγέτες,region_group,23,Κυριάκος Μητσοτάκης,56.3205,2019,Q2,low
,leader_trait,Πατριωτισμός,region_group,23,Αλέξης Τσίπρας,43.6795,2019,Q2,low
,leader_trait,Πατριωτισμός,region_group,23,Κυριάκος Μητσοτάκης,56.3205,2019,Q2,low
,leader_trait,Ηγετικά προσόντα / ισχυρός ηγέτης,region_group,23,Αλέξης Τσίπρας,43.6795,2019,Q2,low
,leader_trait,Ηγετικά προσόντα / ισχυρός ηγέτης,region_group,23,Κυριάκος Μητσοτάκης,56.3205,2019,Q2,low
Αλέξης Τσίπρας,leader_approval,Έγκριση/αποδοχή: Αλέξης Τσίπρας,region_group,24,negative_approval,54.3187,2019,Q2,low
Αλέξης Τσίπρας,leader_approval,Έγκριση/αποδοχή: Αλέξης Τσίπρας,region_group,24,positive_approval,45.6813,2019,Q2,low
Κυριάκος Μητσοτάκης,leader_approval,Έγκριση/αποδοχή: Κυριάκος Μητσοτάκης,region_group,24,negative_approval,82.6075,2019,Q2,low
Κυριάκος Μητσοτάκης,leader_approval,Έγκριση/αποδοχή: Κυριάκος Μητσοτάκης,region_group,24,positive_approval,17.3925,2019,Q2,low
,leader_trait,Σταθερότητα χώρας,region_group,24,both,4.6291,2019,Q2,low
,leader_trait,Σταθερότητα χώρας,region_group,24,Αλέξης Τσίπρας,66.0768,2019,Q2,low
,leader_trait,Σταθερότητα χώρας,region_group,24,Κυριάκος Μητσοτάκης,29.294,2019,Q2,low
,leader_trait,Κοντά στους πολίτες,region_group,24,Αλέξης Τσίπρας,83.9955,2019,Q2,low
,leader_trait,Κοντά στους πολίτες,region_group,24,Κυριάκος Μητσοτάκης,16.0045,2019,Q2,low
,leader_trait,Ικανότητα στην οικονομία,region_group,24,Αλέξης Τσίπρας,78.8991,2019,Q2,low
,leader_trait,Ικανότητα στην οικονομία,region_group,24,Κυριάκος Μητσοτάκης,21.1009,2019,Q2,low
,leader_trait,Εντιμότητα / ακεραιότητα,region_group,24,Αλέξης Τσίπρας,75.1881,2019,Q2,low
,leader_trait,Εντιμότητα / ακεραιότητα,region_group,24,Κυριάκος Μητσοτάκης,24.8119,2019,Q2,low
,leader_trait,Δίνει ελπίδα,region_group,24,Αλέξης Τσίπρας,83.9955,2019,Q2,low
,leader_trait,Δίνει ελπίδα,region_group,24,Κυριάκος Μητσοτάκης,16.0045,2019,Q2,low
,leader_trait,Σεβασμός από Ευρωπαίους ηγέτες,region_group,24,Αλέξης Τσίπρας,77.5528,2019,Q2,low
,leader_trait,Σεβασμός από Ευρωπαίους ηγέτες,region_group,24,Κυριάκος Μητσοτάκης,22.4472,2019,Q2,low
,leader_trait,Πατριωτισμός,region_group,24,Αλέξης Τσίπρας,70.8685,2019,Q2,low
,leader_trait,Πατριωτισμός,region_group,24,Κυριάκος Μητσοτάκης,29.1315,2019,Q2,low
,leader_trait,Ηγετικά προσόντα / ισχυρός ηγέτης,region_group,24,both,6.8509,2019,Q2,low
,leader_trait,Ηγετικά προσόντα / ισχυρός ηγέτης,region_group,24,Αλέξης Τσίπρας,77.4493,2019,Q2,low
,leader_trait,Ηγετικά προσόντα / ισχυρός ηγέτης,region_group,24,Κυριάκος Μητσοτάκης,15.6999,2019,Q2,low
Αλέξης Τσίπρας,leader_approval,Έγκριση/αποδοχή: Αλέξης Τσίπρας,region_group,25,negative_approval,50.3933,2019,Q2,low
Αλέξης Τσίπρας,leader_approval,Έγκριση/αποδοχή: Αλέξης Τσίπρας,region_group,25,positive_approval,49.6067,2019,Q2,low
Κυριάκος Μητσοτάκης,leader_approval,Έγκριση/αποδοχή: Κυριάκος Μητσοτάκης,region_group,25,negative_approval,76.3742,2019,Q2,low
Κυριάκος Μητσοτάκης,leader_approval,Έγκριση/αποδοχή: Κυριάκος Μητσοτάκης,region_group,25,positive_approval,23.6258,2019,Q2,low
,leader_trait,Σταθερότητα χώρας,region_group,25,Αλέξης Τσίπρας,66.7646,2019,Q2,low
,leader_trait,Σταθερότητα χώρας,region_group,25,Κυριάκος Μητσοτάκης,33.2354,2019,Q2,low
,leader_trait,Κοντά στους πολίτες,region_group,25,Αλέξης Τσίπρας,66.7081,2019,Q2,low
,leader_trait,Κοντά στους πολίτες,region_group,25,Κυριάκος Μητσοτάκης,33.2919,2019,Q2,low
,leader_trait,Ικανότητα στην οικονομία,region_group,25,both,10.1482,2019,Q2,low
,leader_trait,Ικανότητα στην οικονομία,region_group,25,Αλέξης Τσίπρας,59.9892,2019,Q2,low
,leader_trait,Ικανότητα στην οικονομία,region_group,25,Κυριάκος Μητσοτάκης,29.8626,2019,Q2,low
,leader_trait,Εντιμότητα / ακεραιότητα,region_group,25,Αλέξης Τσίπρας,72.8507,2019,Q2,low
,leader_trait,Εντιμότητα / ακεραιότητα,region_group,25,Κυριάκος Μητσοτάκης,27.1493,2019,Q2,low
,leader_trait,Δίνει ελπίδα,region_group,25,Αλέξης Τσίπρας,63.4595,2019,Q2,low
,leader_trait,Δίνει ελπίδα,region_group,25,Κυριάκος Μητσοτάκης,36.5405,2019,Q2,low
,leader_trait,Σεβασμός από Ευρωπαίους ηγέτες,region_group,25,Αλέξης Τσίπρας,74.4082,2019,Q2,low
,leader_trait,Σεβασμός από Ευρωπαίους ηγέτες,region_group,25,Κυριάκος Μητσοτάκης,25.5918,2019,Q2,low
,leader_trait,Πατριωτισμός,region_group,25,Αλέξης Τσίπρας,82.048,2019,Q2,low
,leader_trait,Πατριωτισμός,region_group,25,Κυριάκος Μητσοτάκης,17.952,2019,Q2,low
,leader_trait,Ηγετικά προσόντα / ισχυρός ηγέτης,region_group,25,Αλέξης Τσίπρας,75.6058,2019,Q2,low
,leader_trait,Ηγετικά προσόντα / ισχυρός ηγέτης,region_group,25,Κυριάκος Μητσοτάκης,24.3942,2019,Q2,low
Αλέξης Τσίπρας,leader_approval,Έγκριση/αποδοχή: Αλέξης Τσίπρας,region_group,27,negative_approval,57.4358,2019,Q2,low
Αλέξης Τσίπρας,leader_approval,Έγκριση/αποδοχή: Αλέξης Τσίπρας,region_group,27,positive_approval,42.5642,2019,Q2,low
Κυριάκος Μητσοτάκης,leader_approval,Έγκριση/αποδοχή: Κυριάκος Μητσοτάκης,region_group,27,negative_approval,42.5642,2019,Q2,low
Κυριάκος Μητσοτάκης,leader_approval,Έγκριση/αποδοχή: Κυριάκος Μητσοτάκης,region_group,27,positive_approval,57.4358,2019,Q2,low
,leader_trait,Σταθερότητα χώρας,region_group,27,Αλέξης Τσίπρας,42.5642,2019,Q2,low
,leader_trait,Σταθερότητα χώρας,region_group,27,Κυριάκος Μητσοτάκης,57.4358,2019,Q2,low
,leader_trait,Κοντά στους πολίτες,region_group,27,Αλέξης Τσίπρας,100.0,2019,Q2,low
,leader_trait,Ικανότητα στην οικονομία,region_group,27,Αλέξης Τσίπρας,42.5642,2019,Q2,low
,leader_trait,Ικανότητα στην οικονομία,region_group,27,Κυριάκος Μητσοτάκης,57.4358,2019,Q2,low
,leader_trait,Εντιμότητα / ακεραιότητα,region_group,27,Αλέξης Τσίπρας,100.0,2019,Q2,low
,leader_trait,Δίνει ελπίδα,region_group,27,Αλέξης Τσίπρας,42.5642,2019,Q2,low
,leader_trait,Δίνει ελπίδα,region_group,27,Κυριάκος Μητσοτάκης,57.4358,2019,Q2,low
,leader_trait,Σεβασμός από Ευρωπαίους ηγέτες,region_group,27,Αλέξης Τσίπρας,58.3608,2019,Q2,low
,leader_trait,Σεβασμός από Ευρωπαίους ηγέτες,region_group,27,Κυριάκος Μητσοτάκης,41.6392,2019,Q2,low
,leader_trait,Πατριωτισμός,region_group,27,Κυριάκος Μητσοτάκης,100.0,2019,Q2,low
,leader_trait,Ηγετικά προσόντα / ισχυρός ηγέτης,region_group,27,Αλέξης Τσίπρας,58.3608,2019,Q2,low
,leader_trait,Ηγετικά προσόντα / ισχυρός ηγέτης,region_group,27,Κυριάκος Μητσοτάκης,41.6392,2019,Q2,low
Αλέξης Τσίπρας,leader_approval,Έγκριση/αποδοχή: Αλέξης Τσίπρας,region_group,28,negative_approval,50.0,2019,Q2,low
Αλέξης Τσίπρας,leader_approval,Έγκριση/αποδοχή: Αλέξης Τσίπρας,region_group,28,positive_approval,50.0,2019,Q2,low
Κυριάκος Μητσοτάκης,leader_approval,Έγκριση/αποδοχή: Κυριάκος Μητσοτάκης,region_group,28,negative_approval,100.0,2019,Q2,low
,leader_trait,Σταθερότητα χώρας,region_group,28,Αλέξης Τσίπρας,100.0,2019,Q2,low
,leader_trait,Κοντά στους πολίτες,region_group,28,Αλέξης Τσίπρας,100.0,2019,Q2,low
,leader_trait,Ικανότητα στην οικονομία,region_group,28,Αλέξης Τσίπρας,100.0,2019,Q2,low
,leader_trait,Εντιμότητα / ακεραιότητα,region_group,28,Αλέξης Τσίπρας,100.0,2019,Q2,low
,leader_trait,Δίνει ελπίδα,region_group,28,Αλέξης Τσίπρας,100.0,2019,Q2,low
,leader_trait,Σεβασμός από Ευρωπαίους ηγέτες,region_group,28,Αλέξης Τσίπρας,100.0,2019,Q2,low
,leader_trait,Πατριωτισμός,region_group,28,both,100.0,2019,Q2,low
,leader_trait,Ηγετικά προσόντα / ισχυρός ηγέτης,region_group,28,Αλέξης Τσίπρας,100.0,2019,Q2,low
Αλέξης Τσίπρας,leader_approval,Έγκριση/αποδοχή: Αλέξης Τσίπρας,region_group,29,negative_approval,100.0,2019,Q2,low
Κυριάκος Μητσοτάκης,leader_approval,Έγκριση/αποδοχή: Κυριάκος Μητσοτάκης,region_group,29,negative_approval,30.4488,2019,Q2,low
Κυριάκος Μητσοτάκης,leader_approval,Έγκριση/αποδοχή: Κυριάκος Μητσοτάκης,region_group,29,positive_approval,69.5512,2019,Q2,low
,leader_trait,Σταθερότητα χώρας,region_group,29,Κυριάκος Μητσοτάκης,100.0,2019,Q2,low
,leader_trait,Κοντά στους πολίτες,region_group,29,Κυριάκος Μητσοτάκης,100.0,2019,Q2,low
,leader_trait,Ικανότητα στην οικονομία,region_group,29,Κυριάκος Μητσοτάκης,100.0,2019,Q2,low
,leader_trait,Εντιμότητα / ακεραιότητα,region_group,29,Κυριάκος Μητσοτάκης,100.0,2019,Q2,low
,leader_trait,Δίνει ελπίδα,region_group,29,Κυριάκος Μητσοτάκης,100.0,2019,Q2,low
,leader_trait,Σεβασμός από Ευρωπαίους ηγέτες,region_group,29,Κυριάκος Μητσοτάκης,100.0,2019,Q2,low
,leader_trait,Πατριωτισμός,region_group,29,Κυριάκος Μητσοτάκης,100.0,2019,Q2,low
,leader_trait,Ηγετικά προσόντα / ισχυρός ηγέτης,region_group,29,Κυριάκος Μητσοτάκης,100.0,2019,Q2,low
Αλέξης Τσίπρας,leader_approval,Έγκριση/αποδοχή: Αλέξης Τσίπρας,region_group,31,negative_approval,82.9527,2019,Q2,low
Αλέξης Τσίπρας,leader_approval,Έγκριση/αποδοχή: Αλέξης Τσίπρας,region_group,31,positive_approval,17.0473,2019,Q2,low
Κυριάκος Μητσοτάκης,leader_approval,Έγκριση/αποδοχή: Κυριάκος Μητσοτάκης,region_group,31,negative_approval,58.6408,2019,Q2,low
Κυριάκος Μητσοτάκης,leader_approval,Έγκριση/αποδοχή: Κυριάκος Μητσοτάκης,region_group,31,positive_approval,41.3592,2019,Q2,low
,leader_trait,Σταθερότητα χώρας,region_group,31,Αλέξης Τσίπρας,54.5206,2019,Q2,low
,leader_trait,Σταθερότητα χώρας,region_group,31,Κυριάκος Μητσοτάκης,45.4794,2019,Q2,low
,leader_trait,Κοντά στους πολίτες,region_group,31,both,25.5166,2019,Q2,low
,leader_trait,Κοντά στους πολίτες,region_group,31,Αλέξης Τσίπρας,33.8297,2019,Q2,low
,leader_trait,Κοντά στους πολίτες,region_group,31,Κυριάκος Μητσοτάκης,40.6536,2019,Q2,low
,leader_trait,Ικανότητα στην οικονομία,region_group,31,Αλέξης Τσίπρας,20.1495,2019,Q2,low
,leader_trait,Ικανότητα στην οικονομία,region_group,31,Κυριάκος Μητσοτάκης,79.8505,2019,Q2,low
,leader_trait,Εντιμότητα / ακεραιότητα,region_group,31,Αλέξης Τσίπρας,100.0,2019,Q2,low
,leader_trait,Δίνει ελπίδα,region_group,31,Αλέξης Τσίπρας,45.4192,2019,Q2,low
,leader_trait,Δίνει ελπίδα,region_group,31,Κυριάκος Μητσοτάκης,54.5808,2019,Q2,low
,leader_trait,Σεβασμός από Ευρωπαίους ηγέτες,region_group,31,Αλέξης Τσίπρας,35.5375,2019,Q2,low
,leader_trait,Σεβασμός από Ευρωπαίους ηγέτες,region_group,31,Κυριάκος Μητσοτάκης,64.4625,2019,Q2,low
,leader_trait,Πατριωτισμός,region_group,31,Αλέξης Τσίπρας,45.4192,2019,Q2,low
,leader_trait,Πατριωτισμός,region_group,31,Κυριάκος Μητσοτάκης,54.5808,2019,Q2,low
,leader_trait,Ηγετικά προσόντα / ισχυρός ηγέτης,region_group,31,Αλέξης Τσίπρας,100.0,2019,Q2,low
Αλέξης Τσίπρας,leader_approval,Έγκριση/αποδοχή: Αλέξης Τσίπρας,region_group,32,negative_approval,68.0992,2019,Q2,low
Αλέξης Τσίπρας,leader_approval,Έγκριση/αποδοχή: Αλέξης Τσίπρας,region_group,32,positive_approval,31.9008,2019,Q2,low
Κυριάκος Μητσοτάκης,leader_approval,Έγκριση/αποδοχή: Κυριάκος Μητσοτάκης,region_group,32,negative_approval,77.0459,2019,Q2,low
Κυριάκος Μητσοτάκης,leader_approval,Έγκριση/αποδοχή: Κυριάκος Μητσοτάκης,region_group,32,positive_approval,22.9541,2019,Q2,low
,leader_trait,Σταθερότητα χώρας,region_group,32,Αλέξης Τσίπρας,31.9008,2019,Q2,low
,leader_trait,Σταθερότητα χώρας,region_group,32,Κυριάκος Μητσοτάκης,68.0992,2019,Q2,low
,leader_trait,Κοντά στους πολίτες,region_group,32,Αλέξης Τσίπρας,38.523,2019,Q2,low
,leader_trait,Κοντά στους πολίτες,region_group,32,Κυριάκος Μητσοτάκης,61.477,2019,Q2,low
,leader_trait,Ικανότητα στην οικονομία,region_group,32,Αλέξης Τσίπρας,31.9008,2019,Q2,low
,leader_trait,Ικανότητα στην οικονομία,region_group,32,Κυριάκος Μητσοτάκης,68.0992,2019,Q2,low
,leader_trait,Εντιμότητα / ακεραιότητα,region_group,32,Αλέξης Τσίπρας,62.6623,2019,Q2,low
,leader_trait,Εντιμότητα / ακεραιότητα,region_group,32,Κυριάκος Μητσοτάκης,37.3377,2019,Q2,low
,leader_trait,Δίνει ελπίδα,region_group,32,Αλέξης Τσίπρας,38.523,2019,Q2,low
,leader_trait,Δίνει ελπίδα,region_group,32,Κυριάκος Μητσοτάκης,61.477,2019,Q2,low
,leader_trait,Σεβασμός από Ευρωπαίους ηγέτες,region_group,32,Αλέξης Τσίπρας,62.6623,2019,Q2,low
,leader_trait,Σεβασμός από Ευρωπαίους ηγέτες,region_group,32,Κυριάκος Μητσοτάκης,37.3377,2019,Q2,low
,leader_trait,Πατριωτισμός,region_group,32,Αλέξης Τσίπρας,38.523,2019,Q2,low
,leader_trait,Πατριωτισμός,region_group,32,Κυριάκος Μητσοτάκης,61.477,2019,Q2,low
,leader_trait,Ηγετικά προσόντα / ισχυρός ηγέτης,region_group,32,Αλέξης Τσίπρας,62.6623,2019,Q2,low
,leader_trait,Ηγετικά προσόντα / ισχυρός ηγέτης,region_group,32,Κυριάκος Μητσοτάκης,37.3377,2019,Q2,low
Αλέξης Τσίπρας,leader_approval,Έγκριση/αποδοχή: Αλέξης Τσίπρας,region_group,33,negative_approval,57.1031,2019,Q2,low
Αλέξης Τσίπρας,leader_approval,Έγκριση/αποδοχή: Αλέξης Τσίπρας,region_group,33,positive_approval,42.8969,2019,Q2,low
Κυριάκος Μητσοτάκης,leader_approval,Έγκριση/αποδοχή: Κυριάκος Μητσοτάκης,region_group,33,negative_approval,69.2201,2019,Q2,low
Κυριάκος Μητσοτάκης,leader_approval,Έγκριση/αποδοχή: Κυριάκος Μητσοτάκης,region_group,33,positive_approval,30.7799,2019,Q2,low
,leader_trait,Σταθερότητα χώρας,region_group,33,Αλέξης Τσίπρας,42.8969,2019,Q2,low
,leader_trait,Σταθερότητα χώρας,region_group,33,Κυριάκος Μητσοτάκης,57.1031,2019,Q2,low
,leader_trait,Κοντά στους πολίτες,region_group,33,Αλέξης Τσίπρας,58.2231,2019,Q2,low
,leader_trait,Κοντά στους πολίτες,region_group,33,Κυριάκος Μητσοτάκης,41.7769,2019,Q2,low
,leader_trait,Ικανότητα στην οικονομία,region_group,33,Αλέξης Τσίπρας,42.8969,2019,Q2,low
,leader_trait,Ικανότητα στην οικονομία,region_group,33,Κυριάκος Μητσοτάκης,57.1031,2019,Q2,low
,leader_trait,Εντιμότητα / ακεραιότητα,region_group,33,Αλέξης Τσίπρας,58.2231,2019,Q2,low
,leader_trait,Εντιμότητα / ακεραιότητα,region_group,33,Κυριάκος Μητσοτάκης,41.7769,2019,Q2,low
,leader_trait,Δίνει ελπίδα,region_group,33,Αλέξης Τσίπρας,58.2231,2019,Q2,low
,leader_trait,Δίνει ελπίδα,region_group,33,Κυριάκος Μητσοτάκης,41.7769,2019,Q2,low
,leader_trait,Σεβασμός από Ευρωπαίους ηγέτες,region_group,33,Αλέξης Τσίπρας,42.8969,2019,Q2,low
,leader_trait,Σεβασμός από Ευρωπαίους ηγέτες,region_group,33,Κυριάκος Μητσοτάκης,57.1031,2019,Q2,low
,leader_trait,Πατριωτισμός,region_group,33,Κυριάκος Μητσοτάκης,100.0,2019,Q2,low
,leader_trait,Ηγετικά προσόντα / ισχυρός ηγέτης,region_group,33,Αλέξης Τσίπρας,58.2231,2019,Q2,low
,leader_trait,Ηγετικά προσόντα / ισχυρός ηγέτης,region_group,33,Κυριάκος Μητσοτάκης,41.7769,2019,Q2,low
Αλέξης Τσίπρας,leader_approval,Έγκριση/αποδοχή: Αλέξης Τσίπρας,region_group,34,negative_approval,58.2183,2019,Q2,low
Αλέξης Τσίπρας,leader_approval,Έγκριση/αποδοχή: Αλέξης Τσίπρας,region_group,34,positive_approval,41.7817,2019,Q2,low
Κυριάκος Μητσοτάκης,leader_approval,Έγκριση/αποδοχή: Κυριάκος Μητσοτάκης,region_group,34,negative_approval,85.3686,2019,Q2,low
Κυριάκος Μητσοτάκης,leader_approval,Έγκριση/αποδοχή: Κυριάκος Μητσοτάκης,region_group,34,positive_approval,14.6314,2019,Q2,low
,leader_trait,Σταθερότητα χώρας,region_group,34,Αλέξης Τσίπρας,77.5397,2019,Q2,low
,leader_trait,Σταθερότητα χώρας,region_group,34,Κυριάκος Μητσοτάκης,22.4603,2019,Q2,low
,leader_trait,Κοντά στους πολίτες,region_group,34,Αλέξης Τσίπρας,77.5397,2019,Q2,low
,leader_trait,Κοντά στους πολίτες,region_group,34,Κυριάκος Μητσοτάκης,22.4603,2019,Q2,low
,leader_trait,Ικανότητα στην οικονομία,region_group,34,both,25.1909,2019,Q2,low
,leader_trait,Ικανότητα στην οικονομία,region_group,34,Αλέξης Τσίπρας,52.3487,2019,Q2,low
,leader_trait,Ικανότητα στην οικονομία,region_group,34,Κυριάκος Μητσοτάκης,22.4603,2019,Q2,low
,leader_trait,Εντιμότητα / ακεραιότητα,region_group,34,Αλέξης Τσίπρας,77.5397,2019,Q2,low
,leader_trait,Εντιμότητα / ακεραιότητα,region_group,34,Κυριάκος Μητσοτάκης,22.4603,2019,Q2,low
,leader_trait,Δίνει ελπίδα,region_group,34,Αλέξης Τσίπρας,77.5397,2019,Q2,low
,leader_trait,Δίνει ελπίδα,region_group,34,Κυριάκος Μητσοτάκης,22.4603,2019,Q2,low
,leader_trait,Σεβασμός από Ευρωπαίους ηγέτες,region_group,34,Αλέξης Τσίπρας,77.5397,2019,Q2,low
,leader_trait,Σεβασμός από Ευρωπαίους ηγέτες,region_group,34,Κυριάκος Μητσοτάκης,22.4603,2019,Q2,low
,leader_trait,Πατριωτισμός,region_group,34,both,24.8436,2019,Q2,low
,leader_trait,Πατριωτισμός,region_group,34,Αλέξης Τσίπρας,51.627,2019,Q2,low
,leader_trait,Πατριωτισμός,region_group,34,Κυριάκος Μητσοτάκης,23.5294,2019,Q2,low
,leader_trait,Ηγετικά προσόντα / ισχυρός ηγέτης,region_group,34,Αλέξης Τσίπρας,77.5397,2019,Q2,low
,leader_trait,Ηγετικά προσόντα / ισχυρός ηγέτης,region_group,34,Κυριάκος Μητσοτάκης,22.4603,2019,Q2,low
Αλέξης Τσίπρας,leader_approval,Έγκριση/αποδοχή: Αλέξης Τσίπρας,region_group,35,negative_approval,64.2356,2019,Q2,high
Αλέξης Τσίπρας,leader_approval,Έγκριση/αποδοχή: Αλέξης Τσίπρας,region_group,35,positive_approval,35.7644,2019,Q2,high
Κυριάκος Μητσοτάκης,leader_approval,Έγκριση/αποδοχή: Κυριάκος Μητσοτάκης,region_group,35,negative_approval,66.5402,2019,Q2,high
Κυριάκος Μητσοτάκης,leader_approval,Έγκριση/αποδοχή: Κυριάκος Μητσοτάκης,region_group,35,positive_approval,33.4598,2019,Q2,high
,leader_trait,Σταθερότητα χώρας,region_group,35,both,2.7025,2019,Q2,high
,leader_trait,Σταθερότητα χώρας,region_group,35,Αλέξης Τσίπρας,48.1118,2019,Q2,high
,leader_trait,Σταθερότητα χώρας,region_group,35,Κυριάκος Μητσοτάκης,49.1857,2019,Q2,high
,leader_trait,Κοντά στους πολίτες,region_group,35,both,0.5397,2019,Q2,high
,leader_trait,Κοντά στους πολίτες,region_group,35,Αλέξης Τσίπρας,53.6557,2019,Q2,high
,leader_trait,Κοντά στους πολίτες,region_group,35,Κυριάκος Μητσοτάκης,45.8046,2019,Q2,high
,leader_trait,Ικανότητα στην οικονομία,region_group,35,both,6.9969,2019,Q2,high
,leader_trait,Ικανότητα στην οικονομία,region_group,35,Αλέξης Τσίπρας,35.0963,2019,Q2,high
,leader_trait,Ικανότητα στην οικονομία,region_group,35,Κυριάκος Μητσοτάκης,57.9068,2019,Q2,high
,leader_trait,Εντιμότητα / ακεραιότητα,region_group,35,both,0.425,2019,Q2,high
,leader_trait,Εντιμότητα / ακεραιότητα,region_group,35,Αλέξης Τσίπρας,47.0237,2019,Q2,high
,leader_trait,Εντιμότητα / ακεραιότητα,region_group,35,Κυριάκος Μητσοτάκης,52.5513,2019,Q2,high
,leader_trait,Δίνει ελπίδα,region_group,35,both,0.5862,2019,Q2,high
,leader_trait,Δίνει ελπίδα,region_group,35,Αλέξης Τσίπρας,50.6352,2019,Q2,high
,leader_trait,Δίνει ελπίδα,region_group,35,Κυριάκος Μητσοτάκης,48.7787,2019,Q2,high
,leader_trait,Σεβασμός από Ευρωπαίους ηγέτες,region_group,35,both,6.2016,2019,Q2,high
,leader_trait,Σεβασμός από Ευρωπαίους ηγέτες,region_group,35,Αλέξης Τσίπρας,46.501,2019,Q2,high
,leader_trait,Σεβασμός από Ευρωπαίους ηγέτες,region_group,35,Κυριάκος Μητσοτάκης,47.2974,2019,Q2,high
,leader_trait,Πατριωτισμός,region_group,35,both,10.101,2019,Q2,high
,leader_trait,Πατριωτισμός,region_group,35,Αλέξης Τσίπρας,39.3045,2019,Q2,high
,leader_trait,Πατριωτισμός,region_group,35,Κυριάκος Μητσοτάκης,50.5945,2019,Q2,high
,leader_trait,Ηγετικά προσόντα / ισχυρός ηγέτης,region_group,35,both,1.3383,2019,Q2,high
,leader_trait,Ηγετικά προσόντα / ισχυρός ηγέτης,region_group,35,Αλέξης Τσίπρας,61.2167,2019,Q2,high
,leader_trait,Ηγετικά προσόντα / ισχυρός ηγέτης,region_group,35,Κυριάκος Μητσοτάκης,37.445,2019,Q2,high
Αλέξης Τσίπρας,leader_approval,Έγκριση/αποδοχή: Αλέξης Τσίπρας,region_group,36,negative_approval,55.0671,2019,Q2,low
Αλέξης Τσίπρας,leader_approval,Έγκριση/αποδοχή: Αλέξης Τσίπρας,region_group,36,positive_approval,44.9329,2019,Q2,low
Κυριάκος Μητσοτάκης,leader_approval,Έγκριση/αποδοχή: Κυριάκος Μητσοτάκης,region_group,36,negative_approval,73.5125,2019,Q2,low
Κυριάκος Μητσοτάκης,leader_approval,Έγκριση/αποδοχή: Κυριάκος Μητσοτάκης,region_group,36,positive_approval,26.4875,2019,Q2,low
,leader_trait,Σταθερότητα χώρας,region_group,36,Αλέξης Τσίπρας,62.9132,2019,Q2,low
,leader_trait,Σταθερότητα χώρας,region_group,36,Κυριάκος Μητσοτάκης,37.0868,2019,Q2,low
,leader_trait,Κοντά στους πολίτες,region_group,36,Αλέξης Τσίπρας,85.2941,2019,Q2,low
,leader_trait,Κοντά στους πολίτες,region_group,36,Κυριάκος Μητσοτάκης,14.7059,2019,Q2,low
,leader_trait,Ικανότητα στην οικονομία,region_group,36,Αλέξης Τσίπρας,62.9132,2019,Q2,low
,leader_trait,Ικανότητα στην οικονομία,region_group,36,Κυριάκος Μητσοτάκης,37.0868,2019,Q2,low
,leader_trait,Εντιμότητα / ακεραιότητα,region_group,36,Αλέξης Τσίπρας,62.9132,2019,Q2,low
,leader_trait,Εντιμότητα / ακεραιότητα,region_group,36,Κυριάκος Μητσοτάκης,37.0868,2019,Q2,low
,leader_trait,Δίνει ελπίδα,region_group,36,Αλέξης Τσίπρας,62.9132,2019,Q2,low
,leader_trait,Δίνει ελπίδα,region_group,36,Κυριάκος Μητσοτάκης,37.0868,2019,Q2,low
,leader_trait,Σεβασμός από Ευρωπαίους ηγέτες,region_group,36,Αλέξης Τσίπρας,62.9132,2019,Q2,low
,leader_trait,Σεβασμός από Ευρωπαίους ηγέτες,region_group,36,Κυριάκος Μητσοτάκης,37.0868,2019,Q2,low
,leader_trait,Πατριωτισμός,region_group,36,Αλέξης Τσίπρας,85.2941,2019,Q2,low
,leader_trait,Πατριωτισμός,region_group,36,Κυριάκος Μητσοτάκης,14.7059,2019,Q2,low
,leader_trait,Ηγετικά προσόντα / ισχυρός ηγέτης,region_group,36,Αλέξης Τσίπρας,62.9132,2019,Q2,low
,leader_trait,Ηγετικά προσόντα / ισχυρός ηγέτης,region_group,36,Κυριάκος Μητσοτάκης,37.0868,2019,Q2,low
Αλέξης Τσίπρας,leader_approval,Έγκριση/αποδοχή: Αλέξης Τσίπρας,region_group,37,negative_approval,47.4586,2019,Q2,low
Αλέξης Τσίπρας,leader_approval,Έγκριση/αποδοχή: Αλέξης Τσίπρας,region_group,37,positive_approval,52.5414,2019,Q2,low
Κυριάκος Μητσοτάκης,leader_approval,Έγκριση/αποδοχή: Κυριάκος Μητσοτάκης,region_group,37,negative_approval,88.0648,2019,Q2,low
Κυριάκος Μητσοτάκης,leader_approval,Έγκριση/αποδοχή: Κυριάκος Μητσοτάκης,region_group,37,positive_approval,11.9352,2019,Q2,low
,leader_trait,Σταθερότητα χώρας,region_group,37,Αλέξης Τσίπρας,59.5051,2019,Q2,low
,leader_trait,Σταθερότητα χώρας,region_group,37,Κυριάκος Μητσοτάκης,40.4949,2019,Q2,low
,leader_trait,Κοντά στους πολίτες,region_group,37,Αλέξης Τσίπρας,76.986,2019,Q2,low
,leader_trait,Κοντά στους πολίτες,region_group,37,Κυριάκος Μητσοτάκης,23.014,2019,Q2,low
,leader_trait,Ικανότητα στην οικονομία,region_group,37,Αλέξης Τσίπρας,60.2841,2019,Q2,low
,leader_trait,Ικανότητα στην οικονομία,region_group,37,Κυριάκος Μητσοτάκης,39.7159,2019,Q2,low
,leader_trait,Εντιμότητα / ακεραιότητα,region_group,37,Αλέξης Τσίπρας,81.4891,2019,Q2,low
,leader_trait,Εντιμότητα / ακεραιότητα,region_group,37,Κυριάκος Μητσοτάκης,18.5109,2019,Q2,low
,leader_trait,Δίνει ελπίδα,region_group,37,Αλέξης Τσίπρας,76.986,2019,Q2,low
,leader_trait,Δίνει ελπίδα,region_group,37,Κυριάκος Μητσοτάκης,23.014,2019,Q2,low
,leader_trait,Σεβασμός από Ευρωπαίους ηγέτες,region_group,37,Αλέξης Τσίπρας,48.3762,2019,Q2,low
,leader_trait,Σεβασμός από Ευρωπαίους ηγέτες,region_group,37,Κυριάκος Μητσοτάκης,51.6238,2019,Q2,low
,leader_trait,Πατριωτισμός,region_group,37,Αλέξης Τσίπρας,52.299,2019,Q2,low
,leader_trait,Πατριωτισμός,region_group,37,Κυριάκος Μητσοτάκης,47.701,2019,Q2,low
,leader_trait,Ηγετικά προσόντα / ισχυρός ηγέτης,region_group,37,Αλέξης Τσίπρας,81.4891,2019,Q2,low
,leader_trait,Ηγετικά προσόντα / ισχυρός ηγέτης,region_group,37,Κυριάκος Μητσοτάκης,18.5109,2019,Q2,low
Αλέξης Τσίπρας,leader_approval,Έγκριση/αποδοχή: Αλέξης Τσίπρας,region_group,38,negative_approval,41.4233,2019,Q2,low
Αλέξης Τσίπρας,leader_approval,Έγκριση/αποδοχή: Αλέξης Τσίπρας,region_group,38,positive_approval,58.5767,2019,Q2,low
Κυριάκος Μητσοτάκης,leader_approval,Έγκριση/αποδοχή: Κυριάκος Μητσοτάκης,region_group,38,negative_approval,90.1488,2019,Q2,low
Κυριάκος Μητσοτάκης,leader_approval,Έγκριση/αποδοχή: Κυριάκος Μητσοτάκης,region_group,38,positive_approval,9.8512,2019,Q2,low
,leader_trait,Σταθερότητα χώρας,region_group,38,Αλέξης Τσίπρας,73.7999,2019,Q2,low
,leader_trait,Σταθερότητα χώρας,region_group,38,Κυριάκος Μητσοτάκης,26.2001,2019,Q2,low
,leader_trait,Κοντά στους πολίτες,region_group,38,Αλέξης Τσίπρας,76.2982,2019,Q2,low
,leader_trait,Κοντά στους πολίτες,region_group,38,Κυριάκος Μητσοτάκης,23.7018,2019,Q2,low
,leader_trait,Ικανότητα στην οικονομία,region_group,38,Αλέξης Τσίπρας,71.0434,2019,Q2,low
,leader_trait,Ικανότητα στην οικονομία,region_group,38,Κυριάκος Μητσοτάκης,28.9566,2019,Q2,low
,leader_trait,Εντιμότητα / ακεραιότητα,region_group,38,Αλέξης Τσίπρας,67.1838,2019,Q2,low
,leader_trait,Εντιμότητα / ακεραιότητα,region_group,38,Κυριάκος Μητσοτάκης,32.8162,2019,Q2,low
,leader_trait,Δίνει ελπίδα,region_group,38,Αλέξης Τσίπρας,78.6415,2019,Q2,low
,leader_trait,Δίνει ελπίδα,region_group,38,Κυριάκος Μητσοτάκης,21.3585,2019,Q2,low
,leader_trait,Σεβασμός από Ευρωπαίους ηγέτες,region_group,38,Αλέξης Τσίπρας,74.0408,2019,Q2,low
,leader_trait,Σεβασμός από Ευρωπαίους ηγέτες,region_group,38,Κυριάκος Μητσοτάκης,25.9592,2019,Q2,low
,leader_trait,Πατριωτισμός,region_group,38,both,12.2588,2019,Q2,low
,leader_trait,Πατριωτισμός,region_group,38,Αλέξης Τσίπρας,60.161,2019,Q2,low
,leader_trait,Πατριωτισμός,region_group,38,Κυριάκος Μητσοτάκης,27.5802,2019,Q2,low
,leader_trait,Ηγετικά προσόντα / ισχυρός ηγέτης,region_group,38,Αλέξης Τσίπρας,86.7699,2019,Q2,low
,leader_trait,Ηγετικά προσόντα / ισχυρός ηγέτης,region_group,38,Κυριάκος Μητσοτάκης,13.2301,2019,Q2,low
Αλέξης Τσίπρας,leader_approval,Έγκριση/αποδοχή: Αλέξης Τσίπρας,region_group,39,negative_approval,100.0,2019,Q2,low
Κυριάκος Μητσοτάκης,leader_approval,Έγκριση/αποδοχή: Κυριάκος Μητσοτάκης,region_group,39,negative_approval,40.1892,2019,Q2,low
Κυριάκος Μητσοτάκης,leader_approval,Έγκριση/αποδοχή: Κυριάκος Μητσοτάκης,region_group,39,positive_approval,59.8108,2019,Q2,low
,leader_trait,Σταθερότητα χώρας,region_group,39,Κυριάκος Μητσοτάκης,100.0,2019,Q2,low
,leader_trait,Κοντά στους πολίτες,region_group,39,Κυριάκος Μητσοτάκης,100.0,2019,Q2,low
,leader_trait,Ικανότητα στην οικονομία,region_group,39,Κυριάκος Μητσοτάκης,100.0,2019,Q2,low
,leader_trait,Εντιμότητα / ακεραιότητα,region_group,39,Κυριάκος Μητσοτάκης,100.0,2019,Q2,low
,leader_trait,Δίνει ελπίδα,region_group,39,Κυριάκος Μητσοτάκης,100.0,2019,Q2,low
,leader_trait,Σεβασμός από Ευρωπαίους ηγέτες,region_group,39,Κυριάκος Μητσοτάκης,100.0,2019,Q2,low
,leader_trait,Πατριωτισμός,region_group,39,Κυριάκος Μητσοτάκης,100.0,2019,Q2,low
,leader_trait,Ηγετικά προσόντα / ισχυρός ηγέτης,region_group,39,Κυριάκος Μητσοτάκης,100.0,2019,Q2,low
Αλέξης Τσίπρας,leader_approval,Έγκριση/αποδοχή: Αλέξης Τσίπρας,region_group,40,negative_approval,51.0039,2019,Q2,low
Αλέξης Τσίπρας,leader_approval,Έγκριση/αποδοχή: Αλέξης Τσίπρας,region_group,40,positive_approval,48.9961,2019,Q2,low
Κυριάκος Μητσοτάκης,leader_approval,Έγκριση/αποδοχή: Κυριάκος Μητσοτάκης,region_group,40,negative_approval,73.3574,2019,Q2,low
Κυριάκος Μητσοτάκης,leader_approval,Έγκριση/αποδοχή: Κυριάκος Μητσοτάκης,region_group,40,positive_approval,26.6426,2019,Q2,low
,leader_trait,Σταθερότητα χώρας,region_group,40,Αλέξης Τσίπρας,66.9456,2019,Q2,low
,leader_trait,Σταθερότητα χώρας,region_group,40,Κυριάκος Μητσοτάκης,33.0544,2019,Q2,low
,leader_trait,Κοντά στους πολίτες,region_group,40,Αλέξης Τσίπρας,64.0034,2019,Q2,low
,leader_trait,Κοντά στους πολίτες,region_group,40,Κυριάκος Μητσοτάκης,35.9966,2019,Q2,low
,leader_trait,Ικανότητα στην οικονομία,region_group,40,Αλέξης Τσίπρας,54.8328,2019,Q2,low
,leader_trait,Ικανότητα στην οικονομία,region_group,40,Κυριάκος Μητσοτάκης,45.1672,2019,Q2,low
,leader_trait,Εντιμότητα / ακεραιότητα,region_group,40,Αλέξης Τσίπρας,60.4416,2019,Q2,low
,leader_trait,Εντιμότητα / ακεραιότητα,region_group,40,Κυριάκος Μητσοτάκης,39.5584,2019,Q2,low
,leader_trait,Δίνει ελπίδα,region_group,40,Αλέξης Τσίπρας,61.8931,2019,Q2,low
,leader_trait,Δίνει ελπίδα,region_group,40,Κυριάκος Μητσοτάκης,38.1069,2019,Q2,low
,leader_trait,Σεβασμός από Ευρωπαίους ηγέτες,region_group,40,Αλέξης Τσίπρας,60.0172,2019,Q2,low
,leader_trait,Σεβασμός από Ευρωπαίους ηγέτες,region_group,40,Κυριάκος Μητσοτάκης,39.9828,2019,Q2,low
,leader_trait,Πατριωτισμός,region_group,40,Αλέξης Τσίπρας,58.4762,2019,Q2,low
,leader_trait,Πατριωτισμός,region_group,40,Κυριάκος Μητσοτάκης,41.5238,2019,Q2,low
,leader_trait,Ηγετικά προσόντα / ισχυρός ηγέτης,region_group,40,Αλέξης Τσίπρας,70.9891,2019,Q2,low
,leader_trait,Ηγετικά προσόντα / ισχυρός ηγέτης,region_group,40,Κυριάκος Μητσοτάκης,29.0109,2019,Q2,low
Αλέξης Τσίπρας,leader_approval,Έγκριση/αποδοχή: Αλέξης Τσίπρας,region_group,41,negative_approval,57.8534,2019,Q2,low
Αλέξης Τσίπρας,leader_approval,Έγκριση/αποδοχή: Αλέξης Τσίπρας,region_group,41,positive_approval,42.1466,2019,Q2,low
Κυριάκος Μητσοτάκης,leader_approval,Έγκριση/αποδοχή: Κυριάκος Μητσοτάκης,region_group,41,negative_approval,100.0,2019,Q2,low
,leader_trait,Κοντά στους πολίτες,region_group,41,Αλέξης Τσίπρας,42.1466,2019,Q2,low
,leader_trait,Κοντά στους πολίτες,region_group,41,Κυριάκος Μητσοτάκης,57.8534,2019,Q2,low
,leader_trait,Ικανότητα στην οικονομία,region_group,41,Κυριάκος Μητσοτάκης,100.0,2019,Q2,low
,leader_trait,Εντιμότητα / ακεραιότητα,region_group,41,Κυριάκος Μητσοτάκης,100.0,2019,Q2,low
,leader_trait,Δίνει ελπίδα,region_group,41,Αλέξης Τσίπρας,100.0,2019,Q2,low
,leader_trait,Σεβασμός από Ευρωπαίους ηγέτες,region_group,41,Αλέξης Τσίπρας,42.1466,2019,Q2,low
,leader_trait,Σεβασμός από Ευρωπαίους ηγέτες,region_group,41,Κυριάκος Μητσοτάκης,57.8534,2019,Q2,low
,leader_trait,Πατριωτισμός,region_group,41,Κυριάκος Μητσοτάκης,100.0,2019,Q2,low
,leader_trait,Ηγετικά προσόντα / ισχυρός ηγέτης,region_group,41,Αλέξης Τσίπρας,100.0,2019,Q2,low
Αλέξης Τσίπρας,leader_approval,Έγκριση/αποδοχή: Αλέξης Τσίπρας,region_group,42,negative_approval,85.0452,2019,Q2,low
Αλέξης Τσίπρας,leader_approval,Έγκριση/αποδοχή: Αλέξης Τσίπρας,region_group,42,positive_approval,14.9548,2019,Q2,low
Κυριάκος Μητσοτάκης,leader_approval,Έγκριση/αποδοχή: Κυριάκος Μητσοτάκης,region_group,42,negative_approval,30.2316,2019,Q2,low
Κυριάκος Μητσοτάκης,leader_approval,Έγκριση/αποδοχή: Κυριάκος Μητσοτάκης,region_group,42,positive_approval,69.7684,2019,Q2,low
,leader_trait,Σταθερότητα χώρας,region_group,42,Αλέξης Τσίπρας,22.2263,2019,Q2,low
,leader_trait,Σταθερότητα χώρας,region_group,42,Κυριάκος Μητσοτάκης,77.7737,2019,Q2,low
,leader_trait,Κοντά στους πολίτες,region_group,42,Κυριάκος Μητσοτάκης,100.0,2019,Q2,low
,leader_trait,Ικανότητα στην οικονομία,region_group,42,Κυριάκος Μητσοτάκης,100.0,2019,Q2,low
,leader_trait,Εντιμότητα / ακεραιότητα,region_group,42,Αλέξης Τσίπρας,39.464,2019,Q2,low
,leader_trait,Εντιμότητα / ακεραιότητα,region_group,42,Κυριάκος Μητσοτάκης,60.536,2019,Q2,low
,leader_trait,Δίνει ελπίδα,region_group,42,Κυριάκος Μητσοτάκης,100.0,2019,Q2,low
,leader_trait,Σεβασμός από Ευρωπαίους ηγέτες,region_group,42,Αλέξης Τσίπρας,22.2263,2019,Q2,low
,leader_trait,Σεβασμός από Ευρωπαίους ηγέτες,region_group,42,Κυριάκος Μητσοτάκης,77.7737,2019,Q2,low
,leader_trait,Πατριωτισμός,region_group,42,Αλέξης Τσίπρας,22.2263,2019,Q2,low
,leader_trait,Πατριωτισμός,region_group,42,Κυριάκος Μητσοτάκης,77.7737,2019,Q2,low
,leader_trait,Ηγετικά προσόντα / ισχυρός ηγέτης,region_group,42,Αλέξης Τσίπρας,39.464,2019,Q2,low
,leader_trait,Ηγετικά προσόντα / ισχυρός ηγέτης,region_group,42,Κυριάκος Μητσοτάκης,60.536,2019,Q2,low
Αλέξης Τσίπρας,leader_approval,Έγκριση/αποδοχή: Αλέξης Τσίπρας,region_group,43,negative_approval,68.9224,2019,Q2,low
Αλέξης Τσίπρας,leader_approval,Έγκριση/αποδοχή: Αλέξης Τσίπρας,region_group,43,positive_approval,31.0776,2019,Q2,low
Κυριάκος Μητσοτάκης,leader_approval,Έγκριση/αποδοχή: Κυριάκος Μητσοτάκης,region_group,43,negative_approval,51.2816,2019,Q2,low
Κυριάκος Μητσοτάκης,leader_approval,Έγκριση/αποδοχή: Κυριάκος Μητσοτάκης,region_group,43,positive_approval,48.7184,2019,Q2,low
,leader_trait,Σταθερότητα χώρας,region_group,43,Αλέξης Τσίπρας,38.9463,2019,Q2,low
,leader_trait,Σταθερότητα χώρας,region_group,43,Κυριάκος Μητσοτάκης,61.0537,2019,Q2,low
,leader_trait,Κοντά στους πολίτες,region_group,43,Κυριάκος Μητσοτάκης,100.0,2019,Q2,low
,leader_trait,Ικανότητα στην οικονομία,region_group,43,Αλέξης Τσίπρας,17.1742,2019,Q2,low
,leader_trait,Ικανότητα στην οικονομία,region_group,43,Κυριάκος Μητσοτάκης,82.8258,2019,Q2,low
,leader_trait,Εντιμότητα / ακεραιότητα,region_group,43,Αλέξης Τσίπρας,38.9463,2019,Q2,low
,leader_trait,Εντιμότητα / ακεραιότητα,region_group,43,Κυριάκος Μητσοτάκης,61.0537,2019,Q2,low
,leader_trait,Δίνει ελπίδα,region_group,43,Αλέξης Τσίπρας,51.4865,2019,Q2,low
,leader_trait,Δίνει ελπίδα,region_group,43,Κυριάκος Μητσοτάκης,48.5135,2019,Q2,low
,leader_trait,Σεβασμός από Ευρωπαίους ηγέτες,region_group,43,Αλέξης Τσίπρας,45.807,2019,Q2,low
,leader_trait,Σεβασμός από Ευρωπαίους ηγέτες,region_group,43,Κυριάκος Μητσοτάκης,54.193,2019,Q2,low
,leader_trait,Πατριωτισμός,region_group,43,Αλέξης Τσίπρας,45.807,2019,Q2,low
,leader_trait,Πατριωτισμός,region_group,43,Κυριάκος Μητσοτάκης,54.193,2019,Q2,low
,leader_trait,Ηγετικά προσόντα / ισχυρός ηγέτης,region_group,43,Αλέξης Τσίπρας,58.4417,2019,Q2,low
,leader_trait,Ηγετικά προσόντα / ισχυρός ηγέτης,region_group,43,Κυριάκος Μητσοτάκης,41.5583,2019,Q2,low
Αλέξης Τσίπρας,leader_approval,Έγκριση/αποδοχή: Αλέξης Τσίπρας,region_group,44,negative_approval,39.6343,2019,Q2,low
Αλέξης Τσίπρας,leader_approval,Έγκριση/αποδοχή: Αλέξης Τσίπρας,region_group,44,positive_approval,60.3657,2019,Q2,low
Κυριάκος Μητσοτάκης,leader_approval,Έγκριση/αποδοχή: Κυριάκος Μητσοτάκης,region_group,44,negative_approval,100.0,2019,Q2,low
,leader_trait,Σταθερότητα χώρας,region_group,44,Αλέξης Τσίπρας,64.8748,2019,Q2,low
,leader_trait,Σταθερότητα χώρας,region_group,44,Κυριάκος Μητσοτάκης,35.1252,2019,Q2,low
,leader_trait,Κοντά στους πολίτες,region_group,44,Αλέξης Τσίπρας,100.0,2019,Q2,low
,leader_trait,Ικανότητα στην οικονομία,region_group,44,Αλέξης Τσίπρας,45.8668,2019,Q2,low
,leader_trait,Ικανότητα στην οικονομία,region_group,44,Κυριάκος Μητσοτάκης,54.1332,2019,Q2,low
,leader_trait,Εντιμότητα / ακεραιότητα,region_group,44,Αλέξης Τσίπρας,100.0,2019,Q2,low
,leader_trait,Δίνει ελπίδα,region_group,44,Αλέξης Τσίπρας,64.8037,2019,Q2,low
,leader_trait,Δίνει ελπίδα,region_group,44,Κυριάκος Μητσοτάκης,35.1963,2019,Q2,low
,leader_trait,Σεβασμός από Ευρωπαίους ηγέτες,region_group,44,Αλέξης Τσίπρας,100.0,2019,Q2,low
,leader_trait,Πατριωτισμός,region_group,44,both,39.59,2019,Q2,low
,leader_trait,Πατριωτισμός,region_group,44,Αλέξης Τσίπρας,60.41,2019,Q2,low
,leader_trait,Ηγετικά προσόντα / ισχυρός ηγέτης,region_group,44,Αλέξης Τσίπρας,100.0,2019,Q2,low
Αλέξης Τσίπρας,leader_approval,Έγκριση/αποδοχή: Αλέξης Τσίπρας,region_group,45,negative_approval,68.4636,2019,Q2,low
Αλέξης Τσίπρας,leader_approval,Έγκριση/αποδοχή: Αλέξης Τσίπρας,region_group,45,positive_approval,31.5364,2019,Q2,low
Κυριάκος Μητσοτάκης,leader_approval,Έγκριση/αποδοχή: Κυριάκος Μητσοτάκης,region_group,45,negative_approval,72.882,2019,Q2,low
Κυριάκος Μητσοτάκης,leader_approval,Έγκριση/αποδοχή: Κυριάκος Μητσοτάκης,region_group,45,positive_approval,27.118,2019,Q2,low
,leader_trait,Σταθερότητα χώρας,region_group,45,Αλέξης Τσίπρας,53.4987,2019,Q2,low
,leader_trait,Σταθερότητα χώρας,region_group,45,Κυριάκος Μητσοτάκης,46.5013,2019,Q2,low
,leader_trait,Κοντά στους πολίτες,region_group,45,Αλέξης Τσίπρας,52.2514,2019,Q2,low
,leader_trait,Κοντά στους πολίτες,region_group,45,Κυριάκος Μητσοτάκης,47.7486,2019,Q2,low
,leader_trait,Ικανότητα στην οικονομία,region_group,45,both,10.7812,2019,Q2,low
,leader_trait,Ικανότητα στην οικονομία,region_group,45,Αλέξης Τσίπρας,30.698,2019,Q2,low
,leader_trait,Ικανότητα στην οικονομία,region_group,45,Κυριάκος Μητσοτάκης,58.5208,2019,Q2,low
,leader_trait,Εντιμότητα / ακεραιότητα,region_group,45,Αλέξης Τσίπρας,42.5285,2019,Q2,low
,leader_trait,Εντιμότητα / ακεραιότητα,region_group,45,Κυριάκος Μητσοτάκης,57.4715,2019,Q2,low
,leader_trait,Δίνει ελπίδα,region_group,45,Αλέξης Τσίπρας,50.5905,2019,Q2,low
,leader_trait,Δίνει ελπίδα,region_group,45,Κυριάκος Μητσοτάκης,49.4095,2019,Q2,low
,leader_trait,Σεβασμός από Ευρωπαίους ηγέτες,region_group,45,both,3.7119,2019,Q2,low
,leader_trait,Σεβασμός από Ευρωπαίους ηγέτες,region_group,45,Αλέξης Τσίπρας,48.4125,2019,Q2,low
,leader_trait,Σεβασμός από Ευρωπαίους ηγέτες,region_group,45,Κυριάκος Μητσοτάκης,47.8756,2019,Q2,low
,leader_trait,Πατριωτισμός,region_group,45,Αλέξης Τσίπρας,39.437,2019,Q2,low
,leader_trait,Πατριωτισμός,region_group,45,Κυριάκος Μητσοτάκης,60.563,2019,Q2,low
,leader_trait,Ηγετικά προσόντα / ισχυρός ηγέτης,region_group,45,Αλέξης Τσίπρας,60.2519,2019,Q2,low
,leader_trait,Ηγετικά προσόντα / ισχυρός ηγέτης,region_group,45,Κυριάκος Μητσοτάκης,39.7481,2019,Q2,low
Αλέξης Τσίπρας,leader_approval,Έγκριση/αποδοχή: Αλέξης Τσίπρας,region_group,46,negative_approval,100.0,2019,Q2,low
Κυριάκος Μητσοτάκης,leader_approval,Έγκριση/αποδοχή: Κυριάκος Μητσοτάκης,region_group,46,negative_approval,30.4164,2019,Q2,low
Κυριάκος Μητσοτάκης,leader_approval,Έγκριση/αποδοχή: Κυριάκος Μητσοτάκης,region_group,46,positive_approval,69.5836,2019,Q2,low
,leader_trait,Σταθερότητα χώρας,region_group,46,Κυριάκος Μητσοτάκης,100.0,2019,Q2,low
,leader_trait,Κοντά στους πολίτες,region_group,46,Κυριάκος Μητσοτάκης,100.0,2019,Q2,low
,leader_trait,Ικανότητα στην οικονομία,region_group,46,Κυριάκος Μητσοτάκης,100.0,2019,Q2,low
,leader_trait,Εντιμότητα / ακεραιότητα,region_group,46,Κυριάκος Μητσοτάκης,100.0,2019,Q2,low
,leader_trait,Δίνει ελπίδα,region_group,46,Κυριάκος Μητσοτάκης,100.0,2019,Q2,low
,leader_trait,Σεβασμός από Ευρωπαίους ηγέτες,region_group,46,Κυριάκος Μητσοτάκης,100.0,2019,Q2,low
,leader_trait,Πατριωτισμός,region_group,46,Κυριάκος Μητσοτάκης,100.0,2019,Q2,low
,leader_trait,Ηγετικά προσόντα / ισχυρός ηγέτης,region_group,46,Κυριάκος Μητσοτάκης,100.0,2019,Q2,low
Αλέξης Τσίπρας,leader_approval,Έγκριση/αποδοχή: Αλέξης Τσίπρας,region_group,47,negative_approval,78.0427,2019,Q2,low
Αλέξης Τσίπρας,leader_approval,Έγκριση/αποδοχή: Αλέξης Τσίπρας,region_group,47,positive_approval,21.9573,2019,Q2,low
Κυριάκος Μητσοτάκης,leader_approval,Έγκριση/αποδοχή: Κυριάκος Μητσοτάκης,region_group,47,negative_approval,61.4491,2019,Q2,low
Κυριάκος Μητσοτάκης,leader_approval,Έγκριση/αποδοχή: Κυριάκος Μητσοτάκης,region_group,47,positive_approval,38.5509,2019,Q2,low
,leader_trait,Σταθερότητα χώρας,region_group,47,Αλέξης Τσίπρας,38.691,2019,Q2,low
,leader_trait,Σταθερότητα χώρας,region_group,47,Κυριάκος Μητσοτάκης,61.309,2019,Q2,low
,leader_trait,Κοντά στους πολίτες,region_group,47,Αλέξης Τσίπρας,37.8151,2019,Q2,low
,leader_trait,Κοντά στους πολίτες,region_group,47,Κυριάκος Μητσοτάκης,62.1849,2019,Q2,low
,leader_trait,Ικανότητα στην οικονομία,region_group,47,both,12.3711,2019,Q2,low
,leader_trait,Ικανότητα στην οικονομία,region_group,47,Αλέξης Τσίπρας,19.7981,2019,Q2,low
,leader_trait,Ικανότητα στην οικονομία,region_group,47,Κυριάκος Μητσοτάκης,67.8308,2019,Q2,low
,leader_trait,Εντιμότητα / ακεραιότητα,region_group,47,Αλέξης Τσίπρας,27.9742,2019,Q2,low
,leader_trait,Εντιμότητα / ακεραιότητα,region_group,47,Κυριάκος Μητσοτάκης,72.0258,2019,Q2,low
,leader_trait,Δίνει ελπίδα,region_group,47,Αλέξης Τσίπρας,27.9742,2019,Q2,low
,leader_trait,Δίνει ελπίδα,region_group,47,Κυριάκος Μητσοτάκης,72.0258,2019,Q2,low
,leader_trait,Σεβασμός από Ευρωπαίους ηγέτες,region_group,47,Αλέξης Τσίπρας,44.8202,2019,Q2,low
,leader_trait,Σεβασμός από Ευρωπαίους ηγέτες,region_group,47,Κυριάκος Μητσοτάκης,55.1798,2019,Q2,low
,leader_trait,Πατριωτισμός,region_group,47,Αλέξης Τσίπρας,44.1542,2019,Q2,low
,leader_trait,Πατριωτισμός,region_group,47,Κυριάκος Μητσοτάκης,55.8458,2019,Q2,low
,leader_trait,Ηγετικά προσόντα / ισχυρός ηγέτης,region_group,47,Αλέξης Τσίπρας,53.335,2019,Q2,low
,leader_trait,Ηγετικά προσόντα / ισχυρός ηγέτης,region_group,47,Κυριάκος Μητσοτάκης,46.665,2019,Q2,low
Αλέξης Τσίπρας,leader_approval,Έγκριση/αποδοχή: Αλέξης Τσίπρας,region_group,49,negative_approval,57.4155,2019,Q2,low
Αλέξης Τσίπρας,leader_approval,Έγκριση/αποδοχή: Αλέξης Τσίπρας,region_group,49,positive_approval,42.5845,2019,Q2,low
Κυριάκος Μητσοτάκης,leader_approval,Έγκριση/αποδοχή: Κυριάκος Μητσοτάκης,region_group,49,negative_approval,60.256,2019,Q2,low
Κυριάκος Μητσοτάκης,leader_approval,Έγκριση/αποδοχή: Κυριάκος Μητσοτάκης,region_group,49,positive_approval,39.744,2019,Q2,low
,leader_trait,Σταθερότητα χώρας,region_group,49,Αλέξης Τσίπρας,39.1313,2019,Q2,low
,leader_trait,Σταθερότητα χώρας,region_group,49,Κυριάκος Μητσοτάκης,60.8687,2019,Q2,low
,leader_trait,Κοντά στους πολίτες,region_group,49,Αλέξης Τσίπρας,39.1313,2019,Q2,low
,leader_trait,Κοντά στους πολίτες,region_group,49,Κυριάκος Μητσοτάκης,60.8687,2019,Q2,low
,leader_trait,Ικανότητα στην οικονομία,region_group,49,Αλέξης Τσίπρας,39.1313,2019,Q2,low
,leader_trait,Ικανότητα στην οικονομία,region_group,49,Κυριάκος Μητσοτάκης,60.8687,2019,Q2,low
,leader_trait,Εντιμότητα / ακεραιότητα,region_group,49,Αλέξης Τσίπρας,51.7251,2019,Q2,low
,leader_trait,Εντιμότητα / ακεραιότητα,region_group,49,Κυριάκος Μητσοτάκης,48.2749,2019,Q2,low
,leader_trait,Δίνει ελπίδα,region_group,49,Αλέξης Τσίπρας,39.1313,2019,Q2,low
,leader_trait,Δίνει ελπίδα,region_group,49,Κυριάκος Μητσοτάκης,60.8687,2019,Q2,low
,leader_trait,Σεβασμός από Ευρωπαίους ηγέτες,region_group,49,Αλέξης Τσίπρας,39.1313,2019,Q2,low
,leader_trait,Σεβασμός από Ευρωπαίους ηγέτες,region_group,49,Κυριάκος Μητσοτάκης,60.8687,2019,Q2,low
,leader_trait,Πατριωτισμός,region_group,49,Αλέξης Τσίπρας,39.1313,2019,Q2,low
,leader_trait,Πατριωτισμός,region_group,49,Κυριάκος Μητσοτάκης,60.8687,2019,Q2,low
,leader_trait,Ηγετικά προσόντα / ισχυρός ηγέτης,region_group,49,Αλέξης Τσίπρας,51.8103,2019,Q2,low
,leader_trait,Ηγετικά προσόντα / ισχυρός ηγέτης,region_group,49,Κυριάκος Μητσοτάκης,48.1897,2019,Q2,low
Αλέξης Τσίπρας,leader_approval,Έγκριση/αποδοχή: Αλέξης Τσίπρας,region_group,50,negative_approval,100.0,2019,Q2,low
Κυριάκος Μητσοτάκης,leader_approval,Έγκριση/αποδοχή: Κυριάκος Μητσοτάκης,region_group,50,negative_approval,100.0,2019,Q2,low
,leader_trait,Σταθερότητα χώρας,region_group,50,both,100.0,2019,Q2,low
,leader_trait,Ικανότητα στην οικονομία,region_group,50,both,59.4186,2019,Q2,low
,leader_trait,Ικανότητα στην οικονομία,region_group,50,Κυριάκος Μητσοτάκης,40.5814,2019,Q2,low
Αλέξης Τσίπρας,leader_approval,Έγκριση/αποδοχή: Αλέξης Τσίπρας,region_group,51,negative_approval,56.5641,2019,Q2,low
Αλέξης Τσίπρας,leader_approval,Έγκριση/αποδοχή: Αλέξης Τσίπρας,region_group,51,positive_approval,43.4359,2019,Q2,low
Κυριάκος Μητσοτάκης,leader_approval,Έγκριση/αποδοχή: Κυριάκος Μητσοτάκης,region_group,51,negative_approval,75.4419,2019,Q2,low
Κυριάκος Μητσοτάκης,leader_approval,Έγκριση/αποδοχή: Κυριάκος Μητσοτάκης,region_group,51,positive_approval,24.5581,2019,Q2,low
,leader_trait,Σταθερότητα χώρας,region_group,51,both,26.6184,2019,Q2,low
,leader_trait,Σταθερότητα χώρας,region_group,51,Αλέξης Τσίπρας,24.1387,2019,Q2,low
,leader_trait,Σταθερότητα χώρας,region_group,51,Κυριάκος Μητσοτάκης,49.2429,2019,Q2,low
,leader_trait,Κοντά στους πολίτες,region_group,51,both,38.5053,2019,Q2,low
,leader_trait,Κοντά στους πολίτες,region_group,51,Αλέξης Τσίπρας,34.9181,2019,Q2,low
,leader_trait,Κοντά στους πολίτες,region_group,51,Κυριάκος Μητσοτάκης,26.5766,2019,Q2,low
,leader_trait,Ικανότητα στην οικονομία,region_group,51,Αλέξης Τσίπρας,50.7571,2019,Q2,low
,leader_trait,Ικανότητα στην οικονομία,region_group,51,Κυριάκος Μητσοτάκης,49.2429,2019,Q2,low
,leader_trait,Εντιμότητα / ακεραιότητα,region_group,51,both,33.6945,2019,Q2,low
,leader_trait,Εντιμότητα / ακεραιότητα,region_group,51,Αλέξης Τσίπρας,30.5555,2019,Q2,low
,leader_trait,Εντιμότητα / ακεραιότητα,region_group,51,Κυριάκος Μητσοτάκης,35.75,2019,Q2,low
,leader_trait,Δίνει ελπίδα,region_group,51,Αλέξης Τσίπρας,55.5387,2019,Q2,low
,leader_trait,Δίνει ελπίδα,region_group,51,Κυριάκος Μητσοτάκης,44.4613,2019,Q2,low
,leader_trait,Σεβασμός από Ευρωπαίους ηγέτες,region_group,51,Αλέξης Τσίπρας,62.263,2019,Q2,low
,leader_trait,Σεβασμός από Ευρωπαίους ηγέτες,region_group,51,Κυριάκος Μητσοτάκης,37.737,2019,Q2,low
,leader_trait,Πατριωτισμός,region_group,51,both,38.5053,2019,Q2,low
,leader_trait,Πατριωτισμός,region_group,51,Αλέξης Τσίπρας,34.9181,2019,Q2,low
,leader_trait,Πατριωτισμός,region_group,51,Κυριάκος Μητσοτάκης,26.5766,2019,Q2,low
,leader_trait,Ηγετικά προσόντα / ισχυρός ηγέτης,region_group,51,Αλέξης Τσίπρας,87.7046,2019,Q2,low
,leader_trait,Ηγετικά προσόντα / ισχυρός ηγέτης,region_group,51,Κυριάκος Μητσοτάκης,12.2954,2019,Q2,low
Αλέξης Τσίπρας,leader_approval,Έγκριση/αποδοχή: Αλέξης Τσίπρας,region_group,65,negative_approval,100.0,2019,Q2,low
Κυριάκος Μητσοτάκης,leader_approval,Έγκριση/αποδοχή: Κυριάκος Μητσοτάκης,region_group,65,positive_approval,100.0,2019,Q2,low
,leader_trait,Σταθερότητα χώρας,region_group,65,Κυριάκος Μητσοτάκης,100.0,2019,Q2,low
,leader_trait,Εντιμότητα / ακεραιότητα,region_group,65,Κυριάκος Μητσοτάκης,100.0,2019,Q2,low
,leader_trait,Σεβασμός από Ευρωπαίους ηγέτες,region_group,65,Κυριάκος Μητσοτάκης,100.0,2019,Q2,low
Αλέξης Τσίπρας,leader_approval,Έγκριση/αποδοχή: Αλέξης Τσίπρας,region_group,68,negative_approval,100.0,2019,Q2,low
Κυριάκος Μητσοτάκης,leader_approval,Έγκριση/αποδοχή: Κυριάκος Μητσοτάκης,region_group,68,negative_approval,100.0,2019,Q2,low
Αλέξης Τσίπρας,leader_approval,Έγκριση/αποδοχή: Αλέξης Τσίπρας,region_group,H9,positive_approval,100.0,2019,Q2,low
Κυριάκος Μητσοτάκης,leader_approval,Έγκριση/αποδοχή: Κυριάκος Μητσοτάκης,region_group,H9,negative_approval,100.0,2019,Q2,low
,leader_trait,Κοντά στους πολίτες,region_group,H9,Αλέξης Τσίπρας,100.0,2019,Q2,low
,leader_trait,Ικανότητα στην οικονομία,region_group,H9,Κυριάκος Μητσοτάκης,100.0,2019,Q2,low
,leader_trait,Εντιμότητα / ακεραιότητα,region_group,H9,Αλέξης Τσίπρας,100.0,2019,Q2,low
,leader_trait,Δίνει ελπίδα,region_group,H9,Αλέξης Τσίπρας,100.0,2019,Q2,low
,leader_trait,Σεβασμός από Ευρωπαίους ηγέτες,region_group,H9,Αλέξης Τσίπρας,100.0,2019,Q2,low
,leader_trait,Ηγετικά προσόντα / ισχυρός ηγέτης,region_group,H9,Αλέξης Τσίπρας,100.0,2019,Q2,low
Αλέξης Τσίπρας,leader_approval,Έγκριση/αποδοχή: Αλέξης Τσίπρας,region_group,L1,negative_approval,100.0,2019,Q2,low
Κυριάκος Μητσοτάκης,leader_approval,Έγκριση/αποδοχή: Κυριάκος Μητσοτάκης,region_group,L1,negative_approval,100.0,2019,Q2,low
,leader_trait,Ικανότητα στην οικονομία,region_group,L1,Κυριάκος Μητσοτάκης,100.0,2019,Q2,low
Αλέξης Τσίπρας,leader_approval,Έγκριση/αποδοχή: Αλέξης Τσίπρας,region_group,M1,positive_approval,100.0,2019,Q2,low
Κυριάκος Μητσοτάκης,leader_approval,Έγκριση/αποδοχή: Κυριάκος Μητσοτάκης,region_group,M1,negative_approval,100.0,2019,Q2,low
,leader_trait,Σταθερότητα χώρας,region_group,M1,Αλέξης Τσίπρας,100.0,2019,Q2,low
,leader_trait,Κοντά στους πολίτες,region_group,M1,Αλέξης Τσίπρας,100.0,2019,Q2,low
,leader_trait,Ικανότητα στην οικονομία,region_group,M1,Αλέξης Τσίπρας,100.0,2019,Q2,low
,leader_trait,Δίνει ελπίδα,region_group,M1,Αλέξης Τσίπρας,100.0,2019,Q2,low
,leader_trait,Ηγετικά προσόντα / ισχυρός ηγέτης,region_group,M1,Αλέξης Τσίπρας,100.0,2019,Q2,low
,leader_trait,Ασυμβίβαστος απέναντι σε συμφέροντα,gender,female,none,43.1244,,unknown,high
,leader_trait,Ασυμβίβαστος απέναντι σε συμφέροντα,gender,female,Αλέξης Τσίπρας,33.3818,,unknown,high
,leader_trait,Ασυμβίβαστος απέναντι σε συμφέροντα,gender,female,Κυριάκος Μητσοτάκης,23.4938,,unknown,high
,leader_trait,Κοντά στα προβλήματα και τις ανησυχίες των πολιτών,gender,female,none,31.7773,,unknown,high
,leader_trait,Κοντά στα προβλήματα και τις ανησυχίες των πολιτών,gender,female,Αλέξης Τσίπρας,40.6674,,unknown,high
,leader_trait,Κοντά στα προβλήματα και τις ανησυχίες των πολιτών,gender,female,Κυριάκος Μητσοτάκης,27.5554,,unknown,high
,leader_trait,Αξιόπιστος/Συνεπής στις εξαγγελίες του,gender,female,none,41.8628,,unknown,high
,leader_trait,Αξιόπιστος/Συνεπής στις εξαγγελίες του,gender,female,Αλέξης Τσίπρας,21.706,,unknown,high
,leader_trait,Αξιόπιστος/Συνεπής στις εξαγγελίες του,gender,female,Κυριάκος Μητσοτάκης,36.4312,,unknown,high
,leader_trait,Ικανός στην διαχείριση των οικονομικών της χώρας,gender,female,none,38.5204,,unknown,high
,leader_trait,Ικανός στην διαχείριση των οικονομικών της χώρας,gender,female,Αλέξης Τσίπρας,27.7932,,unknown,high
,leader_trait,Ικανός στην διαχείριση των οικονομικών της χώρας,gender,female,Κυριάκος Μητσοτάκης,33.6865,,unknown,high
,leader_trait,Αποτελεσματικός στην επίλυση προβλημάτων,gender,female,none,33.3026,,unknown,high
,leader_trait,Αποτελεσματικός στην επίλυση προβλημάτων,gender,female,Αλέξης Τσίπρας,29.0915,,unknown,high
,leader_trait,Αποτελεσματικός στην επίλυση προβλημάτων,gender,female,Κυριάκος Μητσοτάκης,37.6059,,unknown,high
,leader_trait,Ακέραιος στη διαχείριση κρατικού χρήματος,gender,female,none,34.4246,,unknown,high
,leader_trait,Ακέραιος στη διαχείριση κρατικού χρήματος,gender,female,Αλέξης Τσίπρας,39.0153,,unknown,high
,leader_trait,Ακέραιος στη διαχείριση κρατικού χρήματος,gender,female,Κυριάκος Μητσοτάκης,26.5601,,unknown,high
,suitable_pm,Καταλληλότερος για πρωθυπουργός,gender,female,none,28.5439,,unknown,high
,suitable_pm,Καταλληλότερος για πρωθυπουργός,gender,female,Αλέξης Τσίπρας,33.4342,,unknown,high
,suitable_pm,Καταλληλότερος για πρωθυπουργός,gender,female,Κυριάκος Μητσοτάκης,38.0218,,unknown,high
,leader_trait,Ασυμβίβαστος απέναντι σε συμφέροντα,gender,male,none,52.3141,,unknown,high
,leader_trait,Ασυμβίβαστος απέναντι σε συμφέροντα,gender,male,Αλέξης Τσίπρας,25.2816,,unknown,high
,leader_trait,Ασυμβίβαστος απέναντι σε συμφέροντα,gender,male,Κυριάκος Μητσοτάκης,22.4043,,unknown,high
,leader_trait,Κοντά στα προβλήματα και τις ανησυχίες των πολιτών,gender,male,none,41.3814,,unknown,high
,leader_trait,Κοντά στα προβλήματα και τις ανησυχίες των πολιτών,gender,male,Αλέξης Τσίπρας,31.6601,,unknown,high
,leader_trait,Κοντά στα προβλήματα και τις ανησυχίες των πολιτών,gender,male,Κυριάκος Μητσοτάκης,26.9584,,unknown,high
,leader_trait,Αξιόπιστος/Συνεπής στις εξαγγελίες του,gender,male,none,45.9367,,unknown,high
,leader_trait,Αξιόπιστος/Συνεπής στις εξαγγελίες του,gender,male,Αλέξης Τσίπρας,15.7517,,unknown,high
,leader_trait,Αξιόπιστος/Συνεπής στις εξαγγελίες του,gender,male,Κυριάκος Μητσοτάκης,38.3116,,unknown,high
,leader_trait,Ικανός στην διαχείριση των οικονομικών της χώρας,gender,male,none,41.242,,unknown,high
,leader_trait,Ικανός στην διαχείριση των οικονομικών της χώρας,gender,male,Αλέξης Τσίπρας,21.1688,,unknown,high
,leader_trait,Ικανός στην διαχείριση των οικονομικών της χώρας,gender,male,Κυριάκος Μητσοτάκης,37.5893,,unknown,high
,leader_trait,Αποτελεσματικός στην επίλυση προβλημάτων,gender,male,none,38.3459,,unknown,high
,leader_trait,Αποτελεσματικός στην επίλυση προβλημάτων,gender,male,Αλέξης Τσίπρας,21.4695,,unknown,high
,leader_trait,Αποτελεσματικός στην επίλυση προβλημάτων,gender,male,Κυριάκος Μητσοτάκης,40.1847,,unknown,high
,leader_trait,Ακέραιος στη διαχείριση κρατικού χρήματος,gender,male,none,40.4177,,unknown,high
,leader_trait,Ακέραιος στη διαχείριση κρατικού χρήματος,gender,male,Αλέξης Τσίπρας,31.962,,unknown,high
,leader_trait,Ακέραιος στη διαχείριση κρατικού χρήματος,gender,male,Κυριάκος Μητσοτάκης,27.6203,,unknown,high
,suitable_pm,Καταλληλότερος για πρωθυπουργός,gender,male,none,34.1361,,unknown,high
,suitable_pm,Καταλληλότερος για πρωθυπουργός,gender,male,Αλέξης Τσίπρας,25.9591,,unknown,high
,suitable_pm,Καταλληλότερος για πρωθυπουργός,gender,male,Κυριάκος Μητσοτάκης,39.9048,,unknown,high
,leader_trait,Ασυμβίβαστος απέναντι σε συμφέροντα,age_group,18-24,none,46.4775,,unknown,medium
,leader_trait,Ασυμβίβαστος απέναντι σε συμφέροντα,age_group,18-24,Αλέξης Τσίπρας,32.6131,,unknown,medium
,leader_trait,Ασυμβίβαστος απέναντι σε συμφέροντα,age_group,18-24,Κυριάκος Μητσοτάκης,20.9094,,unknown,medium
,leader_trait,Κοντά στα προβλήματα και τις ανησυχίες των πολιτών,age_group,18-24,none,38.0788,,unknown,medium
,leader_trait,Κοντά στα προβλήματα και τις ανησυχίες των πολιτών,age_group,18-24,Αλέξης Τσίπρας,36.3592,,unknown,medium
,leader_trait,Κοντά στα προβλήματα και τις ανησυχίες των πολιτών,age_group,18-24,Κυριάκος Μητσοτάκης,25.562,,unknown,medium
,leader_trait,Αξιόπιστος/Συνεπής στις εξαγγελίες του,age_group,18-24,none,45.2658,,unknown,medium
,leader_trait,Αξιόπιστος/Συνεπής στις εξαγγελίες του,age_group,18-24,Αλέξης Τσίπρας,16.8147,,unknown,medium
,leader_trait,Αξιόπιστος/Συνεπής στις εξαγγελίες του,age_group,18-24,Κυριάκος Μητσοτάκης,37.9195,,unknown,medium
,leader_trait,Ικανός στην διαχείριση των οικονομικών της χώρας,age_group,18-24,none,52.617,,unknown,medium
,leader_trait,Ικανός στην διαχείριση των οικονομικών της χώρας,age_group,18-24,Αλέξης Τσίπρας,23.6387,,unknown,medium
,leader_trait,Ικανός στην διαχείριση των οικονομικών της χώρας,age_group,18-24,Κυριάκος Μητσοτάκης,23.7443,,unknown,medium
,leader_trait,Αποτελεσματικός στην επίλυση προβλημάτων,age_group,18-24,none,32.7648,,unknown,medium
,leader_trait,Αποτελεσματικός στην επίλυση προβλημάτων,age_group,18-24,Αλέξης Τσίπρας,32.5392,,unknown,medium
,leader_trait,Αποτελεσματικός στην επίλυση προβλημάτων,age_group,18-24,Κυριάκος Μητσοτάκης,34.696,,unknown,medium
,leader_trait,Ακέραιος στη διαχείριση κρατικού χρήματος,age_group,18-24,none,44.975,,unknown,medium
,leader_trait,Ακέραιος στη διαχείριση κρατικού χρήματος,age_group,18-24,Αλέξης Τσίπρας,31.9709,,unknown,medium
,leader_trait,Ακέραιος στη διαχείριση κρατικού χρήματος,age_group,18-24,Κυριάκος Μητσοτάκης,23.0541,,unknown,medium
,suitable_pm,Καταλληλότερος για πρωθυπουργός,age_group,18-24,none,38.4692,,unknown,medium
,suitable_pm,Καταλληλότερος για πρωθυπουργός,age_group,18-24,Αλέξης Τσίπρας,29.8565,,unknown,medium
,suitable_pm,Καταλληλότερος για πρωθυπουργός,age_group,18-24,Κυριάκος Μητσοτάκης,31.6743,,unknown,medium
,leader_trait,Ασυμβίβαστος απέναντι σε συμφέροντα,age_group,25-39,none,50.4889,,unknown,high
,leader_trait,Ασυμβίβαστος απέναντι σε συμφέροντα,age_group,25-39,Αλέξης Τσίπρας,34.0912,,unknown,high
,leader_trait,Ασυμβίβαστος απέναντι σε συμφέροντα,age_group,25-39,Κυριάκος Μητσοτάκης,15.4199,,unknown,high
,leader_trait,Κοντά στα προβλήματα και τις ανησυχίες των πολιτών,age_group,25-39,none,41.2103,,unknown,high
,leader_trait,Κοντά στα προβλήματα και τις ανησυχίες των πολιτών,age_group,25-39,Αλέξης Τσίπρας,43.7401,,unknown,high
,leader_trait,Κοντά στα προβλήματα και τις ανησυχίες των πολιτών,age_group,25-39,Κυριάκος Μητσοτάκης,15.0495,,unknown,high
,leader_trait,Αξιόπιστος/Συνεπής στις εξαγγελίες του,age_group,25-39,none,53.0258,,unknown,high
,leader_trait,Αξιόπιστος/Συνεπής στις εξαγγελίες του,age_group,25-39,Αλέξης Τσίπρας,21.2214,,unknown,high
,leader_trait,Αξιόπιστος/Συνεπής στις εξαγγελίες του,age_group,25-39,Κυριάκος Μητσοτάκης,25.7528,,unknown,high
,leader_trait,Ικανός στην διαχείριση των οικονομικών της χώρας,age_group,25-39,none,48.6198,,unknown,high
,leader_trait,Ικανός στην διαχείριση των οικονομικών της χώρας,age_group,25-39,Αλέξης Τσίπρας,26.6742,,unknown,high
,leader_trait,Ικανός στην διαχείριση των οικονομικών της χώρας,age_group,25-39,Κυριάκος Μητσοτάκης,24.706,,unknown,high
,leader_trait,Αποτελεσματικός στην επίλυση προβλημάτων,age_group,25-39,none,41.6703,,unknown,high
,leader_trait,Αποτελεσματικός στην επίλυση προβλημάτων,age_group,25-39,Αλέξης Τσίπρας,29.5346,,unknown,high
,leader_trait,Αποτελεσματικός στην επίλυση προβλημάτων,age_group,25-39,Κυριάκος Μητσοτάκης,28.7951,,unknown,high
,leader_trait,Ακέραιος στη διαχείριση κρατικού χρήματος,age_group,25-39,none,44.038,,unknown,high
,leader_trait,Ακέραιος στη διαχείριση κρατικού χρήματος,age_group,25-39,Αλέξης Τσίπρας,39.6102,,unknown,high
,leader_trait,Ακέραιος στη διαχείριση κρατικού χρήματος,age_group,25-39,Κυριάκος Μητσοτάκης,16.3518,,unknown,high
,suitable_pm,Καταλληλότερος για πρωθυπουργός,age_group,25-39,none,35.2959,,unknown,high
,suitable_pm,Καταλληλότερος για πρωθυπουργός,age_group,25-39,Αλέξης Τσίπρας,35.6993,,unknown,high
,suitable_pm,Καταλληλότερος για πρωθυπουργός,age_group,25-39,Κυριάκος Μητσοτάκης,29.0048,,unknown,high
,leader_trait,Ασυμβίβαστος απέναντι σε συμφέροντα,age_group,40-54,none,53.1667,,unknown,high
,leader_trait,Ασυμβίβαστος απέναντι σε συμφέροντα,age_group,40-54,Αλέξης Τσίπρας,26.2115,,unknown,high
,leader_trait,Ασυμβίβαστος απέναντι σε συμφέροντα,age_group,40-54,Κυριάκος Μητσοτάκης,20.6217,,unknown,high
,leader_trait,Κοντά στα προβλήματα και τις ανησυχίες των πολιτών,age_group,40-54,none,39.9502,,unknown,high
,leader_trait,Κοντά στα προβλήματα και τις ανησυχίες των πολιτών,age_group,40-54,Αλέξης Τσίπρας,33.7124,,unknown,high
,leader_trait,Κοντά στα προβλήματα και τις ανησυχίες των πολιτών,age_group,40-54,Κυριάκος Μητσοτάκης,26.3375,,unknown,high
,leader_trait,Αξιόπιστος/Συνεπής στις εξαγγελίες του,age_group,40-54,none,47.5948,,unknown,high
,leader_trait,Αξιόπιστος/Συνεπής στις εξαγγελίες του,age_group,40-54,Αλέξης Τσίπρας,14.0638,,unknown,high
,leader_trait,Αξιόπιστος/Συνεπής στις εξαγγελίες του,age_group,40-54,Κυριάκος Μητσοτάκης,38.3414,,unknown,high
,leader_trait,Ικανός στην διαχείριση των οικονομικών της χώρας,age_group,40-54,none,41.6168,,unknown,high
,leader_trait,Ικανός στην διαχείριση των οικονομικών της χώρας,age_group,40-54,Αλέξης Τσίπρας,20.0039,,unknown,high
,leader_trait,Ικανός στην διαχείριση των οικονομικών της χώρας,age_group,40-54,Κυριάκος Μητσοτάκης,38.3792,,unknown,high
,leader_trait,Αποτελεσματικός στην επίλυση προβλημάτων,age_group,40-54,none,36.1302,,unknown,high
,leader_trait,Αποτελεσματικός στην επίλυση προβλημάτων,age_group,40-54,Αλέξης Τσίπρας,20.5813,,unknown,high
,leader_trait,Αποτελεσματικός στην επίλυση προβλημάτων,age_group,40-54,Κυριάκος Μητσοτάκης,43.2885,,unknown,high
,leader_trait,Ακέραιος στη διαχείριση κρατικού χρήματος,age_group,40-54,none,40.3587,,unknown,high
,leader_trait,Ακέραιος στη διαχείριση κρατικού χρήματος,age_group,40-54,Αλέξης Τσίπρας,31.5913,,unknown,high
,leader_trait,Ακέραιος στη διαχείριση κρατικού χρήματος,age_group,40-54,Κυριάκος Μητσοτάκης,28.0501,,unknown,high
,suitable_pm,Καταλληλότερος για πρωθυπουργός,age_group,40-54,none,30.8018,,unknown,high
,suitable_pm,Καταλληλότερος για πρωθυπουργός,age_group,40-54,Αλέξης Τσίπρας,26.0119,,unknown,high
,suitable_pm,Καταλληλότερος για πρωθυπουργός,age_group,40-54,Κυριάκος Μητσοτάκης,43.1863,,unknown,high
,leader_trait,Ασυμβίβαστος απέναντι σε συμφέροντα,age_group,55+,none,43.5601,,unknown,high
,leader_trait,Ασυμβίβαστος απέναντι σε συμφέροντα,age_group,55+,Αλέξης Τσίπρας,26.7765,,unknown,high
,leader_trait,Ασυμβίβαστος απέναντι σε συμφέροντα,age_group,55+,Κυριάκος Μητσοτάκης,29.6634,,unknown,high
,leader_trait,Κοντά στα προβλήματα και τις ανησυχίες των πολιτών,age_group,55+,none,30.4917,,unknown,high
,leader_trait,Κοντά στα προβλήματα και τις ανησυχίες των πολιτών,age_group,55+,Αλέξης Τσίπρας,32.1004,,unknown,high
,leader_trait,Κοντά στα προβλήματα και τις ανησυχίες των πολιτών,age_group,55+,Κυριάκος Μητσοτάκης,37.4079,,unknown,high
,leader_trait,Αξιόπιστος/Συνεπής στις εξαγγελίες του,age_group,55+,none,34.8068,,unknown,high
,leader_trait,Αξιόπιστος/Συνεπής στις εξαγγελίες του,age_group,55+,Αλέξης Τσίπρας,19.344,,unknown,high
,leader_trait,Αξιόπιστος/Συνεπής στις εξαγγελίες του,age_group,55+,Κυριάκος Μητσοτάκης,45.8491,,unknown,high
,leader_trait,Ικανός στην διαχείριση των οικονομικών της χώρας,age_group,55+,none,29.3733,,unknown,high
,leader_trait,Ικανός στην διαχείριση των οικονομικών της χώρας,age_group,55+,Αλέξης Τσίπρας,25.3912,,unknown,high
,leader_trait,Ικανός στην διαχείριση των οικονομικών της χώρας,age_group,55+,Κυριάκος Μητσοτάκης,45.2355,,unknown,high
,leader_trait,Αποτελεσματικός στην επίλυση προβλημάτων,age_group,55+,none,31.6879,,unknown,high
,leader_trait,Αποτελεσματικός στην επίλυση προβλημάτων,age_group,55+,Αλέξης Τσίπρας,22.9991,,unknown,high
,leader_trait,Αποτελεσματικός στην επίλυση προβλημάτων,age_group,55+,Κυριάκος Μητσοτάκης,45.313,,unknown,high
,leader_trait,Ακέραιος στη διαχείριση κρατικού χρήματος,age_group,55+,none,28.8873,,unknown,high
,leader_trait,Ακέραιος στη διαχείριση κρατικού χρήματος,age_group,55+,Αλέξης Τσίπρας,35.1878,,unknown,high
,leader_trait,Ακέραιος στη διαχείριση κρατικού χρήματος,age_group,55+,Κυριάκος Μητσοτάκης,35.9249,,unknown,high
,suitable_pm,Καταλληλότερος για πρωθυπουργός,age_group,55+,none,26.4988,,unknown,high
,suitable_pm,Καταλληλότερος για πρωθυπουργός,age_group,55+,Αλέξης Τσίπρας,27.0769,,unknown,high
,suitable_pm,Καταλληλότερος για πρωθυπουργός,age_group,55+,Κυριάκος Μητσοτάκης,46.4243,,unknown,high
,leader_trait,Ασυμβίβαστος απέναντι σε συμφέροντα,education_group,high_education,none,46.0401,,unknown,high
,leader_trait,Ασυμβίβαστος απέναντι σε συμφέροντα,education_group,high_education,Αλέξης Τσίπρας,30.5493,,unknown,high
,leader_trait,Ασυμβίβαστος απέναντι σε συμφέροντα,education_group,high_education,Κυριάκος Μητσοτάκης,23.4106,,unknown,high
,leader_trait,Κοντά στα προβλήματα και τις ανησυχίες των πολιτών,education_group,high_education,none,32.7611,,unknown,high
,leader_trait,Κοντά στα προβλήματα και τις ανησυχίες των πολιτών,education_group,high_education,Αλέξης Τσίπρας,37.712,,unknown,high
,leader_trait,Κοντά στα προβλήματα και τις ανησυχίες των πολιτών,education_group,high_education,Κυριάκος Μητσοτάκης,29.5269,,unknown,high
,leader_trait,Αξιόπιστος/Συνεπής στις εξαγγελίες του,education_group,high_education,none,41.4911,,unknown,high
,leader_trait,Αξιόπιστος/Συνεπής στις εξαγγελίες του,education_group,high_education,Αλέξης Τσίπρας,17.7688,,unknown,high
,leader_trait,Αξιόπιστος/Συνεπής στις εξαγγελίες του,education_group,high_education,Κυριάκος Μητσοτάκης,40.74,,unknown,high
,leader_trait,Ικανός στην διαχείριση των οικονομικών της χώρας,education_group,high_education,none,37.8659,,unknown,high
,leader_trait,Ικανός στην διαχείριση των οικονομικών της χώρας,education_group,high_education,Αλέξης Τσίπρας,23.6287,,unknown,high
,leader_trait,Ικανός στην διαχείριση των οικονομικών της χώρας,education_group,high_education,Κυριάκος Μητσοτάκης,38.5054,,unknown,high
,leader_trait,Αποτελεσματικός στην επίλυση προβλημάτων,education_group,high_education,none,34.2685,,unknown,high
,leader_trait,Αποτελεσματικός στην επίλυση προβλημάτων,education_group,high_education,Αλέξης Τσίπρας,24.0542,,unknown,high
,leader_trait,Αποτελεσματικός στην επίλυση προβλημάτων,education_group,high_education,Κυριάκος Μητσοτάκης,41.6773,,unknown,high
,leader_trait,Ακέραιος στη διαχείριση κρατικού χρήματος,education_group,high_education,none,34.7123,,unknown,high
,leader_trait,Ακέραιος στη διαχείριση κρατικού χρήματος,education_group,high_education,Αλέξης Τσίπρας,37.1702,,unknown,high
,leader_trait,Ακέραιος στη διαχείριση κρατικού χρήματος,education_group,high_education,Κυριάκος Μητσοτάκης,28.1175,,unknown,high
,suitable_pm,Καταλληλότερος για πρωθυπουργός,education_group,high_education,none,28.8232,,unknown,high
,suitable_pm,Καταλληλότερος για πρωθυπουργός,education_group,high_education,Αλέξης Τσίπρας,29.2386,,unknown,high
,suitable_pm,Καταλληλότερος για πρωθυπουργός,education_group,high_education,Κυριάκος Μητσοτάκης,41.9381,,unknown,high
,leader_trait,Ασυμβίβαστος απέναντι σε συμφέροντα,education_group,low_education,none,56.6494,,unknown,low
,leader_trait,Ασυμβίβαστος απέναντι σε συμφέροντα,education_group,low_education,Αλέξης Τσίπρας,23.7459,,unknown,low
,leader_trait,Ασυμβίβαστος απέναντι σε συμφέροντα,education_group,low_education,Κυριάκος Μητσοτάκης,19.6047,,unknown,low
,leader_trait,Κοντά στα προβλήματα και τις ανησυχίες των πολιτών,education_group,low_education,none,50.4093,,unknown,low
,leader_trait,Κοντά στα προβλήματα και τις ανησυχίες των πολιτών,education_group,low_education,Αλέξης Τσίπρας,25.5368,,unknown,low
,leader_trait,Κοντά στα προβλήματα και τις ανησυχίες των πολιτών,education_group,low_education,Κυριάκος Μητσοτάκης,24.0539,,unknown,low
,leader_trait,Αξιόπιστος/Συνεπής στις εξαγγελίες του,education_group,low_education,none,51.3116,,unknown,low
,leader_trait,Αξιόπιστος/Συνεπής στις εξαγγελίες του,education_group,low_education,Αλέξης Τσίπρας,20.5106,,unknown,low
,leader_trait,Αξιόπιστος/Συνεπής στις εξαγγελίες του,education_group,low_education,Κυριάκος Μητσοτάκης,28.1778,,unknown,low
,leader_trait,Ικανός στην διαχείριση των οικονομικών της χώρας,education_group,low_education,none,46.125,,unknown,low
,leader_trait,Ικανός στην διαχείριση των οικονομικών της χώρας,education_group,low_education,Αλέξης Τσίπρας,27.8672,,unknown,low
,leader_trait,Ικανός στην διαχείριση των οικονομικών της χώρας,education_group,low_education,Κυριάκος Μητσοτάκης,26.0078,,unknown,low
,leader_trait,Αποτελεσματικός στην επίλυση προβλημάτων,education_group,low_education,none,51.4512,,unknown,low
,leader_trait,Αποτελεσματικός στην επίλυση προβλημάτων,education_group,low_education,Αλέξης Τσίπρας,19.3153,,unknown,low
,leader_trait,Αποτελεσματικός στην επίλυση προβλημάτων,education_group,low_education,Κυριάκος Μητσοτάκης,29.2335,,unknown,low
,leader_trait,Ακέραιος στη διαχείριση κρατικού χρήματος,education_group,low_education,none,39.3067,,unknown,low
,leader_trait,Ακέραιος στη διαχείριση κρατικού χρήματος,education_group,low_education,Αλέξης Τσίπρας,32.3114,,unknown,low
,leader_trait,Ακέραιος στη διαχείριση κρατικού χρήματος,education_group,low_education,Κυριάκος Μητσοτάκης,28.3819,,unknown,low
,suitable_pm,Καταλληλότερος για πρωθυπουργός,education_group,low_education,none,43.0488,,unknown,low
,suitable_pm,Καταλληλότερος για πρωθυπουργός,education_group,low_education,Αλέξης Τσίπρας,28.5674,,unknown,low
,suitable_pm,Καταλληλότερος για πρωθυπουργός,education_group,low_education,Κυριάκος Μητσοτάκης,28.3838,,unknown,low
,leader_trait,Ασυμβίβαστος απέναντι σε συμφέροντα,education_group,medium_education,none,49.7199,,unknown,high
,leader_trait,Ασυμβίβαστος απέναντι σε συμφέροντα,education_group,medium_education,Αλέξης Τσίπρας,27.964,,unknown,high
,leader_trait,Ασυμβίβαστος απέναντι σε συμφέροντα,education_group,medium_education,Κυριάκος Μητσοτάκης,22.3161,,unknown,high
,leader_trait,Κοντά στα προβλήματα και τις ανησυχίες των πολιτών,education_group,medium_education,none,40.9018,,unknown,high
,leader_trait,Κοντά στα προβλήματα και τις ανησυχίες των πολιτών,education_group,medium_education,Αλέξης Τσίπρας,35.0316,,unknown,high
,leader_trait,Κοντά στα προβλήματα και τις ανησυχίες των πολιτών,education_group,medium_education,Κυριάκος Μητσοτάκης,24.0665,,unknown,high
,leader_trait,Αξιόπιστος/Συνεπής στις εξαγγελίες του,education_group,medium_education,none,47.0747,,unknown,high
,leader_trait,Αξιόπιστος/Συνεπής στις εξαγγελίες του,education_group,medium_education,Αλέξης Τσίπρας,19.9153,,unknown,high
,leader_trait,Αξιόπιστος/Συνεπής στις εξαγγελίες του,education_group,medium_education,Κυριάκος Μητσοτάκης,33.01,,unknown,high
,leader_trait,Ικανός στην διαχείριση των οικονομικών της χώρας,education_group,medium_education,none,42.2523,,unknown,high
,leader_trait,Ικανός στην διαχείριση των οικονομικών της χώρας,education_group,medium_education,Αλέξης Τσίπρας,25.5522,,unknown,high
,leader_trait,Ικανός στην διαχείριση των οικονομικών της χώρας,education_group,medium_education,Κυριάκος Μητσοτάκης,32.1955,,unknown,high
,leader_trait,Αποτελεσματικός στην επίλυση προβλημάτων,education_group,medium_education,none,36.4253,,unknown,high
,leader_trait,Αποτελεσματικός στην επίλυση προβλημάτων,education_group,medium_education,Αλέξης Τσίπρας,28.2071,,unknown,high
,leader_trait,Αποτελεσματικός στην επίλυση προβλημάτων,education_group,medium_education,Κυριάκος Μητσοτάκης,35.3676,,unknown,high
,leader_trait,Ακέραιος στη διαχείριση κρατικού χρήματος,education_group,medium_education,none,41.7482,,unknown,high
,leader_trait,Ακέραιος στη διαχείριση κρατικού χρήματος,education_group,medium_education,Αλέξης Τσίπρας,32.7306,,unknown,high
,leader_trait,Ακέραιος στη διαχείριση κρατικού χρήματος,education_group,medium_education,Κυριάκος Μητσοτάκης,25.5211,,unknown,high
,suitable_pm,Καταλληλότερος για πρωθυπουργός,education_group,medium_education,none,33.664,,unknown,high
,suitable_pm,Καταλληλότερος για πρωθυπουργός,education_group,medium_education,Αλέξης Τσίπρας,30.7371,,unknown,high
,suitable_pm,Καταλληλότερος για πρωθυπουργός,education_group,medium_education,Κυριάκος Μητσοτάκης,35.5988,,unknown,high
,leader_trait,Ασυμβίβαστος απέναντι σε συμφέροντα,education_group,Δεν γνωρίζω/ Δεν απαντώ,none,36.1766,,unknown,low
,leader_trait,Ασυμβίβαστος απέναντι σε συμφέροντα,education_group,Δεν γνωρίζω/ Δεν απαντώ,Αλέξης Τσίπρας,22.4335,,unknown,low
,leader_trait,Ασυμβίβαστος απέναντι σε συμφέροντα,education_group,Δεν γνωρίζω/ Δεν απαντώ,Κυριάκος Μητσοτάκης,41.3898,,unknown,low
,leader_trait,Κοντά στα προβλήματα και τις ανησυχίες των πολιτών,education_group,Δεν γνωρίζω/ Δεν απαντώ,none,57.248,,unknown,low
,leader_trait,Κοντά στα προβλήματα και τις ανησυχίες των πολιτών,education_group,Δεν γνωρίζω/ Δεν απαντώ,Αλέξης Τσίπρας,36.7675,,unknown,low
,leader_trait,Κοντά στα προβλήματα και τις ανησυχίες των πολιτών,education_group,Δεν γνωρίζω/ Δεν απαντώ,Κυριάκος Μητσοτάκης,5.9845,,unknown,low
,leader_trait,Αξιόπιστος/Συνεπής στις εξαγγελίες του,education_group,Δεν γνωρίζω/ Δεν απαντώ,none,48.7838,,unknown,low
,leader_trait,Αξιόπιστος/Συνεπής στις εξαγγελίες του,education_group,Δεν γνωρίζω/ Δεν απαντώ,Αλέξης Τσίπρας,42.7336,,unknown,low
,leader_trait,Αξιόπιστος/Συνεπής στις εξαγγελίες του,education_group,Δεν γνωρίζω/ Δεν απαντώ,Κυριάκος Μητσοτάκης,8.4827,,unknown,low
,leader_trait,Ικανός στην διαχείριση των οικονομικών της χώρας,education_group,Δεν γνωρίζω/ Δεν απαντώ,none,64.8327,,unknown,low
,leader_trait,Ικανός στην διαχείριση των οικονομικών της χώρας,education_group,Δεν γνωρίζω/ Δεν απαντώ,Αλέξης Τσίπρας,35.1673,,unknown,low
,leader_trait,Ικανός στην διαχείριση των οικονομικών της χώρας,education_group,Δεν γνωρίζω/ Δεν απαντώ,Κυριάκος Μητσοτάκης,0.0,,unknown,low
,leader_trait,Αποτελεσματικός στην επίλυση προβλημάτων,education_group,Δεν γνωρίζω/ Δεν απαντώ,none,48.5783,,unknown,low
,leader_trait,Αποτελεσματικός στην επίλυση προβλημάτων,education_group,Δεν γνωρίζω/ Δεν απαντώ,Αλέξης Τσίπρας,30.9701,,unknown,low
,leader_trait,Αποτελεσματικός στην επίλυση προβλημάτων,education_group,Δεν γνωρίζω/ Δεν απαντώ,Κυριάκος Μητσοτάκης,20.4516,,unknown,low
,leader_trait,Ακέραιος στη διαχείριση κρατικού χρήματος,education_group,Δεν γνωρίζω/ Δεν απαντώ,none,51.1034,,unknown,low
,leader_trait,Ακέραιος στη διαχείριση κρατικού χρήματος,education_group,Δεν γνωρίζω/ Δεν απαντώ,Αλέξης Τσίπρας,48.8966,,unknown,low
,suitable_pm,Καταλληλότερος για πρωθυπουργός,education_group,Δεν γνωρίζω/ Δεν απαντώ,none,63.0454,,unknown,low
,suitable_pm,Καταλληλότερος για πρωθυπουργός,education_group,Δεν γνωρίζω/ Δεν απαντώ,Αλέξης Τσίπρας,36.9546,,unknown,low
,suitable_pm,Καταλληλότερος για πρωθυπουργός,education_group,Δεν γνωρίζω/ Δεν απαντώ,Κυριάκος Μητσοτάκης,0.0,,unknown,low
,leader_trait,Ασυμβίβαστος απέναντι σε συμφέροντα,occupation_group,homemaker,none,58.1347,,unknown,low
,leader_trait,Ασυμβίβαστος απέναντι σε συμφέροντα,occupation_group,homemaker,Αλέξης Τσίπρας,25.3549,,unknown,low
,leader_trait,Ασυμβίβαστος απέναντι σε συμφέροντα,occupation_group,homemaker,Κυριάκος Μητσοτάκης,16.5104,,unknown,low
,leader_trait,Κοντά στα προβλήματα και τις ανησυχίες των πολιτών,occupation_group,homemaker,none,68.1914,,unknown,low
,leader_trait,Κοντά στα προβλήματα και τις ανησυχίες των πολιτών,occupation_group,homemaker,Αλέξης Τσίπρας,12.0052,,unknown,low
,leader_trait,Κοντά στα προβλήματα και τις ανησυχίες των πολιτών,occupation_group,homemaker,Κυριάκος Μητσοτάκης,19.8034,,unknown,low
,leader_trait,Αξιόπιστος/Συνεπής στις εξαγγελίες του,occupation_group,homemaker,none,50.3768,,unknown,low
,leader_trait,Αξιόπιστος/Συνεπής στις εξαγγελίες του,occupation_group,homemaker,Αλέξης Τσίπρας,8.1031,,unknown,low
,leader_trait,Αξιόπιστος/Συνεπής στις εξαγγελίες του,occupation_group,homemaker,Κυριάκος Μητσοτάκης,41.5201,,unknown,low
,leader_trait,Ικανός στην διαχείριση των οικονομικών της χώρας,occupation_group,homemaker,none,54.8054,,unknown,low
,leader_trait,Ικανός στην διαχείριση των οικονομικών της χώρας,occupation_group,homemaker,Αλέξης Τσίπρας,10.6255,,unknown,low
,leader_trait,Ικανός στην διαχείριση των οικονομικών της χώρας,occupation_group,homemaker,Κυριάκος Μητσοτάκης,34.5691,,unknown,low
,leader_trait,Αποτελεσματικός στην επίλυση προβλημάτων,occupation_group,homemaker,none,48.2978,,unknown,low
,leader_trait,Αποτελεσματικός στην επίλυση προβλημάτων,occupation_group,homemaker,Αλέξης Τσίπρας,13.8309,,unknown,low
,leader_trait,Αποτελεσματικός στην επίλυση προβλημάτων,occupation_group,homemaker,Κυριάκος Μητσοτάκης,37.8713,,unknown,low
,leader_trait,Ακέραιος στη διαχείριση κρατικού χρήματος,occupation_group,homemaker,none,49.6202,,unknown,low
,leader_trait,Ακέραιος στη διαχείριση κρατικού χρήματος,occupation_group,homemaker,Αλέξης Τσίπρας,14.7326,,unknown,low
,leader_trait,Ακέραιος στη διαχείριση κρατικού χρήματος,occupation_group,homemaker,Κυριάκος Μητσοτάκης,35.6472,,unknown,low
,suitable_pm,Καταλληλότερος για πρωθυπουργός,occupation_group,homemaker,none,44.5705,,unknown,low
,suitable_pm,Καταλληλότερος για πρωθυπουργός,occupation_group,homemaker,Αλέξης Τσίπρας,15.349,,unknown,low
,suitable_pm,Καταλληλότερος για πρωθυπουργός,occupation_group,homemaker,Κυριάκος Μητσοτάκης,40.0805,,unknown,low
,leader_trait,Ασυμβίβαστος απέναντι σε συμφέροντα,occupation_group,private_sector,none,50.3015,,unknown,high
,leader_trait,Ασυμβίβαστος απέναντι σε συμφέροντα,occupation_group,private_sector,Αλέξης Τσίπρας,31.8872,,unknown,high
,leader_trait,Ασυμβίβαστος απέναντι σε συμφέροντα,occupation_group,private_sector,Κυριάκος Μητσοτάκης,17.8113,,unknown,high
,leader_trait,Κοντά στα προβλήματα και τις ανησυχίες των πολιτών,occupation_group,private_sector,none,38.5019,,unknown,high
,leader_trait,Κοντά στα προβλήματα και τις ανησυχίες των πολιτών,occupation_group,private_sector,Αλέξης Τσίπρας,42.2868,,unknown,high
,leader_trait,Κοντά στα προβλήματα και τις ανησυχίες των πολιτών,occupation_group,private_sector,Κυριάκος Μητσοτάκης,19.2112,,unknown,high
,leader_trait,Αξιόπιστος/Συνεπής στις εξαγγελίες του,occupation_group,private_sector,none,51.8246,,unknown,high
,leader_trait,Αξιόπιστος/Συνεπής στις εξαγγελίες του,occupation_group,private_sector,Αλέξης Τσίπρας,19.9729,,unknown,high
,leader_trait,Αξιόπιστος/Συνεπής στις εξαγγελίες του,occupation_group,private_sector,Κυριάκος Μητσοτάκης,28.2025,,unknown,high
,leader_trait,Ικανός στην διαχείριση των οικονομικών της χώρας,occupation_group,private_sector,none,47.3221,,unknown,high
,leader_trait,Ικανός στην διαχείριση των οικονομικών της χώρας,occupation_group,private_sector,Αλέξης Τσίπρας,25.4978,,unknown,high
,leader_trait,Ικανός στην διαχείριση των οικονομικών της χώρας,occupation_group,private_sector,Κυριάκος Μητσοτάκης,27.1801,,unknown,high
,leader_trait,Αποτελεσματικός στην επίλυση προβλημάτων,occupation_group,private_sector,none,38.0277,,unknown,high
,leader_trait,Αποτελεσματικός στην επίλυση προβλημάτων,occupation_group,private_sector,Αλέξης Τσίπρας,27.9189,,unknown,high
,leader_trait,Αποτελεσματικός στην επίλυση προβλημάτων,occupation_group,private_sector,Κυριάκος Μητσοτάκης,34.0534,,unknown,high
,leader_trait,Ακέραιος στη διαχείριση κρατικού χρήματος,occupation_group,private_sector,none,41.6113,,unknown,high
,leader_trait,Ακέραιος στη διαχείριση κρατικού χρήματος,occupation_group,private_sector,Αλέξης Τσίπρας,37.9817,,unknown,high
,leader_trait,Ακέραιος στη διαχείριση κρατικού χρήματος,occupation_group,private_sector,Κυριάκος Μητσοτάκης,20.4071,,unknown,high
,suitable_pm,Καταλληλότερος για πρωθυπουργός,occupation_group,private_sector,none,35.0962,,unknown,high
,suitable_pm,Καταλληλότερος για πρωθυπουργός,occupation_group,private_sector,Αλέξης Τσίπρας,31.7583,,unknown,high
,suitable_pm,Καταλληλότερος για πρωθυπουργός,occupation_group,private_sector,Κυριάκος Μητσοτάκης,33.1455,,unknown,high
,leader_trait,Ασυμβίβαστος απέναντι σε συμφέροντα,occupation_group,public_sector,none,43.3406,,unknown,high
,leader_trait,Ασυμβίβαστος απέναντι σε συμφέροντα,occupation_group,public_sector,Αλέξης Τσίπρας,36.8496,,unknown,high
,leader_trait,Ασυμβίβαστος απέναντι σε συμφέροντα,occupation_group,public_sector,Κυριάκος Μητσοτάκης,19.8098,,unknown,high
,leader_trait,Κοντά στα προβλήματα και τις ανησυχίες των πολιτών,occupation_group,public_sector,none,33.6395,,unknown,high
,leader_trait,Κοντά στα προβλήματα και τις ανησυχίες των πολιτών,occupation_group,public_sector,Αλέξης Τσίπρας,39.879,,unknown,high
,leader_trait,Κοντά στα προβλήματα και τις ανησυχίες των πολιτών,occupation_group,public_sector,Κυριάκος Μητσοτάκης,26.4815,,unknown,high
,leader_trait,Αξιόπιστος/Συνεπής στις εξαγγελίες του,occupation_group,public_sector,none,44.9901,,unknown,high
,leader_trait,Αξιόπιστος/Συνεπής στις εξαγγελίες του,occupation_group,public_sector,Αλέξης Τσίπρας,17.2328,,unknown,high
,leader_trait,Αξιόπιστος/Συνεπής στις εξαγγελίες του,occupation_group,public_sector,Κυριάκος Μητσοτάκης,37.777,,unknown,high
,leader_trait,Ικανός στην διαχείριση των οικονομικών της χώρας,occupation_group,public_sector,none,36.7369,,unknown,high
,leader_trait,Ικανός στην διαχείριση των οικονομικών της χώρας,occupation_group,public_sector,Αλέξης Τσίπρας,29.2293,,unknown,high
,leader_trait,Ικανός στην διαχείριση των οικονομικών της χώρας,occupation_group,public_sector,Κυριάκος Μητσοτάκης,34.0338,,unknown,high
,leader_trait,Αποτελεσματικός στην επίλυση προβλημάτων,occupation_group,public_sector,none,33.866,,unknown,high
,leader_trait,Αποτελεσματικός στην επίλυση προβλημάτων,occupation_group,public_sector,Αλέξης Τσίπρας,29.1011,,unknown,high
,leader_trait,Αποτελεσματικός στην επίλυση προβλημάτων,occupation_group,public_sector,Κυριάκος Μητσοτάκης,37.0329,,unknown,high
,leader_trait,Ακέραιος στη διαχείριση κρατικού χρήματος,occupation_group,public_sector,none,36.2233,,unknown,medium
,leader_trait,Ακέραιος στη διαχείριση κρατικού χρήματος,occupation_group,public_sector,Αλέξης Τσίπρας,39.7029,,unknown,medium
,leader_trait,Ακέραιος στη διαχείριση κρατικού χρήματος,occupation_group,public_sector,Κυριάκος Μητσοτάκης,24.0738,,unknown,medium
,suitable_pm,Καταλληλότερος για πρωθυπουργός,occupation_group,public_sector,none,25.3622,,unknown,high
,suitable_pm,Καταλληλότερος για πρωθυπουργός,occupation_group,public_sector,Αλέξης Τσίπρας,34.6041,,unknown,high
,suitable_pm,Καταλληλότερος για πρωθυπουργός,occupation_group,public_sector,Κυριάκος Μητσοτάκης,40.0338,,unknown,high
,leader_trait,Ασυμβίβαστος απέναντι σε συμφέροντα,occupation_group,retired,none,42.3729,,unknown,medium
,leader_trait,Ασυμβίβαστος απέναντι σε συμφέροντα,occupation_group,retired,Αλέξης Τσίπρας,26.3421,,unknown,medium
,leader_trait,Ασυμβίβαστος απέναντι σε συμφέροντα,occupation_group,retired,Κυριάκος Μητσοτάκης,31.285,,unknown,medium
,leader_trait,Κοντά στα προβλήματα και τις ανησυχίες των πολιτών,occupation_group,retired,none,28.7709,,unknown,medium
,leader_trait,Κοντά στα προβλήματα και τις ανησυχίες των πολιτών,occupation_group,retired,Αλέξης Τσίπρας,32.4175,,unknown,medium
,leader_trait,Κοντά στα προβλήματα και τις ανησυχίες των πολιτών,occupation_group,retired,Κυριάκος Μητσοτάκης,38.8116,,unknown,medium
,leader_trait,Αξιόπιστος/Συνεπής στις εξαγγελίες του,occupation_group,retired,none,31.9413,,unknown,medium
,leader_trait,Αξιόπιστος/Συνεπής στις εξαγγελίες του,occupation_group,retired,Αλέξης Τσίπρας,21.9985,,unknown,medium
,leader_trait,Αξιόπιστος/Συνεπής στις εξαγγελίες του,occupation_group,retired,Κυριάκος Μητσοτάκης,46.0602,,unknown,medium
,leader_trait,Ικανός στην διαχείριση των οικονομικών της χώρας,occupation_group,retired,none,27.3458,,unknown,medium
,leader_trait,Ικανός στην διαχείριση των οικονομικών της χώρας,occupation_group,retired,Αλέξης Τσίπρας,26.4954,,unknown,medium
,leader_trait,Ικανός στην διαχείριση των οικονομικών της χώρας,occupation_group,retired,Κυριάκος Μητσοτάκης,46.1588,,unknown,medium
,leader_trait,Αποτελεσματικός στην επίλυση προβλημάτων,occupation_group,retired,none,30.5642,,unknown,medium
,leader_trait,Αποτελεσματικός στην επίλυση προβλημάτων,occupation_group,retired,Αλέξης Τσίπρας,23.0098,,unknown,medium
,leader_trait,Αποτελεσματικός στην επίλυση προβλημάτων,occupation_group,retired,Κυριάκος Μητσοτάκης,46.426,,unknown,medium
,leader_trait,Ακέραιος στη διαχείριση κρατικού χρήματος,occupation_group,retired,none,25.8116,,unknown,medium
,leader_trait,Ακέραιος στη διαχείριση κρατικού χρήματος,occupation_group,retired,Αλέξης Τσίπρας,37.3353,,unknown,medium
,leader_trait,Ακέραιος στη διαχείριση κρατικού χρήματος,occupation_group,retired,Κυριάκος Μητσοτάκης,36.8531,,unknown,medium
,suitable_pm,Καταλληλότερος για πρωθυπουργός,occupation_group,retired,none,25.3993,,unknown,medium
,suitable_pm,Καταλληλότερος για πρωθυπουργός,occupation_group,retired,Αλέξης Τσίπρας,27.367,,unknown,medium
,suitable_pm,Καταλληλότερος για πρωθυπουργός,occupation_group,retired,Κυριάκος Μητσοτάκης,47.2337,,unknown,medium
,leader_trait,Ασυμβίβαστος απέναντι σε συμφέροντα,occupation_group,self_employed,none,47.6097,,unknown,high
,leader_trait,Ασυμβίβαστος απέναντι σε συμφέροντα,occupation_group,self_employed,Αλέξης Τσίπρας,28.8443,,unknown,high
,leader_trait,Ασυμβίβαστος απέναντι σε συμφέροντα,occupation_group,self_employed,Κυριάκος Μητσοτάκης,23.5459,,unknown,high
,leader_trait,Κοντά στα προβλήματα και τις ανησυχίες των πολιτών,occupation_group,self_employed,none,38.1496,,unknown,high
,leader_trait,Κοντά στα προβλήματα και τις ανησυχίες των πολιτών,occupation_group,self_employed,Αλέξης Τσίπρας,31.255,,unknown,high
,leader_trait,Κοντά στα προβλήματα και τις ανησυχίες των πολιτών,occupation_group,self_employed,Κυριάκος Μητσοτάκης,30.5954,,unknown,high
,leader_trait,Αξιόπιστος/Συνεπής στις εξαγγελίες του,occupation_group,self_employed,none,41.696,,unknown,high
,leader_trait,Αξιόπιστος/Συνεπής στις εξαγγελίες του,occupation_group,self_employed,Αλέξης Τσίπρας,15.5308,,unknown,high
,leader_trait,Αξιόπιστος/Συνεπής στις εξαγγελίες του,occupation_group,self_employed,Κυριάκος Μητσοτάκης,42.7731,,unknown,high
,leader_trait,Ικανός στην διαχείριση των οικονομικών της χώρας,occupation_group,self_employed,none,36.5018,,unknown,high
,leader_trait,Ικανός στην διαχείριση των οικονομικών της χώρας,occupation_group,self_employed,Αλέξης Τσίπρας,20.1609,,unknown,high
,leader_trait,Ικανός στην διαχείριση των οικονομικών της χώρας,occupation_group,self_employed,Κυριάκος Μητσοτάκης,43.3373,,unknown,high
,leader_trait,Αποτελεσματικός στην επίλυση προβλημάτων,occupation_group,self_employed,none,35.837,,unknown,high
,leader_trait,Αποτελεσματικός στην επίλυση προβλημάτων,occupation_group,self_employed,Αλέξης Τσίπρας,19.8256,,unknown,high
,leader_trait,Αποτελεσματικός στην επίλυση προβλημάτων,occupation_group,self_employed,Κυριάκος Μητσοτάκης,44.3374,,unknown,high
,leader_trait,Ακέραιος στη διαχείριση κρατικού χρήματος,occupation_group,self_employed,none,37.587,,unknown,high
,leader_trait,Ακέραιος στη διαχείριση κρατικού χρήματος,occupation_group,self_employed,Αλέξης Τσίπρας,31.0035,,unknown,high
,leader_trait,Ακέραιος στη διαχείριση κρατικού χρήματος,occupation_group,self_employed,Κυριάκος Μητσοτάκης,31.4095,,unknown,high
,suitable_pm,Καταλληλότερος για πρωθυπουργός,occupation_group,self_employed,none,29.3974,,unknown,high
,suitable_pm,Καταλληλότερος για πρωθυπουργός,occupation_group,self_employed,Αλέξης Τσίπρας,25.9701,,unknown,high
,suitable_pm,Καταλληλότερος για πρωθυπουργός,occupation_group,self_employed,Κυριάκος Μητσοτάκης,44.6325,,unknown,high
,leader_trait,Ασυμβίβαστος απέναντι σε συμφέροντα,occupation_group,student,none,47.893,,unknown,low
,leader_trait,Ασυμβίβαστος απέναντι σε συμφέροντα,occupation_group,student,Αλέξης Τσίπρας,34.127,,unknown,low
,leader_trait,Ασυμβίβαστος απέναντι σε συμφέροντα,occupation_group,student,Κυριάκος Μητσοτάκης,17.9799,,unknown,low
,leader_trait,Κοντά στα προβλήματα και τις ανησυχίες των πολιτών,occupation_group,student,none,33.6536,,unknown,low
,leader_trait,Κοντά στα προβλήματα και τις ανησυχίες των πολιτών,occupation_group,student,Αλέξης Τσίπρας,45.9119,,unknown,low
,leader_trait,Κοντά στα προβλήματα και τις ανησυχίες των πολιτών,occupation_group,student,Κυριάκος Μητσοτάκης,20.4345,,unknown,low
,leader_trait,Αξιόπιστος/Συνεπής στις εξαγγελίες του,occupation_group,student,none,43.5726,,unknown,low
,leader_trait,Αξιόπιστος/Συνεπής στις εξαγγελίες του,occupation_group,student,Αλέξης Τσίπρας,22.0095,,unknown,low
,leader_trait,Αξιόπιστος/Συνεπής στις εξαγγελίες του,occupation_group,student,Κυριάκος Μητσοτάκης,34.4178,,unknown,low
,leader_trait,Ικανός στην διαχείριση των οικονομικών της χώρας,occupation_group,student,none,48.1643,,unknown,low
,leader_trait,Ικανός στην διαχείριση των οικονομικών της χώρας,occupation_group,student,Αλέξης Τσίπρας,30.5429,,unknown,low
,leader_trait,Ικανός στην διαχείριση των οικονομικών της χώρας,occupation_group,student,Κυριάκος Μητσοτάκης,21.2928,,unknown,low
,leader_trait,Αποτελεσματικός στην επίλυση προβλημάτων,occupation_group,student,none,30.5061,,unknown,low
,leader_trait,Αποτελεσματικός στην επίλυση προβλημάτων,occupation_group,student,Αλέξης Τσίπρας,40.168,,unknown,low
,leader_trait,Αποτελεσματικός στην επίλυση προβλημάτων,occupation_group,student,Κυριάκος Μητσοτάκης,29.3259,,unknown,low
,leader_trait,Ακέραιος στη διαχείριση κρατικού χρήματος,occupation_group,student,none,42.6993,,unknown,low
,leader_trait,Ακέραιος στη διαχείριση κρατικού χρήματος,occupation_group,student,Αλέξης Τσίπρας,38.6112,,unknown,low
,leader_trait,Ακέραιος στη διαχείριση κρατικού χρήματος,occupation_group,student,Κυριάκος Μητσοτάκης,18.6895,,unknown,low
,suitable_pm,Καταλληλότερος για πρωθυπουργός,occupation_group,student,none,34.7476,,unknown,low
,suitable_pm,Καταλληλότερος για πρωθυπουργός,occupation_group,student,Αλέξης Τσίπρας,39.8681,,unknown,low
,suitable_pm,Καταλληλότερος για πρωθυπουργός,occupation_group,student,Κυριάκος Μητσοτάκης,25.3843,,unknown,low
,leader_trait,Ασυμβίβαστος απέναντι σε συμφέροντα,occupation_group,unemployed,none,64.7316,,unknown,low
,leader_trait,Ασυμβίβαστος απέναντι σε συμφέροντα,occupation_group,unemployed,Αλέξης Τσίπρας,15.7483,,unknown,low
,leader_trait,Ασυμβίβαστος απέναντι σε συμφέροντα,occupation_group,unemployed,Κυριάκος Μητσοτάκης,19.5201,,unknown,low
,leader_trait,Κοντά στα προβλήματα και τις ανησυχίες των πολιτών,occupation_group,unemployed,none,44.399,,unknown,medium
,leader_trait,Κοντά στα προβλήματα και τις ανησυχίες των πολιτών,occupation_group,unemployed,Αλέξης Τσίπρας,41.8674,,unknown,medium
,leader_trait,Κοντά στα προβλήματα και τις ανησυχίες των πολιτών,occupation_group,unemployed,Κυριάκος Μητσοτάκης,13.7336,,unknown,medium
,leader_trait,Αξιόπιστος/Συνεπής στις εξαγγελίες του,occupation_group,unemployed,none,65.1371,,unknown,medium
,leader_trait,Αξιόπιστος/Συνεπής στις εξαγγελίες του,occupation_group,unemployed,Αλέξης Τσίπρας,14.1693,,unknown,medium
,leader_trait,Αξιόπιστος/Συνεπής στις εξαγγελίες του,occupation_group,unemployed,Κυριάκος Μητσοτάκης,20.6936,,unknown,medium
,leader_trait,Ικανός στην διαχείριση των οικονομικών της χώρας,occupation_group,unemployed,none,64.0232,,unknown,medium
,leader_trait,Ικανός στην διαχείριση των οικονομικών της χώρας,occupation_group,unemployed,Αλέξης Τσίπρας,17.7222,,unknown,medium
,leader_trait,Ικανός στην διαχείριση των οικονομικών της χώρας,occupation_group,unemployed,Κυριάκος Μητσοτάκης,18.2546,,unknown,medium
,leader_trait,Αποτελεσματικός στην επίλυση προβλημάτων,occupation_group,unemployed,none,51.6318,,unknown,medium
,leader_trait,Αποτελεσματικός στην επίλυση προβλημάτων,occupation_group,unemployed,Αλέξης Τσίπρας,26.2644,,unknown,medium
,leader_trait,Αποτελεσματικός στην επίλυση προβλημάτων,occupation_group,unemployed,Κυριάκος Μητσοτάκης,22.1039,,unknown,medium
,leader_trait,Ακέραιος στη διαχείριση κρατικού χρήματος,occupation_group,unemployed,none,54.923,,unknown,low
,leader_trait,Ακέραιος στη διαχείριση κρατικού χρήματος,occupation_group,unemployed,Αλέξης Τσίπρας,33.2443,,unknown,low
,leader_trait,Ακέραιος στη διαχείριση κρατικού χρήματος,occupation_group,unemployed,Κυριάκος Μητσοτάκης,11.8326,,unknown,low
,suitable_pm,Καταλληλότερος για πρωθυπουργός,occupation_group,unemployed,none,49.2324,,unknown,medium
,suitable_pm,Καταλληλότερος για πρωθυπουργός,occupation_group,unemployed,Αλέξης Τσίπρας,31.4907,,unknown,medium
,suitable_pm,Καταλληλότερος για πρωθυπουργός,occupation_group,unemployed,Κυριάκος Μητσοτάκης,19.2769,,unknown,medium
,leader_trait,Ασυμβίβαστος απέναντι σε συμφέροντα,occupation_group,Δεν γνωρίζω/ Δεν απαντώ,none,50.4326,,unknown,low
,leader_trait,Ασυμβίβαστος απέναντι σε συμφέροντα,occupation_group,Δεν γνωρίζω/ Δεν απαντώ,Αλέξης Τσίπρας,18.7716,,unknown,low
,leader_trait,Ασυμβίβαστος απέναντι σε συμφέροντα,occupation_group,Δεν γνωρίζω/ Δεν απαντώ,Κυριάκος Μητσοτάκης,30.7959,,unknown,low
,leader_trait,Κοντά στα προβλήματα και τις ανησυχίες των πολιτών,occupation_group,Δεν γνωρίζω/ Δεν απαντώ,none,47.8931,,unknown,low
,leader_trait,Κοντά στα προβλήματα και τις ανησυχίες των πολιτών,occupation_group,Δεν γνωρίζω/ Δεν απαντώ,Αλέξης Τσίπρας,35.1446,,unknown,low
,leader_trait,Κοντά στα προβλήματα και τις ανησυχίες των πολιτών,occupation_group,Δεν γνωρίζω/ Δεν απαντώ,Κυριάκος Μητσοτάκης,16.9622,,unknown,low
,leader_trait,Αξιόπιστος/Συνεπής στις εξαγγελίες του,occupation_group,Δεν γνωρίζω/ Δεν απαντώ,none,43.4509,,unknown,low
,leader_trait,Αξιόπιστος/Συνεπής στις εξαγγελίες του,occupation_group,Δεν γνωρίζω/ Δεν απαντώ,Αλέξης Τσίπρας,35.0572,,unknown,low
,leader_trait,Αξιόπιστος/Συνεπής στις εξαγγελίες του,occupation_group,Δεν γνωρίζω/ Δεν απαντώ,Κυριάκος Μητσοτάκης,21.4919,,unknown,low
,leader_trait,Ικανός στην διαχείριση των οικονομικών της χώρας,occupation_group,Δεν γνωρίζω/ Δεν απαντώ,none,44.2703,,unknown,low
,leader_trait,Ικανός στην διαχείριση των οικονομικών της χώρας,occupation_group,Δεν γνωρίζω/ Δεν απαντώ,Αλέξης Τσίπρας,31.65,,unknown,low
,leader_trait,Ικανός στην διαχείριση των οικονομικών της χώρας,occupation_group,Δεν γνωρίζω/ Δεν απαντώ,Κυριάκος Μητσοτάκης,24.0798,,unknown,low
,leader_trait,Αποτελεσματικός στην επίλυση προβλημάτων,occupation_group,Δεν γνωρίζω/ Δεν απαντώ,none,39.7265,,unknown,low
,leader_trait,Αποτελεσματικός στην επίλυση προβλημάτων,occupation_group,Δεν γνωρίζω/ Δεν απαντώ,Αλέξης Τσίπρας,30.8768,,unknown,low
,leader_trait,Αποτελεσματικός στην επίλυση προβλημάτων,occupation_group,Δεν γνωρίζω/ Δεν απαντώ,Κυριάκος Μητσοτάκης,29.3967,,unknown,low
,leader_trait,Ακέραιος στη διαχείριση κρατικού χρήματος,occupation_group,Δεν γνωρίζω/ Δεν απαντώ,none,49.3769,,unknown,low
,leader_trait,Ακέραιος στη διαχείριση κρατικού χρήματος,occupation_group,Δεν γνωρίζω/ Δεν απαντώ,Αλέξης Τσίπρας,33.1239,,unknown,low
,leader_trait,Ακέραιος στη διαχείριση κρατικού χρήματος,occupation_group,Δεν γνωρίζω/ Δεν απαντώ,Κυριάκος Μητσοτάκης,17.4992,,unknown,low
,suitable_pm,Καταλληλότερος για πρωθυπουργός,occupation_group,Δεν γνωρίζω/ Δεν απαντώ,none,36.5743,,unknown,low
,suitable_pm,Καταλληλότερος για πρωθυπουργός,occupation_group,Δεν γνωρίζω/ Δεν απαντώ,Αλέξης Τσίπρας,34.7323,,unknown,low
,suitable_pm,Καταλληλότερος για πρωθυπουργός,occupation_group,Δεν γνωρίζω/ Δεν απαντώ,Κυριάκος Μητσοτάκης,28.6934,,unknown,low
,leader_trait,Ασυμβίβαστος απέναντι σε συμφέροντα,occupation_group,Εισοδηματίας,none,77.9088,,unknown,low
,leader_trait,Ασυμβίβαστος απέναντι σε συμφέροντα,occupation_group,Εισοδηματίας,Κυριάκος Μητσοτάκης,22.0912,,unknown,low
,leader_trait,Κοντά στα προβλήματα και τις ανησυχίες των πολιτών,occupation_group,Εισοδηματίας,none,63.6662,,unknown,low
,leader_trait,Κοντά στα προβλήματα και τις ανησυχίες των πολιτών,occupation_group,Εισοδηματίας,Κυριάκος Μητσοτάκης,36.3338,,unknown,low
,leader_trait,Αξιόπιστος/Συνεπής στις εξαγγελίες του,occupation_group,Εισοδηματίας,none,40.2779,,unknown,low
,leader_trait,Αξιόπιστος/Συνεπής στις εξαγγελίες του,occupation_group,Εισοδηματίας,Κυριάκος Μητσοτάκης,59.7221,,unknown,low
,leader_trait,Ικανός στην διαχείριση των οικονομικών της χώρας,occupation_group,Εισοδηματίας,none,56.5449,,unknown,low
,leader_trait,Ικανός στην διαχείριση των οικονομικών της χώρας,occupation_group,Εισοδηματίας,Κυριάκος Μητσοτάκης,43.4551,,unknown,low
,leader_trait,Αποτελεσματικός στην επίλυση προβλημάτων,occupation_group,Εισοδηματίας,none,57.2753,,unknown,low
,leader_trait,Αποτελεσματικός στην επίλυση προβλημάτων,occupation_group,Εισοδηματίας,Κυριάκος Μητσοτάκης,42.7247,,unknown,low
,leader_trait,Ακέραιος στη διαχείριση κρατικού χρήματος,occupation_group,Εισοδηματίας,none,58.3528,,unknown,low
,leader_trait,Ακέραιος στη διαχείριση κρατικού χρήματος,occupation_group,Εισοδηματίας,Κυριάκος Μητσοτάκης,41.6472,,unknown,low
,suitable_pm,Καταλληλότερος για πρωθυπουργός,occupation_group,Εισοδηματίας,none,36.271,,unknown,low
,suitable_pm,Καταλληλότερος για πρωθυπουργός,occupation_group,Εισοδηματίας,Κυριάκος Μητσοτάκης,63.729,,unknown,low
,leader_trait,Ασυμβίβαστος απέναντι σε συμφέροντα,left_right_group,center,none,46.7103,,unknown,high
,leader_trait,Ασυμβίβαστος απέναντι σε συμφέροντα,left_right_group,center,Αλέξης Τσίπρας,26.3836,,unknown,high
,leader_trait,Ασυμβίβαστος απέναντι σε συμφέροντα,left_right_group,center,Κυριάκος Μητσοτάκης,26.9061,,unknown,high
,leader_trait,Κοντά στα προβλήματα και τις ανησυχίες των πολιτών,left_right_group,center,none,33.3256,,unknown,high
,leader_trait,Κοντά στα προβλήματα και τις ανησυχίες των πολιτών,left_right_group,center,Αλέξης Τσίπρας,32.2794,,unknown,high
,leader_trait,Κοντά στα προβλήματα και τις ανησυχίες των πολιτών,left_right_group,center,Κυριάκος Μητσοτάκης,34.395,,unknown,high
,leader_trait,Αξιόπιστος/Συνεπής στις εξαγγελίες του,left_right_group,center,none,40.5015,,unknown,high
,leader_trait,Αξιόπιστος/Συνεπής στις εξαγγελίες του,left_right_group,center,Αλέξης Τσίπρας,13.4468,,unknown,high
,leader_trait,Αξιόπιστος/Συνεπής στις εξαγγελίες του,left_right_group,center,Κυριάκος Μητσοτάκης,46.0517,,unknown,high
,leader_trait,Ικανός στην διαχείριση των οικονομικών της χώρας,left_right_group,center,none,33.2024,,unknown,high
,leader_trait,Ικανός στην διαχείριση των οικονομικών της χώρας,left_right_group,center,Αλέξης Τσίπρας,20.3633,,unknown,high
,leader_trait,Ικανός στην διαχείριση των οικονομικών της χώρας,left_right_group,center,Κυριάκος Μητσοτάκης,46.4343,,unknown,high
,leader_trait,Αποτελεσματικός στην επίλυση προβλημάτων,left_right_group,center,none,30.5545,,unknown,high
,leader_trait,Αποτελεσματικός στην επίλυση προβλημάτων,left_right_group,center,Αλέξης Τσίπρας,20.3484,,unknown,high
,leader_trait,Αποτελεσματικός στην επίλυση προβλημάτων,left_right_group,center,Κυριάκος Μητσοτάκης,49.0971,,unknown,high
,leader_trait,Ακέραιος στη διαχείριση κρατικού χρήματος,left_right_group,center,none,33.3126,,unknown,high
,leader_trait,Ακέραιος στη διαχείριση κρατικού χρήματος,left_right_group,center,Αλέξης Τσίπρας,34.7559,,unknown,high
,leader_trait,Ακέραιος στη διαχείριση κρατικού χρήματος,left_right_group,center,Κυριάκος Μητσοτάκης,31.9315,,unknown,high
,suitable_pm,Καταλληλότερος για πρωθυπουργός,left_right_group,center,none,24.5955,,unknown,high
,suitable_pm,Καταλληλότερος για πρωθυπουργός,left_right_group,center,Αλέξης Τσίπρας,26.6099,,unknown,high
,suitable_pm,Καταλληλότερος για πρωθυπουργός,left_right_group,center,Κυριάκος Μητσοτάκης,48.7946,,unknown,high
,leader_trait,Ασυμβίβαστος απέναντι σε συμφέροντα,left_right_group,left,none,29.121,,unknown,medium
,leader_trait,Ασυμβίβαστος απέναντι σε συμφέροντα,left_right_group,left,Αλέξης Τσίπρας,64.6375,,unknown,medium
,leader_trait,Ασυμβίβαστος απέναντι σε συμφέροντα,left_right_group,left,Κυριάκος Μητσοτάκης,6.2416,,unknown,medium
,leader_trait,Κοντά στα προβλήματα και τις ανησυχίες των πολιτών,left_right_group,left,none,19.4728,,unknown,medium
,leader_trait,Κοντά στα προβλήματα και τις ανησυχίες των πολιτών,left_right_group,left,Αλέξης Τσίπρας,76.6933,,unknown,medium
,leader_trait,Κοντά στα προβλήματα και τις ανησυχίες των πολιτών,left_right_group,left,Κυριάκος Μητσοτάκης,3.8339,,unknown,medium
,leader_trait,Αξιόπιστος/Συνεπής στις εξαγγελίες του,left_right_group,left,none,37.3705,,unknown,medium
,leader_trait,Αξιόπιστος/Συνεπής στις εξαγγελίες του,left_right_group,left,Αλέξης Τσίπρας,54.4934,,unknown,medium
,leader_trait,Αξιόπιστος/Συνεπής στις εξαγγελίες του,left_right_group,left,Κυριάκος Μητσοτάκης,8.136,,unknown,medium
,leader_trait,Ικανός στην διαχείριση των οικονομικών της χώρας,left_right_group,left,none,29.6351,,unknown,medium
,leader_trait,Ικανός στην διαχείριση των οικονομικών της χώρας,left_right_group,left,Αλέξης Τσίπρας,64.3842,,unknown,medium
,leader_trait,Ικανός στην διαχείριση των οικονομικών της χώρας,left_right_group,left,Κυριάκος Μητσοτάκης,5.9807,,unknown,medium
,leader_trait,Αποτελεσματικός στην επίλυση προβλημάτων,left_right_group,left,none,31.1366,,unknown,medium
,leader_trait,Αποτελεσματικός στην επίλυση προβλημάτων,left_right_group,left,Αλέξης Τσίπρας,63.3585,,unknown,medium
,leader_trait,Αποτελεσματικός στην επίλυση προβλημάτων,left_right_group,left,Κυριάκος Μητσοτάκης,5.505,,unknown,medium
,leader_trait,Ακέραιος στη διαχείριση κρατικού χρήματος,left_right_group,left,none,18.6207,,unknown,medium
,leader_trait,Ακέραιος στη διαχείριση κρατικού χρήματος,left_right_group,left,Αλέξης Τσίπρας,77.2234,,unknown,medium
,leader_trait,Ακέραιος στη διαχείριση κρατικού χρήματος,left_right_group,left,Κυριάκος Μητσοτάκης,4.1559,,unknown,medium
,suitable_pm,Καταλληλότερος για πρωθυπουργός,left_right_group,left,none,21.1627,,unknown,medium
,suitable_pm,Καταλληλότερος για πρωθυπουργός,left_right_group,left,Αλέξης Τσίπρας,73.758,,unknown,medium
,suitable_pm,Καταλληλότερος για πρωθυπουργός,left_right_group,left,Κυριάκος Μητσοτάκης,5.0793,,unknown,medium
,leader_trait,Ασυμβίβαστος απέναντι σε συμφέροντα,left_right_group,right,none,55.307,,unknown,high
,leader_trait,Ασυμβίβαστος απέναντι σε συμφέροντα,left_right_group,right,Αλέξης Τσίπρας,19.3978,,unknown,high
,leader_trait,Ασυμβίβαστος απέναντι σε συμφέροντα,left_right_group,right,Κυριάκος Μητσοτάκης,25.2952,,unknown,high
,leader_trait,Κοντά στα προβλήματα και τις ανησυχίες των πολιτών,left_right_group,right,none,45.1492,,unknown,high
,leader_trait,Κοντά στα προβλήματα και τις ανησυχίες των πολιτών,left_right_group,right,Αλέξης Τσίπρας,25.802,,unknown,high
,leader_trait,Κοντά στα προβλήματα και τις ανησυχίες των πολιτών,left_right_group,right,Κυριάκος Μητσοτάκης,29.0488,,unknown,high
,leader_trait,Αξιόπιστος/Συνεπής στις εξαγγελίες του,left_right_group,right,none,49.1836,,unknown,high
,leader_trait,Αξιόπιστος/Συνεπής στις εξαγγελίες του,left_right_group,right,Αλέξης Τσίπρας,11.1894,,unknown,high
,leader_trait,Αξιόπιστος/Συνεπής στις εξαγγελίες του,left_right_group,right,Κυριάκος Μητσοτάκης,39.627,,unknown,high
,leader_trait,Ικανός στην διαχείριση των οικονομικών της χώρας,left_right_group,right,none,49.3981,,unknown,high
,leader_trait,Ικανός στην διαχείριση των οικονομικών της χώρας,left_right_group,right,Αλέξης Τσίπρας,14.4838,,unknown,high
,leader_trait,Ικανός στην διαχείριση των οικονομικών της χώρας,left_right_group,right,Κυριάκος Μητσοτάκης,36.1181,,unknown,high
,leader_trait,Αποτελεσματικός στην επίλυση προβλημάτων,left_right_group,right,none,42.0854,,unknown,high
,leader_trait,Αποτελεσματικός στην επίλυση προβλημάτων,left_right_group,right,Αλέξης Τσίπρας,16.8542,,unknown,high
,leader_trait,Αποτελεσματικός στην επίλυση προβλημάτων,left_right_group,right,Κυριάκος Μητσοτάκης,41.0604,,unknown,high
,leader_trait,Ακέραιος στη διαχείριση κρατικού χρήματος,left_right_group,right,none,47.6445,,unknown,high
,leader_trait,Ακέραιος στη διαχείριση κρατικού χρήματος,left_right_group,right,Αλέξης Τσίπρας,21.2535,,unknown,high
,leader_trait,Ακέραιος στη διαχείριση κρατικού χρήματος,left_right_group,right,Κυριάκος Μητσοτάκης,31.102,,unknown,high
,suitable_pm,Καταλληλότερος για πρωθυπουργός,left_right_group,right,none,40.6344,,unknown,high
,suitable_pm,Καταλληλότερος για πρωθυπουργός,left_right_group,right,Αλέξης Τσίπρας,17.6792,,unknown,high
,suitable_pm,Καταλληλότερος για πρωθυπουργός,left_right_group,right,Κυριάκος Μητσοτάκης,41.6864,,unknown,high
,leader_trait,Ασυμβίβαστος απέναντι σε συμφέροντα,previous_vote_party,other_party,none,62.7234,,unknown,high
,leader_trait,Ασυμβίβαστος απέναντι σε συμφέροντα,previous_vote_party,other_party,Αλέξης Τσίπρας,25.8577,,unknown,high
,leader_trait,Ασυμβίβαστος απέναντι σε συμφέροντα,previous_vote_party,other_party,Κυριάκος Μητσοτάκης,11.419,,unknown,high
,leader_trait,Κοντά στα προβλήματα και τις ανησυχίες των πολιτών,previous_vote_party,other_party,none,58.963,,unknown,high
,leader_trait,Κοντά στα προβλήματα και τις ανησυχίες των πολιτών,previous_vote_party,other_party,Αλέξης Τσίπρας,28.0263,,unknown,high
,leader_trait,Κοντά στα προβλήματα και τις ανησυχίες των πολιτών,previous_vote_party,other_party,Κυριάκος Μητσοτάκης,13.0107,,unknown,high
,leader_trait,Αξιόπιστος/Συνεπής στις εξαγγελίες του,previous_vote_party,other_party,none,64.1268,,unknown,high
,leader_trait,Αξιόπιστος/Συνεπής στις εξαγγελίες του,previous_vote_party,other_party,Αλέξης Τσίπρας,10.8836,,unknown,high
,leader_trait,Αξιόπιστος/Συνεπής στις εξαγγελίες του,previous_vote_party,other_party,Κυριάκος Μητσοτάκης,24.9895,,unknown,high
,leader_trait,Ικανός στην διαχείριση των οικονομικών της χώρας,previous_vote_party,other_party,none,59.3068,,unknown,high
,leader_trait,Ικανός στην διαχείριση των οικονομικών της χώρας,previous_vote_party,other_party,Αλέξης Τσίπρας,19.9731,,unknown,high
,leader_trait,Ικανός στην διαχείριση των οικονομικών της χώρας,previous_vote_party,other_party,Κυριάκος Μητσοτάκης,20.72,,unknown,high
,leader_trait,Αποτελεσματικός στην επίλυση προβλημάτων,previous_vote_party,other_party,none,50.8358,,unknown,high
,leader_trait,Αποτελεσματικός στην επίλυση προβλημάτων,previous_vote_party,other_party,Αλέξης Τσίπρας,22.1195,,unknown,high
,leader_trait,Αποτελεσματικός στην επίλυση προβλημάτων,previous_vote_party,other_party,Κυριάκος Μητσοτάκης,27.0448,,unknown,high
,leader_trait,Ακέραιος στη διαχείριση κρατικού χρήματος,previous_vote_party,other_party,none,60.1514,,unknown,high
,leader_trait,Ακέραιος στη διαχείριση κρατικού χρήματος,previous_vote_party,other_party,Αλέξης Τσίπρας,29.8499,,unknown,high
,leader_trait,Ακέραιος στη διαχείριση κρατικού χρήματος,previous_vote_party,other_party,Κυριάκος Μητσοτάκης,9.9988,,unknown,high
,suitable_pm,Καταλληλότερος για πρωθυπουργός,previous_vote_party,other_party,none,51.6124,,unknown,high
,suitable_pm,Καταλληλότερος για πρωθυπουργός,previous_vote_party,other_party,Αλέξης Τσίπρας,23.444,,unknown,high
,suitable_pm,Καταλληλότερος για πρωθυπουργός,previous_vote_party,other_party,Κυριάκος Μητσοτάκης,24.9436,,unknown,high
,leader_trait,Ασυμβίβαστος απέναντι σε συμφέροντα,previous_vote_party,Ένωση Κεντρώων,none,39.8224,,unknown,low
,leader_trait,Ασυμβίβαστος απέναντι σε συμφέροντα,previous_vote_party,Ένωση Κεντρώων,Αλέξης Τσίπρας,35.0536,,unknown,low
,leader_trait,Ασυμβίβαστος απέναντι σε συμφέροντα,previous_vote_party,Ένωση Κεντρώων,Κυριάκος Μητσοτάκης,25.124,,unknown,low
,leader_trait,Κοντά στα προβλήματα και τις ανησυχίες των πολιτών,previous_vote_party,Ένωση Κεντρώων,none,50.5824,,unknown,low
,leader_trait,Κοντά στα προβλήματα και τις ανησυχίες των πολιτών,previous_vote_party,Ένωση Κεντρώων,Αλέξης Τσίπρας,34.5324,,unknown,low
,leader_trait,Κοντά στα προβλήματα και τις ανησυχίες των πολιτών,previous_vote_party,Ένωση Κεντρώων,Κυριάκος Μητσοτάκης,14.8851,,unknown,low
,leader_trait,Αξιόπιστος/Συνεπής στις εξαγγελίες του,previous_vote_party,Ένωση Κεντρώων,none,55.3092,,unknown,low
,leader_trait,Αξιόπιστος/Συνεπής στις εξαγγελίες του,previous_vote_party,Ένωση Κεντρώων,Αλέξης Τσίπρας,11.2595,,unknown,low
,leader_trait,Αξιόπιστος/Συνεπής στις εξαγγελίες του,previous_vote_party,Ένωση Κεντρώων,Κυριάκος Μητσοτάκης,33.4314,,unknown,low
,leader_trait,Ικανός στην διαχείριση των οικονομικών της χώρας,previous_vote_party,Ένωση Κεντρώων,none,57.895,,unknown,low
,leader_trait,Ικανός στην διαχείριση των οικονομικών της χώρας,previous_vote_party,Ένωση Κεντρώων,Αλέξης Τσίπρας,16.079,,unknown,low
,leader_trait,Ικανός στην διαχείριση των οικονομικών της χώρας,previous_vote_party,Ένωση Κεντρώων,Κυριάκος Μητσοτάκης,26.026,,unknown,low
,leader_trait,Αποτελεσματικός στην επίλυση προβλημάτων,previous_vote_party,Ένωση Κεντρώων,none,40.7153,,unknown,low
,leader_trait,Αποτελεσματικός στην επίλυση προβλημάτων,previous_vote_party,Ένωση Κεντρώων,Αλέξης Τσίπρας,30.4535,,unknown,low
,leader_trait,Αποτελεσματικός στην επίλυση προβλημάτων,previous_vote_party,Ένωση Κεντρώων,Κυριάκος Μητσοτάκης,28.8312,,unknown,low
,leader_trait,Ακέραιος στη διαχείριση κρατικού χρήματος,previous_vote_party,Ένωση Κεντρώων,none,42.6367,,unknown,low
,leader_trait,Ακέραιος στη διαχείριση κρατικού χρήματος,previous_vote_party,Ένωση Κεντρώων,Αλέξης Τσίπρας,32.9985,,unknown,low
,leader_trait,Ακέραιος στη διαχείριση κρατικού χρήματος,previous_vote_party,Ένωση Κεντρώων,Κυριάκος Μητσοτάκης,24.3648,,unknown,low
,suitable_pm,Καταλληλότερος για πρωθυπουργός,previous_vote_party,Ένωση Κεντρώων,none,54.0333,,unknown,low
,suitable_pm,Καταλληλότερος για πρωθυπουργός,previous_vote_party,Ένωση Κεντρώων,Αλέξης Τσίπρας,13.4249,,unknown,low
,suitable_pm,Καταλληλότερος για πρωθυπουργός,previous_vote_party,Ένωση Κεντρώων,Κυριάκος Μητσοτάκης,32.5418,,unknown,low
,leader_trait,Ασυμβίβαστος απέναντι σε συμφέροντα,previous_vote_party,Ελληνική Λύση,none,85.6326,,unknown,low
,leader_trait,Ασυμβίβαστος απέναντι σε συμφέροντα,previous_vote_party,Ελληνική Λύση,Αλέξης Τσίπρας,6.7625,,unknown,low
,leader_trait,Ασυμβίβαστος απέναντι σε συμφέροντα,previous_vote_party,Ελληνική Λύση,Κυριάκος Μητσοτάκης,7.6049,,unknown,low
,leader_trait,Κοντά στα προβλήματα και τις ανησυχίες των πολιτών,previous_vote_party,Ελληνική Λύση,none,85.8941,,unknown,low
,leader_trait,Κοντά στα προβλήματα και τις ανησυχίες των πολιτών,previous_vote_party,Ελληνική Λύση,Αλέξης Τσίπρας,11.1067,,unknown,low
,leader_trait,Κοντά στα προβλήματα και τις ανησυχίες των πολιτών,previous_vote_party,Ελληνική Λύση,Κυριάκος Μητσοτάκης,2.9992,,unknown,low
,leader_trait,Αξιόπιστος/Συνεπής στις εξαγγελίες του,previous_vote_party,Ελληνική Λύση,none,77.1857,,unknown,low
,leader_trait,Αξιόπιστος/Συνεπής στις εξαγγελίες του,previous_vote_party,Ελληνική Λύση,Αλέξης Τσίπρας,8.9316,,unknown,low
,leader_trait,Αξιόπιστος/Συνεπής στις εξαγγελίες του,previous_vote_party,Ελληνική Λύση,Κυριάκος Μητσοτάκης,13.8828,,unknown,low
,leader_trait,Ικανός στην διαχείριση των οικονομικών της χώρας,previous_vote_party,Ελληνική Λύση,none,84.626,,unknown,low
,leader_trait,Ικανός στην διαχείριση των οικονομικών της χώρας,previous_vote_party,Ελληνική Λύση,Αλέξης Τσίπρας,3.3829,,unknown,low
,leader_trait,Ικανός στην διαχείριση των οικονομικών της χώρας,previous_vote_party,Ελληνική Λύση,Κυριάκος Μητσοτάκης,11.9911,,unknown,low
,leader_trait,Αποτελεσματικός στην επίλυση προβλημάτων,previous_vote_party,Ελληνική Λύση,none,77.3485,,unknown,low
,leader_trait,Αποτελεσματικός στην επίλυση προβλημάτων,previous_vote_party,Ελληνική Λύση,Αλέξης Τσίπρας,3.5731,,unknown,low
,leader_trait,Αποτελεσματικός στην επίλυση προβλημάτων,previous_vote_party,Ελληνική Λύση,Κυριάκος Μητσοτάκης,19.0784,,unknown,low
,leader_trait,Ακέραιος στη διαχείριση κρατικού χρήματος,previous_vote_party,Ελληνική Λύση,none,81.6036,,unknown,low
,leader_trait,Ακέραιος στη διαχείριση κρατικού χρήματος,previous_vote_party,Ελληνική Λύση,Αλέξης Τσίπρας,12.3986,,unknown,low
,leader_trait,Ακέραιος στη διαχείριση κρατικού χρήματος,previous_vote_party,Ελληνική Λύση,Κυριάκος Μητσοτάκης,5.9978,,unknown,low
,suitable_pm,Καταλληλότερος για πρωθυπουργός,previous_vote_party,Ελληνική Λύση,none,78.9376,,unknown,low
,suitable_pm,Καταλληλότερος για πρωθυπουργός,previous_vote_party,Ελληνική Λύση,Αλέξης Τσίπρας,4.6798,,unknown,low
,suitable_pm,Καταλληλότερος για πρωθυπουργός,previous_vote_party,Ελληνική Λύση,Κυριάκος Μητσοτάκης,16.3826,,unknown,low
,leader_trait,Ασυμβίβαστος απέναντι σε συμφέροντα,previous_vote_party,ΚΚΕ,none,69.2808,,unknown,medium
,leader_trait,Ασυμβίβαστος απέναντι σε συμφέροντα,previous_vote_party,ΚΚΕ,Αλέξης Τσίπρας,28.6885,,unknown,medium
,leader_trait,Ασυμβίβαστος απέναντι σε συμφέροντα,previous_vote_party,ΚΚΕ,Κυριάκος Μητσοτάκης,2.0307,,unknown,medium
,leader_trait,Κοντά στα προβλήματα και τις ανησυχίες των πολιτών,previous_vote_party,ΚΚΕ,none,58.4756,,unknown,medium
,leader_trait,Κοντά στα προβλήματα και τις ανησυχίες των πολιτών,previous_vote_party,ΚΚΕ,Αλέξης Τσίπρας,41.5244,,unknown,medium
,leader_trait,Αξιόπιστος/Συνεπής στις εξαγγελίες του,previous_vote_party,ΚΚΕ,none,81.668,,unknown,medium
,leader_trait,Αξιόπιστος/Συνεπής στις εξαγγελίες του,previous_vote_party,ΚΚΕ,Αλέξης Τσίπρας,14.0438,,unknown,medium
,leader_trait,Αξιόπιστος/Συνεπής στις εξαγγελίες του,previous_vote_party,ΚΚΕ,Κυριάκος Μητσοτάκης,4.2883,,unknown,medium
,leader_trait,Ικανός στην διαχείριση των οικονομικών της χώρας,previous_vote_party,ΚΚΕ,none,82.1193,,unknown,medium
,leader_trait,Ικανός στην διαχείριση των οικονομικών της χώρας,previous_vote_party,ΚΚΕ,Αλέξης Τσίπρας,16.1689,,unknown,medium
,leader_trait,Ικανός στην διαχείριση των οικονομικών της χώρας,previous_vote_party,ΚΚΕ,Κυριάκος Μητσοτάκης,1.7118,,unknown,medium
,leader_trait,Αποτελεσματικός στην επίλυση προβλημάτων,previous_vote_party,ΚΚΕ,none,73.9766,,unknown,medium
,leader_trait,Αποτελεσματικός στην επίλυση προβλημάτων,previous_vote_party,ΚΚΕ,Αλέξης Τσίπρας,23.9584,,unknown,medium
,leader_trait,Αποτελεσματικός στην επίλυση προβλημάτων,previous_vote_party,ΚΚΕ,Κυριάκος Μητσοτάκης,2.065,,unknown,medium
,leader_trait,Ακέραιος στη διαχείριση κρατικού χρήματος,previous_vote_party,ΚΚΕ,none,63.2339,,unknown,medium
,leader_trait,Ακέραιος στη διαχείριση κρατικού χρήματος,previous_vote_party,ΚΚΕ,Αλέξης Τσίπρας,36.7661,,unknown,medium
,suitable_pm,Καταλληλότερος για πρωθυπουργός,previous_vote_party,ΚΚΕ,none,74.0719,,unknown,medium
,suitable_pm,Καταλληλότερος για πρωθυπουργός,previous_vote_party,ΚΚΕ,Αλέξης Τσίπρας,24.3157,,unknown,medium
,suitable_pm,Καταλληλότερος για πρωθυπουργός,previous_vote_party,ΚΚΕ,Κυριάκος Μητσοτάκης,1.6124,,unknown,medium
,leader_trait,Ασυμβίβαστος απέναντι σε συμφέροντα,previous_vote_party,ΜέΡΑ25,none,66.7174,,unknown,low
,leader_trait,Ασυμβίβαστος απέναντι σε συμφέροντα,previous_vote_party,ΜέΡΑ25,Αλέξης Τσίπρας,31.7304,,unknown,low
,leader_trait,Ασυμβίβαστος απέναντι σε συμφέροντα,previous_vote_party,ΜέΡΑ25,Κυριάκος Μητσοτάκης,1.5523,,unknown,low
,leader_trait,Κοντά στα προβλήματα και τις ανησυχίες των πολιτών,previous_vote_party,ΜέΡΑ25,none,50.2243,,unknown,low
,leader_trait,Κοντά στα προβλήματα και τις ανησυχίες των πολιτών,previous_vote_party,ΜέΡΑ25,Αλέξης Τσίπρας,47.789,,unknown,low
,leader_trait,Κοντά στα προβλήματα και τις ανησυχίες των πολιτών,previous_vote_party,ΜέΡΑ25,Κυριάκος Μητσοτάκης,1.9867,,unknown,low
,leader_trait,Αξιόπιστος/Συνεπής στις εξαγγελίες του,previous_vote_party,ΜέΡΑ25,none,75.8181,,unknown,low
,leader_trait,Αξιόπιστος/Συνεπής στις εξαγγελίες του,previous_vote_party,ΜέΡΑ25,Αλέξης Τσίπρας,12.6956,,unknown,low
,leader_trait,Αξιόπιστος/Συνεπής στις εξαγγελίες του,previous_vote_party,ΜέΡΑ25,Κυριάκος Μητσοτάκης,11.4862,,unknown,low
,leader_trait,Ικανός στην διαχείριση των οικονομικών της χώρας,previous_vote_party,ΜέΡΑ25,none,73.8034,,unknown,low
,leader_trait,Ικανός στην διαχείριση των οικονομικών της χώρας,previous_vote_party,ΜέΡΑ25,Αλέξης Τσίπρας,15.9037,,unknown,low
,leader_trait,Ικανός στην διαχείριση των οικονομικών της χώρας,previous_vote_party,ΜέΡΑ25,Κυριάκος Μητσοτάκης,10.293,,unknown,low
,leader_trait,Αποτελεσματικός στην επίλυση προβλημάτων,previous_vote_party,ΜέΡΑ25,none,70.3799,,unknown,low
,leader_trait,Αποτελεσματικός στην επίλυση προβλημάτων,previous_vote_party,ΜέΡΑ25,Αλέξης Τσίπρας,16.8755,,unknown,low
,leader_trait,Αποτελεσματικός στην επίλυση προβλημάτων,previous_vote_party,ΜέΡΑ25,Κυριάκος Μητσοτάκης,12.7446,,unknown,low
,leader_trait,Ακέραιος στη διαχείριση κρατικού χρήματος,previous_vote_party,ΜέΡΑ25,none,52.7807,,unknown,low
,leader_trait,Ακέραιος στη διαχείριση κρατικού χρήματος,previous_vote_party,ΜέΡΑ25,Αλέξης Τσίπρας,47.2193,,unknown,low
,suitable_pm,Καταλληλότερος για πρωθυπουργός,previous_vote_party,ΜέΡΑ25,none,58.6827,,unknown,low
,suitable_pm,Καταλληλότερος για πρωθυπουργός,previous_vote_party,ΜέΡΑ25,Αλέξης Τσίπρας,27.9053,,unknown,low
,suitable_pm,Καταλληλότερος για πρωθυπουργός,previous_vote_party,ΜέΡΑ25,Κυριάκος Μητσοτάκης,13.412,,unknown,low
,leader_trait,Ασυμβίβαστος απέναντι σε συμφέροντα,previous_vote_party,ΝΔ,none,44.1766,,unknown,high
,leader_trait,Ασυμβίβαστος απέναντι σε συμφέροντα,previous_vote_party,ΝΔ,Αλέξης Τσίπρας,9.3854,,unknown,high
,leader_trait,Ασυμβίβαστος απέναντι σε συμφέροντα,previous_vote_party,ΝΔ,Κυριάκος Μητσοτάκης,46.4379,,unknown,high
,leader_trait,Κοντά στα προβλήματα και τις ανησυχίες των πολιτών,previous_vote_party,ΝΔ,none,31.4062,,unknown,high
,leader_trait,Κοντά στα προβλήματα και τις ανησυχίες των πολιτών,previous_vote_party,ΝΔ,Αλέξης Τσίπρας,7.8483,,unknown,high
,leader_trait,Κοντά στα προβλήματα και τις ανησυχίες των πολιτών,previous_vote_party,ΝΔ,Κυριάκος Μητσοτάκης,60.7455,,unknown,high
,leader_trait,Αξιόπιστος/Συνεπής στις εξαγγελίες του,previous_vote_party,ΝΔ,none,23.2916,,unknown,high
,leader_trait,Αξιόπιστος/Συνεπής στις εξαγγελίες του,previous_vote_party,ΝΔ,Αλέξης Τσίπρας,2.3938,,unknown,high
,leader_trait,Αξιόπιστος/Συνεπής στις εξαγγελίες του,previous_vote_party,ΝΔ,Κυριάκος Μητσοτάκης,74.3146,,unknown,high
,leader_trait,Ικανός στην διαχείριση των οικονομικών της χώρας,previous_vote_party,ΝΔ,none,21.471,,unknown,high
,leader_trait,Ικανός στην διαχείριση των οικονομικών της χώρας,previous_vote_party,ΝΔ,Αλέξης Τσίπρας,4.122,,unknown,high
,leader_trait,Ικανός στην διαχείριση των οικονομικών της χώρας,previous_vote_party,ΝΔ,Κυριάκος Μητσοτάκης,74.407,,unknown,high
,leader_trait,Αποτελεσματικός στην επίλυση προβλημάτων,previous_vote_party,ΝΔ,none,18.9313,,unknown,high
,leader_trait,Αποτελεσματικός στην επίλυση προβλημάτων,previous_vote_party,ΝΔ,Αλέξης Τσίπρας,3.4657,,unknown,high
,leader_trait,Αποτελεσματικός στην επίλυση προβλημάτων,previous_vote_party,ΝΔ,Κυριάκος Μητσοτάκης,77.603,,unknown,high
,leader_trait,Ακέραιος στη διαχείριση κρατικού χρήματος,previous_vote_party,ΝΔ,none,30.7719,,unknown,high
,leader_trait,Ακέραιος στη διαχείριση κρατικού χρήματος,previous_vote_party,ΝΔ,Αλέξης Τσίπρας,7.7431,,unknown,high
,leader_trait,Ακέραιος στη διαχείριση κρατικού χρήματος,previous_vote_party,ΝΔ,Κυριάκος Μητσοτάκης,61.485,,unknown,high
,suitable_pm,Καταλληλότερος για πρωθυπουργός,previous_vote_party,ΝΔ,none,15.4945,,unknown,high
,suitable_pm,Καταλληλότερος για πρωθυπουργός,previous_vote_party,ΝΔ,Αλέξης Τσίπρας,4.8216,,unknown,high
,suitable_pm,Καταλληλότερος για πρωθυπουργός,previous_vote_party,ΝΔ,Κυριάκος Μητσοτάκης,79.6839,,unknown,high
,leader_trait,Ασυμβίβαστος απέναντι σε συμφέροντα,previous_vote_party,ΠΑΣΟΚ/ΚΙΝΑΛ,none,57.1395,,unknown,medium
,leader_trait,Ασυμβίβαστος απέναντι σε συμφέροντα,previous_vote_party,ΠΑΣΟΚ/ΚΙΝΑΛ,Αλέξης Τσίπρας,13.7659,,unknown,medium
,leader_trait,Ασυμβίβαστος απέναντι σε συμφέροντα,previous_vote_party,ΠΑΣΟΚ/ΚΙΝΑΛ,Κυριάκος Μητσοτάκης,29.0947,,unknown,medium
,leader_trait,Κοντά στα προβλήματα και τις ανησυχίες των πολιτών,previous_vote_party,ΠΑΣΟΚ/ΚΙΝΑΛ,none,51.3889,,unknown,medium
,leader_trait,Κοντά στα προβλήματα και τις ανησυχίες των πολιτών,previous_vote_party,ΠΑΣΟΚ/ΚΙΝΑΛ,Αλέξης Τσίπρας,16.2232,,unknown,medium
,leader_trait,Κοντά στα προβλήματα και τις ανησυχίες των πολιτών,previous_vote_party,ΠΑΣΟΚ/ΚΙΝΑΛ,Κυριάκος Μητσοτάκης,32.3878,,unknown,medium
,leader_trait,Αξιόπιστος/Συνεπής στις εξαγγελίες του,previous_vote_party,ΠΑΣΟΚ/ΚΙΝΑΛ,none,48.4542,,unknown,medium
,leader_trait,Αξιόπιστος/Συνεπής στις εξαγγελίες του,previous_vote_party,ΠΑΣΟΚ/ΚΙΝΑΛ,Αλέξης Τσίπρας,6.4665,,unknown,medium
,leader_trait,Αξιόπιστος/Συνεπής στις εξαγγελίες του,previous_vote_party,ΠΑΣΟΚ/ΚΙΝΑΛ,Κυριάκος Μητσοτάκης,45.0793,,unknown,medium
,leader_trait,Ικανός στην διαχείριση των οικονομικών της χώρας,previous_vote_party,ΠΑΣΟΚ/ΚΙΝΑΛ,none,53.5771,,unknown,medium
,leader_trait,Ικανός στην διαχείριση των οικονομικών της χώρας,previous_vote_party,ΠΑΣΟΚ/ΚΙΝΑΛ,Αλέξης Τσίπρας,3.2332,,unknown,medium
,leader_trait,Ικανός στην διαχείριση των οικονομικών της χώρας,previous_vote_party,ΠΑΣΟΚ/ΚΙΝΑΛ,Κυριάκος Μητσοτάκης,43.1897,,unknown,medium
,leader_trait,Αποτελεσματικός στην επίλυση προβλημάτων,previous_vote_party,ΠΑΣΟΚ/ΚΙΝΑΛ,none,38.7374,,unknown,medium
,leader_trait,Αποτελεσματικός στην επίλυση προβλημάτων,previous_vote_party,ΠΑΣΟΚ/ΚΙΝΑΛ,Αλέξης Τσίπρας,10.0532,,unknown,medium
,leader_trait,Αποτελεσματικός στην επίλυση προβλημάτων,previous_vote_party,ΠΑΣΟΚ/ΚΙΝΑΛ,Κυριάκος Μητσοτάκης,51.2094,,unknown,medium
,leader_trait,Ακέραιος στη διαχείριση κρατικού χρήματος,previous_vote_party,ΠΑΣΟΚ/ΚΙΝΑΛ,none,51.6552,,unknown,medium
,leader_trait,Ακέραιος στη διαχείριση κρατικού χρήματος,previous_vote_party,ΠΑΣΟΚ/ΚΙΝΑΛ,Αλέξης Τσίπρας,17.9818,,unknown,medium
,leader_trait,Ακέραιος στη διαχείριση κρατικού χρήματος,previous_vote_party,ΠΑΣΟΚ/ΚΙΝΑΛ,Κυριάκος Μητσοτάκης,30.363,,unknown,medium
,suitable_pm,Καταλληλότερος για πρωθυπουργός,previous_vote_party,ΠΑΣΟΚ/ΚΙΝΑΛ,none,37.0005,,unknown,medium
,suitable_pm,Καταλληλότερος για πρωθυπουργός,previous_vote_party,ΠΑΣΟΚ/ΚΙΝΑΛ,Αλέξης Τσίπρας,14.4446,,unknown,medium
,suitable_pm,Καταλληλότερος για πρωθυπουργός,previous_vote_party,ΠΑΣΟΚ/ΚΙΝΑΛ,Κυριάκος Μητσοτάκης,48.555,,unknown,medium
,leader_trait,Ασυμβίβαστος απέναντι σε συμφέροντα,previous_vote_party,Πλεύση Ελευθερίας,none,77.6672,,unknown,low
,leader_trait,Ασυμβίβαστος απέναντι σε συμφέροντα,previous_vote_party,Πλεύση Ελευθερίας,Αλέξης Τσίπρας,17.1168,,unknown,low
,leader_trait,Ασυμβίβαστος απέναντι σε συμφέροντα,previous_vote_party,Πλεύση Ελευθερίας,Κυριάκος Μητσοτάκης,5.2159,,unknown,low
,leader_trait,Κοντά στα προβλήματα και τις ανησυχίες των πολιτών,previous_vote_party,Πλεύση Ελευθερίας,none,45.8898,,unknown,low
,leader_trait,Κοντά στα προβλήματα και τις ανησυχίες των πολιτών,previous_vote_party,Πλεύση Ελευθερίας,Αλέξης Τσίπρας,45.5202,,unknown,low
,leader_trait,Κοντά στα προβλήματα και τις ανησυχίες των πολιτών,previous_vote_party,Πλεύση Ελευθερίας,Κυριάκος Μητσοτάκης,8.5901,,unknown,low
,leader_trait,Αξιόπιστος/Συνεπής στις εξαγγελίες του,previous_vote_party,Πλεύση Ελευθερίας,none,91.8623,,unknown,low
,leader_trait,Αξιόπιστος/Συνεπής στις εξαγγελίες του,previous_vote_party,Πλεύση Ελευθερίας,Αλέξης Τσίπρας,2.9217,,unknown,low
,leader_trait,Αξιόπιστος/Συνεπής στις εξαγγελίες του,previous_vote_party,Πλεύση Ελευθερίας,Κυριάκος Μητσοτάκης,5.2159,,unknown,low
,leader_trait,Ικανός στην διαχείριση των οικονομικών της χώρας,previous_vote_party,Πλεύση Ελευθερίας,none,62.6938,,unknown,low
,leader_trait,Ικανός στην διαχείριση των οικονομικών της χώρας,previous_vote_party,Πλεύση Ελευθερίας,Αλέξης Τσίπρας,19.7248,,unknown,low
,leader_trait,Ικανός στην διαχείριση των οικονομικών της χώρας,previous_vote_party,Πλεύση Ελευθερίας,Κυριάκος Μητσοτάκης,17.5814,,unknown,low
,leader_trait,Αποτελεσματικός στην επίλυση προβλημάτων,previous_vote_party,Πλεύση Ελευθερίας,none,75.9799,,unknown,low
,leader_trait,Αποτελεσματικός στην επίλυση προβλημάτων,previous_vote_party,Πλεύση Ελευθερίας,Αλέξης Τσίπρας,3.4229,,unknown,low
,leader_trait,Αποτελεσματικός στην επίλυση προβλημάτων,previous_vote_party,Πλεύση Ελευθερίας,Κυριάκος Μητσοτάκης,20.5972,,unknown,low
,leader_trait,Ακέραιος στη διαχείριση κρατικού χρήματος,previous_vote_party,Πλεύση Ελευθερίας,none,71.2838,,unknown,low
,leader_trait,Ακέραιος στη διαχείριση κρατικού χρήματος,previous_vote_party,Πλεύση Ελευθερίας,Αλέξης Τσίπρας,26.1082,,unknown,low
,leader_trait,Ακέραιος στη διαχείριση κρατικού χρήματος,previous_vote_party,Πλεύση Ελευθερίας,Κυριάκος Μητσοτάκης,2.608,,unknown,low
,suitable_pm,Καταλληλότερος για πρωθυπουργός,previous_vote_party,Πλεύση Ελευθερίας,none,65.3018,,unknown,low
,suitable_pm,Καταλληλότερος για πρωθυπουργός,previous_vote_party,Πλεύση Ελευθερίας,Αλέξης Τσίπρας,17.1168,,unknown,low
,suitable_pm,Καταλληλότερος για πρωθυπουργός,previous_vote_party,Πλεύση Ελευθερίας,Κυριάκος Μητσοτάκης,17.5814,,unknown,low
,leader_trait,Ασυμβίβαστος απέναντι σε συμφέροντα,previous_vote_party,ΣΥΡΙΖΑ,none,27.9935,,unknown,high
,leader_trait,Ασυμβίβαστος απέναντι σε συμφέροντα,previous_vote_party,ΣΥΡΙΖΑ,Αλέξης Τσίπρας,64.9951,,unknown,high
,leader_trait,Ασυμβίβαστος απέναντι σε συμφέροντα,previous_vote_party,ΣΥΡΙΖΑ,Κυριάκος Μητσοτάκης,7.0114,,unknown,high
,leader_trait,Κοντά στα προβλήματα και τις ανησυχίες των πολιτών,previous_vote_party,ΣΥΡΙΖΑ,none,11.6663,,unknown,high
,leader_trait,Κοντά στα προβλήματα και τις ανησυχίες των πολιτών,previous_vote_party,ΣΥΡΙΖΑ,Αλέξης Τσίπρας,84.3709,,unknown,high
,leader_trait,Κοντά στα προβλήματα και τις ανησυχίες των πολιτών,previous_vote_party,ΣΥΡΙΖΑ,Κυριάκος Μητσοτάκης,3.9628,,unknown,high
,leader_trait,Αξιόπιστος/Συνεπής στις εξαγγελίες του,previous_vote_party,ΣΥΡΙΖΑ,none,39.8843,,unknown,high
,leader_trait,Αξιόπιστος/Συνεπής στις εξαγγελίες του,previous_vote_party,ΣΥΡΙΖΑ,Αλέξης Τσίπρας,51.8951,,unknown,high
,leader_trait,Αξιόπιστος/Συνεπής στις εξαγγελίες του,previous_vote_party,ΣΥΡΙΖΑ,Κυριάκος Μητσοτάκης,8.2206,,unknown,high
,leader_trait,Ικανός στην διαχείριση των οικονομικών της χώρας,previous_vote_party,ΣΥΡΙΖΑ,none,28.0291,,unknown,high
,leader_trait,Ικανός στην διαχείριση των οικονομικών της χώρας,previous_vote_party,ΣΥΡΙΖΑ,Αλέξης Τσίπρας,66.7298,,unknown,high
,leader_trait,Ικανός στην διαχείριση των οικονομικών της χώρας,previous_vote_party,ΣΥΡΙΖΑ,Κυριάκος Μητσοτάκης,5.241,,unknown,high
,leader_trait,Αποτελεσματικός στην επίλυση προβλημάτων,previous_vote_party,ΣΥΡΙΖΑ,none,28.898,,unknown,high
,leader_trait,Αποτελεσματικός στην επίλυση προβλημάτων,previous_vote_party,ΣΥΡΙΖΑ,Αλέξης Τσίπρας,64.5839,,unknown,high
,leader_trait,Αποτελεσματικός στην επίλυση προβλημάτων,previous_vote_party,ΣΥΡΙΖΑ,Κυριάκος Μητσοτάκης,6.5181,,unknown,high
,leader_trait,Ακέραιος στη διαχείριση κρατικού χρήματος,previous_vote_party,ΣΥΡΙΖΑ,none,15.2768,,unknown,high
,leader_trait,Ακέραιος στη διαχείριση κρατικού χρήματος,previous_vote_party,ΣΥΡΙΖΑ,Αλέξης Τσίπρας,81.3059,,unknown,high
,leader_trait,Ακέραιος στη διαχείριση κρατικού χρήματος,previous_vote_party,ΣΥΡΙΖΑ,Κυριάκος Μητσοτάκης,3.4173,,unknown,high
,suitable_pm,Καταλληλότερος για πρωθυπουργός,previous_vote_party,ΣΥΡΙΖΑ,none,17.6121,,unknown,high
,suitable_pm,Καταλληλότερος για πρωθυπουργός,previous_vote_party,ΣΥΡΙΖΑ,Αλέξης Τσίπρας,76.608,,unknown,high
,suitable_pm,Καταλληλότερος για πρωθυπουργός,previous_vote_party,ΣΥΡΙΖΑ,Κυριάκος Μητσοτάκης,5.7799,,unknown,high
,leader_trait,Ασυμβίβαστος απέναντι σε συμφέροντα,previous_vote_party,Χρυσή Αυγή,none,77.8742,,unknown,low
,leader_trait,Ασυμβίβαστος απέναντι σε συμφέροντα,previous_vote_party,Χρυσή Αυγή,Αλέξης Τσίπρας,10.0674,,unknown,low
,leader_trait,Ασυμβίβαστος απέναντι σε συμφέροντα,previous_vote_party,Χρυσή Αυγή,Κυριάκος Μητσοτάκης,12.0585,,unknown,low
,leader_trait,Κοντά στα προβλήματα και τις ανησυχίες των πολιτών,previous_vote_party,Χρυσή Αυγή,none,72.8471,,unknown,low
,leader_trait,Κοντά στα προβλήματα και τις ανησυχίες των πολιτών,previous_vote_party,Χρυσή Αυγή,Αλέξης Τσίπρας,11.1347,,unknown,low
,leader_trait,Κοντά στα προβλήματα και τις ανησυχίες των πολιτών,previous_vote_party,Χρυσή Αυγή,Κυριάκος Μητσοτάκης,16.0182,,unknown,low
,leader_trait,Αξιόπιστος/Συνεπής στις εξαγγελίες του,previous_vote_party,Χρυσή Αυγή,none,75.3207,,unknown,low
,leader_trait,Αξιόπιστος/Συνεπής στις εξαγγελίες του,previous_vote_party,Χρυσή Αυγή,Κυριάκος Μητσοτάκης,24.6793,,unknown,low
,leader_trait,Ικανός στην διαχείριση των οικονομικών της χώρας,previous_vote_party,Χρυσή Αυγή,none,76.1043,,unknown,low
,leader_trait,Ικανός στην διαχείριση των οικονομικών της χώρας,previous_vote_party,Χρυσή Αυγή,Κυριάκος Μητσοτάκης,23.8957,,unknown,low
,leader_trait,Αποτελεσματικός στην επίλυση προβλημάτων,previous_vote_party,Χρυσή Αυγή,none,60.9949,,unknown,low
,leader_trait,Αποτελεσματικός στην επίλυση προβλημάτων,previous_vote_party,Χρυσή Αυγή,Αλέξης Τσίπρας,10.6155,,unknown,low
,leader_trait,Αποτελεσματικός στην επίλυση προβλημάτων,previous_vote_party,Χρυσή Αυγή,Κυριάκος Μητσοτάκης,28.3897,,unknown,low
,leader_trait,Ακέραιος στη διαχείριση κρατικού χρήματος,previous_vote_party,Χρυσή Αυγή,none,77.813,,unknown,low
,leader_trait,Ακέραιος στη διαχείριση κρατικού χρήματος,previous_vote_party,Χρυσή Αυγή,Αλέξης Τσίπρας,1.6545,,unknown,low
,leader_trait,Ακέραιος στη διαχείριση κρατικού χρήματος,previous_vote_party,Χρυσή Αυγή,Κυριάκος Μητσοτάκης,20.5325,,unknown,low
,suitable_pm,Καταλληλότερος για πρωθυπουργός,previous_vote_party,Χρυσή Αυγή,none,64.2752,,unknown,low
,suitable_pm,Καταλληλότερος για πρωθυπουργός,previous_vote_party,Χρυσή Αυγή,Αλέξης Τσίπρας,7.7469,,unknown,low
,suitable_pm,Καταλληλότερος για πρωθυπουργός,previous_vote_party,Χρυσή Αυγή,Κυριάκος Μητσοτάκης,27.9779,,unknown,low
,leader_trait,Ασυμβίβαστος απέναντι σε συμφέροντα,region_group,Ήπειρος,none,35.8687,,unknown,low
,leader_trait,Ασυμβίβαστος απέναντι σε συμφέροντα,region_group,Ήπειρος,Αλέξης Τσίπρας,37.9195,,unknown,low
,leader_trait,Ασυμβίβαστος απέναντι σε συμφέροντα,region_group,Ήπειρος,Κυριάκος Μητσοτάκης,26.2118,,unknown,low
,leader_trait,Κοντά στα προβλήματα και τις ανησυχίες των πολιτών,region_group,Ήπειρος,none,30.4482,,unknown,low
,leader_trait,Κοντά στα προβλήματα και τις ανησυχίες των πολιτών,region_group,Ήπειρος,Αλέξης Τσίπρας,42.1064,,unknown,low
,leader_trait,Κοντά στα προβλήματα και τις ανησυχίες των πολιτών,region_group,Ήπειρος,Κυριάκος Μητσοτάκης,27.4454,,unknown,low
,leader_trait,Αξιόπιστος/Συνεπής στις εξαγγελίες του,region_group,Ήπειρος,none,35.7148,,unknown,low
,leader_trait,Αξιόπιστος/Συνεπής στις εξαγγελίες του,region_group,Ήπειρος,Αλέξης Τσίπρας,26.7165,,unknown,low
,leader_trait,Αξιόπιστος/Συνεπής στις εξαγγελίες του,region_group,Ήπειρος,Κυριάκος Μητσοτάκης,37.5688,,unknown,low
,leader_trait,Ικανός στην διαχείριση των οικονομικών της χώρας,region_group,Ήπειρος,none,28.1706,,unknown,low
,leader_trait,Ικανός στην διαχείριση των οικονομικών της χώρας,region_group,Ήπειρος,Αλέξης Τσίπρας,31.0972,,unknown,low
,leader_trait,Ικανός στην διαχείριση των οικονομικών της χώρας,region_group,Ήπειρος,Κυριάκος Μητσοτάκης,40.7322,,unknown,low
,leader_trait,Αποτελεσματικός στην επίλυση προβλημάτων,region_group,Ήπειρος,none,32.9939,,unknown,low
,leader_trait,Αποτελεσματικός στην επίλυση προβλημάτων,region_group,Ήπειρος,Αλέξης Τσίπρας,29.6276,,unknown,low
,leader_trait,Αποτελεσματικός στην επίλυση προβλημάτων,region_group,Ήπειρος,Κυριάκος Μητσοτάκης,37.3785,,unknown,low
,leader_trait,Ακέραιος στη διαχείριση κρατικού χρήματος,region_group,Ήπειρος,none,26.7707,,unknown,low
,leader_trait,Ακέραιος στη διαχείριση κρατικού χρήματος,region_group,Ήπειρος,Αλέξης Τσίπρας,42.7532,,unknown,low
,leader_trait,Ακέραιος στη διαχείριση κρατικού χρήματος,region_group,Ήπειρος,Κυριάκος Μητσοτάκης,30.476,,unknown,low
,suitable_pm,Καταλληλότερος για πρωθυπουργός,region_group,Ήπειρος,none,29.2814,,unknown,low
,suitable_pm,Καταλληλότερος για πρωθυπουργός,region_group,Ήπειρος,Αλέξης Τσίπρας,31.0416,,unknown,low
,suitable_pm,Καταλληλότερος για πρωθυπουργός,region_group,Ήπειρος,Κυριάκος Μητσοτάκης,39.677,,unknown,low
,leader_trait,Ασυμβίβαστος απέναντι σε συμφέροντα,region_group,Ανατολική Μακεδονία Θράκη,none,59.5535,,unknown,low
,leader_trait,Ασυμβίβαστος απέναντι σε συμφέροντα,region_group,Ανατολική Μακεδονία Θράκη,Αλέξης Τσίπρας,17.7974,,unknown,low
,leader_trait,Ασυμβίβαστος απέναντι σε συμφέροντα,region_group,Ανατολική Μακεδονία Θράκη,Κυριάκος Μητσοτάκης,22.649,,unknown,low
,leader_trait,Κοντά στα προβλήματα και τις ανησυχίες των πολιτών,region_group,Ανατολική Μακεδονία Θράκη,none,56.5227,,unknown,low
,leader_trait,Κοντά στα προβλήματα και τις ανησυχίες των πολιτών,region_group,Ανατολική Μακεδονία Θράκη,Αλέξης Τσίπρας,24.2863,,unknown,low
,leader_trait,Κοντά στα προβλήματα και τις ανησυχίες των πολιτών,region_group,Ανατολική Μακεδονία Θράκη,Κυριάκος Μητσοτάκης,19.191,,unknown,low
,leader_trait,Αξιόπιστος/Συνεπής στις εξαγγελίες του,region_group,Ανατολική Μακεδονία Θράκη,none,55.3419,,unknown,low
,leader_trait,Αξιόπιστος/Συνεπής στις εξαγγελίες του,region_group,Ανατολική Μακεδονία Θράκη,Αλέξης Τσίπρας,14.8266,,unknown,low
,leader_trait,Αξιόπιστος/Συνεπής στις εξαγγελίες του,region_group,Ανατολική Μακεδονία Θράκη,Κυριάκος Μητσοτάκης,29.8316,,unknown,low
,leader_trait,Ικανός στην διαχείριση των οικονομικών της χώρας,region_group,Ανατολική Μακεδονία Θράκη,none,53.568,,unknown,low
,leader_trait,Ικανός στην διαχείριση των οικονομικών της χώρας,region_group,Ανατολική Μακεδονία Θράκη,Αλέξης Τσίπρας,19.656,,unknown,low
,leader_trait,Ικανός στην διαχείριση των οικονομικών της χώρας,region_group,Ανατολική Μακεδονία Θράκη,Κυριάκος Μητσοτάκης,26.776,,unknown,low
,leader_trait,Αποτελεσματικός στην επίλυση προβλημάτων,region_group,Ανατολική Μακεδονία Θράκη,none,50.9552,,unknown,low
,leader_trait,Αποτελεσματικός στην επίλυση προβλημάτων,region_group,Ανατολική Μακεδονία Θράκη,Αλέξης Τσίπρας,19.1305,,unknown,low
,leader_trait,Αποτελεσματικός στην επίλυση προβλημάτων,region_group,Ανατολική Μακεδονία Θράκη,Κυριάκος Μητσοτάκης,29.9142,,unknown,low
,leader_trait,Ακέραιος στη διαχείριση κρατικού χρήματος,region_group,Ανατολική Μακεδονία Θράκη,none,47.7358,,unknown,low
,leader_trait,Ακέραιος στη διαχείριση κρατικού χρήματος,region_group,Ανατολική Μακεδονία Θράκη,Αλέξης Τσίπρας,24.9675,,unknown,low
,leader_trait,Ακέραιος στη διαχείριση κρατικού χρήματος,region_group,Ανατολική Μακεδονία Θράκη,Κυριάκος Μητσοτάκης,27.2967,,unknown,low
,suitable_pm,Καταλληλότερος για πρωθυπουργός,region_group,Ανατολική Μακεδονία Θράκη,none,48.4869,,unknown,low
,suitable_pm,Καταλληλότερος για πρωθυπουργός,region_group,Ανατολική Μακεδονία Θράκη,Αλέξης Τσίπρας,20.5559,,unknown,low
,suitable_pm,Καταλληλότερος για πρωθυπουργός,region_group,Ανατολική Μακεδονία Θράκη,Κυριάκος Μητσοτάκης,30.9572,,unknown,low
,leader_trait,Ασυμβίβαστος απέναντι σε συμφέροντα,region_group,Αττική,none,46.7029,,unknown,high
,leader_trait,Ασυμβίβαστος απέναντι σε συμφέροντα,region_group,Αττική,Αλέξης Τσίπρας,28.4813,,unknown,high
,leader_trait,Ασυμβίβαστος απέναντι σε συμφέροντα,region_group,Αττική,Κυριάκος Μητσοτάκης,24.8158,,unknown,high
,leader_trait,Κοντά στα προβλήματα και τις ανησυχίες των πολιτών,region_group,Αττική,none,32.0708,,unknown,high
,leader_trait,Κοντά στα προβλήματα και τις ανησυχίες των πολιτών,region_group,Αττική,Αλέξης Τσίπρας,36.9595,,unknown,high
,leader_trait,Κοντά στα προβλήματα και τις ανησυχίες των πολιτών,region_group,Αττική,Κυριάκος Μητσοτάκης,30.9697,,unknown,high
,leader_trait,Αξιόπιστος/Συνεπής στις εξαγγελίες του,region_group,Αττική,none,36.7793,,unknown,high
,leader_trait,Αξιόπιστος/Συνεπής στις εξαγγελίες του,region_group,Αττική,Αλέξης Τσίπρας,21.0004,,unknown,high
,leader_trait,Αξιόπιστος/Συνεπής στις εξαγγελίες του,region_group,Αττική,Κυριάκος Μητσοτάκης,42.2203,,unknown,high
,leader_trait,Ικανός στην διαχείριση των οικονομικών της χώρας,region_group,Αττική,none,35.5928,,unknown,high
,leader_trait,Ικανός στην διαχείριση των οικονομικών της χώρας,region_group,Αττική,Αλέξης Τσίπρας,24.2741,,unknown,high
,leader_trait,Ικανός στην διαχείριση των οικονομικών της χώρας,region_group,Αττική,Κυριάκος Μητσοτάκης,40.1331,,unknown,high
,leader_trait,Αποτελεσματικός στην επίλυση προβλημάτων,region_group,Αττική,none,30.7575,,unknown,high
,leader_trait,Αποτελεσματικός στην επίλυση προβλημάτων,region_group,Αττική,Αλέξης Τσίπρας,24.8667,,unknown,high
,leader_trait,Αποτελεσματικός στην επίλυση προβλημάτων,region_group,Αττική,Κυριάκος Μητσοτάκης,44.3757,,unknown,high
,leader_trait,Ακέραιος στη διαχείριση κρατικού χρήματος,region_group,Αττική,none,35.0828,,unknown,high
,leader_trait,Ακέραιος στη διαχείριση κρατικού χρήματος,region_group,Αττική,Αλέξης Τσίπρας,36.2986,,unknown,high
,leader_trait,Ακέραιος στη διαχείριση κρατικού χρήματος,region_group,Αττική,Κυριάκος Μητσοτάκης,28.6186,,unknown,high
,suitable_pm,Καταλληλότερος για πρωθυπουργός,region_group,Αττική,none,27.3608,,unknown,high
,suitable_pm,Καταλληλότερος για πρωθυπουργός,region_group,Αττική,Αλέξης Τσίπρας,28.5972,,unknown,high
,suitable_pm,Καταλληλότερος για πρωθυπουργός,region_group,Αττική,Κυριάκος Μητσοτάκης,44.042,,unknown,high
,leader_trait,Ασυμβίβαστος απέναντι σε συμφέροντα,region_group,Βόρειο Αιγαίο,none,34.6114,,unknown,low
,leader_trait,Ασυμβίβαστος απέναντι σε συμφέροντα,region_group,Βόρειο Αιγαίο,Αλέξης Τσίπρας,25.6977,,unknown,low
,leader_trait,Ασυμβίβαστος απέναντι σε συμφέροντα,region_group,Βόρειο Αιγαίο,Κυριάκος Μητσοτάκης,39.6909,,unknown,low
,leader_trait,Κοντά στα προβλήματα και τις ανησυχίες των πολιτών,region_group,Βόρειο Αιγαίο,none,26.3443,,unknown,low
,leader_trait,Κοντά στα προβλήματα και τις ανησυχίες των πολιτών,region_group,Βόρειο Αιγαίο,Αλέξης Τσίπρας,30.8554,,unknown,low
,leader_trait,Κοντά στα προβλήματα και τις ανησυχίες των πολιτών,region_group,Βόρειο Αιγαίο,Κυριάκος Μητσοτάκης,42.8004,,unknown,low
,leader_trait,Αξιόπιστος/Συνεπής στις εξαγγελίες του,region_group,Βόρειο Αιγαίο,none,49.1651,,unknown,low
,leader_trait,Αξιόπιστος/Συνεπής στις εξαγγελίες του,region_group,Βόρειο Αιγαίο,Αλέξης Τσίπρας,10.041,,unknown,low
,leader_trait,Αξιόπιστος/Συνεπής στις εξαγγελίες του,region_group,Βόρειο Αιγαίο,Κυριάκος Μητσοτάκης,40.7939,,unknown,low
,leader_trait,Ικανός στην διαχείριση των οικονομικών της χώρας,region_group,Βόρειο Αιγαίο,none,25.7059,,unknown,low
,leader_trait,Ικανός στην διαχείριση των οικονομικών της χώρας,region_group,Βόρειο Αιγαίο,Αλέξης Τσίπρας,22.4351,,unknown,low
,leader_trait,Ικανός στην διαχείριση των οικονομικών της χώρας,region_group,Βόρειο Αιγαίο,Κυριάκος Μητσοτάκης,51.859,,unknown,low
,leader_trait,Αποτελεσματικός στην επίλυση προβλημάτων,region_group,Βόρειο Αιγαίο,none,32.2902,,unknown,low
,leader_trait,Αποτελεσματικός στην επίλυση προβλημάτων,region_group,Βόρειο Αιγαίο,Αλέξης Τσίπρας,13.7595,,unknown,low
,leader_trait,Αποτελεσματικός στην επίλυση προβλημάτων,region_group,Βόρειο Αιγαίο,Κυριάκος Μητσοτάκης,53.9503,,unknown,low
,leader_trait,Ακέραιος στη διαχείριση κρατικού χρήματος,region_group,Βόρειο Αιγαίο,none,30.1905,,unknown,low
,leader_trait,Ακέραιος στη διαχείριση κρατικού χρήματος,region_group,Βόρειο Αιγαίο,Αλέξης Τσίπρας,30.4218,,unknown,low
,leader_trait,Ακέραιος στη διαχείριση κρατικού χρήματος,region_group,Βόρειο Αιγαίο,Κυριάκος Μητσοτάκης,39.3877,,unknown,low
,suitable_pm,Καταλληλότερος για πρωθυπουργός,region_group,Βόρειο Αιγαίο,none,19.3926,,unknown,low
,suitable_pm,Καταλληλότερος για πρωθυπουργός,region_group,Βόρειο Αιγαίο,Αλέξης Τσίπρας,25.4771,,unknown,low
,suitable_pm,Καταλληλότερος για πρωθυπουργός,region_group,Βόρειο Αιγαίο,Κυριάκος Μητσοτάκης,55.1303,,unknown,low
,leader_trait,Ασυμβίβαστος απέναντι σε συμφέροντα,region_group,Δεν γνωρίζω/ Δεν απαντώ,none,47.6746,,unknown,low
,leader_trait,Ασυμβίβαστος απέναντι σε συμφέροντα,region_group,Δεν γνωρίζω/ Δεν απαντώ,Αλέξης Τσίπρας,41.3546,,unknown,low
,leader_trait,Ασυμβίβαστος απέναντι σε συμφέροντα,region_group,Δεν γνωρίζω/ Δεν απαντώ,Κυριάκος Μητσοτάκης,10.9708,,unknown,low
,leader_trait,Κοντά στα προβλήματα και τις ανησυχίες των πολιτών,region_group,Δεν γνωρίζω/ Δεν απαντώ,none,52.1758,,unknown,low
,leader_trait,Κοντά στα προβλήματα και τις ανησυχίες των πολιτών,region_group,Δεν γνωρίζω/ Δεν απαντώ,Αλέξης Τσίπρας,38.0637,,unknown,low
,leader_trait,Κοντά στα προβλήματα και τις ανησυχίες των πολιτών,region_group,Δεν γνωρίζω/ Δεν απαντώ,Κυριάκος Μητσοτάκης,9.7605,,unknown,low
,leader_trait,Αξιόπιστος/Συνεπής στις εξαγγελίες του,region_group,Δεν γνωρίζω/ Δεν απαντώ,none,38.8974,,unknown,low
,leader_trait,Αξιόπιστος/Συνεπής στις εξαγγελίες του,region_group,Δεν γνωρίζω/ Δεν απαντώ,Αλέξης Τσίπρας,61.1026,,unknown,low
,leader_trait,Αξιόπιστος/Συνεπής στις εξαγγελίες του,region_group,Δεν γνωρίζω/ Δεν απαντώ,Κυριάκος Μητσοτάκης,0.0,,unknown,low
,leader_trait,Ικανός στην διαχείριση των οικονομικών της χώρας,region_group,Δεν γνωρίζω/ Δεν απαντώ,none,35.1719,,unknown,low
,leader_trait,Ικανός στην διαχείριση των οικονομικών της χώρας,region_group,Δεν γνωρίζω/ Δεν απαντώ,Αλέξης Τσίπρας,64.8281,,unknown,low
,leader_trait,Ικανός στην διαχείριση των οικονομικών της χώρας,region_group,Δεν γνωρίζω/ Δεν απαντώ,Κυριάκος Μητσοτάκης,0.0,,unknown,low
,leader_trait,Αποτελεσματικός στην επίλυση προβλημάτων,region_group,Δεν γνωρίζω/ Δεν απαντώ,none,20.6348,,unknown,low
,leader_trait,Αποτελεσματικός στην επίλυση προβλημάτων,region_group,Δεν γνωρίζω/ Δεν απαντώ,Αλέξης Τσίπρας,38.0637,,unknown,low
,leader_trait,Αποτελεσματικός στην επίλυση προβλημάτων,region_group,Δεν γνωρίζω/ Δεν απαντώ,Κυριάκος Μητσοτάκης,41.3015,,unknown,low
,leader_trait,Ακέραιος στη διαχείριση κρατικού χρήματος,region_group,Δεν γνωρίζω/ Δεν απαντώ,none,21.1716,,unknown,low
,leader_trait,Ακέραιος στη διαχείριση κρατικού χρήματος,region_group,Δεν γνωρίζω/ Δεν απαντώ,Αλέξης Τσίπρας,78.8284,,unknown,low
,suitable_pm,Καταλληλότερος για πρωθυπουργός,region_group,Δεν γνωρίζω/ Δεν απαντώ,none,73.3796,,unknown,low
,suitable_pm,Καταλληλότερος για πρωθυπουργός,region_group,Δεν γνωρίζω/ Δεν απαντώ,Αλέξης Τσίπρας,26.6204,,unknown,low
,suitable_pm,Καταλληλότερος για πρωθυπουργός,region_group,Δεν γνωρίζω/ Δεν απαντώ,Κυριάκος Μητσοτάκης,0.0,,unknown,low
,leader_trait,Ασυμβίβαστος απέναντι σε συμφέροντα,region_group,Δυτική Ελλάδα,none,49.1891,,unknown,low
,leader_trait,Ασυμβίβαστος απέναντι σε συμφέροντα,region_group,Δυτική Ελλάδα,Αλέξης Τσίπρας,24.3025,,unknown,low
,leader_trait,Ασυμβίβαστος απέναντι σε συμφέροντα,region_group,Δυτική Ελλάδα,Κυριάκος Μητσοτάκης,26.5083,,unknown,low
,leader_trait,Κοντά στα προβλήματα και τις ανησυχίες των πολιτών,region_group,Δυτική Ελλάδα,none,41.7066,,unknown,low
,leader_trait,Κοντά στα προβλήματα και τις ανησυχίες των πολιτών,region_group,Δυτική Ελλάδα,Αλέξης Τσίπρας,35.5287,,unknown,low
,leader_trait,Κοντά στα προβλήματα και τις ανησυχίες των πολιτών,region_group,Δυτική Ελλάδα,Κυριάκος Μητσοτάκης,22.7648,,unknown,low
,leader_trait,Αξιόπιστος/Συνεπής στις εξαγγελίες του,region_group,Δυτική Ελλάδα,none,55.5446,,unknown,low
,leader_trait,Αξιόπιστος/Συνεπής στις εξαγγελίες του,region_group,Δυτική Ελλάδα,Αλέξης Τσίπρας,13.5288,,unknown,low
,leader_trait,Αξιόπιστος/Συνεπής στις εξαγγελίες του,region_group,Δυτική Ελλάδα,Κυριάκος Μητσοτάκης,30.9266,,unknown,low
,leader_trait,Ικανός στην διαχείριση των οικονομικών της χώρας,region_group,Δυτική Ελλάδα,none,57.3069,,unknown,low
,leader_trait,Ικανός στην διαχείριση των οικονομικών της χώρας,region_group,Δυτική Ελλάδα,Αλέξης Τσίπρας,15.5124,,unknown,low
,leader_trait,Ικανός στην διαχείριση των οικονομικών της χώρας,region_group,Δυτική Ελλάδα,Κυριάκος Μητσοτάκης,27.1806,,unknown,low
,leader_trait,Αποτελεσματικός στην επίλυση προβλημάτων,region_group,Δυτική Ελλάδα,none,51.3685,,unknown,low
,leader_trait,Αποτελεσματικός στην επίλυση προβλημάτων,region_group,Δυτική Ελλάδα,Αλέξης Τσίπρας,15.4339,,unknown,low
,leader_trait,Αποτελεσματικός στην επίλυση προβλημάτων,region_group,Δυτική Ελλάδα,Κυριάκος Μητσοτάκης,33.1976,,unknown,low
,leader_trait,Ακέραιος στη διαχείριση κρατικού χρήματος,region_group,Δυτική Ελλάδα,none,46.9276,,unknown,low
,leader_trait,Ακέραιος στη διαχείριση κρατικού χρήματος,region_group,Δυτική Ελλάδα,Αλέξης Τσίπρας,30.0311,,unknown,low
,leader_trait,Ακέραιος στη διαχείριση κρατικού χρήματος,region_group,Δυτική Ελλάδα,Κυριάκος Μητσοτάκης,23.0412,,unknown,low
,suitable_pm,Καταλληλότερος για πρωθυπουργός,region_group,Δυτική Ελλάδα,none,36.022,,unknown,low
,suitable_pm,Καταλληλότερος για πρωθυπουργός,region_group,Δυτική Ελλάδα,Αλέξης Τσίπρας,30.8504,,unknown,low
,suitable_pm,Καταλληλότερος για πρωθυπουργός,region_group,Δυτική Ελλάδα,Κυριάκος Μητσοτάκης,33.1275,,unknown,low
,leader_trait,Ασυμβίβαστος απέναντι σε συμφέροντα,region_group,Δυτική Μακεδονία,none,50.0061,,unknown,low
,leader_trait,Ασυμβίβαστος απέναντι σε συμφέροντα,region_group,Δυτική Μακεδονία,Αλέξης Τσίπρας,17.8421,,unknown,low
,leader_trait,Ασυμβίβαστος απέναντι σε συμφέροντα,region_group,Δυτική Μακεδονία,Κυριάκος Μητσοτάκης,32.1518,,unknown,low
,leader_trait,Κοντά στα προβλήματα και τις ανησυχίες των πολιτών,region_group,Δυτική Μακεδονία,none,39.2105,,unknown,low
,leader_trait,Κοντά στα προβλήματα και τις ανησυχίες των πολιτών,region_group,Δυτική Μακεδονία,Αλέξης Τσίπρας,23.3965,,unknown,low
,leader_trait,Κοντά στα προβλήματα και τις ανησυχίες των πολιτών,region_group,Δυτική Μακεδονία,Κυριάκος Μητσοτάκης,37.393,,unknown,low
,leader_trait,Αξιόπιστος/Συνεπής στις εξαγγελίες του,region_group,Δυτική Μακεδονία,none,45.5771,,unknown,low
,leader_trait,Αξιόπιστος/Συνεπής στις εξαγγελίες του,region_group,Δυτική Μακεδονία,Αλέξης Τσίπρας,13.234,,unknown,low
,leader_trait,Αξιόπιστος/Συνεπής στις εξαγγελίες του,region_group,Δυτική Μακεδονία,Κυριάκος Μητσοτάκης,41.1889,,unknown,low
,leader_trait,Ικανός στην διαχείριση των οικονομικών της χώρας,region_group,Δυτική Μακεδονία,none,32.6037,,unknown,low
,leader_trait,Ικανός στην διαχείριση των οικονομικών της χώρας,region_group,Δυτική Μακεδονία,Αλέξης Τσίπρας,18.2168,,unknown,low
,leader_trait,Ικανός στην διαχείριση των οικονομικών της χώρας,region_group,Δυτική Μακεδονία,Κυριάκος Μητσοτάκης,49.1795,,unknown,low
,leader_trait,Αποτελεσματικός στην επίλυση προβλημάτων,region_group,Δυτική Μακεδονία,none,27.5201,,unknown,low
,leader_trait,Αποτελεσματικός στην επίλυση προβλημάτων,region_group,Δυτική Μακεδονία,Αλέξης Τσίπρας,21.5177,,unknown,low
,leader_trait,Αποτελεσματικός στην επίλυση προβλημάτων,region_group,Δυτική Μακεδονία,Κυριάκος Μητσοτάκης,50.9622,,unknown,low
,leader_trait,Ακέραιος στη διαχείριση κρατικού χρήματος,region_group,Δυτική Μακεδονία,none,32.2191,,unknown,low
,leader_trait,Ακέραιος στη διαχείριση κρατικού χρήματος,region_group,Δυτική Μακεδονία,Αλέξης Τσίπρας,25.6823,,unknown,low
,leader_trait,Ακέραιος στη διαχείριση κρατικού χρήματος,region_group,Δυτική Μακεδονία,Κυριάκος Μητσοτάκης,42.0985,,unknown,low
,suitable_pm,Καταλληλότερος για πρωθυπουργός,region_group,Δυτική Μακεδονία,none,28.4271,,unknown,low
,suitable_pm,Καταλληλότερος για πρωθυπουργός,region_group,Δυτική Μακεδονία,Αλέξης Τσίπρας,16.9576,,unknown,low
,suitable_pm,Καταλληλότερος για πρωθυπουργός,region_group,Δυτική Μακεδονία,Κυριάκος Μητσοτάκης,54.6153,,unknown,low
,leader_trait,Ασυμβίβαστος απέναντι σε συμφέροντα,region_group,Θεσσαλία,none,39.9014,,unknown,medium
,leader_trait,Ασυμβίβαστος απέναντι σε συμφέροντα,region_group,Θεσσαλία,Αλέξης Τσίπρας,34.1981,,unknown,medium
,leader_trait,Ασυμβίβαστος απέναντι σε συμφέροντα,region_group,Θεσσαλία,Κυριάκος Μητσοτάκης,25.9005,,unknown,medium
,leader_trait,Κοντά στα προβλήματα και τις ανησυχίες των πολιτών,region_group,Θεσσαλία,none,31.0794,,unknown,medium
,leader_trait,Κοντά στα προβλήματα και τις ανησυχίες των πολιτών,region_group,Θεσσαλία,Αλέξης Τσίπρας,45.5874,,unknown,medium
,leader_trait,Κοντά στα προβλήματα και τις ανησυχίες των πολιτών,region_group,Θεσσαλία,Κυριάκος Μητσοτάκης,23.3331,,unknown,medium
,leader_trait,Αξιόπιστος/Συνεπής στις εξαγγελίες του,region_group,Θεσσαλία,none,44.5241,,unknown,medium
,leader_trait,Αξιόπιστος/Συνεπής στις εξαγγελίες του,region_group,Θεσσαλία,Αλέξης Τσίπρας,24.5322,,unknown,medium
,leader_trait,Αξιόπιστος/Συνεπής στις εξαγγελίες του,region_group,Θεσσαλία,Κυριάκος Μητσοτάκης,30.9437,,unknown,medium
,leader_trait,Ικανός στην διαχείριση των οικονομικών της χώρας,region_group,Θεσσαλία,none,40.0042,,unknown,medium
,leader_trait,Ικανός στην διαχείριση των οικονομικών της χώρας,region_group,Θεσσαλία,Αλέξης Τσίπρας,31.2753,,unknown,medium
,leader_trait,Ικανός στην διαχείριση των οικονομικών της χώρας,region_group,Θεσσαλία,Κυριάκος Μητσοτάκης,28.7204,,unknown,medium
,leader_trait,Αποτελεσματικός στην επίλυση προβλημάτων,region_group,Θεσσαλία,none,35.9571,,unknown,medium
,leader_trait,Αποτελεσματικός στην επίλυση προβλημάτων,region_group,Θεσσαλία,Αλέξης Τσίπρας,34.6782,,unknown,medium
,leader_trait,Αποτελεσματικός στην επίλυση προβλημάτων,region_group,Θεσσαλία,Κυριάκος Μητσοτάκης,29.3646,,unknown,medium
,leader_trait,Ακέραιος στη διαχείριση κρατικού χρήματος,region_group,Θεσσαλία,none,28.911,,unknown,medium
,leader_trait,Ακέραιος στη διαχείριση κρατικού χρήματος,region_group,Θεσσαλία,Αλέξης Τσίπρας,47.9904,,unknown,medium
,leader_trait,Ακέραιος στη διαχείριση κρατικού χρήματος,region_group,Θεσσαλία,Κυριάκος Μητσοτάκης,23.0986,,unknown,medium
,suitable_pm,Καταλληλότερος για πρωθυπουργός,region_group,Θεσσαλία,none,28.6779,,unknown,medium
,suitable_pm,Καταλληλότερος για πρωθυπουργός,region_group,Θεσσαλία,Αλέξης Τσίπρας,40.2637,,unknown,medium
,suitable_pm,Καταλληλότερος για πρωθυπουργός,region_group,Θεσσαλία,Κυριάκος Μητσοτάκης,31.0585,,unknown,medium
,leader_trait,Ασυμβίβαστος απέναντι σε συμφέροντα,region_group,Ιόνια νησιά,none,52.6292,,unknown,low
,leader_trait,Ασυμβίβαστος απέναντι σε συμφέροντα,region_group,Ιόνια νησιά,Αλέξης Τσίπρας,34.0346,,unknown,low
,leader_trait,Ασυμβίβαστος απέναντι σε συμφέροντα,region_group,Ιόνια νησιά,Κυριάκος Μητσοτάκης,13.3362,,unknown,low
,leader_trait,Κοντά στα προβλήματα και τις ανησυχίες των πολιτών,region_group,Ιόνια νησιά,none,32.9894,,unknown,low
,leader_trait,Κοντά στα προβλήματα και τις ανησυχίες των πολιτών,region_group,Ιόνια νησιά,Αλέξης Τσίπρας,47.6212,,unknown,low
,leader_trait,Κοντά στα προβλήματα και τις ανησυχίες των πολιτών,region_group,Ιόνια νησιά,Κυριάκος Μητσοτάκης,19.3894,,unknown,low
,leader_trait,Αξιόπιστος/Συνεπής στις εξαγγελίες του,region_group,Ιόνια νησιά,none,45.8206,,unknown,low
,leader_trait,Αξιόπιστος/Συνεπής στις εξαγγελίες του,region_group,Ιόνια νησιά,Αλέξης Τσίπρας,21.2375,,unknown,low
,leader_trait,Αξιόπιστος/Συνεπής στις εξαγγελίες του,region_group,Ιόνια νησιά,Κυριάκος Μητσοτάκης,32.942,,unknown,low
,leader_trait,Ικανός στην διαχείριση των οικονομικών της χώρας,region_group,Ιόνια νησιά,none,44.7781,,unknown,low
,leader_trait,Ικανός στην διαχείριση των οικονομικών της χώρας,region_group,Ιόνια νησιά,Αλέξης Τσίπρας,30.5201,,unknown,low
,leader_trait,Ικανός στην διαχείριση των οικονομικών της χώρας,region_group,Ιόνια νησιά,Κυριάκος Μητσοτάκης,24.7018,,unknown,low
,leader_trait,Αποτελεσματικός στην επίλυση προβλημάτων,region_group,Ιόνια νησιά,none,43.3163,,unknown,low
,leader_trait,Αποτελεσματικός στην επίλυση προβλημάτων,region_group,Ιόνια νησιά,Αλέξης Τσίπρας,28.6724,,unknown,low
,leader_trait,Αποτελεσματικός στην επίλυση προβλημάτων,region_group,Ιόνια νησιά,Κυριάκος Μητσοτάκης,28.0112,,unknown,low
,leader_trait,Ακέραιος στη διαχείριση κρατικού χρήματος,region_group,Ιόνια νησιά,none,35.6688,,unknown,low
,leader_trait,Ακέραιος στη διαχείριση κρατικού χρήματος,region_group,Ιόνια νησιά,Αλέξης Τσίπρας,42.9056,,unknown,low
,leader_trait,Ακέραιος στη διαχείριση κρατικού χρήματος,region_group,Ιόνια νησιά,Κυριάκος Μητσοτάκης,21.4256,,unknown,low
,suitable_pm,Καταλληλότερος για πρωθυπουργός,region_group,Ιόνια νησιά,none,38.3408,,unknown,low
,suitable_pm,Καταλληλότερος για πρωθυπουργός,region_group,Ιόνια νησιά,Αλέξης Τσίπρας,30.7873,,unknown,low
,suitable_pm,Καταλληλότερος για πρωθυπουργός,region_group,Ιόνια νησιά,Κυριάκος Μητσοτάκης,30.872,,unknown,low
,leader_trait,Ασυμβίβαστος απέναντι σε συμφέροντα,region_group,Κεντρική Μακεδονία,none,48.8074,,unknown,medium
,leader_trait,Ασυμβίβαστος απέναντι σε συμφέροντα,region_group,Κεντρική Μακεδονία,Αλέξης Τσίπρας,28.8429,,unknown,medium
,leader_trait,Ασυμβίβαστος απέναντι σε συμφέροντα,region_group,Κεντρική Μακεδονία,Κυριάκος Μητσοτάκης,22.3497,,unknown,medium
,leader_trait,Κοντά στα προβλήματα και τις ανησυχίες των πολιτών,region_group,Κεντρική Μακεδονία,none,41.0483,,unknown,high
,leader_trait,Κοντά στα προβλήματα και τις ανησυχίες των πολιτών,region_group,Κεντρική Μακεδονία,Αλέξης Τσίπρας,31.9003,,unknown,high
,leader_trait,Κοντά στα προβλήματα και τις ανησυχίες των πολιτών,region_group,Κεντρική Μακεδονία,Κυριάκος Μητσοτάκης,27.0514,,unknown,high
,leader_trait,Αξιόπιστος/Συνεπής στις εξαγγελίες του,region_group,Κεντρική Μακεδονία,none,50.7102,,unknown,high
,leader_trait,Αξιόπιστος/Συνεπής στις εξαγγελίες του,region_group,Κεντρική Μακεδονία,Αλέξης Τσίπρας,14.0729,,unknown,high
,leader_trait,Αξιόπιστος/Συνεπής στις εξαγγελίες του,region_group,Κεντρική Μακεδονία,Κυριάκος Μητσοτάκης,35.2169,,unknown,high
,leader_trait,Ικανός στην διαχείριση των οικονομικών της χώρας,region_group,Κεντρική Μακεδονία,none,46.5385,,unknown,high
,leader_trait,Ικανός στην διαχείριση των οικονομικών της χώρας,region_group,Κεντρική Μακεδονία,Αλέξης Τσίπρας,20.2861,,unknown,high
,leader_trait,Ικανός στην διαχείριση των οικονομικών της χώρας,region_group,Κεντρική Μακεδονία,Κυριάκος Μητσοτάκης,33.1755,,unknown,high
,leader_trait,Αποτελεσματικός στην επίλυση προβλημάτων,region_group,Κεντρική Μακεδονία,none,41.6311,,unknown,high
,leader_trait,Αποτελεσματικός στην επίλυση προβλημάτων,region_group,Κεντρική Μακεδονία,Αλέξης Τσίπρας,21.9992,,unknown,high
,leader_trait,Αποτελεσματικός στην επίλυση προβλημάτων,region_group,Κεντρική Μακεδονία,Κυριάκος Μητσοτάκης,36.3697,,unknown,high
,leader_trait,Ακέραιος στη διαχείριση κρατικού χρήματος,region_group,Κεντρική Μακεδονία,none,44.0718,,unknown,medium
,leader_trait,Ακέραιος στη διαχείριση κρατικού χρήματος,region_group,Κεντρική Μακεδονία,Αλέξης Τσίπρας,28.4799,,unknown,medium
,leader_trait,Ακέραιος στη διαχείριση κρατικού χρήματος,region_group,Κεντρική Μακεδονία,Κυριάκος Μητσοτάκης,27.4482,,unknown,medium
,suitable_pm,Καταλληλότερος για πρωθυπουργός,region_group,Κεντρική Μακεδονία,none,37.4838,,unknown,high
,suitable_pm,Καταλληλότερος για πρωθυπουργός,region_group,Κεντρική Μακεδονία,Αλέξης Τσίπρας,26.642,,unknown,high
,suitable_pm,Καταλληλότερος για πρωθυπουργός,region_group,Κεντρική Μακεδονία,Κυριάκος Μητσοτάκης,35.8742,,unknown,high
,leader_trait,Ασυμβίβαστος απέναντι σε συμφέροντα,region_group,Κρήτη,none,50.2066,,unknown,medium
,leader_trait,Ασυμβίβαστος απέναντι σε συμφέροντα,region_group,Κρήτη,Αλέξης Τσίπρας,37.9033,,unknown,medium
,leader_trait,Ασυμβίβαστος απέναντι σε συμφέροντα,region_group,Κρήτη,Κυριάκος Μητσοτάκης,11.8901,,unknown,medium
,leader_trait,Κοντά στα προβλήματα και τις ανησυχίες των πολιτών,region_group,Κρήτη,none,40.173,,unknown,medium
,leader_trait,Κοντά στα προβλήματα και τις ανησυχίες των πολιτών,region_group,Κρήτη,Αλέξης Τσίπρας,45.4801,,unknown,medium
,leader_trait,Κοντά στα προβλήματα και τις ανησυχίες των πολιτών,region_group,Κρήτη,Κυριάκος Μητσοτάκης,14.3469,,unknown,medium
,leader_trait,Αξιόπιστος/Συνεπής στις εξαγγελίες του,region_group,Κρήτη,none,53.0816,,unknown,medium
,leader_trait,Αξιόπιστος/Συνεπής στις εξαγγελίες του,region_group,Κρήτη,Αλέξης Τσίπρας,17.4235,,unknown,medium
,leader_trait,Αξιόπιστος/Συνεπής στις εξαγγελίες του,region_group,Κρήτη,Κυριάκος Μητσοτάκης,29.4949,,unknown,medium
,leader_trait,Ικανός στην διαχείριση των οικονομικών της χώρας,region_group,Κρήτη,none,41.3305,,unknown,medium
,leader_trait,Ικανός στην διαχείριση των οικονομικών της χώρας,region_group,Κρήτη,Αλέξης Τσίπρας,36.5625,,unknown,medium
,leader_trait,Ικανός στην διαχείριση των οικονομικών της χώρας,region_group,Κρήτη,Κυριάκος Μητσοτάκης,22.107,,unknown,medium
,leader_trait,Αποτελεσματικός στην επίλυση προβλημάτων,region_group,Κρήτη,none,35.1335,,unknown,medium
,leader_trait,Αποτελεσματικός στην επίλυση προβλημάτων,region_group,Κρήτη,Αλέξης Τσίπρας,39.5765,,unknown,medium
,leader_trait,Αποτελεσματικός στην επίλυση προβλημάτων,region_group,Κρήτη,Κυριάκος Μητσοτάκης,25.29,,unknown,medium
,leader_trait,Ακέραιος στη διαχείριση κρατικού χρήματος,region_group,Κρήτη,none,32.06,,unknown,medium
,leader_trait,Ακέραιος στη διαχείριση κρατικού χρήματος,region_group,Κρήτη,Αλέξης Τσίπρας,51.5245,,unknown,medium
,leader_trait,Ακέραιος στη διαχείριση κρατικού χρήματος,region_group,Κρήτη,Κυριάκος Μητσοτάκης,16.4156,,unknown,medium
,suitable_pm,Καταλληλότερος για πρωθυπουργός,region_group,Κρήτη,none,28.7871,,unknown,medium
,suitable_pm,Καταλληλότερος για πρωθυπουργός,region_group,Κρήτη,Αλέξης Τσίπρας,44.7205,,unknown,medium
,suitable_pm,Καταλληλότερος για πρωθυπουργός,region_group,Κρήτη,Κυριάκος Μητσοτάκης,26.4924,,unknown,medium
,leader_trait,Ασυμβίβαστος απέναντι σε συμφέροντα,region_group,Νότιο Αιγαίο,none,50.8609,,unknown,low
,leader_trait,Ασυμβίβαστος απέναντι σε συμφέροντα,region_group,Νότιο Αιγαίο,Αλέξης Τσίπρας,30.2279,,unknown,low
,leader_trait,Ασυμβίβαστος απέναντι σε συμφέροντα,region_group,Νότιο Αιγαίο,Κυριάκος Μητσοτάκης,18.9111,,unknown,low
,leader_trait,Κοντά στα προβλήματα και τις ανησυχίες των πολιτών,region_group,Νότιο Αιγαίο,none,45.9217,,unknown,low
,leader_trait,Κοντά στα προβλήματα και τις ανησυχίες των πολιτών,region_group,Νότιο Αιγαίο,Αλέξης Τσίπρας,30.2927,,unknown,low
,leader_trait,Κοντά στα προβλήματα και τις ανησυχίες των πολιτών,region_group,Νότιο Αιγαίο,Κυριάκος Μητσοτάκης,23.7856,,unknown,low
,leader_trait,Αξιόπιστος/Συνεπής στις εξαγγελίες του,region_group,Νότιο Αιγαίο,none,44.7803,,unknown,low
,leader_trait,Αξιόπιστος/Συνεπής στις εξαγγελίες του,region_group,Νότιο Αιγαίο,Αλέξης Τσίπρας,18.1298,,unknown,low
,leader_trait,Αξιόπιστος/Συνεπής στις εξαγγελίες του,region_group,Νότιο Αιγαίο,Κυριάκος Μητσοτάκης,37.0899,,unknown,low
,leader_trait,Ικανός στην διαχείριση των οικονομικών της χώρας,region_group,Νότιο Αιγαίο,none,41.7715,,unknown,low
,leader_trait,Ικανός στην διαχείριση των οικονομικών της χώρας,region_group,Νότιο Αιγαίο,Αλέξης Τσίπρας,19.37,,unknown,low
,leader_trait,Ικανός στην διαχείριση των οικονομικών της χώρας,region_group,Νότιο Αιγαίο,Κυριάκος Μητσοτάκης,38.8585,,unknown,low
,leader_trait,Αποτελεσματικός στην επίλυση προβλημάτων,region_group,Νότιο Αιγαίο,none,34.5504,,unknown,low
,leader_trait,Αποτελεσματικός στην επίλυση προβλημάτων,region_group,Νότιο Αιγαίο,Αλέξης Τσίπρας,26.1936,,unknown,low
,leader_trait,Αποτελεσματικός στην επίλυση προβλημάτων,region_group,Νότιο Αιγαίο,Κυριάκος Μητσοτάκης,39.2559,,unknown,low
,leader_trait,Ακέραιος στη διαχείριση κρατικού χρήματος,region_group,Νότιο Αιγαίο,none,45.5003,,unknown,low
,leader_trait,Ακέραιος στη διαχείριση κρατικού χρήματος,region_group,Νότιο Αιγαίο,Αλέξης Τσίπρας,27.929,,unknown,low
,leader_trait,Ακέραιος στη διαχείριση κρατικού χρήματος,region_group,Νότιο Αιγαίο,Κυριάκος Μητσοτάκης,26.5707,,unknown,low
,suitable_pm,Καταλληλότερος για πρωθυπουργός,region_group,Νότιο Αιγαίο,none,26.4456,,unknown,low
,suitable_pm,Καταλληλότερος για πρωθυπουργός,region_group,Νότιο Αιγαίο,Αλέξης Τσίπρας,32.3052,,unknown,low
,suitable_pm,Καταλληλότερος για πρωθυπουργός,region_group,Νότιο Αιγαίο,Κυριάκος Μητσοτάκης,41.2493,,unknown,low
,leader_trait,Ασυμβίβαστος απέναντι σε συμφέροντα,region_group,Πελοπόννησος,none,48.7025,,unknown,medium
,leader_trait,Ασυμβίβαστος απέναντι σε συμφέροντα,region_group,Πελοπόννησος,Αλέξης Τσίπρας,33.3112,,unknown,medium
,leader_trait,Ασυμβίβαστος απέναντι σε συμφέροντα,region_group,Πελοπόννησος,Κυριάκος Μητσοτάκης,17.9863,,unknown,medium
,leader_trait,Κοντά στα προβλήματα και τις ανησυχίες των πολιτών,region_group,Πελοπόννησος,none,37.3383,,unknown,medium
,leader_trait,Κοντά στα προβλήματα και τις ανησυχίες των πολιτών,region_group,Πελοπόννησος,Αλέξης Τσίπρας,38.9346,,unknown,medium
,leader_trait,Κοντά στα προβλήματα και τις ανησυχίες των πολιτών,region_group,Πελοπόννησος,Κυριάκος Μητσοτάκης,23.7271,,unknown,medium
,leader_trait,Αξιόπιστος/Συνεπής στις εξαγγελίες του,region_group,Πελοπόννησος,none,42.0823,,unknown,medium
,leader_trait,Αξιόπιστος/Συνεπής στις εξαγγελίες του,region_group,Πελοπόννησος,Αλέξης Τσίπρας,23.7616,,unknown,medium
,leader_trait,Αξιόπιστος/Συνεπής στις εξαγγελίες του,region_group,Πελοπόννησος,Κυριάκος Μητσοτάκης,34.1562,,unknown,medium
,leader_trait,Ικανός στην διαχείριση των οικονομικών της χώρας,region_group,Πελοπόννησος,none,41.8244,,unknown,medium
,leader_trait,Ικανός στην διαχείριση των οικονομικών της χώρας,region_group,Πελοπόννησος,Αλέξης Τσίπρας,28.4685,,unknown,medium
,leader_trait,Ικανός στην διαχείριση των οικονομικών της χώρας,region_group,Πελοπόννησος,Κυριάκος Μητσοτάκης,29.7071,,unknown,medium
,leader_trait,Αποτελεσματικός στην επίλυση προβλημάτων,region_group,Πελοπόννησος,none,32.9474,,unknown,medium
,leader_trait,Αποτελεσματικός στην επίλυση προβλημάτων,region_group,Πελοπόννησος,Αλέξης Τσίπρας,32.6953,,unknown,medium
,leader_trait,Αποτελεσματικός στην επίλυση προβλημάτων,region_group,Πελοπόννησος,Κυριάκος Μητσοτάκης,34.3573,,unknown,medium
,leader_trait,Ακέραιος στη διαχείριση κρατικού χρήματος,region_group,Πελοπόννησος,none,38.2834,,unknown,medium
,leader_trait,Ακέραιος στη διαχείριση κρατικού χρήματος,region_group,Πελοπόννησος,Αλέξης Τσίπρας,35.7769,,unknown,medium
,leader_trait,Ακέραιος στη διαχείριση κρατικού χρήματος,region_group,Πελοπόννησος,Κυριάκος Μητσοτάκης,25.9397,,unknown,medium
,suitable_pm,Καταλληλότερος για πρωθυπουργός,region_group,Πελοπόννησος,none,33.5506,,unknown,medium
,suitable_pm,Καταλληλότερος για πρωθυπουργός,region_group,Πελοπόννησος,Αλέξης Τσίπρας,32.9373,,unknown,medium
,suitable_pm,Καταλληλότερος για πρωθυπουργός,region_group,Πελοπόννησος,Κυριάκος Μητσοτάκης,33.5121,,unknown,medium
,leader_trait,Ασυμβίβαστος απέναντι σε συμφέροντα,region_group,Στερεά Ελλάδα,none,49.6041,,unknown,low
,leader_trait,Ασυμβίβαστος απέναντι σε συμφέροντα,region_group,Στερεά Ελλάδα,Αλέξης Τσίπρας,32.2126,,unknown,low
,leader_trait,Ασυμβίβαστος απέναντι σε συμφέροντα,region_group,Στερεά Ελλάδα,Κυριάκος Μητσοτάκης,18.1833,,unknown,low
,leader_trait,Κοντά στα προβλήματα και τις ανησυχίες των πολιτών,region_group,Στερεά Ελλάδα,none,35.1703,,unknown,low
,leader_trait,Κοντά στα προβλήματα και τις ανησυχίες των πολιτών,region_group,Στερεά Ελλάδα,Αλέξης Τσίπρας,35.854,,unknown,low
,leader_trait,Κοντά στα προβλήματα και τις ανησυχίες των πολιτών,region_group,Στερεά Ελλάδα,Κυριάκος Μητσοτάκης,28.9757,,unknown,low
,leader_trait,Αξιόπιστος/Συνεπής στις εξαγγελίες του,region_group,Στερεά Ελλάδα,none,56.3424,,unknown,low
,leader_trait,Αξιόπιστος/Συνεπής στις εξαγγελίες του,region_group,Στερεά Ελλάδα,Αλέξης Τσίπρας,8.8422,,unknown,low
,leader_trait,Αξιόπιστος/Συνεπής στις εξαγγελίες του,region_group,Στερεά Ελλάδα,Κυριάκος Μητσοτάκης,34.8154,,unknown,low
,leader_trait,Ικανός στην διαχείριση των οικονομικών της χώρας,region_group,Στερεά Ελλάδα,none,33.3619,,unknown,low
,leader_trait,Ικανός στην διαχείριση των οικονομικών της χώρας,region_group,Στερεά Ελλάδα,Αλέξης Τσίπρας,26.5343,,unknown,low
,leader_trait,Ικανός στην διαχείριση των οικονομικών της χώρας,region_group,Στερεά Ελλάδα,Κυριάκος Μητσοτάκης,40.1038,,unknown,low
,leader_trait,Αποτελεσματικός στην επίλυση προβλημάτων,region_group,Στερεά Ελλάδα,none,43.8478,,unknown,low
,leader_trait,Αποτελεσματικός στην επίλυση προβλημάτων,region_group,Στερεά Ελλάδα,Αλέξης Τσίπρας,17.741,,unknown,low
,leader_trait,Αποτελεσματικός στην επίλυση προβλημάτων,region_group,Στερεά Ελλάδα,Κυριάκος Μητσοτάκης,38.4112,,unknown,low
,leader_trait,Ακέραιος στη διαχείριση κρατικού χρήματος,region_group,Στερεά Ελλάδα,none,40.1516,,unknown,low
,leader_trait,Ακέραιος στη διαχείριση κρατικού χρήματος,region_group,Στερεά Ελλάδα,Αλέξης Τσίπρας,33.1164,,unknown,low
,leader_trait,Ακέραιος στη διαχείριση κρατικού χρήματος,region_group,Στερεά Ελλάδα,Κυριάκος Μητσοτάκης,26.7319,,unknown,low
,suitable_pm,Καταλληλότερος για πρωθυπουργός,region_group,Στερεά Ελλάδα,none,34.4397,,unknown,low
,suitable_pm,Καταλληλότερος για πρωθυπουργός,region_group,Στερεά Ελλάδα,Αλέξης Τσίπρας,29.1181,,unknown,low
,suitable_pm,Καταλληλότερος για πρωθυπουργός,region_group,Στερεά Ελλάδα,Κυριάκος Μητσοτάκης,36.4422,,unknown,low
,leader_performance_compare,Σύγκριση πρωθυπουργικής επίδοσης,gender,female,none,34.5877,2022,Q4,high
,leader_performance_compare,Σύγκριση πρωθυπουργικής επίδοσης,gender,female,Αλέξης Τσίπρας,25.1958,2022,Q4,high
,leader_performance_compare,Σύγκριση πρωθυπουργικής επίδοσης,gender,female,Κυριάκος Μητσοτάκης,40.2166,2022,Q4,high
,leader_accountability_blame,Ευθύνη/χρέωση: Για τη διαφθορά,gender,female,none,22.3906,2022,Q4,high
,leader_accountability_blame,Ευθύνη/χρέωση: Για τη διαφθορά,gender,female,Αλέξης Τσίπρας,19.0101,2022,Q4,high
,leader_accountability_blame,Ευθύνη/χρέωση: Για τη διαφθορά,gender,female,Κυριάκος Μητσοτάκης,58.5993,2022,Q4,high
,leader_accountability_blame,Ευθύνη/χρέωση: Για την ακρίβεια,gender,female,none,26.9274,2022,Q4,high
,leader_accountability_blame,Ευθύνη/χρέωση: Για την ακρίβεια,gender,female,Αλέξης Τσίπρας,10.4877,2022,Q4,high
,leader_accountability_blame,Ευθύνη/χρέωση: Για την ακρίβεια,gender,female,Κυριάκος Μητσοτάκης,62.5849,2022,Q4,high
,leader_accountability_blame,Ευθύνη/χρέωση: Για την ανεργία,gender,female,none,30.8845,2022,Q4,high
,leader_accountability_blame,Ευθύνη/χρέωση: Για την ανεργία,gender,female,Αλέξης Τσίπρας,21.294,2022,Q4,high
,leader_accountability_blame,Ευθύνη/χρέωση: Για την ανεργία,gender,female,Κυριάκος Μητσοτάκης,47.8215,2022,Q4,high
,leader_accountability_blame,Ευθύνη/χρέωση: Για την εγκληματικότητα,gender,female,none,29.5339,2022,Q4,high
,leader_accountability_blame,Ευθύνη/χρέωση: Για την εγκληματικότητα,gender,female,Αλέξης Τσίπρας,26.8648,2022,Q4,high
,leader_accountability_blame,Ευθύνη/χρέωση: Για την εγκληματικότητα,gender,female,Κυριάκος Μητσοτάκης,43.6013,2022,Q4,high
,leader_accountability_blame,Ευθύνη/χρέωση: Για την κατάσταση στα μέσα ενημέρωσης,gender,female,none,20.3419,2022,Q4,high
,leader_accountability_blame,Ευθύνη/χρέωση: Για την κατάσταση στα μέσα ενημέρωσης,gender,female,Αλέξης Τσίπρας,14.8735,2022,Q4,high
,leader_accountability_blame,Ευθύνη/χρέωση: Για την κατάσταση στα μέσα ενημέρωσης,gender,female,Κυριάκος Μητσοτάκης,64.7846,2022,Q4,high
,leader_accountability_blame,Ευθύνη/χρέωση: Για τις υποκλοπές,gender,female,none,19.6922,2022,Q4,high
,leader_accountability_blame,Ευθύνη/χρέωση: Για τις υποκλοπές,gender,female,Αλέξης Τσίπρας,10.9019,2022,Q4,high
,leader_accountability_blame,Ευθύνη/χρέωση: Για τις υποκλοπές,gender,female,Κυριάκος Μητσοτάκης,69.4058,2022,Q4,high
,leader_accountability_blame,Ευθύνη/χρέωση: Για τους πλειστηριασμούς πρώτης κατοικίας,gender,female,none,18.2659,2022,Q4,high
,leader_accountability_blame,Ευθύνη/χρέωση: Για τους πλειστηριασμούς πρώτης κατοικίας,gender,female,Αλέξης Τσίπρας,30.974,2022,Q4,high
,leader_accountability_blame,Ευθύνη/χρέωση: Για τους πλειστηριασμούς πρώτης κατοικίας,gender,female,Κυριάκος Μητσοτάκης,50.7601,2022,Q4,high
,leader_accountability_blame,Ευθύνη/χρέωση: Για τους χαμηλούς μισθούς/συντάξεις,gender,female,none,20.0588,2022,Q4,high
,leader_accountability_blame,Ευθύνη/χρέωση: Για τους χαμηλούς μισθούς/συντάξεις,gender,female,Αλέξης Τσίπρας,32.3011,2022,Q4,high
,leader_accountability_blame,Ευθύνη/χρέωση: Για τους χαμηλούς μισθούς/συντάξεις,gender,female,Κυριάκος Μητσοτάκης,47.6401,2022,Q4,high
,leader_trait,Ασυμβίβαστος με τα συμφέροντα,gender,female,Αλέξης Τσίπρας,64.4222,2022,Q4,high
,leader_trait,Ασυμβίβαστος με τα συμφέροντα,gender,female,Κυριάκος Μητσοτάκης,35.5778,2022,Q4,high
,leader_trait,Εκφράζει το μεσαίο χώρο,gender,female,Αλέξης Τσίπρας,64.3903,2022,Q4,high
,leader_trait,Εκφράζει το μεσαίο χώρο,gender,female,Κυριάκος Μητσοτάκης,35.6097,2022,Q4,high
,leader_trait,Κοντά στους πολίτες,gender,female,Αλέξης Τσίπρας,61.2555,2022,Q4,high
,leader_trait,Κοντά στους πολίτες,gender,female,Κυριάκος Μητσοτάκης,38.7445,2022,Q4,high
,leader_trait,Αξιόπιστος,gender,female,Αλέξης Τσίπρας,45.6863,2022,Q4,high
,leader_trait,Αξιόπιστος,gender,female,Κυριάκος Μητσοτάκης,54.3137,2022,Q4,high
,leader_trait,Σέβεται τις δημοκρατικές αρχές,gender,female,Αλέξης Τσίπρας,53.6756,2022,Q4,high
,leader_trait,Σέβεται τις δημοκρατικές αρχές,gender,female,Κυριάκος Μητσοτάκης,46.3244,2022,Q4,high
,leader_trait,Ικανός στη διαχείριση της οικονομίας,gender,female,Αλέξης Τσίπρας,36.5078,2022,Q4,high
,leader_trait,Ικανός στη διαχείριση της οικονομίας,gender,female,Κυριάκος Μητσοτάκης,63.4922,2022,Q4,high
,leader_trait,Αποτελεσματικός,gender,female,Αλέξης Τσίπρας,36.5811,2022,Q4,high
,leader_trait,Αποτελεσματικός,gender,female,Κυριάκος Μητσοτάκης,63.4189,2022,Q4,high
,leader_trait,Ακέραιος με το δημόσιο χρήμα,gender,female,Αλέξης Τσίπρας,60.7051,2022,Q4,high
,leader_trait,Ακέραιος με το δημόσιο χρήμα,gender,female,Κυριάκος Μητσοτάκης,39.2949,2022,Q4,high
,leader_trait,Έχει ηγετικά προσόντα,gender,female,Αλέξης Τσίπρας,40.3276,2022,Q4,high
,leader_trait,Έχει ηγετικά προσόντα,gender,female,Κυριάκος Μητσοτάκης,59.6724,2022,Q4,high
,leader_trait,Επιλέγει καλύτερους συνεργάτες,gender,female,Αλέξης Τσίπρας,39.2556,2022,Q4,high
,leader_trait,Επιλέγει καλύτερους συνεργάτες,gender,female,Κυριάκος Μητσοτάκης,60.7444,2022,Q4,high
,leader_choice_dilemma,Δίλημμα Μητσοτάκης ή Τσίπρας,gender,female,none,42.0862,2022,Q4,high
,leader_choice_dilemma,Δίλημμα Μητσοτάκης ή Τσίπρας,gender,female,Αλέξης Τσίπρας,24.6307,2022,Q4,high
,leader_choice_dilemma,Δίλημμα Μητσοτάκης ή Τσίπρας,gender,female,Κυριάκος Μητσοτάκης,33.2831,2022,Q4,high
,suitable_pm,Καταλληλότερος για πρωθυπουργός,gender,female,none,34.7804,2022,Q4,high
,suitable_pm,Καταλληλότερος για πρωθυπουργός,gender,female,Αλέξης Τσίπρας,26.0156,2022,Q4,high
,suitable_pm,Καταλληλότερος για πρωθυπουργός,gender,female,Κυριάκος Μητσοτάκης,39.2039,2022,Q4,high
,leader_performance_compare,Σύγκριση πρωθυπουργικής επίδοσης,gender,male,none,30.6094,2022,Q4,high
,leader_performance_compare,Σύγκριση πρωθυπουργικής επίδοσης,gender,male,Αλέξης Τσίπρας,24.0494,2022,Q4,high
,leader_performance_compare,Σύγκριση πρωθυπουργικής επίδοσης,gender,male,Κυριάκος Μητσοτάκης,45.3412,2022,Q4,high
,leader_accountability_blame,Ευθύνη/χρέωση: Για τη διαφθορά,gender,male,none,21.0935,2022,Q4,high
,leader_accountability_blame,Ευθύνη/χρέωση: Για τη διαφθορά,gender,male,Αλέξης Τσίπρας,18.7384,2022,Q4,high
,leader_accountability_blame,Ευθύνη/χρέωση: Για τη διαφθορά,gender,male,Κυριάκος Μητσοτάκης,60.1681,2022,Q4,high
,leader_accountability_blame,Ευθύνη/χρέωση: Για την ακρίβεια,gender,male,none,32.397,2022,Q4,high
,leader_accountability_blame,Ευθύνη/χρέωση: Για την ακρίβεια,gender,male,Αλέξης Τσίπρας,8.3823,2022,Q4,high
,leader_accountability_blame,Ευθύνη/χρέωση: Για την ακρίβεια,gender,male,Κυριάκος Μητσοτάκης,59.2207,2022,Q4,high
,leader_accountability_blame,Ευθύνη/χρέωση: Για την ανεργία,gender,male,none,30.2788,2022,Q4,high
,leader_accountability_blame,Ευθύνη/χρέωση: Για την ανεργία,gender,male,Αλέξης Τσίπρας,25.177,2022,Q4,high
,leader_accountability_blame,Ευθύνη/χρέωση: Για την ανεργία,gender,male,Κυριάκος Μητσοτάκης,44.5441,2022,Q4,high
,leader_accountability_blame,Ευθύνη/χρέωση: Για την εγκληματικότητα,gender,male,none,25.5416,2022,Q4,high
,leader_accountability_blame,Ευθύνη/χρέωση: Για την εγκληματικότητα,gender,male,Αλέξης Τσίπρας,36.8275,2022,Q4,high
,leader_accountability_blame,Ευθύνη/χρέωση: Για την εγκληματικότητα,gender,male,Κυριάκος Μητσοτάκης,37.631,2022,Q4,high
,leader_accountability_blame,Ευθύνη/χρέωση: Για την κατάσταση στα μέσα ενημέρωσης,gender,male,none,17.2372,2022,Q4,high
,leader_accountability_blame,Ευθύνη/χρέωση: Για την κατάσταση στα μέσα ενημέρωσης,gender,male,Αλέξης Τσίπρας,16.6692,2022,Q4,high
,leader_accountability_blame,Ευθύνη/χρέωση: Για την κατάσταση στα μέσα ενημέρωσης,gender,male,Κυριάκος Μητσοτάκης,66.0936,2022,Q4,high
,leader_accountability_blame,Ευθύνη/χρέωση: Για τις υποκλοπές,gender,male,none,19.8312,2022,Q4,high
,leader_accountability_blame,Ευθύνη/χρέωση: Για τις υποκλοπές,gender,male,Αλέξης Τσίπρας,8.6506,2022,Q4,high
,leader_accountability_blame,Ευθύνη/χρέωση: Για τις υποκλοπές,gender,male,Κυριάκος Μητσοτάκης,71.5182,2022,Q4,high
,leader_accountability_blame,Ευθύνη/χρέωση: Για τους πλειστηριασμούς πρώτης κατοικίας,gender,male,none,19.4806,2022,Q4,high
,leader_accountability_blame,Ευθύνη/χρέωση: Για τους πλειστηριασμούς πρώτης κατοικίας,gender,male,Αλέξης Τσίπρας,34.0692,2022,Q4,high
,leader_accountability_blame,Ευθύνη/χρέωση: Για τους πλειστηριασμούς πρώτης κατοικίας,gender,male,Κυριάκος Μητσοτάκης,46.4502,2022,Q4,high
,leader_accountability_blame,Ευθύνη/χρέωση: Για τους χαμηλούς μισθούς/συντάξεις,gender,male,none,21.2258,2022,Q4,high
,leader_accountability_blame,Ευθύνη/χρέωση: Για τους χαμηλούς μισθούς/συντάξεις,gender,male,Αλέξης Τσίπρας,32.3855,2022,Q4,high
,leader_accountability_blame,Ευθύνη/χρέωση: Για τους χαμηλούς μισθούς/συντάξεις,gender,male,Κυριάκος Μητσοτάκης,46.3887,2022,Q4,high
,leader_trait,Ασυμβίβαστος με τα συμφέροντα,gender,male,Αλέξης Τσίπρας,61.5207,2022,Q4,high
,leader_trait,Ασυμβίβαστος με τα συμφέροντα,gender,male,Κυριάκος Μητσοτάκης,38.4793,2022,Q4,high
,leader_trait,Εκφράζει το μεσαίο χώρο,gender,male,Αλέξης Τσίπρας,50.4695,2022,Q4,high
,leader_trait,Εκφράζει το μεσαίο χώρο,gender,male,Κυριάκος Μητσοτάκης,49.5305,2022,Q4,high
,leader_trait,Κοντά στους πολίτες,gender,male,Αλέξης Τσίπρας,54.5557,2022,Q4,high
,leader_trait,Κοντά στους πολίτες,gender,male,Κυριάκος Μητσοτάκης,45.4443,2022,Q4,high
,leader_trait,Αξιόπιστος,gender,male,Αλέξης Τσίπρας,40.0831,2022,Q4,high
,leader_trait,Αξιόπιστος,gender,male,Κυριάκος Μητσοτάκης,59.9169,2022,Q4,high
,leader_trait,Σέβεται τις δημοκρατικές αρχές,gender,male,Αλέξης Τσίπρας,52.263,2022,Q4,high
,leader_trait,Σέβεται τις δημοκρατικές αρχές,gender,male,Κυριάκος Μητσοτάκης,47.737,2022,Q4,high
,leader_trait,Ικανός στη διαχείριση της οικονομίας,gender,male,Αλέξης Τσίπρας,32.9824,2022,Q4,high
,leader_trait,Ικανός στη διαχείριση της οικονομίας,gender,male,Κυριάκος Μητσοτάκης,67.0176,2022,Q4,high
,leader_trait,Αποτελεσματικός,gender,male,Αλέξης Τσίπρας,33.4076,2022,Q4,high
,leader_trait,Αποτελεσματικός,gender,male,Κυριάκος Μητσοτάκης,66.5924,2022,Q4,high
,leader_trait,Ακέραιος με το δημόσιο χρήμα,gender,male,Αλέξης Τσίπρας,58.2102,2022,Q4,high
,leader_trait,Ακέραιος με το δημόσιο χρήμα,gender,male,Κυριάκος Μητσοτάκης,41.7898,2022,Q4,high
,leader_trait,Έχει ηγετικά προσόντα,gender,male,Αλέξης Τσίπρας,38.414,2022,Q4,high
,leader_trait,Έχει ηγετικά προσόντα,gender,male,Κυριάκος Μητσοτάκης,61.586,2022,Q4,high
,leader_trait,Επιλέγει καλύτερους συνεργάτες,gender,male,Αλέξης Τσίπρας,31.957,2022,Q4,high
,leader_trait,Επιλέγει καλύτερους συνεργάτες,gender,male,Κυριάκος Μητσοτάκης,68.043,2022,Q4,high
,leader_choice_dilemma,Δίλημμα Μητσοτάκης ή Τσίπρας,gender,male,none,37.3498,2022,Q4,high
,leader_choice_dilemma,Δίλημμα Μητσοτάκης ή Τσίπρας,gender,male,Αλέξης Τσίπρας,25.1952,2022,Q4,high
,leader_choice_dilemma,Δίλημμα Μητσοτάκης ή Τσίπρας,gender,male,Κυριάκος Μητσοτάκης,37.455,2022,Q4,high
,suitable_pm,Καταλληλότερος για πρωθυπουργός,gender,male,none,29.1791,2022,Q4,high
,suitable_pm,Καταλληλότερος για πρωθυπουργός,gender,male,Αλέξης Τσίπρας,27.304,2022,Q4,high
,suitable_pm,Καταλληλότερος για πρωθυπουργός,gender,male,Κυριάκος Μητσοτάκης,43.5169,2022,Q4,high
,leader_performance_compare,Σύγκριση πρωθυπουργικής επίδοσης,age_group,18-24,none,39.9174,2022,Q4,medium
,leader_performance_compare,Σύγκριση πρωθυπουργικής επίδοσης,age_group,18-24,Αλέξης Τσίπρας,29.0183,2022,Q4,medium
,leader_performance_compare,Σύγκριση πρωθυπουργικής επίδοσης,age_group,18-24,Κυριάκος Μητσοτάκης,31.0644,2022,Q4,medium
,leader_accountability_blame,Ευθύνη/χρέωση: Για τη διαφθορά,age_group,18-24,none,21.0413,2022,Q4,medium
,leader_accountability_blame,Ευθύνη/χρέωση: Για τη διαφθορά,age_group,18-24,Αλέξης Τσίπρας,14.2847,2022,Q4,medium
,leader_accountability_blame,Ευθύνη/χρέωση: Για τη διαφθορά,age_group,18-24,Κυριάκος Μητσοτάκης,64.674,2022,Q4,medium
,leader_accountability_blame,Ευθύνη/χρέωση: Για την ακρίβεια,age_group,18-24,none,20.0651,2022,Q4,medium
,leader_accountability_blame,Ευθύνη/χρέωση: Για την ακρίβεια,age_group,18-24,Αλέξης Τσίπρας,11.4898,2022,Q4,medium
,leader_accountability_blame,Ευθύνη/χρέωση: Για την ακρίβεια,age_group,18-24,Κυριάκος Μητσοτάκης,68.4451,2022,Q4,medium
,leader_accountability_blame,Ευθύνη/χρέωση: Για την ανεργία,age_group,18-24,none,28.3984,2022,Q4,medium
,leader_accountability_blame,Ευθύνη/χρέωση: Για την ανεργία,age_group,18-24,Αλέξης Τσίπρας,30.8866,2022,Q4,medium
,leader_accountability_blame,Ευθύνη/χρέωση: Για την ανεργία,age_group,18-24,Κυριάκος Μητσοτάκης,40.715,2022,Q4,medium
,leader_accountability_blame,Ευθύνη/χρέωση: Για την εγκληματικότητα,age_group,18-24,none,26.6209,2022,Q4,medium
,leader_accountability_blame,Ευθύνη/χρέωση: Για την εγκληματικότητα,age_group,18-24,Αλέξης Τσίπρας,21.4534,2022,Q4,medium
,leader_accountability_blame,Ευθύνη/χρέωση: Για την εγκληματικότητα,age_group,18-24,Κυριάκος Μητσοτάκης,51.9257,2022,Q4,medium
,leader_accountability_blame,Ευθύνη/χρέωση: Για την κατάσταση στα μέσα ενημέρωσης,age_group,18-24,none,15.7867,2022,Q4,medium
,leader_accountability_blame,Ευθύνη/χρέωση: Για την κατάσταση στα μέσα ενημέρωσης,age_group,18-24,Αλέξης Τσίπρας,8.8994,2022,Q4,medium
,leader_accountability_blame,Ευθύνη/χρέωση: Για την κατάσταση στα μέσα ενημέρωσης,age_group,18-24,Κυριάκος Μητσοτάκης,75.3139,2022,Q4,medium
,leader_accountability_blame,Ευθύνη/χρέωση: Για τις υποκλοπές,age_group,18-24,none,13.9072,2022,Q4,medium
,leader_accountability_blame,Ευθύνη/χρέωση: Για τις υποκλοπές,age_group,18-24,Αλέξης Τσίπρας,9.2441,2022,Q4,medium
,leader_accountability_blame,Ευθύνη/χρέωση: Για τις υποκλοπές,age_group,18-24,Κυριάκος Μητσοτάκης,76.8487,2022,Q4,medium
,leader_accountability_blame,Ευθύνη/χρέωση: Για τους πλειστηριασμούς πρώτης κατοικίας,age_group,18-24,none,23.9998,2022,Q4,medium
,leader_accountability_blame,Ευθύνη/χρέωση: Για τους πλειστηριασμούς πρώτης κατοικίας,age_group,18-24,Αλέξης Τσίπρας,26.9584,2022,Q4,medium
,leader_accountability_blame,Ευθύνη/χρέωση: Για τους πλειστηριασμούς πρώτης κατοικίας,age_group,18-24,Κυριάκος Μητσοτάκης,49.0418,2022,Q4,medium
,leader_accountability_blame,Ευθύνη/χρέωση: Για τους χαμηλούς μισθούς/συντάξεις,age_group,18-24,none,15.8679,2022,Q4,medium
,leader_accountability_blame,Ευθύνη/χρέωση: Για τους χαμηλούς μισθούς/συντάξεις,age_group,18-24,Αλέξης Τσίπρας,32.7711,2022,Q4,medium
,leader_accountability_blame,Ευθύνη/χρέωση: Για τους χαμηλούς μισθούς/συντάξεις,age_group,18-24,Κυριάκος Μητσοτάκης,51.361,2022,Q4,medium
,leader_trait,Ασυμβίβαστος με τα συμφέροντα,age_group,18-24,Αλέξης Τσίπρας,68.9874,2022,Q4,medium
,leader_trait,Ασυμβίβαστος με τα συμφέροντα,age_group,18-24,Κυριάκος Μητσοτάκης,31.0126,2022,Q4,medium
,leader_trait,Εκφράζει το μεσαίο χώρο,age_group,18-24,Αλέξης Τσίπρας,77.263,2022,Q4,medium
,leader_trait,Εκφράζει το μεσαίο χώρο,age_group,18-24,Κυριάκος Μητσοτάκης,22.737,2022,Q4,medium
,leader_trait,Κοντά στους πολίτες,age_group,18-24,Αλέξης Τσίπρας,68.6724,2022,Q4,medium
,leader_trait,Κοντά στους πολίτες,age_group,18-24,Κυριάκος Μητσοτάκης,31.3276,2022,Q4,medium
,leader_trait,Αξιόπιστος,age_group,18-24,Αλέξης Τσίπρας,57.7747,2022,Q4,medium
,leader_trait,Αξιόπιστος,age_group,18-24,Κυριάκος Μητσοτάκης,42.2253,2022,Q4,medium
,leader_trait,Σέβεται τις δημοκρατικές αρχές,age_group,18-24,Αλέξης Τσίπρας,62.2217,2022,Q4,medium
,leader_trait,Σέβεται τις δημοκρατικές αρχές,age_group,18-24,Κυριάκος Μητσοτάκης,37.7783,2022,Q4,medium
,leader_trait,Ικανός στη διαχείριση της οικονομίας,age_group,18-24,Αλέξης Τσίπρας,45.0134,2022,Q4,medium
,leader_trait,Ικανός στη διαχείριση της οικονομίας,age_group,18-24,Κυριάκος Μητσοτάκης,54.9866,2022,Q4,medium
,leader_trait,Αποτελεσματικός,age_group,18-24,Αλέξης Τσίπρας,45.4061,2022,Q4,medium
,leader_trait,Αποτελεσματικός,age_group,18-24,Κυριάκος Μητσοτάκης,54.5939,2022,Q4,medium
,leader_trait,Ακέραιος με το δημόσιο χρήμα,age_group,18-24,Αλέξης Τσίπρας,71.1649,2022,Q4,low
,leader_trait,Ακέραιος με το δημόσιο χρήμα,age_group,18-24,Κυριάκος Μητσοτάκης,28.8351,2022,Q4,low
,leader_trait,Έχει ηγετικά προσόντα,age_group,18-24,Αλέξης Τσίπρας,48.2757,2022,Q4,medium
,leader_trait,Έχει ηγετικά προσόντα,age_group,18-24,Κυριάκος Μητσοτάκης,51.7243,2022,Q4,medium
,leader_trait,Επιλέγει καλύτερους συνεργάτες,age_group,18-24,Αλέξης Τσίπρας,54.8805,2022,Q4,medium
,leader_trait,Επιλέγει καλύτερους συνεργάτες,age_group,18-24,Κυριάκος Μητσοτάκης,45.1195,2022,Q4,medium
,leader_choice_dilemma,Δίλημμα Μητσοτάκης ή Τσίπρας,age_group,18-24,none,59.2829,2022,Q4,medium
,leader_choice_dilemma,Δίλημμα Μητσοτάκης ή Τσίπρας,age_group,18-24,Αλέξης Τσίπρας,21.6572,2022,Q4,medium
,leader_choice_dilemma,Δίλημμα Μητσοτάκης ή Τσίπρας,age_group,18-24,Κυριάκος Μητσοτάκης,19.0599,2022,Q4,medium
,suitable_pm,Καταλληλότερος για πρωθυπουργός,age_group,18-24,none,48.1624,2022,Q4,medium
,suitable_pm,Καταλληλότερος για πρωθυπουργός,age_group,18-24,Αλέξης Τσίπρας,26.753,2022,Q4,medium
,suitable_pm,Καταλληλότερος για πρωθυπουργός,age_group,18-24,Κυριάκος Μητσοτάκης,25.0845,2022,Q4,medium
,leader_performance_compare,Σύγκριση πρωθυπουργικής επίδοσης,age_group,25-39,none,38.9805,2022,Q4,high
,leader_performance_compare,Σύγκριση πρωθυπουργικής επίδοσης,age_group,25-39,Αλέξης Τσίπρας,26.5427,2022,Q4,high
,leader_performance_compare,Σύγκριση πρωθυπουργικής επίδοσης,age_group,25-39,Κυριάκος Μητσοτάκης,34.4767,2022,Q4,high
,leader_accountability_blame,Ευθύνη/χρέωση: Για τη διαφθορά,age_group,25-39,none,19.9627,2022,Q4,high
,leader_accountability_blame,Ευθύνη/χρέωση: Για τη διαφθορά,age_group,25-39,Αλέξης Τσίπρας,15.5942,2022,Q4,high
,leader_accountability_blame,Ευθύνη/χρέωση: Για τη διαφθορά,age_group,25-39,Κυριάκος Μητσοτάκης,64.4431,2022,Q4,high
,leader_accountability_blame,Ευθύνη/χρέωση: Για την ακρίβεια,age_group,25-39,none,24.1236,2022,Q4,high
,leader_accountability_blame,Ευθύνη/χρέωση: Για την ακρίβεια,age_group,25-39,Αλέξης Τσίπρας,9.6831,2022,Q4,high
,leader_accountability_blame,Ευθύνη/χρέωση: Για την ακρίβεια,age_group,25-39,Κυριάκος Μητσοτάκης,66.1933,2022,Q4,high
,leader_accountability_blame,Ευθύνη/χρέωση: Για την ανεργία,age_group,25-39,none,31.5522,2022,Q4,high
,leader_accountability_blame,Ευθύνη/χρέωση: Για την ανεργία,age_group,25-39,Αλέξης Τσίπρας,20.0156,2022,Q4,high
,leader_accountability_blame,Ευθύνη/χρέωση: Για την ανεργία,age_group,25-39,Κυριάκος Μητσοτάκης,48.4322,2022,Q4,high
,leader_accountability_blame,Ευθύνη/χρέωση: Για την εγκληματικότητα,age_group,25-39,none,26.8172,2022,Q4,high
,leader_accountability_blame,Ευθύνη/χρέωση: Για την εγκληματικότητα,age_group,25-39,Αλέξης Τσίπρας,26.1765,2022,Q4,high
,leader_accountability_blame,Ευθύνη/χρέωση: Για την εγκληματικότητα,age_group,25-39,Κυριάκος Μητσοτάκης,47.0064,2022,Q4,high
,leader_accountability_blame,Ευθύνη/χρέωση: Για την κατάσταση στα μέσα ενημέρωσης,age_group,25-39,none,14.2664,2022,Q4,high
,leader_accountability_blame,Ευθύνη/χρέωση: Για την κατάσταση στα μέσα ενημέρωσης,age_group,25-39,Αλέξης Τσίπρας,11.4215,2022,Q4,high
,leader_accountability_blame,Ευθύνη/χρέωση: Για την κατάσταση στα μέσα ενημέρωσης,age_group,25-39,Κυριάκος Μητσοτάκης,74.3121,2022,Q4,high
,leader_accountability_blame,Ευθύνη/χρέωση: Για τις υποκλοπές,age_group,25-39,none,17.159,2022,Q4,high
,leader_accountability_blame,Ευθύνη/χρέωση: Για τις υποκλοπές,age_group,25-39,Αλέξης Τσίπρας,8.7997,2022,Q4,high
,leader_accountability_blame,Ευθύνη/χρέωση: Για τις υποκλοπές,age_group,25-39,Κυριάκος Μητσοτάκης,74.0413,2022,Q4,high
,leader_accountability_blame,Ευθύνη/χρέωση: Για τους πλειστηριασμούς πρώτης κατοικίας,age_group,25-39,none,20.7071,2022,Q4,high
,leader_accountability_blame,Ευθύνη/χρέωση: Για τους πλειστηριασμούς πρώτης κατοικίας,age_group,25-39,Αλέξης Τσίπρας,25.7558,2022,Q4,high
,leader_accountability_blame,Ευθύνη/χρέωση: Για τους πλειστηριασμούς πρώτης κατοικίας,age_group,25-39,Κυριάκος Μητσοτάκης,53.5371,2022,Q4,high
,leader_accountability_blame,Ευθύνη/χρέωση: Για τους χαμηλούς μισθούς/συντάξεις,age_group,25-39,none,26.3762,2022,Q4,high
,leader_accountability_blame,Ευθύνη/χρέωση: Για τους χαμηλούς μισθούς/συντάξεις,age_group,25-39,Αλέξης Τσίπρας,25.6072,2022,Q4,high
,leader_accountability_blame,Ευθύνη/χρέωση: Για τους χαμηλούς μισθούς/συντάξεις,age_group,25-39,Κυριάκος Μητσοτάκης,48.0166,2022,Q4,high
,leader_trait,Ασυμβίβαστος με τα συμφέροντα,age_group,25-39,Αλέξης Τσίπρας,72.1399,2022,Q4,high
,leader_trait,Ασυμβίβαστος με τα συμφέροντα,age_group,25-39,Κυριάκος Μητσοτάκης,27.8601,2022,Q4,high
,leader_trait,Εκφράζει το μεσαίο χώρο,age_group,25-39,Αλέξης Τσίπρας,73.645,2022,Q4,high
,leader_trait,Εκφράζει το μεσαίο χώρο,age_group,25-39,Κυριάκος Μητσοτάκης,26.355,2022,Q4,high
,leader_trait,Κοντά στους πολίτες,age_group,25-39,Αλέξης Τσίπρας,72.4603,2022,Q4,high
,leader_trait,Κοντά στους πολίτες,age_group,25-39,Κυριάκος Μητσοτάκης,27.5397,2022,Q4,high
,leader_trait,Αξιόπιστος,age_group,25-39,Αλέξης Τσίπρας,49.146,2022,Q4,high
,leader_trait,Αξιόπιστος,age_group,25-39,Κυριάκος Μητσοτάκης,50.854,2022,Q4,high
,leader_trait,Σέβεται τις δημοκρατικές αρχές,age_group,25-39,Αλέξης Τσίπρας,63.2059,2022,Q4,high
,leader_trait,Σέβεται τις δημοκρατικές αρχές,age_group,25-39,Κυριάκος Μητσοτάκης,36.7941,2022,Q4,high
,leader_trait,Ικανός στη διαχείριση της οικονομίας,age_group,25-39,Αλέξης Τσίπρας,41.0738,2022,Q4,high
,leader_trait,Ικανός στη διαχείριση της οικονομίας,age_group,25-39,Κυριάκος Μητσοτάκης,58.9262,2022,Q4,high
,leader_trait,Αποτελεσματικός,age_group,25-39,Αλέξης Τσίπρας,39.8583,2022,Q4,high
,leader_trait,Αποτελεσματικός,age_group,25-39,Κυριάκος Μητσοτάκης,60.1417,2022,Q4,high
,leader_trait,Ακέραιος με το δημόσιο χρήμα,age_group,25-39,Αλέξης Τσίπρας,70.318,2022,Q4,high
,leader_trait,Ακέραιος με το δημόσιο χρήμα,age_group,25-39,Κυριάκος Μητσοτάκης,29.682,2022,Q4,high
,leader_trait,Έχει ηγετικά προσόντα,age_group,25-39,Αλέξης Τσίπρας,45.1328,2022,Q4,high
,leader_trait,Έχει ηγετικά προσόντα,age_group,25-39,Κυριάκος Μητσοτάκης,54.8672,2022,Q4,high
,leader_trait,Επιλέγει καλύτερους συνεργάτες,age_group,25-39,Αλέξης Τσίπρας,41.4269,2022,Q4,high
,leader_trait,Επιλέγει καλύτερους συνεργάτες,age_group,25-39,Κυριάκος Μητσοτάκης,58.5731,2022,Q4,high
,leader_choice_dilemma,Δίλημμα Μητσοτάκης ή Τσίπρας,age_group,25-39,none,47.6095,2022,Q4,high
,leader_choice_dilemma,Δίλημμα Μητσοτάκης ή Τσίπρας,age_group,25-39,Αλέξης Τσίπρας,27.5675,2022,Q4,high
,leader_choice_dilemma,Δίλημμα Μητσοτάκης ή Τσίπρας,age_group,25-39,Κυριάκος Μητσοτάκης,24.823,2022,Q4,high
,suitable_pm,Καταλληλότερος για πρωθυπουργός,age_group,25-39,none,40.4621,2022,Q4,high
,suitable_pm,Καταλληλότερος για πρωθυπουργός,age_group,25-39,Αλέξης Τσίπρας,27.0151,2022,Q4,high
,suitable_pm,Καταλληλότερος για πρωθυπουργός,age_group,25-39,Κυριάκος Μητσοτάκης,32.5227,2022,Q4,high
,leader_performance_compare,Σύγκριση πρωθυπουργικής επίδοσης,age_group,40-54,none,32.3568,2022,Q4,high
,leader_performance_compare,Σύγκριση πρωθυπουργικής επίδοσης,age_group,40-54,Αλέξης Τσίπρας,25.4758,2022,Q4,high
,leader_performance_compare,Σύγκριση πρωθυπουργικής επίδοσης,age_group,40-54,Κυριάκος Μητσοτάκης,42.1673,2022,Q4,high
,leader_accountability_blame,Ευθύνη/χρέωση: Για τη διαφθορά,age_group,40-54,none,22.7192,2022,Q4,high
,leader_accountability_blame,Ευθύνη/χρέωση: Για τη διαφθορά,age_group,40-54,Αλέξης Τσίπρας,17.1899,2022,Q4,high
,leader_accountability_blame,Ευθύνη/χρέωση: Για τη διαφθορά,age_group,40-54,Κυριάκος Μητσοτάκης,60.0909,2022,Q4,high
,leader_accountability_blame,Ευθύνη/χρέωση: Για την ακρίβεια,age_group,40-54,none,29.0835,2022,Q4,high
,leader_accountability_blame,Ευθύνη/χρέωση: Για την ακρίβεια,age_group,40-54,Αλέξης Τσίπρας,10.4209,2022,Q4,high
,leader_accountability_blame,Ευθύνη/χρέωση: Για την ακρίβεια,age_group,40-54,Κυριάκος Μητσοτάκης,60.4956,2022,Q4,high
,leader_accountability_blame,Ευθύνη/χρέωση: Για την ανεργία,age_group,40-54,none,30.9947,2022,Q4,high
,leader_accountability_blame,Ευθύνη/χρέωση: Για την ανεργία,age_group,40-54,Αλέξης Τσίπρας,23.5079,2022,Q4,high
,leader_accountability_blame,Ευθύνη/χρέωση: Για την ανεργία,age_group,40-54,Κυριάκος Μητσοτάκης,45.4974,2022,Q4,high
,leader_accountability_blame,Ευθύνη/χρέωση: Για την εγκληματικότητα,age_group,40-54,none,28.5762,2022,Q4,high
,leader_accountability_blame,Ευθύνη/χρέωση: Για την εγκληματικότητα,age_group,40-54,Αλέξης Τσίπρας,32.6032,2022,Q4,high
,leader_accountability_blame,Ευθύνη/χρέωση: Για την εγκληματικότητα,age_group,40-54,Κυριάκος Μητσοτάκης,38.8206,2022,Q4,high
,leader_accountability_blame,Ευθύνη/χρέωση: Για την κατάσταση στα μέσα ενημέρωσης,age_group,40-54,none,19.3094,2022,Q4,high
,leader_accountability_blame,Ευθύνη/χρέωση: Για την κατάσταση στα μέσα ενημέρωσης,age_group,40-54,Αλέξης Τσίπρας,16.3301,2022,Q4,high
,leader_accountability_blame,Ευθύνη/χρέωση: Για την κατάσταση στα μέσα ενημέρωσης,age_group,40-54,Κυριάκος Μητσοτάκης,64.3605,2022,Q4,high
,leader_accountability_blame,Ευθύνη/χρέωση: Για τις υποκλοπές,age_group,40-54,none,17.4092,2022,Q4,high
,leader_accountability_blame,Ευθύνη/χρέωση: Για τις υποκλοπές,age_group,40-54,Αλέξης Τσίπρας,10.132,2022,Q4,high
,leader_accountability_blame,Ευθύνη/χρέωση: Για τις υποκλοπές,age_group,40-54,Κυριάκος Μητσοτάκης,72.4588,2022,Q4,high
,leader_accountability_blame,Ευθύνη/χρέωση: Για τους πλειστηριασμούς πρώτης κατοικίας,age_group,40-54,none,19.2794,2022,Q4,high
,leader_accountability_blame,Ευθύνη/χρέωση: Για τους πλειστηριασμούς πρώτης κατοικίας,age_group,40-54,Αλέξης Τσίπρας,33.5521,2022,Q4,high
,leader_accountability_blame,Ευθύνη/χρέωση: Για τους πλειστηριασμούς πρώτης κατοικίας,age_group,40-54,Κυριάκος Μητσοτάκης,47.1686,2022,Q4,high
,leader_accountability_blame,Ευθύνη/χρέωση: Για τους χαμηλούς μισθούς/συντάξεις,age_group,40-54,none,24.8413,2022,Q4,high
,leader_accountability_blame,Ευθύνη/χρέωση: Για τους χαμηλούς μισθούς/συντάξεις,age_group,40-54,Αλέξης Τσίπρας,28.7236,2022,Q4,high
,leader_accountability_blame,Ευθύνη/χρέωση: Για τους χαμηλούς μισθούς/συντάξεις,age_group,40-54,Κυριάκος Μητσοτάκης,46.4351,2022,Q4,high
,leader_trait,Ασυμβίβαστος με τα συμφέροντα,age_group,40-54,Αλέξης Τσίπρας,64.0411,2022,Q4,high
,leader_trait,Ασυμβίβαστος με τα συμφέροντα,age_group,40-54,Κυριάκος Μητσοτάκης,35.9589,2022,Q4,high
,leader_trait,Εκφράζει το μεσαίο χώρο,age_group,40-54,Αλέξης Τσίπρας,59.6492,2022,Q4,high
,leader_trait,Εκφράζει το μεσαίο χώρο,age_group,40-54,Κυριάκος Μητσοτάκης,40.3508,2022,Q4,high
,leader_trait,Κοντά στους πολίτες,age_group,40-54,Αλέξης Τσίπρας,58.6907,2022,Q4,high
,leader_trait,Κοντά στους πολίτες,age_group,40-54,Κυριάκος Μητσοτάκης,41.3093,2022,Q4,high
,leader_trait,Αξιόπιστος,age_group,40-54,Αλέξης Τσίπρας,42.5326,2022,Q4,high
,leader_trait,Αξιόπιστος,age_group,40-54,Κυριάκος Μητσοτάκης,57.4674,2022,Q4,high
,leader_trait,Σέβεται τις δημοκρατικές αρχές,age_group,40-54,Αλέξης Τσίπρας,53.4679,2022,Q4,high
,leader_trait,Σέβεται τις δημοκρατικές αρχές,age_group,40-54,Κυριάκος Μητσοτάκης,46.5321,2022,Q4,high
,leader_trait,Ικανός στη διαχείριση της οικονομίας,age_group,40-54,Αλέξης Τσίπρας,34.4785,2022,Q4,high
,leader_trait,Ικανός στη διαχείριση της οικονομίας,age_group,40-54,Κυριάκος Μητσοτάκης,65.5215,2022,Q4,high
,leader_trait,Αποτελεσματικός,age_group,40-54,Αλέξης Τσίπρας,32.7341,2022,Q4,high
,leader_trait,Αποτελεσματικός,age_group,40-54,Κυριάκος Μητσοτάκης,67.2659,2022,Q4,high
,leader_trait,Ακέραιος με το δημόσιο χρήμα,age_group,40-54,Αλέξης Τσίπρας,60.7444,2022,Q4,high
,leader_trait,Ακέραιος με το δημόσιο χρήμα,age_group,40-54,Κυριάκος Μητσοτάκης,39.2556,2022,Q4,high
,leader_trait,Έχει ηγετικά προσόντα,age_group,40-54,Αλέξης Τσίπρας,37.7272,2022,Q4,high
,leader_trait,Έχει ηγετικά προσόντα,age_group,40-54,Κυριάκος Μητσοτάκης,62.2728,2022,Q4,high
,leader_trait,Επιλέγει καλύτερους συνεργάτες,age_group,40-54,Αλέξης Τσίπρας,36.7225,2022,Q4,high
,leader_trait,Επιλέγει καλύτερους συνεργάτες,age_group,40-54,Κυριάκος Μητσοτάκης,63.2775,2022,Q4,high
,leader_choice_dilemma,Δίλημμα Μητσοτάκης ή Τσίπρας,age_group,40-54,none,39.682,2022,Q4,high
,leader_choice_dilemma,Δίλημμα Μητσοτάκης ή Τσίπρας,age_group,40-54,Αλέξης Τσίπρας,24.8657,2022,Q4,high
,leader_choice_dilemma,Δίλημμα Μητσοτάκης ή Τσίπρας,age_group,40-54,Κυριάκος Μητσοτάκης,35.4523,2022,Q4,high
,suitable_pm,Καταλληλότερος για πρωθυπουργός,age_group,40-54,none,32.1136,2022,Q4,high
,suitable_pm,Καταλληλότερος για πρωθυπουργός,age_group,40-54,Αλέξης Τσίπρας,25.3694,2022,Q4,high
,suitable_pm,Καταλληλότερος για πρωθυπουργός,age_group,40-54,Κυριάκος Μητσοτάκης,42.517,2022,Q4,high
,leader_performance_compare,Σύγκριση πρωθυπουργικής επίδοσης,age_group,55+,none,27.8019,2022,Q4,high
,leader_performance_compare,Σύγκριση πρωθυπουργικής επίδοσης,age_group,55+,Αλέξης Τσίπρας,22.0593,2022,Q4,high
,leader_performance_compare,Σύγκριση πρωθυπουργικής επίδοσης,age_group,55+,Κυριάκος Μητσοτάκης,50.1388,2022,Q4,high
,leader_accountability_blame,Ευθύνη/χρέωση: Για τη διαφθορά,age_group,55+,none,22.1609,2022,Q4,high
,leader_accountability_blame,Ευθύνη/χρέωση: Για τη διαφθορά,age_group,55+,Αλέξης Τσίπρας,22.8926,2022,Q4,high
,leader_accountability_blame,Ευθύνη/χρέωση: Για τη διαφθορά,age_group,55+,Κυριάκος Μητσοτάκης,54.9465,2022,Q4,high
,leader_accountability_blame,Ευθύνη/χρέωση: Για την ακρίβεια,age_group,55+,none,34.8257,2022,Q4,high
,leader_accountability_blame,Ευθύνη/χρέωση: Για την ακρίβεια,age_group,55+,Αλέξης Τσίπρας,8.2437,2022,Q4,high
,leader_accountability_blame,Ευθύνη/χρέωση: Για την ακρίβεια,age_group,55+,Κυριάκος Μητσοτάκης,56.9306,2022,Q4,high
,leader_accountability_blame,Ευθύνη/χρέωση: Για την ανεργία,age_group,55+,none,30.2056,2022,Q4,high
,leader_accountability_blame,Ευθύνη/χρέωση: Για την ανεργία,age_group,55+,Αλέξης Τσίπρας,23.2757,2022,Q4,high
,leader_accountability_blame,Ευθύνη/χρέωση: Για την ανεργία,age_group,55+,Κυριάκος Μητσοτάκης,46.5187,2022,Q4,high
,leader_accountability_blame,Ευθύνη/χρέωση: Για την εγκληματικότητα,age_group,55+,none,27.3363,2022,Q4,high
,leader_accountability_blame,Ευθύνη/χρέωση: Για την εγκληματικότητα,age_group,55+,Αλέξης Τσίπρας,36.6555,2022,Q4,high
,leader_accountability_blame,Ευθύνη/χρέωση: Για την εγκληματικότητα,age_group,55+,Κυριάκος Μητσοτάκης,36.0082,2022,Q4,high
,leader_accountability_blame,Ευθύνη/χρέωση: Για την κατάσταση στα μέσα ενημέρωσης,age_group,55+,none,21.5244,2022,Q4,high
,leader_accountability_blame,Ευθύνη/χρέωση: Για την κατάσταση στα μέσα ενημέρωσης,age_group,55+,Αλέξης Τσίπρας,19.2441,2022,Q4,high
,leader_accountability_blame,Ευθύνη/χρέωση: Για την κατάσταση στα μέσα ενημέρωσης,age_group,55+,Κυριάκος Μητσοτάκης,59.2315,2022,Q4,high
,leader_accountability_blame,Ευθύνη/χρέωση: Για τις υποκλοπές,age_group,55+,none,24.1361,2022,Q4,high
,leader_accountability_blame,Ευθύνη/χρέωση: Για τις υποκλοπές,age_group,55+,Αλέξης Τσίπρας,10.0813,2022,Q4,high
,leader_accountability_blame,Ευθύνη/χρέωση: Για τις υποκλοπές,age_group,55+,Κυριάκος Μητσοτάκης,65.7826,2022,Q4,high
,leader_accountability_blame,Ευθύνη/χρέωση: Για τους πλειστηριασμούς πρώτης κατοικίας,age_group,55+,none,16.9781,2022,Q4,high
,leader_accountability_blame,Ευθύνη/χρέωση: Για τους πλειστηριασμούς πρώτης κατοικίας,age_group,55+,Αλέξης Τσίπρας,36.0329,2022,Q4,high
,leader_accountability_blame,Ευθύνη/χρέωση: Για τους πλειστηριασμούς πρώτης κατοικίας,age_group,55+,Κυριάκος Μητσοτάκης,46.989,2022,Q4,high
,leader_accountability_blame,Ευθύνη/χρέωση: Για τους χαμηλούς μισθούς/συντάξεις,age_group,55+,none,15.8043,2022,Q4,high
,leader_accountability_blame,Ευθύνη/χρέωση: Για τους χαμηλούς μισθούς/συντάξεις,age_group,55+,Αλέξης Τσίπρας,38.0912,2022,Q4,high
,leader_accountability_blame,Ευθύνη/χρέωση: Για τους χαμηλούς μισθούς/συντάξεις,age_group,55+,Κυριάκος Μητσοτάκης,46.1045,2022,Q4,high
,leader_trait,Ασυμβίβαστος με τα συμφέροντα,age_group,55+,Αλέξης Τσίπρας,56.7996,2022,Q4,high
,leader_trait,Ασυμβίβαστος με τα συμφέροντα,age_group,55+,Κυριάκος Μητσοτάκης,43.2004,2022,Q4,high
,leader_trait,Εκφράζει το μεσαίο χώρο,age_group,55+,Αλέξης Τσίπρας,46.2741,2022,Q4,high
,leader_trait,Εκφράζει το μεσαίο χώρο,age_group,55+,Κυριάκος Μητσοτάκης,53.7259,2022,Q4,high
,leader_trait,Κοντά στους πολίτες,age_group,55+,Αλέξης Τσίπρας,48.3529,2022,Q4,high
,leader_trait,Κοντά στους πολίτες,age_group,55+,Κυριάκος Μητσοτάκης,51.6471,2022,Q4,high
,leader_trait,Αξιόπιστος,age_group,55+,Αλέξης Τσίπρας,37.8283,2022,Q4,high
,leader_trait,Αξιόπιστος,age_group,55+,Κυριάκος Μητσοτάκης,62.1717,2022,Q4,high
,leader_trait,Σέβεται τις δημοκρατικές αρχές,age_group,55+,Αλέξης Τσίπρας,46.987,2022,Q4,high
,leader_trait,Σέβεται τις δημοκρατικές αρχές,age_group,55+,Κυριάκος Μητσοτάκης,53.013,2022,Q4,high
,leader_trait,Ικανός στη διαχείριση της οικονομίας,age_group,55+,Αλέξης Τσίπρας,30.4155,2022,Q4,high
,leader_trait,Ικανός στη διαχείριση της οικονομίας,age_group,55+,Κυριάκος Μητσοτάκης,69.5845,2022,Q4,high
,leader_trait,Αποτελεσματικός,age_group,55+,Αλέξης Τσίπρας,32.2197,2022,Q4,high
,leader_trait,Αποτελεσματικός,age_group,55+,Κυριάκος Μητσοτάκης,67.7803,2022,Q4,high
,leader_trait,Ακέραιος με το δημόσιο χρήμα,age_group,55+,Αλέξης Τσίπρας,52.094,2022,Q4,high
,leader_trait,Ακέραιος με το δημόσιο χρήμα,age_group,55+,Κυριάκος Μητσοτάκης,47.906,2022,Q4,high
,leader_trait,Έχει ηγετικά προσόντα,age_group,55+,Αλέξης Τσίπρας,36.4204,2022,Q4,high
,leader_trait,Έχει ηγετικά προσόντα,age_group,55+,Κυριάκος Μητσοτάκης,63.5796,2022,Q4,high
,leader_trait,Επιλέγει καλύτερους συνεργάτες,age_group,55+,Αλέξης Τσίπρας,29.1865,2022,Q4,high
,leader_trait,Επιλέγει καλύτερους συνεργάτες,age_group,55+,Κυριάκος Μητσοτάκης,70.8135,2022,Q4,high
,leader_choice_dilemma,Δίλημμα Μητσοτάκης ή Τσίπρας,age_group,55+,none,30.9095,2022,Q4,high
,leader_choice_dilemma,Δίλημμα Μητσοτάκης ή Τσίπρας,age_group,55+,Αλέξης Τσίπρας,24.3125,2022,Q4,high
,leader_choice_dilemma,Δίλημμα Μητσοτάκης ή Τσίπρας,age_group,55+,Κυριάκος Μητσοτάκης,44.778,2022,Q4,high
,suitable_pm,Καταλληλότερος για πρωθυπουργός,age_group,55+,none,23.7363,2022,Q4,high
,suitable_pm,Καταλληλότερος για πρωθυπουργός,age_group,55+,Αλέξης Τσίπρας,27.3451,2022,Q4,high
,suitable_pm,Καταλληλότερος για πρωθυπουργός,age_group,55+,Κυριάκος Μητσοτάκης,48.9186,2022,Q4,high
,leader_performance_compare,Σύγκριση πρωθυπουργικής επίδοσης,education_group,high_education,none,30.568,2022,Q4,high
,leader_performance_compare,Σύγκριση πρωθυπουργικής επίδοσης,education_group,high_education,Αλέξης Τσίπρας,26.8014,2022,Q4,high
,leader_performance_compare,Σύγκριση πρωθυπουργικής επίδοσης,education_group,high_education,Κυριάκος Μητσοτάκης,42.6306,2022,Q4,high
,leader_accountability_blame,Ευθύνη/χρέωση: Για τη διαφθορά,education_group,high_education,none,21.6399,2022,Q4,high
,leader_accountability_blame,Ευθύνη/χρέωση: Για τη διαφθορά,education_group,high_education,Αλέξης Τσίπρας,15.5002,2022,Q4,high
,leader_accountability_blame,Ευθύνη/χρέωση: Για τη διαφθορά,education_group,high_education,Κυριάκος Μητσοτάκης,62.8599,2022,Q4,high
,leader_accountability_blame,Ευθύνη/χρέωση: Για την ακρίβεια,education_group,high_education,none,30.3606,2022,Q4,high
,leader_accountability_blame,Ευθύνη/χρέωση: Για την ακρίβεια,education_group,high_education,Αλέξης Τσίπρας,6.9068,2022,Q4,high
,leader_accountability_blame,Ευθύνη/χρέωση: Για την ακρίβεια,education_group,high_education,Κυριάκος Μητσοτάκης,62.7326,2022,Q4,high
,leader_accountability_blame,Ευθύνη/χρέωση: Για την ανεργία,education_group,high_education,none,29.9989,2022,Q4,high
,leader_accountability_blame,Ευθύνη/χρέωση: Για την ανεργία,education_group,high_education,Αλέξης Τσίπρας,21.7298,2022,Q4,high
,leader_accountability_blame,Ευθύνη/χρέωση: Για την ανεργία,education_group,high_education,Κυριάκος Μητσοτάκης,48.2712,2022,Q4,high
,leader_accountability_blame,Ευθύνη/χρέωση: Για την εγκληματικότητα,education_group,high_education,none,27.6609,2022,Q4,high
,leader_accountability_blame,Ευθύνη/χρέωση: Για την εγκληματικότητα,education_group,high_education,Αλέξης Τσίπρας,30.4201,2022,Q4,high
,leader_accountability_blame,Ευθύνη/χρέωση: Για την εγκληματικότητα,education_group,high_education,Κυριάκος Μητσοτάκης,41.9191,2022,Q4,high
,leader_accountability_blame,Ευθύνη/χρέωση: Για την κατάσταση στα μέσα ενημέρωσης,education_group,high_education,none,16.7682,2022,Q4,high
,leader_accountability_blame,Ευθύνη/χρέωση: Για την κατάσταση στα μέσα ενημέρωσης,education_group,high_education,Αλέξης Τσίπρας,15.9311,2022,Q4,high
,leader_accountability_blame,Ευθύνη/χρέωση: Για την κατάσταση στα μέσα ενημέρωσης,education_group,high_education,Κυριάκος Μητσοτάκης,67.3007,2022,Q4,high
,leader_accountability_blame,Ευθύνη/χρέωση: Για τις υποκλοπές,education_group,high_education,none,19.3365,2022,Q4,high
,leader_accountability_blame,Ευθύνη/χρέωση: Για τις υποκλοπές,education_group,high_education,Αλέξης Τσίπρας,8.3322,2022,Q4,high
,leader_accountability_blame,Ευθύνη/χρέωση: Για τις υποκλοπές,education_group,high_education,Κυριάκος Μητσοτάκης,72.3313,2022,Q4,high
,leader_accountability_blame,Ευθύνη/χρέωση: Για τους πλειστηριασμούς πρώτης κατοικίας,education_group,high_education,none,19.6082,2022,Q4,high
,leader_accountability_blame,Ευθύνη/χρέωση: Για τους πλειστηριασμούς πρώτης κατοικίας,education_group,high_education,Αλέξης Τσίπρας,30.1201,2022,Q4,high
,leader_accountability_blame,Ευθύνη/χρέωση: Για τους πλειστηριασμούς πρώτης κατοικίας,education_group,high_education,Κυριάκος Μητσοτάκης,50.2717,2022,Q4,high
,leader_accountability_blame,Ευθύνη/χρέωση: Για τους χαμηλούς μισθούς/συντάξεις,education_group,high_education,none,22.6672,2022,Q4,high
,leader_accountability_blame,Ευθύνη/χρέωση: Για τους χαμηλούς μισθούς/συντάξεις,education_group,high_education,Αλέξης Τσίπρας,29.0765,2022,Q4,high
,leader_accountability_blame,Ευθύνη/χρέωση: Για τους χαμηλούς μισθούς/συντάξεις,education_group,high_education,Κυριάκος Μητσοτάκης,48.2563,2022,Q4,high
,leader_trait,Ασυμβίβαστος με τα συμφέροντα,education_group,high_education,Αλέξης Τσίπρας,68.1722,2022,Q4,high
,leader_trait,Ασυμβίβαστος με τα συμφέροντα,education_group,high_education,Κυριάκος Μητσοτάκης,31.8278,2022,Q4,high
,leader_trait,Εκφράζει το μεσαίο χώρο,education_group,high_education,Αλέξης Τσίπρας,59.3555,2022,Q4,high
,leader_trait,Εκφράζει το μεσαίο χώρο,education_group,high_education,Κυριάκος Μητσοτάκης,40.6445,2022,Q4,high
,leader_trait,Κοντά στους πολίτες,education_group,high_education,Αλέξης Τσίπρας,61.9985,2022,Q4,high
,leader_trait,Κοντά στους πολίτες,education_group,high_education,Κυριάκος Μητσοτάκης,38.0015,2022,Q4,high
,leader_trait,Αξιόπιστος,education_group,high_education,Αλέξης Τσίπρας,44.9927,2022,Q4,high
,leader_trait,Αξιόπιστος,education_group,high_education,Κυριάκος Μητσοτάκης,55.0073,2022,Q4,high
,leader_trait,Σέβεται τις δημοκρατικές αρχές,education_group,high_education,Αλέξης Τσίπρας,56.9833,2022,Q4,high
,leader_trait,Σέβεται τις δημοκρατικές αρχές,education_group,high_education,Κυριάκος Μητσοτάκης,43.0167,2022,Q4,high
,leader_trait,Ικανός στη διαχείριση της οικονομίας,education_group,high_education,Αλέξης Τσίπρας,35.8648,2022,Q4,high
,leader_trait,Ικανός στη διαχείριση της οικονομίας,education_group,high_education,Κυριάκος Μητσοτάκης,64.1352,2022,Q4,high
,leader_trait,Αποτελεσματικός,education_group,high_education,Αλέξης Τσίπρας,36.2112,2022,Q4,high
,leader_trait,Αποτελεσματικός,education_group,high_education,Κυριάκος Μητσοτάκης,63.7888,2022,Q4,high
,leader_trait,Ακέραιος με το δημόσιο χρήμα,education_group,high_education,Αλέξης Τσίπρας,62.5896,2022,Q4,high
,leader_trait,Ακέραιος με το δημόσιο χρήμα,education_group,high_education,Κυριάκος Μητσοτάκης,37.4104,2022,Q4,high
,leader_trait,Έχει ηγετικά προσόντα,education_group,high_education,Αλέξης Τσίπρας,41.763,2022,Q4,high
,leader_trait,Έχει ηγετικά προσόντα,education_group,high_education,Κυριάκος Μητσοτάκης,58.237,2022,Q4,high
,leader_trait,Επιλέγει καλύτερους συνεργάτες,education_group,high_education,Αλέξης Τσίπρας,35.9225,2022,Q4,high
,leader_trait,Επιλέγει καλύτερους συνεργάτες,education_group,high_education,Κυριάκος Μητσοτάκης,64.0775,2022,Q4,high
,leader_choice_dilemma,Δίλημμα Μητσοτάκης ή Τσίπρας,education_group,high_education,none,36.914,2022,Q4,high
,leader_choice_dilemma,Δίλημμα Μητσοτάκης ή Τσίπρας,education_group,high_education,Αλέξης Τσίπρας,27.8259,2022,Q4,high
,leader_choice_dilemma,Δίλημμα Μητσοτάκης ή Τσίπρας,education_group,high_education,Κυριάκος Μητσοτάκης,35.2601,2022,Q4,high
,suitable_pm,Καταλληλότερος για πρωθυπουργός,education_group,high_education,none,29.9678,2022,Q4,high
,suitable_pm,Καταλληλότερος για πρωθυπουργός,education_group,high_education,Αλέξης Τσίπρας,29.6704,2022,Q4,high
,suitable_pm,Καταλληλότερος για πρωθυπουργός,education_group,high_education,Κυριάκος Μητσοτάκης,40.3618,2022,Q4,high
,leader_performance_compare,Σύγκριση πρωθυπουργικής επίδοσης,education_group,low_education,none,37.5651,2022,Q4,low
,leader_performance_compare,Σύγκριση πρωθυπουργικής επίδοσης,education_group,low_education,Αλέξης Τσίπρας,20.3588,2022,Q4,low
,leader_performance_compare,Σύγκριση πρωθυπουργικής επίδοσης,education_group,low_education,Κυριάκος Μητσοτάκης,42.0761,2022,Q4,low
,leader_accountability_blame,Ευθύνη/χρέωση: Για τη διαφθορά,education_group,low_education,none,30.5954,2022,Q4,low
,leader_accountability_blame,Ευθύνη/χρέωση: Για τη διαφθορά,education_group,low_education,Αλέξης Τσίπρας,30.4978,2022,Q4,low
,leader_accountability_blame,Ευθύνη/χρέωση: Για τη διαφθορά,education_group,low_education,Κυριάκος Μητσοτάκης,38.9068,2022,Q4,low
,leader_accountability_blame,Ευθύνη/χρέωση: Για την ακρίβεια,education_group,low_education,none,33.7642,2022,Q4,low
,leader_accountability_blame,Ευθύνη/χρέωση: Για την ακρίβεια,education_group,low_education,Αλέξης Τσίπρας,16.9496,2022,Q4,low
,leader_accountability_blame,Ευθύνη/χρέωση: Για την ακρίβεια,education_group,low_education,Κυριάκος Μητσοτάκης,49.2863,2022,Q4,low
,leader_accountability_blame,Ευθύνη/χρέωση: Για την ανεργία,education_group,low_education,none,43.8539,2022,Q4,low
,leader_accountability_blame,Ευθύνη/χρέωση: Για την ανεργία,education_group,low_education,Αλέξης Τσίπρας,20.2455,2022,Q4,low
,leader_accountability_blame,Ευθύνη/χρέωση: Για την ανεργία,education_group,low_education,Κυριάκος Μητσοτάκης,35.9006,2022,Q4,low
,leader_accountability_blame,Ευθύνη/χρέωση: Για την εγκληματικότητα,education_group,low_education,none,35.039,2022,Q4,low
,leader_accountability_blame,Ευθύνη/χρέωση: Για την εγκληματικότητα,education_group,low_education,Αλέξης Τσίπρας,37.9767,2022,Q4,low
,leader_accountability_blame,Ευθύνη/χρέωση: Για την εγκληματικότητα,education_group,low_education,Κυριάκος Μητσοτάκης,26.9843,2022,Q4,low
,leader_accountability_blame,Ευθύνη/χρέωση: Για την κατάσταση στα μέσα ενημέρωσης,education_group,low_education,none,34.3124,2022,Q4,low
,leader_accountability_blame,Ευθύνη/χρέωση: Για την κατάσταση στα μέσα ενημέρωσης,education_group,low_education,Αλέξης Τσίπρας,13.7824,2022,Q4,low
,leader_accountability_blame,Ευθύνη/χρέωση: Για την κατάσταση στα μέσα ενημέρωσης,education_group,low_education,Κυριάκος Μητσοτάκης,51.9051,2022,Q4,low
,leader_accountability_blame,Ευθύνη/χρέωση: Για τις υποκλοπές,education_group,low_education,none,36.9608,2022,Q4,low
,leader_accountability_blame,Ευθύνη/χρέωση: Για τις υποκλοπές,education_group,low_education,Αλέξης Τσίπρας,13.5874,2022,Q4,low
,leader_accountability_blame,Ευθύνη/χρέωση: Για τις υποκλοπές,education_group,low_education,Κυριάκος Μητσοτάκης,49.4518,2022,Q4,low
,leader_accountability_blame,Ευθύνη/χρέωση: Για τους πλειστηριασμούς πρώτης κατοικίας,education_group,low_education,none,18.7237,2022,Q4,low
,leader_accountability_blame,Ευθύνη/χρέωση: Για τους πλειστηριασμούς πρώτης κατοικίας,education_group,low_education,Αλέξης Τσίπρας,35.5466,2022,Q4,low
,leader_accountability_blame,Ευθύνη/χρέωση: Για τους πλειστηριασμούς πρώτης κατοικίας,education_group,low_education,Κυριάκος Μητσοτάκης,45.7298,2022,Q4,low
,leader_accountability_blame,Ευθύνη/χρέωση: Για τους χαμηλούς μισθούς/συντάξεις,education_group,low_education,none,20.4062,2022,Q4,low
,leader_accountability_blame,Ευθύνη/χρέωση: Για τους χαμηλούς μισθούς/συντάξεις,education_group,low_education,Αλέξης Τσίπρας,40.9019,2022,Q4,low
,leader_accountability_blame,Ευθύνη/χρέωση: Για τους χαμηλούς μισθούς/συντάξεις,education_group,low_education,Κυριάκος Μητσοτάκης,38.692,2022,Q4,low
,leader_trait,Ασυμβίβαστος με τα συμφέροντα,education_group,low_education,Αλέξης Τσίπρας,46.0974,2022,Q4,low
,leader_trait,Ασυμβίβαστος με τα συμφέροντα,education_group,low_education,Κυριάκος Μητσοτάκης,53.9026,2022,Q4,low
,leader_trait,Εκφράζει το μεσαίο χώρο,education_group,low_education,Αλέξης Τσίπρας,48.8364,2022,Q4,low
,leader_trait,Εκφράζει το μεσαίο χώρο,education_group,low_education,Κυριάκος Μητσοτάκης,51.1636,2022,Q4,low
,leader_trait,Κοντά στους πολίτες,education_group,low_education,Αλέξης Τσίπρας,43.7016,2022,Q4,low
,leader_trait,Κοντά στους πολίτες,education_group,low_education,Κυριάκος Μητσοτάκης,56.2984,2022,Q4,low
,leader_trait,Αξιόπιστος,education_group,low_education,Αλέξης Τσίπρας,38.8921,2022,Q4,low
,leader_trait,Αξιόπιστος,education_group,low_education,Κυριάκος Μητσοτάκης,61.1079,2022,Q4,low
,leader_trait,Σέβεται τις δημοκρατικές αρχές,education_group,low_education,Αλέξης Τσίπρας,33.9765,2022,Q4,low
,leader_trait,Σέβεται τις δημοκρατικές αρχές,education_group,low_education,Κυριάκος Μητσοτάκης,66.0235,2022,Q4,low
,leader_trait,Ικανός στη διαχείριση της οικονομίας,education_group,low_education,Αλέξης Τσίπρας,30.8646,2022,Q4,low
,leader_trait,Ικανός στη διαχείριση της οικονομίας,education_group,low_education,Κυριάκος Μητσοτάκης,69.1354,2022,Q4,low
,leader_trait,Αποτελεσματικός,education_group,low_education,Αλέξης Τσίπρας,38.8489,2022,Q4,low
,leader_trait,Αποτελεσματικός,education_group,low_education,Κυριάκος Μητσοτάκης,61.1511,2022,Q4,low
,leader_trait,Ακέραιος με το δημόσιο χρήμα,education_group,low_education,Αλέξης Τσίπρας,43.2897,2022,Q4,low
,leader_trait,Ακέραιος με το δημόσιο χρήμα,education_group,low_education,Κυριάκος Μητσοτάκης,56.7103,2022,Q4,low
,leader_trait,Έχει ηγετικά προσόντα,education_group,low_education,Αλέξης Τσίπρας,36.2103,2022,Q4,low
,leader_trait,Έχει ηγετικά προσόντα,education_group,low_education,Κυριάκος Μητσοτάκης,63.7897,2022,Q4,low
,leader_trait,Επιλέγει καλύτερους συνεργάτες,education_group,low_education,Αλέξης Τσίπρας,29.7456,2022,Q4,low
,leader_trait,Επιλέγει καλύτερους συνεργάτες,education_group,low_education,Κυριάκος Μητσοτάκης,70.2544,2022,Q4,low
,leader_choice_dilemma,Δίλημμα Μητσοτάκης ή Τσίπρας,education_group,low_education,none,41.921,2022,Q4,low
,leader_choice_dilemma,Δίλημμα Μητσοτάκης ή Τσίπρας,education_group,low_education,Αλέξης Τσίπρας,16.1273,2022,Q4,low
,leader_choice_dilemma,Δίλημμα Μητσοτάκης ή Τσίπρας,education_group,low_education,Κυριάκος Μητσοτάκης,41.9517,2022,Q4,low
,suitable_pm,Καταλληλότερος για πρωθυπουργός,education_group,low_education,none,33.3142,2022,Q4,low
,suitable_pm,Καταλληλότερος για πρωθυπουργός,education_group,low_education,Αλέξης Τσίπρας,20.3032,2022,Q4,low
,suitable_pm,Καταλληλότερος για πρωθυπουργός,education_group,low_education,Κυριάκος Μητσοτάκης,46.3826,2022,Q4,low
,leader_performance_compare,Σύγκριση πρωθυπουργικής επίδοσης,education_group,medium_education,none,35.4838,2022,Q4,high
,leader_performance_compare,Σύγκριση πρωθυπουργικής επίδοσης,education_group,medium_education,Αλέξης Τσίπρας,21.4086,2022,Q4,high
,leader_performance_compare,Σύγκριση πρωθυπουργικής επίδοσης,education_group,medium_education,Κυριάκος Μητσοτάκης,43.1076,2022,Q4,high
,leader_accountability_blame,Ευθύνη/χρέωση: Για τη διαφθορά,education_group,medium_education,none,20.4948,2022,Q4,high
,leader_accountability_blame,Ευθύνη/χρέωση: Για τη διαφθορά,education_group,medium_education,Αλέξης Τσίπρας,24.3036,2022,Q4,high
,leader_accountability_blame,Ευθύνη/χρέωση: Για τη διαφθορά,education_group,medium_education,Κυριάκος Μητσοτάκης,55.2016,2022,Q4,high
,leader_accountability_blame,Ευθύνη/χρέωση: Για την ακρίβεια,education_group,medium_education,none,27.3735,2022,Q4,high
,leader_accountability_blame,Ευθύνη/χρέωση: Για την ακρίβεια,education_group,medium_education,Αλέξης Τσίπρας,13.5607,2022,Q4,high
,leader_accountability_blame,Ευθύνη/χρέωση: Για την ακρίβεια,education_group,medium_education,Κυριάκος Μητσοτάκης,59.0657,2022,Q4,high
,leader_accountability_blame,Ευθύνη/χρέωση: Για την ανεργία,education_group,medium_education,none,29.9615,2022,Q4,high
,leader_accountability_blame,Ευθύνη/χρέωση: Για την ανεργία,education_group,medium_education,Αλέξης Τσίπρας,26.3533,2022,Q4,high
,leader_accountability_blame,Ευθύνη/χρέωση: Για την ανεργία,education_group,medium_education,Κυριάκος Μητσοτάκης,43.6852,2022,Q4,high
,leader_accountability_blame,Ευθύνη/χρέωση: Για την εγκληματικότητα,education_group,medium_education,none,26.0084,2022,Q4,high
,leader_accountability_blame,Ευθύνη/χρέωση: Για την εγκληματικότητα,education_group,medium_education,Αλέξης Τσίπρας,34.16,2022,Q4,high
,leader_accountability_blame,Ευθύνη/χρέωση: Για την εγκληματικότητα,education_group,medium_education,Κυριάκος Μητσοτάκης,39.8316,2022,Q4,high
,leader_accountability_blame,Ευθύνη/χρέωση: Για την κατάσταση στα μέσα ενημέρωσης,education_group,medium_education,none,20.6133,2022,Q4,high
,leader_accountability_blame,Ευθύνη/χρέωση: Για την κατάσταση στα μέσα ενημέρωσης,education_group,medium_education,Αλέξης Τσίπρας,15.7574,2022,Q4,high
,leader_accountability_blame,Ευθύνη/χρέωση: Για την κατάσταση στα μέσα ενημέρωσης,education_group,medium_education,Κυριάκος Μητσοτάκης,63.6293,2022,Q4,high
,leader_accountability_blame,Ευθύνη/χρέωση: Για τις υποκλοπές,education_group,medium_education,none,18.2806,2022,Q4,high
,leader_accountability_blame,Ευθύνη/χρέωση: Για τις υποκλοπές,education_group,medium_education,Αλέξης Τσίπρας,12.3011,2022,Q4,high
,leader_accountability_blame,Ευθύνη/χρέωση: Για τις υποκλοπές,education_group,medium_education,Κυριάκος Μητσοτάκης,69.4183,2022,Q4,high
,leader_accountability_blame,Ευθύνη/χρέωση: Για τους πλειστηριασμούς πρώτης κατοικίας,education_group,medium_education,none,17.3188,2022,Q4,high
,leader_accountability_blame,Ευθύνη/χρέωση: Για τους πλειστηριασμούς πρώτης κατοικίας,education_group,medium_education,Αλέξης Τσίπρας,37.588,2022,Q4,high
,leader_accountability_blame,Ευθύνη/χρέωση: Για τους πλειστηριασμούς πρώτης κατοικίας,education_group,medium_education,Κυριάκος Μητσοτάκης,45.0931,2022,Q4,high
,leader_accountability_blame,Ευθύνη/χρέωση: Για τους χαμηλούς μισθούς/συντάξεις,education_group,medium_education,none,17.0248,2022,Q4,high
,leader_accountability_blame,Ευθύνη/χρέωση: Για τους χαμηλούς μισθούς/συντάξεις,education_group,medium_education,Αλέξης Τσίπρας,37.276,2022,Q4,high
,leader_accountability_blame,Ευθύνη/χρέωση: Για τους χαμηλούς μισθούς/συντάξεις,education_group,medium_education,Κυριάκος Μητσοτάκης,45.6991,2022,Q4,high
,leader_trait,Ασυμβίβαστος με τα συμφέροντα,education_group,medium_education,Αλέξης Τσίπρας,55.0944,2022,Q4,high
,leader_trait,Ασυμβίβαστος με τα συμφέροντα,education_group,medium_education,Κυριάκος Μητσοτάκης,44.9056,2022,Q4,high
,leader_trait,Εκφράζει το μεσαίο χώρο,education_group,medium_education,Αλέξης Τσίπρας,54.0511,2022,Q4,high
,leader_trait,Εκφράζει το μεσαίο χώρο,education_group,medium_education,Κυριάκος Μητσοτάκης,45.9489,2022,Q4,high
,leader_trait,Κοντά στους πολίτες,education_group,medium_education,Αλέξης Τσίπρας,51.2718,2022,Q4,high
,leader_trait,Κοντά στους πολίτες,education_group,medium_education,Κυριάκος Μητσοτάκης,48.7282,2022,Q4,high
,leader_trait,Αξιόπιστος,education_group,medium_education,Αλέξης Τσίπρας,39.0693,2022,Q4,high
,leader_trait,Αξιόπιστος,education_group,medium_education,Κυριάκος Μητσοτάκης,60.9307,2022,Q4,high
,leader_trait,Σέβεται τις δημοκρατικές αρχές,education_group,medium_education,Αλέξης Τσίπρας,47.1743,2022,Q4,high
,leader_trait,Σέβεται τις δημοκρατικές αρχές,education_group,medium_education,Κυριάκος Μητσοτάκης,52.8257,2022,Q4,high
,leader_trait,Ικανός στη διαχείριση της οικονομίας,education_group,medium_education,Αλέξης Τσίπρας,32.8048,2022,Q4,high
,leader_trait,Ικανός στη διαχείριση της οικονομίας,education_group,medium_education,Κυριάκος Μητσοτάκης,67.1952,2022,Q4,high
,leader_trait,Αποτελεσματικός,education_group,medium_education,Αλέξης Τσίπρας,31.8095,2022,Q4,high
,leader_trait,Αποτελεσματικός,education_group,medium_education,Κυριάκος Μητσοτάκης,68.1905,2022,Q4,high
,leader_trait,Ακέραιος με το δημόσιο χρήμα,education_group,medium_education,Αλέξης Τσίπρας,54.5349,2022,Q4,high
,leader_trait,Ακέραιος με το δημόσιο χρήμα,education_group,medium_education,Κυριάκος Μητσοτάκης,45.4651,2022,Q4,high
,leader_trait,Έχει ηγετικά προσόντα,education_group,medium_education,Αλέξης Τσίπρας,35.0409,2022,Q4,high
,leader_trait,Έχει ηγετικά προσόντα,education_group,medium_education,Κυριάκος Μητσοτάκης,64.9591,2022,Q4,high
,leader_trait,Επιλέγει καλύτερους συνεργάτες,education_group,medium_education,Αλέξης Τσίπρας,35.1196,2022,Q4,high
,leader_trait,Επιλέγει καλύτερους συνεργάτες,education_group,medium_education,Κυριάκος Μητσοτάκης,64.8804,2022,Q4,high
,leader_choice_dilemma,Δίλημμα Μητσοτάκης ή Τσίπρας,education_group,medium_education,none,44.148,2022,Q4,high
,leader_choice_dilemma,Δίλημμα Μητσοτάκης ή Τσίπρας,education_group,medium_education,Αλέξης Τσίπρας,20.8608,2022,Q4,high
,leader_choice_dilemma,Δίλημμα Μητσοτάκης ή Τσίπρας,education_group,medium_education,Κυριάκος Μητσοτάκης,34.9912,2022,Q4,high
,suitable_pm,Καταλληλότερος για πρωθυπουργός,education_group,medium_education,none,35.275,2022,Q4,high
,suitable_pm,Καταλληλότερος για πρωθυπουργός,education_group,medium_education,Αλέξης Τσίπρας,22.0571,2022,Q4,high
,suitable_pm,Καταλληλότερος για πρωθυπουργός,education_group,medium_education,Κυριάκος Μητσοτάκης,42.6678,2022,Q4,high
,leader_performance_compare,Σύγκριση πρωθυπουργικής επίδοσης,education_group,Δεν γνωρίζω/Δεν απαντώ,none,44.5168,2022,Q4,low
,leader_performance_compare,Σύγκριση πρωθυπουργικής επίδοσης,education_group,Δεν γνωρίζω/Δεν απαντώ,Αλέξης Τσίπρας,11.4496,2022,Q4,low
,leader_performance_compare,Σύγκριση πρωθυπουργικής επίδοσης,education_group,Δεν γνωρίζω/Δεν απαντώ,Κυριάκος Μητσοτάκης,44.0336,2022,Q4,low
,leader_accountability_blame,Ευθύνη/χρέωση: Για τη διαφθορά,education_group,Δεν γνωρίζω/Δεν απαντώ,none,37.1,2022,Q4,low
,leader_accountability_blame,Ευθύνη/χρέωση: Για τη διαφθορά,education_group,Δεν γνωρίζω/Δεν απαντώ,Αλέξης Τσίπρας,18.9801,2022,Q4,low
,leader_accountability_blame,Ευθύνη/χρέωση: Για τη διαφθορά,education_group,Δεν γνωρίζω/Δεν απαντώ,Κυριάκος Μητσοτάκης,43.9199,2022,Q4,low
,leader_accountability_blame,Ευθύνη/χρέωση: Για την ακρίβεια,education_group,Δεν γνωρίζω/Δεν απαντώ,none,43.8739,2022,Q4,low
,leader_accountability_blame,Ευθύνη/χρέωση: Για την ακρίβεια,education_group,Δεν γνωρίζω/Δεν απαντώ,Αλέξης Τσίπρας,7.6743,2022,Q4,low
,leader_accountability_blame,Ευθύνη/χρέωση: Για την ακρίβεια,education_group,Δεν γνωρίζω/Δεν απαντώ,Κυριάκος Μητσοτάκης,48.4518,2022,Q4,low
,leader_accountability_blame,Ευθύνη/χρέωση: Για την ανεργία,education_group,Δεν γνωρίζω/Δεν απαντώ,none,34.2988,2022,Q4,low
,leader_accountability_blame,Ευθύνη/χρέωση: Για την ανεργία,education_group,Δεν γνωρίζω/Δεν απαντώ,Αλέξης Τσίπρας,39.08,2022,Q4,low
,leader_accountability_blame,Ευθύνη/χρέωση: Για την ανεργία,education_group,Δεν γνωρίζω/Δεν απαντώ,Κυριάκος Μητσοτάκης,26.6212,2022,Q4,low
,leader_accountability_blame,Ευθύνη/χρέωση: Για την εγκληματικότητα,education_group,Δεν γνωρίζω/Δεν απαντώ,none,39.1377,2022,Q4,low
,leader_accountability_blame,Ευθύνη/χρέωση: Για την εγκληματικότητα,education_group,Δεν γνωρίζω/Δεν απαντώ,Αλέξης Τσίπρας,24.3535,2022,Q4,low
,leader_accountability_blame,Ευθύνη/χρέωση: Για την εγκληματικότητα,education_group,Δεν γνωρίζω/Δεν απαντώ,Κυριάκος Μητσοτάκης,36.5088,2022,Q4,low
,leader_accountability_blame,Ευθύνη/χρέωση: Για την κατάσταση στα μέσα ενημέρωσης,education_group,Δεν γνωρίζω/Δεν απαντώ,none,42.5632,2022,Q4,low
,leader_accountability_blame,Ευθύνη/χρέωση: Για την κατάσταση στα μέσα ενημέρωσης,education_group,Δεν γνωρίζω/Δεν απαντώ,Αλέξης Τσίπρας,12.9409,2022,Q4,low
,leader_accountability_blame,Ευθύνη/χρέωση: Για την κατάσταση στα μέσα ενημέρωσης,education_group,Δεν γνωρίζω/Δεν απαντώ,Κυριάκος Μητσοτάκης,44.4959,2022,Q4,low
,leader_accountability_blame,Ευθύνη/χρέωση: Για τις υποκλοπές,education_group,Δεν γνωρίζω/Δεν απαντώ,none,35.7632,2022,Q4,low
,leader_accountability_blame,Ευθύνη/χρέωση: Για τις υποκλοπές,education_group,Δεν γνωρίζω/Δεν απαντώ,Αλέξης Τσίπρας,5.0885,2022,Q4,low
,leader_accountability_blame,Ευθύνη/χρέωση: Για τις υποκλοπές,education_group,Δεν γνωρίζω/Δεν απαντώ,Κυριάκος Μητσοτάκης,59.1483,2022,Q4,low
,leader_accountability_blame,Ευθύνη/χρέωση: Για τους πλειστηριασμούς πρώτης κατοικίας,education_group,Δεν γνωρίζω/Δεν απαντώ,none,25.704,2022,Q4,low
,leader_accountability_blame,Ευθύνη/χρέωση: Για τους πλειστηριασμούς πρώτης κατοικίας,education_group,Δεν γνωρίζω/Δεν απαντώ,Αλέξης Τσίπρας,10.8985,2022,Q4,low
,leader_accountability_blame,Ευθύνη/χρέωση: Για τους πλειστηριασμούς πρώτης κατοικίας,education_group,Δεν γνωρίζω/Δεν απαντώ,Κυριάκος Μητσοτάκης,63.3975,2022,Q4,low
,leader_accountability_blame,Ευθύνη/χρέωση: Για τους χαμηλούς μισθούς/συντάξεις,education_group,Δεν γνωρίζω/Δεν απαντώ,none,1.8229,2022,Q4,low
,leader_accountability_blame,Ευθύνη/χρέωση: Για τους χαμηλούς μισθούς/συντάξεις,education_group,Δεν γνωρίζω/Δεν απαντώ,Αλέξης Τσίπρας,55.4801,2022,Q4,low
,leader_accountability_blame,Ευθύνη/χρέωση: Για τους χαμηλούς μισθούς/συντάξεις,education_group,Δεν γνωρίζω/Δεν απαντώ,Κυριάκος Μητσοτάκης,42.697,2022,Q4,low
,leader_trait,Ασυμβίβαστος με τα συμφέροντα,education_group,Δεν γνωρίζω/Δεν απαντώ,Αλέξης Τσίπρας,37.5501,2022,Q4,low
,leader_trait,Ασυμβίβαστος με τα συμφέροντα,education_group,Δεν γνωρίζω/Δεν απαντώ,Κυριάκος Μητσοτάκης,62.4499,2022,Q4,low
,leader_trait,Εκφράζει το μεσαίο χώρο,education_group,Δεν γνωρίζω/Δεν απαντώ,Αλέξης Τσίπρας,60.2894,2022,Q4,low
,leader_trait,Εκφράζει το μεσαίο χώρο,education_group,Δεν γνωρίζω/Δεν απαντώ,Κυριάκος Μητσοτάκης,39.7106,2022,Q4,low
,leader_trait,Κοντά στους πολίτες,education_group,Δεν γνωρίζω/Δεν απαντώ,Αλέξης Τσίπρας,47.8613,2022,Q4,low
,leader_trait,Κοντά στους πολίτες,education_group,Δεν γνωρίζω/Δεν απαντώ,Κυριάκος Μητσοτάκης,52.1387,2022,Q4,low
,leader_trait,Αξιόπιστος,education_group,Δεν γνωρίζω/Δεν απαντώ,Αλέξης Τσίπρας,33.6557,2022,Q4,low
,leader_trait,Αξιόπιστος,education_group,Δεν γνωρίζω/Δεν απαντώ,Κυριάκος Μητσοτάκης,66.3443,2022,Q4,low
,leader_trait,Σέβεται τις δημοκρατικές αρχές,education_group,Δεν γνωρίζω/Δεν απαντώ,Αλέξης Τσίπρας,33.0456,2022,Q4,low
,leader_trait,Σέβεται τις δημοκρατικές αρχές,education_group,Δεν γνωρίζω/Δεν απαντώ,Κυριάκος Μητσοτάκης,66.9544,2022,Q4,low
,leader_trait,Ικανός στη διαχείριση της οικονομίας,education_group,Δεν γνωρίζω/Δεν απαντώ,Αλέξης Τσίπρας,27.1096,2022,Q4,low
,leader_trait,Ικανός στη διαχείριση της οικονομίας,education_group,Δεν γνωρίζω/Δεν απαντώ,Κυριάκος Μητσοτάκης,72.8904,2022,Q4,low
,leader_trait,Αποτελεσματικός,education_group,Δεν γνωρίζω/Δεν απαντώ,Αλέξης Τσίπρας,39.0612,2022,Q4,low
,leader_trait,Αποτελεσματικός,education_group,Δεν γνωρίζω/Δεν απαντώ,Κυριάκος Μητσοτάκης,60.9388,2022,Q4,low
,leader_trait,Ακέραιος με το δημόσιο χρήμα,education_group,Δεν γνωρίζω/Δεν απαντώ,Αλέξης Τσίπρας,65.7676,2022,Q4,low
,leader_trait,Ακέραιος με το δημόσιο χρήμα,education_group,Δεν γνωρίζω/Δεν απαντώ,Κυριάκος Μητσοτάκης,34.2324,2022,Q4,low
,leader_trait,Έχει ηγετικά προσόντα,education_group,Δεν γνωρίζω/Δεν απαντώ,Αλέξης Τσίπρας,23.0011,2022,Q4,low
,leader_trait,Έχει ηγετικά προσόντα,education_group,Δεν γνωρίζω/Δεν απαντώ,Κυριάκος Μητσοτάκης,76.9989,2022,Q4,low
,leader_trait,Επιλέγει καλύτερους συνεργάτες,education_group,Δεν γνωρίζω/Δεν απαντώ,Αλέξης Τσίπρας,45.7225,2022,Q4,low
,leader_trait,Επιλέγει καλύτερους συνεργάτες,education_group,Δεν γνωρίζω/Δεν απαντώ,Κυριάκος Μητσοτάκης,54.2775,2022,Q4,low
,leader_choice_dilemma,Δίλημμα Μητσοτάκης ή Τσίπρας,education_group,Δεν γνωρίζω/Δεν απαντώ,none,62.8392,2022,Q4,low
,leader_choice_dilemma,Δίλημμα Μητσοτάκης ή Τσίπρας,education_group,Δεν γνωρίζω/Δεν απαντώ,Αλέξης Τσίπρας,10.0063,2022,Q4,low
,leader_choice_dilemma,Δίλημμα Μητσοτάκης ή Τσίπρας,education_group,Δεν γνωρίζω/Δεν απαντώ,Κυριάκος Μητσοτάκης,27.1545,2022,Q4,low
,suitable_pm,Καταλληλότερος για πρωθυπουργός,education_group,Δεν γνωρίζω/Δεν απαντώ,none,47.6622,2022,Q4,low
,suitable_pm,Καταλληλότερος για πρωθυπουργός,education_group,Δεν γνωρίζω/Δεν απαντώ,Αλέξης Τσίπρας,12.4724,2022,Q4,low
,suitable_pm,Καταλληλότερος για πρωθυπουργός,education_group,Δεν γνωρίζω/Δεν απαντώ,Κυριάκος Μητσοτάκης,39.8654,2022,Q4,low
,leader_performance_compare,Σύγκριση πρωθυπουργικής επίδοσης,occupation_group,homemaker,none,43.3752,2022,Q4,low
,leader_performance_compare,Σύγκριση πρωθυπουργικής επίδοσης,occupation_group,homemaker,Αλέξης Τσίπρας,25.0401,2022,Q4,low
,leader_performance_compare,Σύγκριση πρωθυπουργικής επίδοσης,occupation_group,homemaker,Κυριάκος Μητσοτάκης,31.5846,2022,Q4,low
,leader_accountability_blame,Ευθύνη/χρέωση: Για τη διαφθορά,occupation_group,homemaker,none,17.8782,2022,Q4,low
,leader_accountability_blame,Ευθύνη/χρέωση: Για τη διαφθορά,occupation_group,homemaker,Αλέξης Τσίπρας,46.358,2022,Q4,low
,leader_accountability_blame,Ευθύνη/χρέωση: Για τη διαφθορά,occupation_group,homemaker,Κυριάκος Μητσοτάκης,35.7638,2022,Q4,low
,leader_accountability_blame,Ευθύνη/χρέωση: Για την ακρίβεια,occupation_group,homemaker,none,21.5382,2022,Q4,low
,leader_accountability_blame,Ευθύνη/χρέωση: Για την ακρίβεια,occupation_group,homemaker,Αλέξης Τσίπρας,17.8849,2022,Q4,low
,leader_accountability_blame,Ευθύνη/χρέωση: Για την ακρίβεια,occupation_group,homemaker,Κυριάκος Μητσοτάκης,60.5769,2022,Q4,low
,leader_accountability_blame,Ευθύνη/χρέωση: Για την ανεργία,occupation_group,homemaker,none,21.7689,2022,Q4,low
,leader_accountability_blame,Ευθύνη/χρέωση: Για την ανεργία,occupation_group,homemaker,Αλέξης Τσίπρας,34.3113,2022,Q4,low
,leader_accountability_blame,Ευθύνη/χρέωση: Για την ανεργία,occupation_group,homemaker,Κυριάκος Μητσοτάκης,43.9198,2022,Q4,low
,leader_accountability_blame,Ευθύνη/χρέωση: Για την εγκληματικότητα,occupation_group,homemaker,none,22.5231,2022,Q4,low
,leader_accountability_blame,Ευθύνη/χρέωση: Για την εγκληματικότητα,occupation_group,homemaker,Αλέξης Τσίπρας,47.0917,2022,Q4,low
,leader_accountability_blame,Ευθύνη/χρέωση: Για την εγκληματικότητα,occupation_group,homemaker,Κυριάκος Μητσοτάκης,30.3851,2022,Q4,low
,leader_accountability_blame,Ευθύνη/χρέωση: Για την κατάσταση στα μέσα ενημέρωσης,occupation_group,homemaker,none,15.6154,2022,Q4,low
,leader_accountability_blame,Ευθύνη/χρέωση: Για την κατάσταση στα μέσα ενημέρωσης,occupation_group,homemaker,Αλέξης Τσίπρας,25.5574,2022,Q4,low
,leader_accountability_blame,Ευθύνη/χρέωση: Για την κατάσταση στα μέσα ενημέρωσης,occupation_group,homemaker,Κυριάκος Μητσοτάκης,58.8272,2022,Q4,low
,leader_accountability_blame,Ευθύνη/χρέωση: Για τις υποκλοπές,occupation_group,homemaker,none,22.5216,2022,Q4,low
,leader_accountability_blame,Ευθύνη/χρέωση: Για τις υποκλοπές,occupation_group,homemaker,Αλέξης Τσίπρας,12.5361,2022,Q4,low
,leader_accountability_blame,Ευθύνη/χρέωση: Για τις υποκλοπές,occupation_group,homemaker,Κυριάκος Μητσοτάκης,64.9423,2022,Q4,low
,leader_accountability_blame,Ευθύνη/χρέωση: Για τους πλειστηριασμούς πρώτης κατοικίας,occupation_group,homemaker,none,15.8438,2022,Q4,low
,leader_accountability_blame,Ευθύνη/χρέωση: Για τους πλειστηριασμούς πρώτης κατοικίας,occupation_group,homemaker,Αλέξης Τσίπρας,40.0731,2022,Q4,low
,leader_accountability_blame,Ευθύνη/χρέωση: Για τους πλειστηριασμούς πρώτης κατοικίας,occupation_group,homemaker,Κυριάκος Μητσοτάκης,44.0831,2022,Q4,low
,leader_accountability_blame,Ευθύνη/χρέωση: Για τους χαμηλούς μισθούς/συντάξεις,occupation_group,homemaker,none,9.1966,2022,Q4,low
,leader_accountability_blame,Ευθύνη/χρέωση: Για τους χαμηλούς μισθούς/συντάξεις,occupation_group,homemaker,Αλέξης Τσίπρας,39.8563,2022,Q4,low
,leader_accountability_blame,Ευθύνη/χρέωση: Για τους χαμηλούς μισθούς/συντάξεις,occupation_group,homemaker,Κυριάκος Μητσοτάκης,50.947,2022,Q4,low
,leader_trait,Ασυμβίβαστος με τα συμφέροντα,occupation_group,homemaker,Αλέξης Τσίπρας,50.5444,2022,Q4,low
,leader_trait,Ασυμβίβαστος με τα συμφέροντα,occupation_group,homemaker,Κυριάκος Μητσοτάκης,49.4556,2022,Q4,low
,leader_trait,Εκφράζει το μεσαίο χώρο,occupation_group,homemaker,Αλέξης Τσίπρας,60.0936,2022,Q4,low
,leader_trait,Εκφράζει το μεσαίο χώρο,occupation_group,homemaker,Κυριάκος Μητσοτάκης,39.9064,2022,Q4,low
,leader_trait,Κοντά στους πολίτες,occupation_group,homemaker,Αλέξης Τσίπρας,53.1664,2022,Q4,low
,leader_trait,Κοντά στους πολίτες,occupation_group,homemaker,Κυριάκος Μητσοτάκης,46.8336,2022,Q4,low
,leader_trait,Αξιόπιστος,occupation_group,homemaker,Αλέξης Τσίπρας,43.7498,2022,Q4,low
,leader_trait,Αξιόπιστος,occupation_group,homemaker,Κυριάκος Μητσοτάκης,56.2502,2022,Q4,low
,leader_trait,Σέβεται τις δημοκρατικές αρχές,occupation_group,homemaker,Αλέξης Τσίπρας,44.4989,2022,Q4,low
,leader_trait,Σέβεται τις δημοκρατικές αρχές,occupation_group,homemaker,Κυριάκος Μητσοτάκης,55.5011,2022,Q4,low
,leader_trait,Ικανός στη διαχείριση της οικονομίας,occupation_group,homemaker,Αλέξης Τσίπρας,36.9954,2022,Q4,low
,leader_trait,Ικανός στη διαχείριση της οικονομίας,occupation_group,homemaker,Κυριάκος Μητσοτάκης,63.0046,2022,Q4,low
,leader_trait,Αποτελεσματικός,occupation_group,homemaker,Αλέξης Τσίπρας,40.732,2022,Q4,low
,leader_trait,Αποτελεσματικός,occupation_group,homemaker,Κυριάκος Μητσοτάκης,59.268,2022,Q4,low
,leader_trait,Ακέραιος με το δημόσιο χρήμα,occupation_group,homemaker,Αλέξης Τσίπρας,44.4952,2022,Q4,low
,leader_trait,Ακέραιος με το δημόσιο χρήμα,occupation_group,homemaker,Κυριάκος Μητσοτάκης,55.5048,2022,Q4,low
,leader_trait,Έχει ηγετικά προσόντα,occupation_group,homemaker,Αλέξης Τσίπρας,38.0175,2022,Q4,low
,leader_trait,Έχει ηγετικά προσόντα,occupation_group,homemaker,Κυριάκος Μητσοτάκης,61.9825,2022,Q4,low
,leader_trait,Επιλέγει καλύτερους συνεργάτες,occupation_group,homemaker,Αλέξης Τσίπρας,29.4,2022,Q4,low
,leader_trait,Επιλέγει καλύτερους συνεργάτες,occupation_group,homemaker,Κυριάκος Μητσοτάκης,70.6,2022,Q4,low
,leader_choice_dilemma,Δίλημμα Μητσοτάκης ή Τσίπρας,occupation_group,homemaker,none,43.1177,2022,Q4,low
,leader_choice_dilemma,Δίλημμα Μητσοτάκης ή Τσίπρας,occupation_group,homemaker,Αλέξης Τσίπρας,23.5342,2022,Q4,low
,leader_choice_dilemma,Δίλημμα Μητσοτάκης ή Τσίπρας,occupation_group,homemaker,Κυριάκος Μητσοτάκης,33.3481,2022,Q4,low
,suitable_pm,Καταλληλότερος για πρωθυπουργός,occupation_group,homemaker,none,41.6495,2022,Q4,low
,suitable_pm,Καταλληλότερος για πρωθυπουργός,occupation_group,homemaker,Αλέξης Τσίπρας,20.4695,2022,Q4,low
,suitable_pm,Καταλληλότερος για πρωθυπουργός,occupation_group,homemaker,Κυριάκος Μητσοτάκης,37.8811,2022,Q4,low
,leader_performance_compare,Σύγκριση πρωθυπουργικής επίδοσης,occupation_group,private_sector,none,36.079,2022,Q4,high
,leader_performance_compare,Σύγκριση πρωθυπουργικής επίδοσης,occupation_group,private_sector,Αλέξης Τσίπρας,27.5678,2022,Q4,high
,leader_performance_compare,Σύγκριση πρωθυπουργικής επίδοσης,occupation_group,private_sector,Κυριάκος Μητσοτάκης,36.3532,2022,Q4,high
,leader_accountability_blame,Ευθύνη/χρέωση: Για τη διαφθορά,occupation_group,private_sector,none,19.3611,2022,Q4,high
,leader_accountability_blame,Ευθύνη/χρέωση: Για τη διαφθορά,occupation_group,private_sector,Αλέξης Τσίπρας,15.5033,2022,Q4,high
,leader_accountability_blame,Ευθύνη/χρέωση: Για τη διαφθορά,occupation_group,private_sector,Κυριάκος Μητσοτάκης,65.1356,2022,Q4,high
,leader_accountability_blame,Ευθύνη/χρέωση: Για την ακρίβεια,occupation_group,private_sector,none,26.7966,2022,Q4,high
,leader_accountability_blame,Ευθύνη/χρέωση: Για την ακρίβεια,occupation_group,private_sector,Αλέξης Τσίπρας,7.7414,2022,Q4,high
,leader_accountability_blame,Ευθύνη/χρέωση: Για την ακρίβεια,occupation_group,private_sector,Κυριάκος Μητσοτάκης,65.462,2022,Q4,high
,leader_accountability_blame,Ευθύνη/χρέωση: Για την ανεργία,occupation_group,private_sector,none,30.0941,2022,Q4,high
,leader_accountability_blame,Ευθύνη/χρέωση: Για την ανεργία,occupation_group,private_sector,Αλέξης Τσίπρας,19.9983,2022,Q4,high
,leader_accountability_blame,Ευθύνη/χρέωση: Για την ανεργία,occupation_group,private_sector,Κυριάκος Μητσοτάκης,49.9075,2022,Q4,high
,leader_accountability_blame,Ευθύνη/χρέωση: Για την εγκληματικότητα,occupation_group,private_sector,none,27.4825,2022,Q4,high
,leader_accountability_blame,Ευθύνη/χρέωση: Για την εγκληματικότητα,occupation_group,private_sector,Αλέξης Τσίπρας,25.4126,2022,Q4,high
,leader_accountability_blame,Ευθύνη/χρέωση: Για την εγκληματικότητα,occupation_group,private_sector,Κυριάκος Μητσοτάκης,47.1049,2022,Q4,high
,leader_accountability_blame,Ευθύνη/χρέωση: Για την κατάσταση στα μέσα ενημέρωσης,occupation_group,private_sector,none,15.7049,2022,Q4,high
,leader_accountability_blame,Ευθύνη/χρέωση: Για την κατάσταση στα μέσα ενημέρωσης,occupation_group,private_sector,Αλέξης Τσίπρας,12.6618,2022,Q4,high
,leader_accountability_blame,Ευθύνη/χρέωση: Για την κατάσταση στα μέσα ενημέρωσης,occupation_group,private_sector,Κυριάκος Μητσοτάκης,71.6333,2022,Q4,high
,leader_accountability_blame,Ευθύνη/χρέωση: Για τις υποκλοπές,occupation_group,private_sector,none,16.0708,2022,Q4,high
,leader_accountability_blame,Ευθύνη/χρέωση: Για τις υποκλοπές,occupation_group,private_sector,Αλέξης Τσίπρας,8.608,2022,Q4,high
,leader_accountability_blame,Ευθύνη/χρέωση: Για τις υποκλοπές,occupation_group,private_sector,Κυριάκος Μητσοτάκης,75.3211,2022,Q4,high
,leader_accountability_blame,Ευθύνη/χρέωση: Για τους πλειστηριασμούς πρώτης κατοικίας,occupation_group,private_sector,none,19.7385,2022,Q4,high
,leader_accountability_blame,Ευθύνη/χρέωση: Για τους πλειστηριασμούς πρώτης κατοικίας,occupation_group,private_sector,Αλέξης Τσίπρας,28.579,2022,Q4,high
,leader_accountability_blame,Ευθύνη/χρέωση: Για τους πλειστηριασμούς πρώτης κατοικίας,occupation_group,private_sector,Κυριάκος Μητσοτάκης,51.6825,2022,Q4,high
,leader_accountability_blame,Ευθύνη/χρέωση: Για τους χαμηλούς μισθούς/συντάξεις,occupation_group,private_sector,none,23.5475,2022,Q4,high
,leader_accountability_blame,Ευθύνη/χρέωση: Για τους χαμηλούς μισθούς/συντάξεις,occupation_group,private_sector,Αλέξης Τσίπρας,27.5664,2022,Q4,high
,leader_accountability_blame,Ευθύνη/χρέωση: Για τους χαμηλούς μισθούς/συντάξεις,occupation_group,private_sector,Κυριάκος Μητσοτάκης,48.8862,2022,Q4,high
,leader_trait,Ασυμβίβαστος με τα συμφέροντα,occupation_group,private_sector,Αλέξης Τσίπρας,68.3876,2022,Q4,high
,leader_trait,Ασυμβίβαστος με τα συμφέροντα,occupation_group,private_sector,Κυριάκος Μητσοτάκης,31.6124,2022,Q4,high
,leader_trait,Εκφράζει το μεσαίο χώρο,occupation_group,private_sector,Αλέξης Τσίπρας,69.5117,2022,Q4,high
,leader_trait,Εκφράζει το μεσαίο χώρο,occupation_group,private_sector,Κυριάκος Μητσοτάκης,30.4883,2022,Q4,high
,leader_trait,Κοντά στους πολίτες,occupation_group,private_sector,Αλέξης Τσίπρας,67.0238,2022,Q4,high
,leader_trait,Κοντά στους πολίτες,occupation_group,private_sector,Κυριάκος Μητσοτάκης,32.9762,2022,Q4,high
,leader_trait,Αξιόπιστος,occupation_group,private_sector,Αλέξης Τσίπρας,46.5733,2022,Q4,high
,leader_trait,Αξιόπιστος,occupation_group,private_sector,Κυριάκος Μητσοτάκης,53.4267,2022,Q4,high
,leader_trait,Σέβεται τις δημοκρατικές αρχές,occupation_group,private_sector,Αλέξης Τσίπρας,60.8543,2022,Q4,high
,leader_trait,Σέβεται τις δημοκρατικές αρχές,occupation_group,private_sector,Κυριάκος Μητσοτάκης,39.1457,2022,Q4,high
,leader_trait,Ικανός στη διαχείριση της οικονομίας,occupation_group,private_sector,Αλέξης Τσίπρας,42.1236,2022,Q4,high
,leader_trait,Ικανός στη διαχείριση της οικονομίας,occupation_group,private_sector,Κυριάκος Μητσοτάκης,57.8764,2022,Q4,high
,leader_trait,Αποτελεσματικός,occupation_group,private_sector,Αλέξης Τσίπρας,39.3866,2022,Q4,high
,leader_trait,Αποτελεσματικός,occupation_group,private_sector,Κυριάκος Μητσοτάκης,60.6134,2022,Q4,high
,leader_trait,Ακέραιος με το δημόσιο χρήμα,occupation_group,private_sector,Αλέξης Τσίπρας,67.5311,2022,Q4,high
,leader_trait,Ακέραιος με το δημόσιο χρήμα,occupation_group,private_sector,Κυριάκος Μητσοτάκης,32.4689,2022,Q4,high
,leader_trait,Έχει ηγετικά προσόντα,occupation_group,private_sector,Αλέξης Τσίπρας,43.8813,2022,Q4,high
,leader_trait,Έχει ηγετικά προσόντα,occupation_group,private_sector,Κυριάκος Μητσοτάκης,56.1187,2022,Q4,high
,leader_trait,Επιλέγει καλύτερους συνεργάτες,occupation_group,private_sector,Αλέξης Τσίπρας,42.8375,2022,Q4,high
,leader_trait,Επιλέγει καλύτερους συνεργάτες,occupation_group,private_sector,Κυριάκος Μητσοτάκης,57.1625,2022,Q4,high
,leader_choice_dilemma,Δίλημμα Μητσοτάκης ή Τσίπρας,occupation_group,private_sector,none,45.1442,2022,Q4,high
,leader_choice_dilemma,Δίλημμα Μητσοτάκης ή Τσίπρας,occupation_group,private_sector,Αλέξης Τσίπρας,26.7059,2022,Q4,high
,leader_choice_dilemma,Δίλημμα Μητσοτάκης ή Τσίπρας,occupation_group,private_sector,Κυριάκος Μητσοτάκης,28.1499,2022,Q4,high
,suitable_pm,Καταλληλότερος για πρωθυπουργός,occupation_group,private_sector,none,39.1012,2022,Q4,high
,suitable_pm,Καταλληλότερος για πρωθυπουργός,occupation_group,private_sector,Αλέξης Τσίπρας,26.1488,2022,Q4,high
,suitable_pm,Καταλληλότερος για πρωθυπουργός,occupation_group,private_sector,Κυριάκος Μητσοτάκης,34.75,2022,Q4,high
,leader_performance_compare,Σύγκριση πρωθυπουργικής επίδοσης,occupation_group,public_sector,none,34.6591,2022,Q4,high
,leader_performance_compare,Σύγκριση πρωθυπουργικής επίδοσης,occupation_group,public_sector,Αλέξης Τσίπρας,23.2746,2022,Q4,high
,leader_performance_compare,Σύγκριση πρωθυπουργικής επίδοσης,occupation_group,public_sector,Κυριάκος Μητσοτάκης,42.0662,2022,Q4,high
,leader_accountability_blame,Ευθύνη/χρέωση: Για τη διαφθορά,occupation_group,public_sector,none,22.682,2022,Q4,medium
,leader_accountability_blame,Ευθύνη/χρέωση: Για τη διαφθορά,occupation_group,public_sector,Αλέξης Τσίπρας,11.4449,2022,Q4,medium
,leader_accountability_blame,Ευθύνη/χρέωση: Για τη διαφθορά,occupation_group,public_sector,Κυριάκος Μητσοτάκης,65.873,2022,Q4,medium
,leader_accountability_blame,Ευθύνη/χρέωση: Για την ακρίβεια,occupation_group,public_sector,none,28.6505,2022,Q4,high
,leader_accountability_blame,Ευθύνη/χρέωση: Για την ακρίβεια,occupation_group,public_sector,Αλέξης Τσίπρας,7.1539,2022,Q4,high
,leader_accountability_blame,Ευθύνη/χρέωση: Για την ακρίβεια,occupation_group,public_sector,Κυριάκος Μητσοτάκης,64.1956,2022,Q4,high
,leader_accountability_blame,Ευθύνη/χρέωση: Για την ανεργία,occupation_group,public_sector,none,29.1118,2022,Q4,medium
,leader_accountability_blame,Ευθύνη/χρέωση: Για την ανεργία,occupation_group,public_sector,Αλέξης Τσίπρας,15.9121,2022,Q4,medium
,leader_accountability_blame,Ευθύνη/χρέωση: Για την ανεργία,occupation_group,public_sector,Κυριάκος Μητσοτάκης,54.9761,2022,Q4,medium
,leader_accountability_blame,Ευθύνη/χρέωση: Για την εγκληματικότητα,occupation_group,public_sector,none,30.5914,2022,Q4,medium
,leader_accountability_blame,Ευθύνη/χρέωση: Για την εγκληματικότητα,occupation_group,public_sector,Αλέξης Τσίπρας,27.226,2022,Q4,medium
,leader_accountability_blame,Ευθύνη/χρέωση: Για την εγκληματικότητα,occupation_group,public_sector,Κυριάκος Μητσοτάκης,42.1826,2022,Q4,medium
,leader_accountability_blame,Ευθύνη/χρέωση: Για την κατάσταση στα μέσα ενημέρωσης,occupation_group,public_sector,none,17.4036,2022,Q4,medium
,leader_accountability_blame,Ευθύνη/χρέωση: Για την κατάσταση στα μέσα ενημέρωσης,occupation_group,public_sector,Αλέξης Τσίπρας,13.2101,2022,Q4,medium
,leader_accountability_blame,Ευθύνη/χρέωση: Για την κατάσταση στα μέσα ενημέρωσης,occupation_group,public_sector,Κυριάκος Μητσοτάκης,69.3863,2022,Q4,medium
,leader_accountability_blame,Ευθύνη/χρέωση: Για τις υποκλοπές,occupation_group,public_sector,none,17.5559,2022,Q4,medium
,leader_accountability_blame,Ευθύνη/χρέωση: Για τις υποκλοπές,occupation_group,public_sector,Αλέξης Τσίπρας,7.7237,2022,Q4,medium
,leader_accountability_blame,Ευθύνη/χρέωση: Για τις υποκλοπές,occupation_group,public_sector,Κυριάκος Μητσοτάκης,74.7204,2022,Q4,medium
,leader_accountability_blame,Ευθύνη/χρέωση: Για τους πλειστηριασμούς πρώτης κατοικίας,occupation_group,public_sector,none,20.638,2022,Q4,medium
,leader_accountability_blame,Ευθύνη/χρέωση: Για τους πλειστηριασμούς πρώτης κατοικίας,occupation_group,public_sector,Αλέξης Τσίπρας,26.5574,2022,Q4,medium
,leader_accountability_blame,Ευθύνη/χρέωση: Για τους πλειστηριασμούς πρώτης κατοικίας,occupation_group,public_sector,Κυριάκος Μητσοτάκης,52.8046,2022,Q4,medium
,leader_accountability_blame,Ευθύνη/χρέωση: Για τους χαμηλούς μισθούς/συντάξεις,occupation_group,public_sector,none,21.7798,2022,Q4,medium
,leader_accountability_blame,Ευθύνη/χρέωση: Για τους χαμηλούς μισθούς/συντάξεις,occupation_group,public_sector,Αλέξης Τσίπρας,23.8256,2022,Q4,medium
,leader_accountability_blame,Ευθύνη/χρέωση: Για τους χαμηλούς μισθούς/συντάξεις,occupation_group,public_sector,Κυριάκος Μητσοτάκης,54.3946,2022,Q4,medium
,leader_trait,Ασυμβίβαστος με τα συμφέροντα,occupation_group,public_sector,Αλέξης Τσίπρας,70.8418,2022,Q4,medium
,leader_trait,Ασυμβίβαστος με τα συμφέροντα,occupation_group,public_sector,Κυριάκος Μητσοτάκης,29.1582,2022,Q4,medium
,leader_trait,Εκφράζει το μεσαίο χώρο,occupation_group,public_sector,Αλέξης Τσίπρας,64.4927,2022,Q4,medium
,leader_trait,Εκφράζει το μεσαίο χώρο,occupation_group,public_sector,Κυριάκος Μητσοτάκης,35.5073,2022,Q4,medium
,leader_trait,Κοντά στους πολίτες,occupation_group,public_sector,Αλέξης Τσίπρας,65.1403,2022,Q4,medium
,leader_trait,Κοντά στους πολίτες,occupation_group,public_sector,Κυριάκος Μητσοτάκης,34.8597,2022,Q4,medium
,leader_trait,Αξιόπιστος,occupation_group,public_sector,Αλέξης Τσίπρας,46.9508,2022,Q4,medium
,leader_trait,Αξιόπιστος,occupation_group,public_sector,Κυριάκος Μητσοτάκης,53.0492,2022,Q4,medium
,leader_trait,Σέβεται τις δημοκρατικές αρχές,occupation_group,public_sector,Αλέξης Τσίπρας,63.3188,2022,Q4,medium
,leader_trait,Σέβεται τις δημοκρατικές αρχές,occupation_group,public_sector,Κυριάκος Μητσοτάκης,36.6812,2022,Q4,medium
,leader_trait,Ικανός στη διαχείριση της οικονομίας,occupation_group,public_sector,Αλέξης Τσίπρας,37.5524,2022,Q4,medium
,leader_trait,Ικανός στη διαχείριση της οικονομίας,occupation_group,public_sector,Κυριάκος Μητσοτάκης,62.4476,2022,Q4,medium
,leader_trait,Αποτελεσματικός,occupation_group,public_sector,Αλέξης Τσίπρας,35.3206,2022,Q4,medium
,leader_trait,Αποτελεσματικός,occupation_group,public_sector,Κυριάκος Μητσοτάκης,64.6794,2022,Q4,medium
,leader_trait,Ακέραιος με το δημόσιο χρήμα,occupation_group,public_sector,Αλέξης Τσίπρας,63.672,2022,Q4,medium
,leader_trait,Ακέραιος με το δημόσιο χρήμα,occupation_group,public_sector,Κυριάκος Μητσοτάκης,36.328,2022,Q4,medium
,leader_trait,Έχει ηγετικά προσόντα,occupation_group,public_sector,Αλέξης Τσίπρας,43.3814,2022,Q4,medium
,leader_trait,Έχει ηγετικά προσόντα,occupation_group,public_sector,Κυριάκος Μητσοτάκης,56.6186,2022,Q4,medium
,leader_trait,Επιλέγει καλύτερους συνεργάτες,occupation_group,public_sector,Αλέξης Τσίπρας,36.5451,2022,Q4,medium
,leader_trait,Επιλέγει καλύτερους συνεργάτες,occupation_group,public_sector,Κυριάκος Μητσοτάκης,63.4549,2022,Q4,medium
,leader_choice_dilemma,Δίλημμα Μητσοτάκης ή Τσίπρας,occupation_group,public_sector,none,39.3754,2022,Q4,high
,leader_choice_dilemma,Δίλημμα Μητσοτάκης ή Τσίπρας,occupation_group,public_sector,Αλέξης Τσίπρας,27.5385,2022,Q4,high
,leader_choice_dilemma,Δίλημμα Μητσοτάκης ή Τσίπρας,occupation_group,public_sector,Κυριάκος Μητσοτάκης,33.0861,2022,Q4,high
,suitable_pm,Καταλληλότερος για πρωθυπουργός,occupation_group,public_sector,none,29.4647,2022,Q4,high
,suitable_pm,Καταλληλότερος για πρωθυπουργός,occupation_group,public_sector,Αλέξης Τσίπρας,30.7635,2022,Q4,high
,suitable_pm,Καταλληλότερος για πρωθυπουργός,occupation_group,public_sector,Κυριάκος Μητσοτάκης,39.7718,2022,Q4,high
,leader_performance_compare,Σύγκριση πρωθυπουργικής επίδοσης,occupation_group,retired,none,24.7823,2022,Q4,medium
,leader_performance_compare,Σύγκριση πρωθυπουργικής επίδοσης,occupation_group,retired,Αλέξης Τσίπρας,20.5445,2022,Q4,medium
,leader_performance_compare,Σύγκριση πρωθυπουργικής επίδοσης,occupation_group,retired,Κυριάκος Μητσοτάκης,54.6732,2022,Q4,medium
,leader_accountability_blame,Ευθύνη/χρέωση: Για τη διαφθορά,occupation_group,retired,none,22.6746,2022,Q4,medium
,leader_accountability_blame,Ευθύνη/χρέωση: Για τη διαφθορά,occupation_group,retired,Αλέξης Τσίπρας,25.239,2022,Q4,medium
,leader_accountability_blame,Ευθύνη/χρέωση: Για τη διαφθορά,occupation_group,retired,Κυριάκος Μητσοτάκης,52.0865,2022,Q4,medium
,leader_accountability_blame,Ευθύνη/χρέωση: Για την ακρίβεια,occupation_group,retired,none,38.0961,2022,Q4,medium
,leader_accountability_blame,Ευθύνη/χρέωση: Για την ακρίβεια,occupation_group,retired,Αλέξης Τσίπρας,6.1857,2022,Q4,medium
,leader_accountability_blame,Ευθύνη/χρέωση: Για την ακρίβεια,occupation_group,retired,Κυριάκος Μητσοτάκης,55.7182,2022,Q4,medium
,leader_accountability_blame,Ευθύνη/χρέωση: Για την ανεργία,occupation_group,retired,none,32.3114,2022,Q4,medium
,leader_accountability_blame,Ευθύνη/χρέωση: Για την ανεργία,occupation_group,retired,Αλέξης Τσίπρας,22.3831,2022,Q4,medium
,leader_accountability_blame,Ευθύνη/χρέωση: Για την ανεργία,occupation_group,retired,Κυριάκος Μητσοτάκης,45.3055,2022,Q4,medium
,leader_accountability_blame,Ευθύνη/χρέωση: Για την εγκληματικότητα,occupation_group,retired,none,28.2955,2022,Q4,medium
,leader_accountability_blame,Ευθύνη/χρέωση: Για την εγκληματικότητα,occupation_group,retired,Αλέξης Τσίπρας,39.398,2022,Q4,medium
,leader_accountability_blame,Ευθύνη/χρέωση: Για την εγκληματικότητα,occupation_group,retired,Κυριάκος Μητσοτάκης,32.3065,2022,Q4,medium
,leader_accountability_blame,Ευθύνη/χρέωση: Για την κατάσταση στα μέσα ενημέρωσης,occupation_group,retired,none,22.9077,2022,Q4,medium
,leader_accountability_blame,Ευθύνη/χρέωση: Για την κατάσταση στα μέσα ενημέρωσης,occupation_group,retired,Αλέξης Τσίπρας,18.3506,2022,Q4,medium
,leader_accountability_blame,Ευθύνη/χρέωση: Για την κατάσταση στα μέσα ενημέρωσης,occupation_group,retired,Κυριάκος Μητσοτάκης,58.7417,2022,Q4,medium
,leader_accountability_blame,Ευθύνη/χρέωση: Για τις υποκλοπές,occupation_group,retired,none,27.1088,2022,Q4,medium
,leader_accountability_blame,Ευθύνη/χρέωση: Για τις υποκλοπές,occupation_group,retired,Αλέξης Τσίπρας,10.1532,2022,Q4,medium
,leader_accountability_blame,Ευθύνη/χρέωση: Για τις υποκλοπές,occupation_group,retired,Κυριάκος Μητσοτάκης,62.738,2022,Q4,medium
,leader_accountability_blame,Ευθύνη/χρέωση: Για τους πλειστηριασμούς πρώτης κατοικίας,occupation_group,retired,none,15.1725,2022,Q4,medium
,leader_accountability_blame,Ευθύνη/χρέωση: Για τους πλειστηριασμούς πρώτης κατοικίας,occupation_group,retired,Αλέξης Τσίπρας,39.5712,2022,Q4,medium
,leader_accountability_blame,Ευθύνη/χρέωση: Για τους πλειστηριασμούς πρώτης κατοικίας,occupation_group,retired,Κυριάκος Μητσοτάκης,45.2563,2022,Q4,medium
,leader_accountability_blame,Ευθύνη/χρέωση: Για τους χαμηλούς μισθούς/συντάξεις,occupation_group,retired,none,12.2391,2022,Q4,medium
,leader_accountability_blame,Ευθύνη/χρέωση: Για τους χαμηλούς μισθούς/συντάξεις,occupation_group,retired,Αλέξης Τσίπρας,41.0915,2022,Q4,medium
,leader_accountability_blame,Ευθύνη/χρέωση: Για τους χαμηλούς μισθούς/συντάξεις,occupation_group,retired,Κυριάκος Μητσοτάκης,46.6694,2022,Q4,medium
,leader_trait,Ασυμβίβαστος με τα συμφέροντα,occupation_group,retired,Αλέξης Τσίπρας,51.0555,2022,Q4,medium
,leader_trait,Ασυμβίβαστος με τα συμφέροντα,occupation_group,retired,Κυριάκος Μητσοτάκης,48.9445,2022,Q4,medium
,leader_trait,Εκφράζει το μεσαίο χώρο,occupation_group,retired,Αλέξης Τσίπρας,41.8801,2022,Q4,medium
,leader_trait,Εκφράζει το μεσαίο χώρο,occupation_group,retired,Κυριάκος Μητσοτάκης,58.1199,2022,Q4,medium
,leader_trait,Κοντά στους πολίτες,occupation_group,retired,Αλέξης Τσίπρας,42.6987,2022,Q4,medium
,leader_trait,Κοντά στους πολίτες,occupation_group,retired,Κυριάκος Μητσοτάκης,57.3013,2022,Q4,medium
,leader_trait,Αξιόπιστος,occupation_group,retired,Αλέξης Τσίπρας,32.68,2022,Q4,medium
,leader_trait,Αξιόπιστος,occupation_group,retired,Κυριάκος Μητσοτάκης,67.32,2022,Q4,medium
,leader_trait,Σέβεται τις δημοκρατικές αρχές,occupation_group,retired,Αλέξης Τσίπρας,41.1376,2022,Q4,medium
,leader_trait,Σέβεται τις δημοκρατικές αρχές,occupation_group,retired,Κυριάκος Μητσοτάκης,58.8624,2022,Q4,medium
,leader_trait,Ικανός στη διαχείριση της οικονομίας,occupation_group,retired,Αλέξης Τσίπρας,26.9253,2022,Q4,medium
,leader_trait,Ικανός στη διαχείριση της οικονομίας,occupation_group,retired,Κυριάκος Μητσοτάκης,73.0747,2022,Q4,medium
,leader_trait,Αποτελεσματικός,occupation_group,retired,Αλέξης Τσίπρας,28.6825,2022,Q4,medium
,leader_trait,Αποτελεσματικός,occupation_group,retired,Κυριάκος Μητσοτάκης,71.3175,2022,Q4,medium
,leader_trait,Ακέραιος με το δημόσιο χρήμα,occupation_group,retired,Αλέξης Τσίπρας,46.6451,2022,Q4,medium
,leader_trait,Ακέραιος με το δημόσιο χρήμα,occupation_group,retired,Κυριάκος Μητσοτάκης,53.3549,2022,Q4,medium
,leader_trait,Έχει ηγετικά προσόντα,occupation_group,retired,Αλέξης Τσίπρας,32.8696,2022,Q4,medium
,leader_trait,Έχει ηγετικά προσόντα,occupation_group,retired,Κυριάκος Μητσοτάκης,67.1304,2022,Q4,medium
,leader_trait,Επιλέγει καλύτερους συνεργάτες,occupation_group,retired,Αλέξης Τσίπρας,26.4304,2022,Q4,medium
,leader_trait,Επιλέγει καλύτερους συνεργάτες,occupation_group,retired,Κυριάκος Μητσοτάκης,73.5696,2022,Q4,medium
,leader_choice_dilemma,Δίλημμα Μητσοτάκης ή Τσίπρας,occupation_group,retired,none,25.6634,2022,Q4,medium
,leader_choice_dilemma,Δίλημμα Μητσοτάκης ή Τσίπρας,occupation_group,retired,Αλέξης Τσίπρας,24.5859,2022,Q4,medium
,leader_choice_dilemma,Δίλημμα Μητσοτάκης ή Τσίπρας,occupation_group,retired,Κυριάκος Μητσοτάκης,49.7507,2022,Q4,medium
,suitable_pm,Καταλληλότερος για πρωθυπουργός,occupation_group,retired,none,21.0534,2022,Q4,medium
,suitable_pm,Καταλληλότερος για πρωθυπουργός,occupation_group,retired,Αλέξης Τσίπρας,26.135,2022,Q4,medium
,suitable_pm,Καταλληλότερος για πρωθυπουργός,occupation_group,retired,Κυριάκος Μητσοτάκης,52.8116,2022,Q4,medium
,leader_performance_compare,Σύγκριση πρωθυπουργικής επίδοσης,occupation_group,self_employed,none,26.7208,2022,Q4,high
,leader_performance_compare,Σύγκριση πρωθυπουργικής επίδοσης,occupation_group,self_employed,Αλέξης Τσίπρας,26.7269,2022,Q4,high
,leader_performance_compare,Σύγκριση πρωθυπουργικής επίδοσης,occupation_group,self_employed,Κυριάκος Μητσοτάκης,46.5523,2022,Q4,high
,leader_accountability_blame,Ευθύνη/χρέωση: Για τη διαφθορά,occupation_group,self_employed,none,23.1394,2022,Q4,high
,leader_accountability_blame,Ευθύνη/χρέωση: Για τη διαφθορά,occupation_group,self_employed,Αλέξης Τσίπρας,18.2537,2022,Q4,high
,leader_accountability_blame,Ευθύνη/χρέωση: Για τη διαφθορά,occupation_group,self_employed,Κυριάκος Μητσοτάκης,58.6069,2022,Q4,high
,leader_accountability_blame,Ευθύνη/χρέωση: Για την ακρίβεια,occupation_group,self_employed,none,29.5032,2022,Q4,high
,leader_accountability_blame,Ευθύνη/χρέωση: Για την ακρίβεια,occupation_group,self_employed,Αλέξης Τσίπρας,14.32,2022,Q4,high
,leader_accountability_blame,Ευθύνη/χρέωση: Για την ακρίβεια,occupation_group,self_employed,Κυριάκος Μητσοτάκης,56.1768,2022,Q4,high
,leader_accountability_blame,Ευθύνη/χρέωση: Για την ανεργία,occupation_group,self_employed,none,32.3669,2022,Q4,high
,leader_accountability_blame,Ευθύνη/χρέωση: Για την ανεργία,occupation_group,self_employed,Αλέξης Τσίπρας,25.8737,2022,Q4,high
,leader_accountability_blame,Ευθύνη/χρέωση: Για την ανεργία,occupation_group,self_employed,Κυριάκος Μητσοτάκης,41.7594,2022,Q4,high
,leader_accountability_blame,Ευθύνη/χρέωση: Για την εγκληματικότητα,occupation_group,self_employed,none,24.4293,2022,Q4,high
,leader_accountability_blame,Ευθύνη/χρέωση: Για την εγκληματικότητα,occupation_group,self_employed,Αλέξης Τσίπρας,35.0308,2022,Q4,high
,leader_accountability_blame,Ευθύνη/χρέωση: Για την εγκληματικότητα,occupation_group,self_employed,Κυριάκος Μητσοτάκης,40.5399,2022,Q4,high
,leader_accountability_blame,Ευθύνη/χρέωση: Για την κατάσταση στα μέσα ενημέρωσης,occupation_group,self_employed,none,17.763,2022,Q4,high
,leader_accountability_blame,Ευθύνη/χρέωση: Για την κατάσταση στα μέσα ενημέρωσης,occupation_group,self_employed,Αλέξης Τσίπρας,19.7352,2022,Q4,high
,leader_accountability_blame,Ευθύνη/χρέωση: Για την κατάσταση στα μέσα ενημέρωσης,occupation_group,self_employed,Κυριάκος Μητσοτάκης,62.5018,2022,Q4,high
,leader_accountability_blame,Ευθύνη/χρέωση: Για τις υποκλοπές,occupation_group,self_employed,none,20.111,2022,Q4,high
,leader_accountability_blame,Ευθύνη/χρέωση: Για τις υποκλοπές,occupation_group,self_employed,Αλέξης Τσίπρας,10.1217,2022,Q4,high
,leader_accountability_blame,Ευθύνη/χρέωση: Για τις υποκλοπές,occupation_group,self_employed,Κυριάκος Μητσοτάκης,69.7673,2022,Q4,high
,leader_accountability_blame,Ευθύνη/χρέωση: Για τους πλειστηριασμούς πρώτης κατοικίας,occupation_group,self_employed,none,20.767,2022,Q4,high
,leader_accountability_blame,Ευθύνη/χρέωση: Για τους πλειστηριασμούς πρώτης κατοικίας,occupation_group,self_employed,Αλέξης Τσίπρας,33.2989,2022,Q4,high
,leader_accountability_blame,Ευθύνη/χρέωση: Για τους πλειστηριασμούς πρώτης κατοικίας,occupation_group,self_employed,Κυριάκος Μητσοτάκης,45.9341,2022,Q4,high
,leader_accountability_blame,Ευθύνη/χρέωση: Για τους χαμηλούς μισθούς/συντάξεις,occupation_group,self_employed,none,30.3994,2022,Q4,high
,leader_accountability_blame,Ευθύνη/χρέωση: Για τους χαμηλούς μισθούς/συντάξεις,occupation_group,self_employed,Αλέξης Τσίπρας,30.0971,2022,Q4,high
,leader_accountability_blame,Ευθύνη/χρέωση: Για τους χαμηλούς μισθούς/συντάξεις,occupation_group,self_employed,Κυριάκος Μητσοτάκης,39.5036,2022,Q4,high
,leader_trait,Ασυμβίβαστος με τα συμφέροντα,occupation_group,self_employed,Αλέξης Τσίπρας,65.7195,2022,Q4,high
,leader_trait,Ασυμβίβαστος με τα συμφέροντα,occupation_group,self_employed,Κυριάκος Μητσοτάκης,34.2805,2022,Q4,high
,leader_trait,Εκφράζει το μεσαίο χώρο,occupation_group,self_employed,Αλέξης Τσίπρας,52.9706,2022,Q4,high
,leader_trait,Εκφράζει το μεσαίο χώρο,occupation_group,self_employed,Κυριάκος Μητσοτάκης,47.0294,2022,Q4,high
,leader_trait,Κοντά στους πολίτες,occupation_group,self_employed,Αλέξης Τσίπρας,59.1554,2022,Q4,high
,leader_trait,Κοντά στους πολίτες,occupation_group,self_employed,Κυριάκος Μητσοτάκης,40.8446,2022,Q4,high
,leader_trait,Αξιόπιστος,occupation_group,self_employed,Αλέξης Τσίπρας,46.245,2022,Q4,high
,leader_trait,Αξιόπιστος,occupation_group,self_employed,Κυριάκος Μητσοτάκης,53.755,2022,Q4,high
,leader_trait,Σέβεται τις δημοκρατικές αρχές,occupation_group,self_employed,Αλέξης Τσίπρας,53.2342,2022,Q4,high
,leader_trait,Σέβεται τις δημοκρατικές αρχές,occupation_group,self_employed,Κυριάκος Μητσοτάκης,46.7658,2022,Q4,high
,leader_trait,Ικανός στη διαχείριση της οικονομίας,occupation_group,self_employed,Αλέξης Τσίπρας,32.521,2022,Q4,high
,leader_trait,Ικανός στη διαχείριση της οικονομίας,occupation_group,self_employed,Κυριάκος Μητσοτάκης,67.479,2022,Q4,high
,leader_trait,Αποτελεσματικός,occupation_group,self_employed,Αλέξης Τσίπρας,35.2003,2022,Q4,high
,leader_trait,Αποτελεσματικός,occupation_group,self_employed,Κυριάκος Μητσοτάκης,64.7997,2022,Q4,high
,leader_trait,Ακέραιος με το δημόσιο χρήμα,occupation_group,self_employed,Αλέξης Τσίπρας,62.887,2022,Q4,high
,leader_trait,Ακέραιος με το δημόσιο χρήμα,occupation_group,self_employed,Κυριάκος Μητσοτάκης,37.113,2022,Q4,high
,leader_trait,Έχει ηγετικά προσόντα,occupation_group,self_employed,Αλέξης Τσίπρας,41.0101,2022,Q4,high
,leader_trait,Έχει ηγετικά προσόντα,occupation_group,self_employed,Κυριάκος Μητσοτάκης,58.9899,2022,Q4,high
,leader_trait,Επιλέγει καλύτερους συνεργάτες,occupation_group,self_employed,Αλέξης Τσίπρας,32.4059,2022,Q4,high
,leader_trait,Επιλέγει καλύτερους συνεργάτες,occupation_group,self_employed,Κυριάκος Μητσοτάκης,67.5941,2022,Q4,high
,leader_choice_dilemma,Δίλημμα Μητσοτάκης ή Τσίπρας,occupation_group,self_employed,none,36.7101,2022,Q4,high
,leader_choice_dilemma,Δίλημμα Μητσοτάκης ή Τσίπρας,occupation_group,self_employed,Αλέξης Τσίπρας,25.6691,2022,Q4,high
,leader_choice_dilemma,Δίλημμα Μητσοτάκης ή Τσίπρας,occupation_group,self_employed,Κυριάκος Μητσοτάκης,37.6208,2022,Q4,high
,suitable_pm,Καταλληλότερος για πρωθυπουργός,occupation_group,self_employed,none,25.8769,2022,Q4,high
,suitable_pm,Καταλληλότερος για πρωθυπουργός,occupation_group,self_employed,Αλέξης Τσίπρας,30.1407,2022,Q4,high
,suitable_pm,Καταλληλότερος για πρωθυπουργός,occupation_group,self_employed,Κυριάκος Μητσοτάκης,43.9824,2022,Q4,high
,leader_performance_compare,Σύγκριση πρωθυπουργικής επίδοσης,occupation_group,student,none,40.4068,2022,Q4,medium
,leader_performance_compare,Σύγκριση πρωθυπουργικής επίδοσης,occupation_group,student,Αλέξης Τσίπρας,25.0071,2022,Q4,medium
,leader_performance_compare,Σύγκριση πρωθυπουργικής επίδοσης,occupation_group,student,Κυριάκος Μητσοτάκης,34.5861,2022,Q4,medium
,leader_accountability_blame,Ευθύνη/χρέωση: Για τη διαφθορά,occupation_group,student,none,23.7671,2022,Q4,medium
,leader_accountability_blame,Ευθύνη/χρέωση: Για τη διαφθορά,occupation_group,student,Αλέξης Τσίπρας,11.8401,2022,Q4,medium
,leader_accountability_blame,Ευθύνη/χρέωση: Για τη διαφθορά,occupation_group,student,Κυριάκος Μητσοτάκης,64.3929,2022,Q4,medium
,leader_accountability_blame,Ευθύνη/χρέωση: Για την ακρίβεια,occupation_group,student,none,18.4053,2022,Q4,medium
,leader_accountability_blame,Ευθύνη/χρέωση: Για την ακρίβεια,occupation_group,student,Αλέξης Τσίπρας,10.7595,2022,Q4,medium
,leader_accountability_blame,Ευθύνη/χρέωση: Για την ακρίβεια,occupation_group,student,Κυριάκος Μητσοτάκης,70.8353,2022,Q4,medium
,leader_accountability_blame,Ευθύνη/χρέωση: Για την ανεργία,occupation_group,student,none,30.6555,2022,Q4,medium
,leader_accountability_blame,Ευθύνη/χρέωση: Για την ανεργία,occupation_group,student,Αλέξης Τσίπρας,30.1657,2022,Q4,medium
,leader_accountability_blame,Ευθύνη/χρέωση: Για την ανεργία,occupation_group,student,Κυριάκος Μητσοτάκης,39.1788,2022,Q4,medium
,leader_accountability_blame,Ευθύνη/χρέωση: Για την εγκληματικότητα,occupation_group,student,none,31.8269,2022,Q4,medium
,leader_accountability_blame,Ευθύνη/χρέωση: Για την εγκληματικότητα,occupation_group,student,Αλέξης Τσίπρας,20.0805,2022,Q4,medium
,leader_accountability_blame,Ευθύνη/χρέωση: Για την εγκληματικότητα,occupation_group,student,Κυριάκος Μητσοτάκης,48.0926,2022,Q4,medium
,leader_accountability_blame,Ευθύνη/χρέωση: Για την κατάσταση στα μέσα ενημέρωσης,occupation_group,student,none,15.6836,2022,Q4,medium
,leader_accountability_blame,Ευθύνη/χρέωση: Για την κατάσταση στα μέσα ενημέρωσης,occupation_group,student,Αλέξης Τσίπρας,6.6871,2022,Q4,medium
,leader_accountability_blame,Ευθύνη/χρέωση: Για την κατάσταση στα μέσα ενημέρωσης,occupation_group,student,Κυριάκος Μητσοτάκης,77.6293,2022,Q4,medium
,leader_accountability_blame,Ευθύνη/χρέωση: Για τις υποκλοπές,occupation_group,student,none,11.7723,2022,Q4,medium
,leader_accountability_blame,Ευθύνη/χρέωση: Για τις υποκλοπές,occupation_group,student,Αλέξης Τσίπρας,8.5198,2022,Q4,medium
,leader_accountability_blame,Ευθύνη/χρέωση: Για τις υποκλοπές,occupation_group,student,Κυριάκος Μητσοτάκης,79.7079,2022,Q4,medium
,leader_accountability_blame,Ευθύνη/χρέωση: Για τους πλειστηριασμούς πρώτης κατοικίας,occupation_group,student,none,25.1984,2022,Q4,low
,leader_accountability_blame,Ευθύνη/χρέωση: Για τους πλειστηριασμούς πρώτης κατοικίας,occupation_group,student,Αλέξης Τσίπρας,26.3968,2022,Q4,low
,leader_accountability_blame,Ευθύνη/χρέωση: Για τους πλειστηριασμούς πρώτης κατοικίας,occupation_group,student,Κυριάκος Μητσοτάκης,48.4048,2022,Q4,low
,leader_accountability_blame,Ευθύνη/χρέωση: Για τους χαμηλούς μισθούς/συντάξεις,occupation_group,student,none,16.3202,2022,Q4,medium
,leader_accountability_blame,Ευθύνη/χρέωση: Για τους χαμηλούς μισθούς/συντάξεις,occupation_group,student,Αλέξης Τσίπρας,31.8008,2022,Q4,medium
,leader_accountability_blame,Ευθύνη/χρέωση: Για τους χαμηλούς μισθούς/συντάξεις,occupation_group,student,Κυριάκος Μητσοτάκης,51.8791,2022,Q4,medium
,leader_trait,Ασυμβίβαστος με τα συμφέροντα,occupation_group,student,Αλέξης Τσίπρας,74.5877,2022,Q4,low
,leader_trait,Ασυμβίβαστος με τα συμφέροντα,occupation_group,student,Κυριάκος Μητσοτάκης,25.4123,2022,Q4,low
,leader_trait,Εκφράζει το μεσαίο χώρο,occupation_group,student,Αλέξης Τσίπρας,77.32,2022,Q4,low
,leader_trait,Εκφράζει το μεσαίο χώρο,occupation_group,student,Κυριάκος Μητσοτάκης,22.68,2022,Q4,low
,leader_trait,Κοντά στους πολίτες,occupation_group,student,Αλέξης Τσίπρας,64.5491,2022,Q4,low
,leader_trait,Κοντά στους πολίτες,occupation_group,student,Κυριάκος Μητσοτάκης,35.4509,2022,Q4,low
,leader_trait,Αξιόπιστος,occupation_group,student,Αλέξης Τσίπρας,52.1766,2022,Q4,low
,leader_trait,Αξιόπιστος,occupation_group,student,Κυριάκος Μητσοτάκης,47.8234,2022,Q4,low
,leader_trait,Σέβεται τις δημοκρατικές αρχές,occupation_group,student,Αλέξης Τσίπρας,61.0881,2022,Q4,low
,leader_trait,Σέβεται τις δημοκρατικές αρχές,occupation_group,student,Κυριάκος Μητσοτάκης,38.9119,2022,Q4,low
,leader_trait,Ικανός στη διαχείριση της οικονομίας,occupation_group,student,Αλέξης Τσίπρας,40.3419,2022,Q4,low
,leader_trait,Ικανός στη διαχείριση της οικονομίας,occupation_group,student,Κυριάκος Μητσοτάκης,59.6581,2022,Q4,low
,leader_trait,Αποτελεσματικός,occupation_group,student,Αλέξης Τσίπρας,39.1068,2022,Q4,low
,leader_trait,Αποτελεσματικός,occupation_group,student,Κυριάκος Μητσοτάκης,60.8932,2022,Q4,low
,leader_trait,Ακέραιος με το δημόσιο χρήμα,occupation_group,student,Αλέξης Τσίπρας,71.9716,2022,Q4,low
,leader_trait,Ακέραιος με το δημόσιο χρήμα,occupation_group,student,Κυριάκος Μητσοτάκης,28.0284,2022,Q4,low
,leader_trait,Έχει ηγετικά προσόντα,occupation_group,student,Αλέξης Τσίπρας,43.2887,2022,Q4,low
,leader_trait,Έχει ηγετικά προσόντα,occupation_group,student,Κυριάκος Μητσοτάκης,56.7113,2022,Q4,low
,leader_trait,Επιλέγει καλύτερους συνεργάτες,occupation_group,student,Αλέξης Τσίπρας,52.8796,2022,Q4,low
,leader_trait,Επιλέγει καλύτερους συνεργάτες,occupation_group,student,Κυριάκος Μητσοτάκης,47.1204,2022,Q4,low
,leader_choice_dilemma,Δίλημμα Μητσοτάκης ή Τσίπρας,occupation_group,student,none,62.3966,2022,Q4,medium
,leader_choice_dilemma,Δίλημμα Μητσοτάκης ή Τσίπρας,occupation_group,student,Αλέξης Τσίπρας,17.3372,2022,Q4,medium
,leader_choice_dilemma,Δίλημμα Μητσοτάκης ή Τσίπρας,occupation_group,student,Κυριάκος Μητσοτάκης,20.2662,2022,Q4,medium
,suitable_pm,Καταλληλότερος για πρωθυπουργός,occupation_group,student,none,49.0276,2022,Q4,medium
,suitable_pm,Καταλληλότερος για πρωθυπουργός,occupation_group,student,Αλέξης Τσίπρας,22.7621,2022,Q4,medium
,suitable_pm,Καταλληλότερος για πρωθυπουργός,occupation_group,student,Κυριάκος Μητσοτάκης,28.2103,2022,Q4,medium
,leader_performance_compare,Σύγκριση πρωθυπουργικής επίδοσης,occupation_group,unemployed,none,50.6956,2022,Q4,medium
,leader_performance_compare,Σύγκριση πρωθυπουργικής επίδοσης,occupation_group,unemployed,Αλέξης Τσίπρας,20.4205,2022,Q4,medium
,leader_performance_compare,Σύγκριση πρωθυπουργικής επίδοσης,occupation_group,unemployed,Κυριάκος Μητσοτάκης,28.8838,2022,Q4,medium
,leader_accountability_blame,Ευθύνη/χρέωση: Για τη διαφθορά,occupation_group,unemployed,none,22.1562,2022,Q4,medium
,leader_accountability_blame,Ευθύνη/χρέωση: Για τη διαφθορά,occupation_group,unemployed,Αλέξης Τσίπρας,20.0123,2022,Q4,medium
,leader_accountability_blame,Ευθύνη/χρέωση: Για τη διαφθορά,occupation_group,unemployed,Κυριάκος Μητσοτάκης,57.8315,2022,Q4,medium
,leader_accountability_blame,Ευθύνη/χρέωση: Για την ακρίβεια,occupation_group,unemployed,none,25.0569,2022,Q4,medium
,leader_accountability_blame,Ευθύνη/χρέωση: Για την ακρίβεια,occupation_group,unemployed,Αλέξης Τσίπρας,13.6554,2022,Q4,medium
,leader_accountability_blame,Ευθύνη/χρέωση: Για την ακρίβεια,occupation_group,unemployed,Κυριάκος Μητσοτάκης,61.2877,2022,Q4,medium
,leader_accountability_blame,Ευθύνη/χρέωση: Για την ανεργία,occupation_group,unemployed,none,32.0667,2022,Q4,medium
,leader_accountability_blame,Ευθύνη/χρέωση: Για την ανεργία,occupation_group,unemployed,Αλέξης Τσίπρας,28.2662,2022,Q4,medium
,leader_accountability_blame,Ευθύνη/χρέωση: Για την ανεργία,occupation_group,unemployed,Κυριάκος Μητσοτάκης,39.6671,2022,Q4,medium
,leader_accountability_blame,Ευθύνη/χρέωση: Για την εγκληματικότητα,occupation_group,unemployed,none,31.543,2022,Q4,medium
,leader_accountability_blame,Ευθύνη/χρέωση: Για την εγκληματικότητα,occupation_group,unemployed,Αλέξης Τσίπρας,31.7256,2022,Q4,medium
,leader_accountability_blame,Ευθύνη/χρέωση: Για την εγκληματικότητα,occupation_group,unemployed,Κυριάκος Μητσοτάκης,36.7314,2022,Q4,medium
,leader_accountability_blame,Ευθύνη/χρέωση: Για την κατάσταση στα μέσα ενημέρωσης,occupation_group,unemployed,none,28.042,2022,Q4,medium
,leader_accountability_blame,Ευθύνη/χρέωση: Για την κατάσταση στα μέσα ενημέρωσης,occupation_group,unemployed,Αλέξης Τσίπρας,11.5176,2022,Q4,medium
,leader_accountability_blame,Ευθύνη/χρέωση: Για την κατάσταση στα μέσα ενημέρωσης,occupation_group,unemployed,Κυριάκος Μητσοτάκης,60.4404,2022,Q4,medium
,leader_accountability_blame,Ευθύνη/χρέωση: Για τις υποκλοπές,occupation_group,unemployed,none,19.2852,2022,Q4,medium
,leader_accountability_blame,Ευθύνη/χρέωση: Για τις υποκλοπές,occupation_group,unemployed,Αλέξης Τσίπρας,9.8053,2022,Q4,medium
,leader_accountability_blame,Ευθύνη/χρέωση: Για τις υποκλοπές,occupation_group,unemployed,Κυριάκος Μητσοτάκης,70.9095,2022,Q4,medium
,leader_accountability_blame,Ευθύνη/χρέωση: Για τους πλειστηριασμούς πρώτης κατοικίας,occupation_group,unemployed,none,26.5287,2022,Q4,low
,leader_accountability_blame,Ευθύνη/χρέωση: Για τους πλειστηριασμούς πρώτης κατοικίας,occupation_group,unemployed,Αλέξης Τσίπρας,28.0962,2022,Q4,low
,leader_accountability_blame,Ευθύνη/χρέωση: Για τους πλειστηριασμούς πρώτης κατοικίας,occupation_group,unemployed,Κυριάκος Μητσοτάκης,45.3751,2022,Q4,low
,leader_accountability_blame,Ευθύνη/χρέωση: Για τους χαμηλούς μισθούς/συντάξεις,occupation_group,unemployed,none,23.2257,2022,Q4,medium
,leader_accountability_blame,Ευθύνη/χρέωση: Για τους χαμηλούς μισθούς/συντάξεις,occupation_group,unemployed,Αλέξης Τσίπρας,32.1759,2022,Q4,medium
,leader_accountability_blame,Ευθύνη/χρέωση: Για τους χαμηλούς μισθούς/συντάξεις,occupation_group,unemployed,Κυριάκος Μητσοτάκης,44.5983,2022,Q4,medium
,leader_trait,Ασυμβίβαστος με τα συμφέροντα,occupation_group,unemployed,Αλέξης Τσίπρας,63.3541,2022,Q4,low
,leader_trait,Ασυμβίβαστος με τα συμφέροντα,occupation_group,unemployed,Κυριάκος Μητσοτάκης,36.6459,2022,Q4,low
,leader_trait,Εκφράζει το μεσαίο χώρο,occupation_group,unemployed,Αλέξης Τσίπρας,70.4948,2022,Q4,low
,leader_trait,Εκφράζει το μεσαίο χώρο,occupation_group,unemployed,Κυριάκος Μητσοτάκης,29.5052,2022,Q4,low
,leader_trait,Κοντά στους πολίτες,occupation_group,unemployed,Αλέξης Τσίπρας,61.2965,2022,Q4,low
,leader_trait,Κοντά στους πολίτες,occupation_group,unemployed,Κυριάκος Μητσοτάκης,38.7035,2022,Q4,low
,leader_trait,Αξιόπιστος,occupation_group,unemployed,Αλέξης Τσίπρας,42.8897,2022,Q4,low
,leader_trait,Αξιόπιστος,occupation_group,unemployed,Κυριάκος Μητσοτάκης,57.1103,2022,Q4,low
,leader_trait,Σέβεται τις δημοκρατικές αρχές,occupation_group,unemployed,Αλέξης Τσίπρας,48.0563,2022,Q4,low
,leader_trait,Σέβεται τις δημοκρατικές αρχές,occupation_group,unemployed,Κυριάκος Μητσοτάκης,51.9437,2022,Q4,low
,leader_trait,Ικανός στη διαχείριση της οικονομίας,occupation_group,unemployed,Αλέξης Τσίπρας,30.8106,2022,Q4,low
,leader_trait,Ικανός στη διαχείριση της οικονομίας,occupation_group,unemployed,Κυριάκος Μητσοτάκης,69.1894,2022,Q4,low
,leader_trait,Αποτελεσματικός,occupation_group,unemployed,Αλέξης Τσίπρας,35.1631,2022,Q4,low
,leader_trait,Αποτελεσματικός,occupation_group,unemployed,Κυριάκος Μητσοτάκης,64.8369,2022,Q4,low
,leader_trait,Ακέραιος με το δημόσιο χρήμα,occupation_group,unemployed,Αλέξης Τσίπρας,61.9344,2022,Q4,low
,leader_trait,Ακέραιος με το δημόσιο χρήμα,occupation_group,unemployed,Κυριάκος Μητσοτάκης,38.0656,2022,Q4,low
,leader_trait,Έχει ηγετικά προσόντα,occupation_group,unemployed,Αλέξης Τσίπρας,30.8545,2022,Q4,low
,leader_trait,Έχει ηγετικά προσόντα,occupation_group,unemployed,Κυριάκος Μητσοτάκης,69.1455,2022,Q4,low
,leader_trait,Επιλέγει καλύτερους συνεργάτες,occupation_group,unemployed,Αλέξης Τσίπρας,47.8333,2022,Q4,low
,leader_trait,Επιλέγει καλύτερους συνεργάτες,occupation_group,unemployed,Κυριάκος Μητσοτάκης,52.1667,2022,Q4,low
,leader_choice_dilemma,Δίλημμα Μητσοτάκης ή Τσίπρας,occupation_group,unemployed,none,57.08,2022,Q4,medium
,leader_choice_dilemma,Δίλημμα Μητσοτάκης ή Τσίπρας,occupation_group,unemployed,Αλέξης Τσίπρας,18.7265,2022,Q4,medium
,leader_choice_dilemma,Δίλημμα Μητσοτάκης ή Τσίπρας,occupation_group,unemployed,Κυριάκος Μητσοτάκης,24.1935,2022,Q4,medium
,suitable_pm,Καταλληλότερος για πρωθυπουργός,occupation_group,unemployed,none,47.0433,2022,Q4,medium
,suitable_pm,Καταλληλότερος για πρωθυπουργός,occupation_group,unemployed,Αλέξης Τσίπρας,17.7339,2022,Q4,medium
,suitable_pm,Καταλληλότερος για πρωθυπουργός,occupation_group,unemployed,Κυριάκος Μητσοτάκης,35.2227,2022,Q4,medium
,leader_performance_compare,Σύγκριση πρωθυπουργικής επίδοσης,occupation_group,Αγρότης,none,29.1209,2022,Q4,low
,leader_performance_compare,Σύγκριση πρωθυπουργικής επίδοσης,occupation_group,Αγρότης,Αλέξης Τσίπρας,29.1676,2022,Q4,low
,leader_performance_compare,Σύγκριση πρωθυπουργικής επίδοσης,occupation_group,Αγρότης,Κυριάκος Μητσοτάκης,41.7116,2022,Q4,low
,leader_accountability_blame,Ευθύνη/χρέωση: Για τη διαφθορά,occupation_group,Αγρότης,none,22.0749,2022,Q4,low
,leader_accountability_blame,Ευθύνη/χρέωση: Για τη διαφθορά,occupation_group,Αγρότης,Αλέξης Τσίπρας,21.2096,2022,Q4,low
,leader_accountability_blame,Ευθύνη/χρέωση: Για τη διαφθορά,occupation_group,Αγρότης,Κυριάκος Μητσοτάκης,56.7155,2022,Q4,low
,leader_accountability_blame,Ευθύνη/χρέωση: Για την ακρίβεια,occupation_group,Αγρότης,none,24.8659,2022,Q4,low
,leader_accountability_blame,Ευθύνη/χρέωση: Για την ακρίβεια,occupation_group,Αγρότης,Αλέξης Τσίπρας,12.8201,2022,Q4,low
,leader_accountability_blame,Ευθύνη/χρέωση: Για την ακρίβεια,occupation_group,Αγρότης,Κυριάκος Μητσοτάκης,62.314,2022,Q4,low
,leader_accountability_blame,Ευθύνη/χρέωση: Για την ανεργία,occupation_group,Αγρότης,none,23.4668,2022,Q4,low
,leader_accountability_blame,Ευθύνη/χρέωση: Για την ανεργία,occupation_group,Αγρότης,Αλέξης Τσίπρας,35.5106,2022,Q4,low
,leader_accountability_blame,Ευθύνη/χρέωση: Για την ανεργία,occupation_group,Αγρότης,Κυριάκος Μητσοτάκης,41.0226,2022,Q4,low
,leader_accountability_blame,Ευθύνη/χρέωση: Για την εγκληματικότητα,occupation_group,Αγρότης,none,22.984,2022,Q4,low
,leader_accountability_blame,Ευθύνη/χρέωση: Για την εγκληματικότητα,occupation_group,Αγρότης,Αλέξης Τσίπρας,40.1808,2022,Q4,low
,leader_accountability_blame,Ευθύνη/χρέωση: Για την εγκληματικότητα,occupation_group,Αγρότης,Κυριάκος Μητσοτάκης,36.8352,2022,Q4,low
,leader_accountability_blame,Ευθύνη/χρέωση: Για την κατάσταση στα μέσα ενημέρωσης,occupation_group,Αγρότης,none,14.1871,2022,Q4,low
,leader_accountability_blame,Ευθύνη/χρέωση: Για την κατάσταση στα μέσα ενημέρωσης,occupation_group,Αγρότης,Αλέξης Τσίπρας,20.0178,2022,Q4,low
,leader_accountability_blame,Ευθύνη/χρέωση: Για την κατάσταση στα μέσα ενημέρωσης,occupation_group,Αγρότης,Κυριάκος Μητσοτάκης,65.7951,2022,Q4,low
,leader_accountability_blame,Ευθύνη/χρέωση: Για τις υποκλοπές,occupation_group,Αγρότης,none,14.3162,2022,Q4,low
,leader_accountability_blame,Ευθύνη/χρέωση: Για τις υποκλοπές,occupation_group,Αγρότης,Αλέξης Τσίπρας,15.5834,2022,Q4,low
,leader_accountability_blame,Ευθύνη/χρέωση: Για τις υποκλοπές,occupation_group,Αγρότης,Κυριάκος Μητσοτάκης,70.1004,2022,Q4,low
,leader_accountability_blame,Ευθύνη/χρέωση: Για τους πλειστηριασμούς πρώτης κατοικίας,occupation_group,Αγρότης,none,9.131,2022,Q4,low
,leader_accountability_blame,Ευθύνη/χρέωση: Για τους πλειστηριασμούς πρώτης κατοικίας,occupation_group,Αγρότης,Αλέξης Τσίπρας,38.5309,2022,Q4,low
,leader_accountability_blame,Ευθύνη/χρέωση: Για τους πλειστηριασμούς πρώτης κατοικίας,occupation_group,Αγρότης,Κυριάκος Μητσοτάκης,52.3381,2022,Q4,low
,leader_accountability_blame,Ευθύνη/χρέωση: Για τους χαμηλούς μισθούς/συντάξεις,occupation_group,Αγρότης,none,22.501,2022,Q4,low
,leader_accountability_blame,Ευθύνη/χρέωση: Για τους χαμηλούς μισθούς/συντάξεις,occupation_group,Αγρότης,Αλέξης Τσίπρας,35.12,2022,Q4,low
,leader_accountability_blame,Ευθύνη/χρέωση: Για τους χαμηλούς μισθούς/συντάξεις,occupation_group,Αγρότης,Κυριάκος Μητσοτάκης,42.3789,2022,Q4,low
,leader_trait,Ασυμβίβαστος με τα συμφέροντα,occupation_group,Αγρότης,Αλέξης Τσίπρας,63.2361,2022,Q4,low
,leader_trait,Ασυμβίβαστος με τα συμφέροντα,occupation_group,Αγρότης,Κυριάκος Μητσοτάκης,36.7639,2022,Q4,low
,leader_trait,Εκφράζει το μεσαίο χώρο,occupation_group,Αγρότης,Αλέξης Τσίπρας,57.2643,2022,Q4,low
,leader_trait,Εκφράζει το μεσαίο χώρο,occupation_group,Αγρότης,Κυριάκος Μητσοτάκης,42.7357,2022,Q4,low
,leader_trait,Κοντά στους πολίτες,occupation_group,Αγρότης,Αλέξης Τσίπρας,55.8887,2022,Q4,low
,leader_trait,Κοντά στους πολίτες,occupation_group,Αγρότης,Κυριάκος Μητσοτάκης,44.1113,2022,Q4,low
,leader_trait,Αξιόπιστος,occupation_group,Αγρότης,Αλέξης Τσίπρας,51.521,2022,Q4,low
,leader_trait,Αξιόπιστος,occupation_group,Αγρότης,Κυριάκος Μητσοτάκης,48.479,2022,Q4,low
,leader_trait,Σέβεται τις δημοκρατικές αρχές,occupation_group,Αγρότης,Αλέξης Τσίπρας,50.6349,2022,Q4,low
,leader_trait,Σέβεται τις δημοκρατικές αρχές,occupation_group,Αγρότης,Κυριάκος Μητσοτάκης,49.3651,2022,Q4,low
,leader_trait,Ικανός στη διαχείριση της οικονομίας,occupation_group,Αγρότης,Αλέξης Τσίπρας,43.3498,2022,Q4,low
,leader_trait,Ικανός στη διαχείριση της οικονομίας,occupation_group,Αγρότης,Κυριάκος Μητσοτάκης,56.6502,2022,Q4,low
,leader_trait,Αποτελεσματικός,occupation_group,Αγρότης,Αλέξης Τσίπρας,33.7642,2022,Q4,low
,leader_trait,Αποτελεσματικός,occupation_group,Αγρότης,Κυριάκος Μητσοτάκης,66.2358,2022,Q4,low
,leader_trait,Ακέραιος με το δημόσιο χρήμα,occupation_group,Αγρότης,Αλέξης Τσίπρας,59.1971,2022,Q4,low
,leader_trait,Ακέραιος με το δημόσιο χρήμα,occupation_group,Αγρότης,Κυριάκος Μητσοτάκης,40.8029,2022,Q4,low
,leader_trait,Έχει ηγετικά προσόντα,occupation_group,Αγρότης,Αλέξης Τσίπρας,41.1713,2022,Q4,low
,leader_trait,Έχει ηγετικά προσόντα,occupation_group,Αγρότης,Κυριάκος Μητσοτάκης,58.8287,2022,Q4,low
,leader_trait,Επιλέγει καλύτερους συνεργάτες,occupation_group,Αγρότης,Αλέξης Τσίπρας,39.7741,2022,Q4,low
,leader_trait,Επιλέγει καλύτερους συνεργάτες,occupation_group,Αγρότης,Κυριάκος Μητσοτάκης,60.2259,2022,Q4,low
,leader_choice_dilemma,Δίλημμα Μητσοτάκης ή Τσίπρας,occupation_group,Αγρότης,none,39.0818,2022,Q4,low
,leader_choice_dilemma,Δίλημμα Μητσοτάκης ή Τσίπρας,occupation_group,Αγρότης,Αλέξης Τσίπρας,25.1866,2022,Q4,low
,leader_choice_dilemma,Δίλημμα Μητσοτάκης ή Τσίπρας,occupation_group,Αγρότης,Κυριάκος Μητσοτάκης,35.7316,2022,Q4,low
,suitable_pm,Καταλληλότερος για πρωθυπουργός,occupation_group,Αγρότης,none,36.2544,2022,Q4,low
,suitable_pm,Καταλληλότερος για πρωθυπουργός,occupation_group,Αγρότης,Αλέξης Τσίπρας,23.6086,2022,Q4,low
,suitable_pm,Καταλληλότερος για πρωθυπουργός,occupation_group,Αγρότης,Κυριάκος Μητσοτάκης,40.137,2022,Q4,low
,leader_performance_compare,Σύγκριση πρωθυπουργικής επίδοσης,occupation_group,Βοηθός σε οικογενειακή επιχείρηση,none,25.488,2022,Q4,low
,leader_performance_compare,Σύγκριση πρωθυπουργικής επίδοσης,occupation_group,Βοηθός σε οικογενειακή επιχείρηση,Αλέξης Τσίπρας,21.0443,2022,Q4,low
,leader_performance_compare,Σύγκριση πρωθυπουργικής επίδοσης,occupation_group,Βοηθός σε οικογενειακή επιχείρηση,Κυριάκος Μητσοτάκης,53.4677,2022,Q4,low
,leader_accountability_blame,Ευθύνη/χρέωση: Για τη διαφθορά,occupation_group,Βοηθός σε οικογενειακή επιχείρηση,none,31.9317,2022,Q4,low
,leader_accountability_blame,Ευθύνη/χρέωση: Για τη διαφθορά,occupation_group,Βοηθός σε οικογενειακή επιχείρηση,Αλέξης Τσίπρας,42.3348,2022,Q4,low
,leader_accountability_blame,Ευθύνη/χρέωση: Για τη διαφθορά,occupation_group,Βοηθός σε οικογενειακή επιχείρηση,Κυριάκος Μητσοτάκης,25.7335,2022,Q4,low
,leader_accountability_blame,Ευθύνη/χρέωση: Για την ακρίβεια,occupation_group,Βοηθός σε οικογενειακή επιχείρηση,none,30.878,2022,Q4,low
,leader_accountability_blame,Ευθύνη/χρέωση: Για την ακρίβεια,occupation_group,Βοηθός σε οικογενειακή επιχείρηση,Αλέξης Τσίπρας,17.8965,2022,Q4,low
,leader_accountability_blame,Ευθύνη/χρέωση: Για την ακρίβεια,occupation_group,Βοηθός σε οικογενειακή επιχείρηση,Κυριάκος Μητσοτάκης,51.2254,2022,Q4,low
,leader_accountability_blame,Ευθύνη/χρέωση: Για την ανεργία,occupation_group,Βοηθός σε οικογενειακή επιχείρηση,none,50.3162,2022,Q4,low
,leader_accountability_blame,Ευθύνη/χρέωση: Για την ανεργία,occupation_group,Βοηθός σε οικογενειακή επιχείρηση,Αλέξης Τσίπρας,24.419,2022,Q4,low
,leader_accountability_blame,Ευθύνη/χρέωση: Για την ανεργία,occupation_group,Βοηθός σε οικογενειακή επιχείρηση,Κυριάκος Μητσοτάκης,25.2648,2022,Q4,low
,leader_accountability_blame,Ευθύνη/χρέωση: Για την εγκληματικότητα,occupation_group,Βοηθός σε οικογενειακή επιχείρηση,none,29.0827,2022,Q4,low
,leader_accountability_blame,Ευθύνη/χρέωση: Για την εγκληματικότητα,occupation_group,Βοηθός σε οικογενειακή επιχείρηση,Αλέξης Τσίπρας,52.5846,2022,Q4,low
,leader_accountability_blame,Ευθύνη/χρέωση: Για την εγκληματικότητα,occupation_group,Βοηθός σε οικογενειακή επιχείρηση,Κυριάκος Μητσοτάκης,18.3327,2022,Q4,low
,leader_accountability_blame,Ευθύνη/χρέωση: Για την κατάσταση στα μέσα ενημέρωσης,occupation_group,Βοηθός σε οικογενειακή επιχείρηση,none,26.1796,2022,Q4,low
,leader_accountability_blame,Ευθύνη/χρέωση: Για την κατάσταση στα μέσα ενημέρωσης,occupation_group,Βοηθός σε οικογενειακή επιχείρηση,Αλέξης Τσίπρας,39.6471,2022,Q4,low
,leader_accountability_blame,Ευθύνη/χρέωση: Για την κατάσταση στα μέσα ενημέρωσης,occupation_group,Βοηθός σε οικογενειακή επιχείρηση,Κυριάκος Μητσοτάκης,34.1732,2022,Q4,low
,leader_accountability_blame,Ευθύνη/χρέωση: Για τις υποκλοπές,occupation_group,Βοηθός σε οικογενειακή επιχείρηση,none,20.7078,2022,Q4,low
,leader_accountability_blame,Ευθύνη/χρέωση: Για τις υποκλοπές,occupation_group,Βοηθός σε οικογενειακή επιχείρηση,Αλέξης Τσίπρας,49.0823,2022,Q4,low
,leader_accountability_blame,Ευθύνη/χρέωση: Για τις υποκλοπές,occupation_group,Βοηθός σε οικογενειακή επιχείρηση,Κυριάκος Μητσοτάκης,30.2099,2022,Q4,low
,leader_accountability_blame,Ευθύνη/χρέωση: Για τους πλειστηριασμούς πρώτης κατοικίας,occupation_group,Βοηθός σε οικογενειακή επιχείρηση,none,8.5121,2022,Q4,low
,leader_accountability_blame,Ευθύνη/χρέωση: Για τους πλειστηριασμούς πρώτης κατοικίας,occupation_group,Βοηθός σε οικογενειακή επιχείρηση,Αλέξης Τσίπρας,53.233,2022,Q4,low
,leader_accountability_blame,Ευθύνη/χρέωση: Για τους πλειστηριασμούς πρώτης κατοικίας,occupation_group,Βοηθός σε οικογενειακή επιχείρηση,Κυριάκος Μητσοτάκης,38.2549,2022,Q4,low
,leader_accountability_blame,Ευθύνη/χρέωση: Για τους χαμηλούς μισθούς/συντάξεις,occupation_group,Βοηθός σε οικογενειακή επιχείρηση,none,32.5637,2022,Q4,low
,leader_accountability_blame,Ευθύνη/χρέωση: Για τους χαμηλούς μισθούς/συντάξεις,occupation_group,Βοηθός σε οικογενειακή επιχείρηση,Αλέξης Τσίπρας,32.0215,2022,Q4,low
,leader_accountability_blame,Ευθύνη/χρέωση: Για τους χαμηλούς μισθούς/συντάξεις,occupation_group,Βοηθός σε οικογενειακή επιχείρηση,Κυριάκος Μητσοτάκης,35.4147,2022,Q4,low
,leader_trait,Ασυμβίβαστος με τα συμφέροντα,occupation_group,Βοηθός σε οικογενειακή επιχείρηση,Αλέξης Τσίπρας,47.1769,2022,Q4,low
,leader_trait,Ασυμβίβαστος με τα συμφέροντα,occupation_group,Βοηθός σε οικογενειακή επιχείρηση,Κυριάκος Μητσοτάκης,52.8231,2022,Q4,low
,leader_trait,Εκφράζει το μεσαίο χώρο,occupation_group,Βοηθός σε οικογενειακή επιχείρηση,Αλέξης Τσίπρας,22.819,2022,Q4,low
,leader_trait,Εκφράζει το μεσαίο χώρο,occupation_group,Βοηθός σε οικογενειακή επιχείρηση,Κυριάκος Μητσοτάκης,77.181,2022,Q4,low
,leader_trait,Κοντά στους πολίτες,occupation_group,Βοηθός σε οικογενειακή επιχείρηση,Αλέξης Τσίπρας,27.2234,2022,Q4,low
,leader_trait,Κοντά στους πολίτες,occupation_group,Βοηθός σε οικογενειακή επιχείρηση,Κυριάκος Μητσοτάκης,72.7766,2022,Q4,low
,leader_trait,Αξιόπιστος,occupation_group,Βοηθός σε οικογενειακή επιχείρηση,Αλέξης Τσίπρας,9.6291,2022,Q4,low
,leader_trait,Αξιόπιστος,occupation_group,Βοηθός σε οικογενειακή επιχείρηση,Κυριάκος Μητσοτάκης,90.3709,2022,Q4,low
,leader_trait,Σέβεται τις δημοκρατικές αρχές,occupation_group,Βοηθός σε οικογενειακή επιχείρηση,Αλέξης Τσίπρας,34.6311,2022,Q4,low
,leader_trait,Σέβεται τις δημοκρατικές αρχές,occupation_group,Βοηθός σε οικογενειακή επιχείρηση,Κυριάκος Μητσοτάκης,65.3689,2022,Q4,low
,leader_trait,Ικανός στη διαχείριση της οικονομίας,occupation_group,Βοηθός σε οικογενειακή επιχείρηση,Αλέξης Τσίπρας,22.682,2022,Q4,low
,leader_trait,Ικανός στη διαχείριση της οικονομίας,occupation_group,Βοηθός σε οικογενειακή επιχείρηση,Κυριάκος Μητσοτάκης,77.318,2022,Q4,low
,leader_trait,Αποτελεσματικός,occupation_group,Βοηθός σε οικογενειακή επιχείρηση,Αλέξης Τσίπρας,22.4346,2022,Q4,low
,leader_trait,Αποτελεσματικός,occupation_group,Βοηθός σε οικογενειακή επιχείρηση,Κυριάκος Μητσοτάκης,77.5654,2022,Q4,low
,leader_trait,Ακέραιος με το δημόσιο χρήμα,occupation_group,Βοηθός σε οικογενειακή επιχείρηση,Αλέξης Τσίπρας,13.6068,2022,Q4,low
,leader_trait,Ακέραιος με το δημόσιο χρήμα,occupation_group,Βοηθός σε οικογενειακή επιχείρηση,Κυριάκος Μητσοτάκης,86.3932,2022,Q4,low
,leader_trait,Έχει ηγετικά προσόντα,occupation_group,Βοηθός σε οικογενειακή επιχείρηση,Αλέξης Τσίπρας,23.0861,2022,Q4,low
,leader_trait,Έχει ηγετικά προσόντα,occupation_group,Βοηθός σε οικογενειακή επιχείρηση,Κυριάκος Μητσοτάκης,76.9139,2022,Q4,low
,leader_trait,Επιλέγει καλύτερους συνεργάτες,occupation_group,Βοηθός σε οικογενειακή επιχείρηση,Αλέξης Τσίπρας,23.9115,2022,Q4,low
,leader_trait,Επιλέγει καλύτερους συνεργάτες,occupation_group,Βοηθός σε οικογενειακή επιχείρηση,Κυριάκος Μητσοτάκης,76.0885,2022,Q4,low
,leader_choice_dilemma,Δίλημμα Μητσοτάκης ή Τσίπρας,occupation_group,Βοηθός σε οικογενειακή επιχείρηση,none,26.2295,2022,Q4,low
,leader_choice_dilemma,Δίλημμα Μητσοτάκης ή Τσίπρας,occupation_group,Βοηθός σε οικογενειακή επιχείρηση,Αλέξης Τσίπρας,18.7474,2022,Q4,low
,leader_choice_dilemma,Δίλημμα Μητσοτάκης ή Τσίπρας,occupation_group,Βοηθός σε οικογενειακή επιχείρηση,Κυριάκος Μητσοτάκης,55.0231,2022,Q4,low
,suitable_pm,Καταλληλότερος για πρωθυπουργός,occupation_group,Βοηθός σε οικογενειακή επιχείρηση,none,12.4601,2022,Q4,low
,suitable_pm,Καταλληλότερος για πρωθυπουργός,occupation_group,Βοηθός σε οικογενειακή επιχείρηση,Αλέξης Τσίπρας,28.5045,2022,Q4,low
,suitable_pm,Καταλληλότερος για πρωθυπουργός,occupation_group,Βοηθός σε οικογενειακή επιχείρηση,Κυριάκος Μητσοτάκης,59.0354,2022,Q4,low
,leader_performance_compare,Σύγκριση πρωθυπουργικής επίδοσης,occupation_group,Δεν απαντώ,none,41.6608,2022,Q4,low
,leader_performance_compare,Σύγκριση πρωθυπουργικής επίδοσης,occupation_group,Δεν απαντώ,Αλέξης Τσίπρας,36.0725,2022,Q4,low
,leader_performance_compare,Σύγκριση πρωθυπουργικής επίδοσης,occupation_group,Δεν απαντώ,Κυριάκος Μητσοτάκης,22.2667,2022,Q4,low
,leader_accountability_blame,Ευθύνη/χρέωση: Για τη διαφθορά,occupation_group,Δεν απαντώ,none,15.3662,2022,Q4,low
,leader_accountability_blame,Ευθύνη/χρέωση: Για τη διαφθορά,occupation_group,Δεν απαντώ,Αλέξης Τσίπρας,18.9937,2022,Q4,low
,leader_accountability_blame,Ευθύνη/χρέωση: Για τη διαφθορά,occupation_group,Δεν απαντώ,Κυριάκος Μητσοτάκης,65.6401,2022,Q4,low
,leader_accountability_blame,Ευθύνη/χρέωση: Για την ακρίβεια,occupation_group,Δεν απαντώ,none,26.5991,2022,Q4,low
,leader_accountability_blame,Ευθύνη/χρέωση: Για την ακρίβεια,occupation_group,Δεν απαντώ,Αλέξης Τσίπρας,5.2122,2022,Q4,low
,leader_accountability_blame,Ευθύνη/χρέωση: Για την ακρίβεια,occupation_group,Δεν απαντώ,Κυριάκος Μητσοτάκης,68.1887,2022,Q4,low
,leader_accountability_blame,Ευθύνη/χρέωση: Για την ανεργία,occupation_group,Δεν απαντώ,none,11.7712,2022,Q4,low
,leader_accountability_blame,Ευθύνη/χρέωση: Για την ανεργία,occupation_group,Δεν απαντώ,Αλέξης Τσίπρας,37.5829,2022,Q4,low
,leader_accountability_blame,Ευθύνη/χρέωση: Για την ανεργία,occupation_group,Δεν απαντώ,Κυριάκος Μητσοτάκης,50.6459,2022,Q4,low
,leader_accountability_blame,Ευθύνη/χρέωση: Για την εγκληματικότητα,occupation_group,Δεν απαντώ,none,10.9807,2022,Q4,low
,leader_accountability_blame,Ευθύνη/χρέωση: Για την εγκληματικότητα,occupation_group,Δεν απαντώ,Αλέξης Τσίπρας,29.862,2022,Q4,low
,leader_accountability_blame,Ευθύνη/χρέωση: Για την εγκληματικότητα,occupation_group,Δεν απαντώ,Κυριάκος Μητσοτάκης,59.1574,2022,Q4,low
,leader_accountability_blame,Ευθύνη/χρέωση: Για την κατάσταση στα μέσα ενημέρωσης,occupation_group,Δεν απαντώ,none,14.9327,2022,Q4,low
,leader_accountability_blame,Ευθύνη/χρέωση: Για την κατάσταση στα μέσα ενημέρωσης,occupation_group,Δεν απαντώ,Αλέξης Τσίπρας,15.4647,2022,Q4,low
,leader_accountability_blame,Ευθύνη/χρέωση: Για την κατάσταση στα μέσα ενημέρωσης,occupation_group,Δεν απαντώ,Κυριάκος Μητσοτάκης,69.6027,2022,Q4,low
,leader_accountability_blame,Ευθύνη/χρέωση: Για τις υποκλοπές,occupation_group,Δεν απαντώ,none,19.9363,2022,Q4,low
,leader_accountability_blame,Ευθύνη/χρέωση: Για τις υποκλοπές,occupation_group,Δεν απαντώ,Αλέξης Τσίπρας,13.007,2022,Q4,low
,leader_accountability_blame,Ευθύνη/χρέωση: Για τις υποκλοπές,occupation_group,Δεν απαντώ,Κυριάκος Μητσοτάκης,67.0567,2022,Q4,low
,leader_accountability_blame,Ευθύνη/χρέωση: Για τους πλειστηριασμούς πρώτης κατοικίας,occupation_group,Δεν απαντώ,none,6.3439,2022,Q4,low
,leader_accountability_blame,Ευθύνη/χρέωση: Για τους πλειστηριασμούς πρώτης κατοικίας,occupation_group,Δεν απαντώ,Αλέξης Τσίπρας,27.4486,2022,Q4,low
,leader_accountability_blame,Ευθύνη/χρέωση: Για τους πλειστηριασμούς πρώτης κατοικίας,occupation_group,Δεν απαντώ,Κυριάκος Μητσοτάκης,66.2076,2022,Q4,low
,leader_accountability_blame,Ευθύνη/χρέωση: Για τους χαμηλούς μισθούς/συντάξεις,occupation_group,Δεν απαντώ,none,6.0052,2022,Q4,low
,leader_accountability_blame,Ευθύνη/χρέωση: Για τους χαμηλούς μισθούς/συντάξεις,occupation_group,Δεν απαντώ,Αλέξης Τσίπρας,37.5486,2022,Q4,low
,leader_accountability_blame,Ευθύνη/χρέωση: Για τους χαμηλούς μισθούς/συντάξεις,occupation_group,Δεν απαντώ,Κυριάκος Μητσοτάκης,56.4463,2022,Q4,low
,leader_trait,Ασυμβίβαστος με τα συμφέροντα,occupation_group,Δεν απαντώ,Αλέξης Τσίπρας,56.4768,2022,Q4,low
,leader_trait,Ασυμβίβαστος με τα συμφέροντα,occupation_group,Δεν απαντώ,Κυριάκος Μητσοτάκης,43.5232,2022,Q4,low
,leader_trait,Εκφράζει το μεσαίο χώρο,occupation_group,Δεν απαντώ,Αλέξης Τσίπρας,73.4736,2022,Q4,low
,leader_trait,Εκφράζει το μεσαίο χώρο,occupation_group,Δεν απαντώ,Κυριάκος Μητσοτάκης,26.5264,2022,Q4,low
,leader_trait,Κοντά στους πολίτες,occupation_group,Δεν απαντώ,Αλέξης Τσίπρας,72.9588,2022,Q4,low
,leader_trait,Κοντά στους πολίτες,occupation_group,Δεν απαντώ,Κυριάκος Μητσοτάκης,27.0412,2022,Q4,low
,leader_trait,Αξιόπιστος,occupation_group,Δεν απαντώ,Αλέξης Τσίπρας,61.8059,2022,Q4,low
,leader_trait,Αξιόπιστος,occupation_group,Δεν απαντώ,Κυριάκος Μητσοτάκης,38.1941,2022,Q4,low
,leader_trait,Σέβεται τις δημοκρατικές αρχές,occupation_group,Δεν απαντώ,Αλέξης Τσίπρας,67.1889,2022,Q4,low
,leader_trait,Σέβεται τις δημοκρατικές αρχές,occupation_group,Δεν απαντώ,Κυριάκος Μητσοτάκης,32.8111,2022,Q4,low
,leader_trait,Ικανός στη διαχείριση της οικονομίας,occupation_group,Δεν απαντώ,Αλέξης Τσίπρας,50.3208,2022,Q4,low
,leader_trait,Ικανός στη διαχείριση της οικονομίας,occupation_group,Δεν απαντώ,Κυριάκος Μητσοτάκης,49.6792,2022,Q4,low
,leader_trait,Αποτελεσματικός,occupation_group,Δεν απαντώ,Αλέξης Τσίπρας,53.807,2022,Q4,low
,leader_trait,Αποτελεσματικός,occupation_group,Δεν απαντώ,Κυριάκος Μητσοτάκης,46.193,2022,Q4,low
,leader_trait,Ακέραιος με το δημόσιο χρήμα,occupation_group,Δεν απαντώ,Αλέξης Τσίπρας,68.2343,2022,Q4,low
,leader_trait,Ακέραιος με το δημόσιο χρήμα,occupation_group,Δεν απαντώ,Κυριάκος Μητσοτάκης,31.7657,2022,Q4,low
,leader_trait,Έχει ηγετικά προσόντα,occupation_group,Δεν απαντώ,Αλέξης Τσίπρας,57.2682,2022,Q4,low
,leader_trait,Έχει ηγετικά προσόντα,occupation_group,Δεν απαντώ,Κυριάκος Μητσοτάκης,42.7318,2022,Q4,low
,leader_trait,Επιλέγει καλύτερους συνεργάτες,occupation_group,Δεν απαντώ,Αλέξης Τσίπρας,54.6737,2022,Q4,low
,leader_trait,Επιλέγει καλύτερους συνεργάτες,occupation_group,Δεν απαντώ,Κυριάκος Μητσοτάκης,45.3263,2022,Q4,low
,leader_choice_dilemma,Δίλημμα Μητσοτάκης ή Τσίπρας,occupation_group,Δεν απαντώ,none,46.5385,2022,Q4,low
,leader_choice_dilemma,Δίλημμα Μητσοτάκης ή Τσίπρας,occupation_group,Δεν απαντώ,Αλέξης Τσίπρας,29.2747,2022,Q4,low
,leader_choice_dilemma,Δίλημμα Μητσοτάκης ή Τσίπρας,occupation_group,Δεν απαντώ,Κυριάκος Μητσοτάκης,24.1867,2022,Q4,low
,suitable_pm,Καταλληλότερος για πρωθυπουργός,occupation_group,Δεν απαντώ,none,40.5954,2022,Q4,low
,suitable_pm,Καταλληλότερος για πρωθυπουργός,occupation_group,Δεν απαντώ,Αλέξης Τσίπρας,28.0713,2022,Q4,low
,suitable_pm,Καταλληλότερος για πρωθυπουργός,occupation_group,Δεν απαντώ,Κυριάκος Μητσοτάκης,31.3333,2022,Q4,low
,leader_performance_compare,Σύγκριση πρωθυπουργικής επίδοσης,occupation_group,Εισοδηματίας,none,41.1726,2022,Q4,low
,leader_performance_compare,Σύγκριση πρωθυπουργικής επίδοσης,occupation_group,Εισοδηματίας,Αλέξης Τσίπρας,3.4181,2022,Q4,low
,leader_performance_compare,Σύγκριση πρωθυπουργικής επίδοσης,occupation_group,Εισοδηματίας,Κυριάκος Μητσοτάκης,55.4093,2022,Q4,low
,leader_accountability_blame,Ευθύνη/χρέωση: Για τη διαφθορά,occupation_group,Εισοδηματίας,none,20.8419,2022,Q4,low
,leader_accountability_blame,Ευθύνη/χρέωση: Για τη διαφθορά,occupation_group,Εισοδηματίας,Αλέξης Τσίπρας,41.4713,2022,Q4,low
,leader_accountability_blame,Ευθύνη/χρέωση: Για τη διαφθορά,occupation_group,Εισοδηματίας,Κυριάκος Μητσοτάκης,37.6868,2022,Q4,low
,leader_accountability_blame,Ευθύνη/χρέωση: Για την ακρίβεια,occupation_group,Εισοδηματίας,none,40.2209,2022,Q4,low
,leader_accountability_blame,Ευθύνη/χρέωση: Για την ακρίβεια,occupation_group,Εισοδηματίας,Αλέξης Τσίπρας,12.8337,2022,Q4,low
,leader_accountability_blame,Ευθύνη/χρέωση: Για την ακρίβεια,occupation_group,Εισοδηματίας,Κυριάκος Μητσοτάκης,46.9454,2022,Q4,low
,leader_accountability_blame,Ευθύνη/χρέωση: Για την ανεργία,occupation_group,Εισοδηματίας,none,45.56,2022,Q4,low
,leader_accountability_blame,Ευθύνη/χρέωση: Για την ανεργία,occupation_group,Εισοδηματίας,Αλέξης Τσίπρας,33.6992,2022,Q4,low
,leader_accountability_blame,Ευθύνη/χρέωση: Για την ανεργία,occupation_group,Εισοδηματίας,Κυριάκος Μητσοτάκης,20.7408,2022,Q4,low
,leader_accountability_blame,Ευθύνη/χρέωση: Για την εγκληματικότητα,occupation_group,Εισοδηματίας,none,37.8193,2022,Q4,low
,leader_accountability_blame,Ευθύνη/χρέωση: Για την εγκληματικότητα,occupation_group,Εισοδηματίας,Αλέξης Τσίπρας,33.6468,2022,Q4,low
,leader_accountability_blame,Ευθύνη/χρέωση: Για την εγκληματικότητα,occupation_group,Εισοδηματίας,Κυριάκος Μητσοτάκης,28.5339,2022,Q4,low
,leader_accountability_blame,Ευθύνη/χρέωση: Για την κατάσταση στα μέσα ενημέρωσης,occupation_group,Εισοδηματίας,none,42.0048,2022,Q4,low
,leader_accountability_blame,Ευθύνη/χρέωση: Για την κατάσταση στα μέσα ενημέρωσης,occupation_group,Εισοδηματίας,Αλέξης Τσίπρας,27.5526,2022,Q4,low
,leader_accountability_blame,Ευθύνη/χρέωση: Για την κατάσταση στα μέσα ενημέρωσης,occupation_group,Εισοδηματίας,Κυριάκος Μητσοτάκης,30.4427,2022,Q4,low
,leader_accountability_blame,Ευθύνη/χρέωση: Για τις υποκλοπές,occupation_group,Εισοδηματίας,none,24.0699,2022,Q4,low
,leader_accountability_blame,Ευθύνη/χρέωση: Για τις υποκλοπές,occupation_group,Εισοδηματίας,Αλέξης Τσίπρας,8.1926,2022,Q4,low
,leader_accountability_blame,Ευθύνη/χρέωση: Για τις υποκλοπές,occupation_group,Εισοδηματίας,Κυριάκος Μητσοτάκης,67.7375,2022,Q4,low
,leader_accountability_blame,Ευθύνη/χρέωση: Για τους πλειστηριασμούς πρώτης κατοικίας,occupation_group,Εισοδηματίας,none,27.0734,2022,Q4,low
,leader_accountability_blame,Ευθύνη/χρέωση: Για τους πλειστηριασμούς πρώτης κατοικίας,occupation_group,Εισοδηματίας,Αλέξης Τσίπρας,33.5497,2022,Q4,low
,leader_accountability_blame,Ευθύνη/χρέωση: Για τους πλειστηριασμούς πρώτης κατοικίας,occupation_group,Εισοδηματίας,Κυριάκος Μητσοτάκης,39.3769,2022,Q4,low
,leader_accountability_blame,Ευθύνη/χρέωση: Για τους χαμηλούς μισθούς/συντάξεις,occupation_group,Εισοδηματίας,none,8.7996,2022,Q4,low
,leader_accountability_blame,Ευθύνη/χρέωση: Για τους χαμηλούς μισθούς/συντάξεις,occupation_group,Εισοδηματίας,Αλέξης Τσίπρας,73.0718,2022,Q4,low
,leader_accountability_blame,Ευθύνη/χρέωση: Για τους χαμηλούς μισθούς/συντάξεις,occupation_group,Εισοδηματίας,Κυριάκος Μητσοτάκης,18.1286,2022,Q4,low
,leader_trait,Ασυμβίβαστος με τα συμφέροντα,occupation_group,Εισοδηματίας,Αλέξης Τσίπρας,71.1991,2022,Q4,low
,leader_trait,Ασυμβίβαστος με τα συμφέροντα,occupation_group,Εισοδηματίας,Κυριάκος Μητσοτάκης,28.8009,2022,Q4,low
,leader_trait,Εκφράζει το μεσαίο χώρο,occupation_group,Εισοδηματίας,Αλέξης Τσίπρας,29.6874,2022,Q4,low
,leader_trait,Εκφράζει το μεσαίο χώρο,occupation_group,Εισοδηματίας,Κυριάκος Μητσοτάκης,70.3126,2022,Q4,low
,leader_trait,Κοντά στους πολίτες,occupation_group,Εισοδηματίας,Αλέξης Τσίπρας,38.9895,2022,Q4,low
,leader_trait,Κοντά στους πολίτες,occupation_group,Εισοδηματίας,Κυριάκος Μητσοτάκης,61.0105,2022,Q4,low
,leader_trait,Αξιόπιστος,occupation_group,Εισοδηματίας,Αλέξης Τσίπρας,13.4888,2022,Q4,low
,leader_trait,Αξιόπιστος,occupation_group,Εισοδηματίας,Κυριάκος Μητσοτάκης,86.5112,2022,Q4,low
,leader_trait,Σέβεται τις δημοκρατικές αρχές,occupation_group,Εισοδηματίας,Αλέξης Τσίπρας,35.7282,2022,Q4,low
,leader_trait,Σέβεται τις δημοκρατικές αρχές,occupation_group,Εισοδηματίας,Κυριάκος Μητσοτάκης,64.2718,2022,Q4,low
,leader_trait,Ικανός στη διαχείριση της οικονομίας,occupation_group,Εισοδηματίας,Αλέξης Τσίπρας,5.5155,2022,Q4,low
,leader_trait,Ικανός στη διαχείριση της οικονομίας,occupation_group,Εισοδηματίας,Κυριάκος Μητσοτάκης,94.4845,2022,Q4,low
,leader_trait,Αποτελεσματικός,occupation_group,Εισοδηματίας,Αλέξης Τσίπρας,9.337,2022,Q4,low
,leader_trait,Αποτελεσματικός,occupation_group,Εισοδηματίας,Κυριάκος Μητσοτάκης,90.663,2022,Q4,low
,leader_trait,Ακέραιος με το δημόσιο χρήμα,occupation_group,Εισοδηματίας,Αλέξης Τσίπρας,19.8255,2022,Q4,low
,leader_trait,Ακέραιος με το δημόσιο χρήμα,occupation_group,Εισοδηματίας,Κυριάκος Μητσοτάκης,80.1745,2022,Q4,low
,leader_trait,Έχει ηγετικά προσόντα,occupation_group,Εισοδηματίας,Αλέξης Τσίπρας,9.337,2022,Q4,low
,leader_trait,Έχει ηγετικά προσόντα,occupation_group,Εισοδηματίας,Κυριάκος Μητσοτάκης,90.663,2022,Q4,low
,leader_trait,Επιλέγει καλύτερους συνεργάτες,occupation_group,Εισοδηματίας,Αλέξης Τσίπρας,18.5416,2022,Q4,low
,leader_trait,Επιλέγει καλύτερους συνεργάτες,occupation_group,Εισοδηματίας,Κυριάκος Μητσοτάκης,81.4584,2022,Q4,low
,leader_choice_dilemma,Δίλημμα Μητσοτάκης ή Τσίπρας,occupation_group,Εισοδηματίας,none,38.3634,2022,Q4,low
,leader_choice_dilemma,Δίλημμα Μητσοτάκης ή Τσίπρας,occupation_group,Εισοδηματίας,Αλέξης Τσίπρας,13.9851,2022,Q4,low
,leader_choice_dilemma,Δίλημμα Μητσοτάκης ή Τσίπρας,occupation_group,Εισοδηματίας,Κυριάκος Μητσοτάκης,47.6515,2022,Q4,low
,suitable_pm,Καταλληλότερος για πρωθυπουργός,occupation_group,Εισοδηματίας,none,41.2408,2022,Q4,low
,suitable_pm,Καταλληλότερος για πρωθυπουργός,occupation_group,Εισοδηματίας,Αλέξης Τσίπρας,11.1077,2022,Q4,low
,suitable_pm,Καταλληλότερος για πρωθυπουργός,occupation_group,Εισοδηματίας,Κυριάκος Μητσοτάκης,47.6515,2022,Q4,low
,leader_performance_compare,Σύγκριση πρωθυπουργικής επίδοσης,left_right_group,center,none,23.0294,2022,Q4,high
,leader_performance_compare,Σύγκριση πρωθυπουργικής επίδοσης,left_right_group,center,Αλέξης Τσίπρας,23.2637,2022,Q4,high
,leader_performance_compare,Σύγκριση πρωθυπουργικής επίδοσης,left_right_group,center,Κυριάκος Μητσοτάκης,53.7069,2022,Q4,high
,leader_accountability_blame,Ευθύνη/χρέωση: Για τη διαφθορά,left_right_group,center,none,27.2414,2022,Q4,high
,leader_accountability_blame,Ευθύνη/χρέωση: Για τη διαφθορά,left_right_group,center,Αλέξης Τσίπρας,19.623,2022,Q4,high
,leader_accountability_blame,Ευθύνη/χρέωση: Για τη διαφθορά,left_right_group,center,Κυριάκος Μητσοτάκης,53.1356,2022,Q4,high
,leader_accountability_blame,Ευθύνη/χρέωση: Για την ακρίβεια,left_right_group,center,none,37.5173,2022,Q4,high
,leader_accountability_blame,Ευθύνη/χρέωση: Για την ακρίβεια,left_right_group,center,Αλέξης Τσίπρας,9.6736,2022,Q4,high
,leader_accountability_blame,Ευθύνη/χρέωση: Για την ακρίβεια,left_right_group,center,Κυριάκος Μητσοτάκης,52.809,2022,Q4,high
,leader_accountability_blame,Ευθύνη/χρέωση: Για την ανεργία,left_right_group,center,none,37.6839,2022,Q4,high
,leader_accountability_blame,Ευθύνη/χρέωση: Για την ανεργία,left_right_group,center,Αλέξης Τσίπρας,24.4624,2022,Q4,high
,leader_accountability_blame,Ευθύνη/χρέωση: Για την ανεργία,left_right_group,center,Κυριάκος Μητσοτάκης,37.8537,2022,Q4,high
,leader_accountability_blame,Ευθύνη/χρέωση: Για την εγκληματικότητα,left_right_group,center,none,30.1079,2022,Q4,high
,leader_accountability_blame,Ευθύνη/χρέωση: Για την εγκληματικότητα,left_right_group,center,Αλέξης Τσίπρας,38.1995,2022,Q4,high
,leader_accountability_blame,Ευθύνη/χρέωση: Για την εγκληματικότητα,left_right_group,center,Κυριάκος Μητσοτάκης,31.6926,2022,Q4,high
,leader_accountability_blame,Ευθύνη/χρέωση: Για την κατάσταση στα μέσα ενημέρωσης,left_right_group,center,none,22.7133,2022,Q4,high
,leader_accountability_blame,Ευθύνη/χρέωση: Για την κατάσταση στα μέσα ενημέρωσης,left_right_group,center,Αλέξης Τσίπρας,18.237,2022,Q4,high
,leader_accountability_blame,Ευθύνη/χρέωση: Για την κατάσταση στα μέσα ενημέρωσης,left_right_group,center,Κυριάκος Μητσοτάκης,59.0497,2022,Q4,high
,leader_accountability_blame,Ευθύνη/χρέωση: Για τις υποκλοπές,left_right_group,center,none,23.7985,2022,Q4,high
,leader_accountability_blame,Ευθύνη/χρέωση: Για τις υποκλοπές,left_right_group,center,Αλέξης Τσίπρας,9.5881,2022,Q4,high
,leader_accountability_blame,Ευθύνη/χρέωση: Για τις υποκλοπές,left_right_group,center,Κυριάκος Μητσοτάκης,66.6134,2022,Q4,high
,leader_accountability_blame,Ευθύνη/χρέωση: Για τους πλειστηριασμούς πρώτης κατοικίας,left_right_group,center,none,25.3831,2022,Q4,high
,leader_accountability_blame,Ευθύνη/χρέωση: Για τους πλειστηριασμούς πρώτης κατοικίας,left_right_group,center,Αλέξης Τσίπρας,33.5471,2022,Q4,high
,leader_accountability_blame,Ευθύνη/χρέωση: Για τους πλειστηριασμούς πρώτης κατοικίας,left_right_group,center,Κυριάκος Μητσοτάκης,41.0698,2022,Q4,high
,leader_accountability_blame,Ευθύνη/χρέωση: Για τους χαμηλούς μισθούς/συντάξεις,left_right_group,center,none,25.541,2022,Q4,high
,leader_accountability_blame,Ευθύνη/χρέωση: Για τους χαμηλούς μισθούς/συντάξεις,left_right_group,center,Αλέξης Τσίπρας,36.0391,2022,Q4,high
,leader_accountability_blame,Ευθύνη/χρέωση: Για τους χαμηλούς μισθούς/συντάξεις,left_right_group,center,Κυριάκος Μητσοτάκης,38.42,2022,Q4,high
,leader_trait,Ασυμβίβαστος με τα συμφέροντα,left_right_group,center,Αλέξης Τσίπρας,60.3497,2022,Q4,high
,leader_trait,Ασυμβίβαστος με τα συμφέροντα,left_right_group,center,Κυριάκος Μητσοτάκης,39.6503,2022,Q4,high
,leader_trait,Εκφράζει το μεσαίο χώρο,left_right_group,center,Αλέξης Τσίπρας,51.5053,2022,Q4,high
,leader_trait,Εκφράζει το μεσαίο χώρο,left_right_group,center,Κυριάκος Μητσοτάκης,48.4947,2022,Q4,high
,leader_trait,Κοντά στους πολίτες,left_right_group,center,Αλέξης Τσίπρας,53.8678,2022,Q4,high
,leader_trait,Κοντά στους πολίτες,left_right_group,center,Κυριάκος Μητσοτάκης,46.1322,2022,Q4,high
,leader_trait,Αξιόπιστος,left_right_group,center,Αλέξης Τσίπρας,36.8815,2022,Q4,high
,leader_trait,Αξιόπιστος,left_right_group,center,Κυριάκος Μητσοτάκης,63.1185,2022,Q4,high
,leader_trait,Σέβεται τις δημοκρατικές αρχές,left_right_group,center,Αλέξης Τσίπρας,49.2657,2022,Q4,high
,leader_trait,Σέβεται τις δημοκρατικές αρχές,left_right_group,center,Κυριάκος Μητσοτάκης,50.7343,2022,Q4,high
,leader_trait,Ικανός στη διαχείριση της οικονομίας,left_right_group,center,Αλέξης Τσίπρας,27.8029,2022,Q4,high
,leader_trait,Ικανός στη διαχείριση της οικονομίας,left_right_group,center,Κυριάκος Μητσοτάκης,72.1971,2022,Q4,high
,leader_trait,Αποτελεσματικός,left_right_group,center,Αλέξης Τσίπρας,27.8041,2022,Q4,high
,leader_trait,Αποτελεσματικός,left_right_group,center,Κυριάκος Μητσοτάκης,72.1959,2022,Q4,high
,leader_trait,Ακέραιος με το δημόσιο χρήμα,left_right_group,center,Αλέξης Τσίπρας,55.298,2022,Q4,high
,leader_trait,Ακέραιος με το δημόσιο χρήμα,left_right_group,center,Κυριάκος Μητσοτάκης,44.702,2022,Q4,high
,leader_trait,Έχει ηγετικά προσόντα,left_right_group,center,Αλέξης Τσίπρας,34.6349,2022,Q4,high
,leader_trait,Έχει ηγετικά προσόντα,left_right_group,center,Κυριάκος Μητσοτάκης,65.3651,2022,Q4,high
,leader_trait,Επιλέγει καλύτερους συνεργάτες,left_right_group,center,Αλέξης Τσίπρας,28.3073,2022,Q4,high
,leader_trait,Επιλέγει καλύτερους συνεργάτες,left_right_group,center,Κυριάκος Μητσοτάκης,71.6927,2022,Q4,high
,leader_choice_dilemma,Δίλημμα Μητσοτάκης ή Τσίπρας,left_right_group,center,none,30.3528,2022,Q4,high
,leader_choice_dilemma,Δίλημμα Μητσοτάκης ή Τσίπρας,left_right_group,center,Αλέξης Τσίπρας,25.7122,2022,Q4,high
,leader_choice_dilemma,Δίλημμα Μητσοτάκης ή Τσίπρας,left_right_group,center,Κυριάκος Μητσοτάκης,43.935,2022,Q4,high
,suitable_pm,Καταλληλότερος για πρωθυπουργός,left_right_group,center,none,23.6083,2022,Q4,high
,suitable_pm,Καταλληλότερος για πρωθυπουργός,left_right_group,center,Αλέξης Τσίπρας,26.3467,2022,Q4,high
,suitable_pm,Καταλληλότερος για πρωθυπουργός,left_right_group,center,Κυριάκος Μητσοτάκης,50.0449,2022,Q4,high
,leader_performance_compare,Σύγκριση πρωθυπουργικής επίδοσης,left_right_group,left,none,29.3998,2022,Q4,medium
,leader_performance_compare,Σύγκριση πρωθυπουργικής επίδοσης,left_right_group,left,Αλέξης Τσίπρας,63.9902,2022,Q4,medium
,leader_performance_compare,Σύγκριση πρωθυπουργικής επίδοσης,left_right_group,left,Κυριάκος Μητσοτάκης,6.61,2022,Q4,medium
,leader_accountability_blame,Ευθύνη/χρέωση: Για τη διαφθορά,left_right_group,left,none,5.2433,2022,Q4,medium
,leader_accountability_blame,Ευθύνη/χρέωση: Για τη διαφθορά,left_right_group,left,Αλέξης Τσίπρας,3.1442,2022,Q4,medium
,leader_accountability_blame,Ευθύνη/χρέωση: Για τη διαφθορά,left_right_group,left,Κυριάκος Μητσοτάκης,91.6125,2022,Q4,medium
,leader_accountability_blame,Ευθύνη/χρέωση: Για την ακρίβεια,left_right_group,left,none,4.5157,2022,Q4,medium
,leader_accountability_blame,Ευθύνη/χρέωση: Για την ακρίβεια,left_right_group,left,Αλέξης Τσίπρας,2.7347,2022,Q4,medium
,leader_accountability_blame,Ευθύνη/χρέωση: Για την ακρίβεια,left_right_group,left,Κυριάκος Μητσοτάκης,92.7496,2022,Q4,medium
,leader_accountability_blame,Ευθύνη/χρέωση: Για την ανεργία,left_right_group,left,none,8.7495,2022,Q4,medium
,leader_accountability_blame,Ευθύνη/χρέωση: Για την ανεργία,left_right_group,left,Αλέξης Τσίπρας,6.4275,2022,Q4,medium
,leader_accountability_blame,Ευθύνη/χρέωση: Για την ανεργία,left_right_group,left,Κυριάκος Μητσοτάκης,84.823,2022,Q4,medium
,leader_accountability_blame,Ευθύνη/χρέωση: Για την εγκληματικότητα,left_right_group,left,none,14.8836,2022,Q4,medium
,leader_accountability_blame,Ευθύνη/χρέωση: Για την εγκληματικότητα,left_right_group,left,Αλέξης Τσίπρας,3.8348,2022,Q4,medium
,leader_accountability_blame,Ευθύνη/χρέωση: Για την εγκληματικότητα,left_right_group,left,Κυριάκος Μητσοτάκης,81.2815,2022,Q4,medium
,leader_accountability_blame,Ευθύνη/χρέωση: Για την κατάσταση στα μέσα ενημέρωσης,left_right_group,left,none,3.2875,2022,Q4,medium
,leader_accountability_blame,Ευθύνη/χρέωση: Για την κατάσταση στα μέσα ενημέρωσης,left_right_group,left,Αλέξης Τσίπρας,1.7487,2022,Q4,medium
,leader_accountability_blame,Ευθύνη/χρέωση: Για την κατάσταση στα μέσα ενημέρωσης,left_right_group,left,Κυριάκος Μητσοτάκης,94.9638,2022,Q4,medium
,leader_accountability_blame,Ευθύνη/χρέωση: Για τις υποκλοπές,left_right_group,left,none,2.7883,2022,Q4,medium
,leader_accountability_blame,Ευθύνη/χρέωση: Για τις υποκλοπές,left_right_group,left,Αλέξης Τσίπρας,1.6283,2022,Q4,medium
,leader_accountability_blame,Ευθύνη/χρέωση: Για τις υποκλοπές,left_right_group,left,Κυριάκος Μητσοτάκης,95.5834,2022,Q4,medium
,leader_accountability_blame,Ευθύνη/χρέωση: Για τους πλειστηριασμούς πρώτης κατοικίας,left_right_group,left,none,5.7754,2022,Q4,medium
,leader_accountability_blame,Ευθύνη/χρέωση: Για τους πλειστηριασμούς πρώτης κατοικίας,left_right_group,left,Αλέξης Τσίπρας,10.8462,2022,Q4,medium
,leader_accountability_blame,Ευθύνη/χρέωση: Για τους πλειστηριασμούς πρώτης κατοικίας,left_right_group,left,Κυριάκος Μητσοτάκης,83.3784,2022,Q4,medium
,leader_accountability_blame,Ευθύνη/χρέωση: Για τους χαμηλούς μισθούς/συντάξεις,left_right_group,left,none,8.558,2022,Q4,medium
,leader_accountability_blame,Ευθύνη/χρέωση: Για τους χαμηλούς μισθούς/συντάξεις,left_right_group,left,Αλέξης Τσίπρας,6.3494,2022,Q4,medium
,leader_accountability_blame,Ευθύνη/χρέωση: Για τους χαμηλούς μισθούς/συντάξεις,left_right_group,left,Κυριάκος Μητσοτάκης,85.0926,2022,Q4,medium
,leader_trait,Ασυμβίβαστος με τα συμφέροντα,left_right_group,left,Αλέξης Τσίπρας,95.2864,2022,Q4,medium
,leader_trait,Ασυμβίβαστος με τα συμφέροντα,left_right_group,left,Κυριάκος Μητσοτάκης,4.7136,2022,Q4,medium
,leader_trait,Εκφράζει το μεσαίο χώρο,left_right_group,left,Αλέξης Τσίπρας,96.7996,2022,Q4,medium
,leader_trait,Εκφράζει το μεσαίο χώρο,left_right_group,left,Κυριάκος Μητσοτάκης,3.2004,2022,Q4,medium
,leader_trait,Κοντά στους πολίτες,left_right_group,left,Αλέξης Τσίπρας,98.2309,2022,Q4,medium
,leader_trait,Κοντά στους πολίτες,left_right_group,left,Κυριάκος Μητσοτάκης,1.7691,2022,Q4,medium
,leader_trait,Αξιόπιστος,left_right_group,left,Αλέξης Τσίπρας,94.3886,2022,Q4,medium
,leader_trait,Αξιόπιστος,left_right_group,left,Κυριάκος Μητσοτάκης,5.6114,2022,Q4,medium
,leader_trait,Σέβεται τις δημοκρατικές αρχές,left_right_group,left,Αλέξης Τσίπρας,98.8694,2022,Q4,medium
,leader_trait,Σέβεται τις δημοκρατικές αρχές,left_right_group,left,Κυριάκος Μητσοτάκης,1.1306,2022,Q4,medium
,leader_trait,Ικανός στη διαχείριση της οικονομίας,left_right_group,left,Αλέξης Τσίπρας,92.997,2022,Q4,medium
,leader_trait,Ικανός στη διαχείριση της οικονομίας,left_right_group,left,Κυριάκος Μητσοτάκης,7.003,2022,Q4,medium
,leader_trait,Αποτελεσματικός,left_right_group,left,Αλέξης Τσίπρας,88.8945,2022,Q4,medium
,leader_trait,Αποτελεσματικός,left_right_group,left,Κυριάκος Μητσοτάκης,11.1055,2022,Q4,medium
,leader_trait,Ακέραιος με το δημόσιο χρήμα,left_right_group,left,Αλέξης Τσίπρας,99.4403,2022,Q4,medium
,leader_trait,Ακέραιος με το δημόσιο χρήμα,left_right_group,left,Κυριάκος Μητσοτάκης,0.5597,2022,Q4,medium
,leader_trait,Έχει ηγετικά προσόντα,left_right_group,left,Αλέξης Τσίπρας,93.317,2022,Q4,medium
,leader_trait,Έχει ηγετικά προσόντα,left_right_group,left,Κυριάκος Μητσοτάκης,6.683,2022,Q4,medium
,leader_trait,Επιλέγει καλύτερους συνεργάτες,left_right_group,left,Αλέξης Τσίπρας,88.4124,2022,Q4,medium
,leader_trait,Επιλέγει καλύτερους συνεργάτες,left_right_group,left,Κυριάκος Μητσοτάκης,11.5876,2022,Q4,medium
,leader_choice_dilemma,Δίλημμα Μητσοτάκης ή Τσίπρας,left_right_group,left,none,36.4897,2022,Q4,medium
,leader_choice_dilemma,Δίλημμα Μητσοτάκης ή Τσίπρας,left_right_group,left,Αλέξης Τσίπρας,61.8739,2022,Q4,medium
,leader_choice_dilemma,Δίλημμα Μητσοτάκης ή Τσίπρας,left_right_group,left,Κυριάκος Μητσοτάκης,1.6364,2022,Q4,medium
,suitable_pm,Καταλληλότερος για πρωθυπουργός,left_right_group,left,none,29.6311,2022,Q4,medium
,suitable_pm,Καταλληλότερος για πρωθυπουργός,left_right_group,left,Αλέξης Τσίπρας,67.7961,2022,Q4,medium
,suitable_pm,Καταλληλότερος για πρωθυπουργός,left_right_group,left,Κυριάκος Μητσοτάκης,2.5728,2022,Q4,medium
,leader_performance_compare,Σύγκριση πρωθυπουργικής επίδοσης,left_right_group,right,none,40.5872,2022,Q4,high
,leader_performance_compare,Σύγκριση πρωθυπουργικής επίδοσης,left_right_group,right,Αλέξης Τσίπρας,14.9436,2022,Q4,high
,leader_performance_compare,Σύγκριση πρωθυπουργικής επίδοσης,left_right_group,right,Κυριάκος Μητσοτάκης,44.4692,2022,Q4,high
,leader_accountability_blame,Ευθύνη/χρέωση: Για τη διαφθορά,left_right_group,right,none,22.8235,2022,Q4,high
,leader_accountability_blame,Ευθύνη/χρέωση: Για τη διαφθορά,left_right_group,right,Αλέξης Τσίπρας,23.4507,2022,Q4,high
,leader_accountability_blame,Ευθύνη/χρέωση: Για τη διαφθορά,left_right_group,right,Κυριάκος Μητσοτάκης,53.7258,2022,Q4,high
,leader_accountability_blame,Ευθύνη/χρέωση: Για την ακρίβεια,left_right_group,right,none,30.7976,2022,Q4,high
,leader_accountability_blame,Ευθύνη/χρέωση: Για την ακρίβεια,left_right_group,right,Αλέξης Τσίπρας,11.2216,2022,Q4,high
,leader_accountability_blame,Ευθύνη/χρέωση: Για την ακρίβεια,left_right_group,right,Κυριάκος Μητσοτάκης,57.9808,2022,Q4,high
,leader_accountability_blame,Ευθύνη/χρέωση: Για την ανεργία,left_right_group,right,none,31.4034,2022,Q4,high
,leader_accountability_blame,Ευθύνη/χρέωση: Για την ανεργία,left_right_group,right,Αλέξης Τσίπρας,27.3785,2022,Q4,high
,leader_accountability_blame,Ευθύνη/χρέωση: Για την ανεργία,left_right_group,right,Κυριάκος Μητσοτάκης,41.2181,2022,Q4,high
,leader_accountability_blame,Ευθύνη/χρέωση: Για την εγκληματικότητα,left_right_group,right,none,29.2306,2022,Q4,high
,leader_accountability_blame,Ευθύνη/χρέωση: Για την εγκληματικότητα,left_right_group,right,Αλέξης Τσίπρας,35.2748,2022,Q4,high
,leader_accountability_blame,Ευθύνη/χρέωση: Για την εγκληματικότητα,left_right_group,right,Κυριάκος Μητσοτάκης,35.4946,2022,Q4,high
,leader_accountability_blame,Ευθύνη/χρέωση: Για την κατάσταση στα μέσα ενημέρωσης,left_right_group,right,none,20.5616,2022,Q4,high
,leader_accountability_blame,Ευθύνη/χρέωση: Για την κατάσταση στα μέσα ενημέρωσης,left_right_group,right,Αλέξης Τσίπρας,18.3059,2022,Q4,high
,leader_accountability_blame,Ευθύνη/χρέωση: Για την κατάσταση στα μέσα ενημέρωσης,left_right_group,right,Κυριάκος Μητσοτάκης,61.1325,2022,Q4,high
,leader_accountability_blame,Ευθύνη/χρέωση: Για τις υποκλοπές,left_right_group,right,none,22.438,2022,Q4,high
,leader_accountability_blame,Ευθύνη/χρέωση: Για τις υποκλοπές,left_right_group,right,Αλέξης Τσίπρας,12.6813,2022,Q4,high
,leader_accountability_blame,Ευθύνη/χρέωση: Για τις υποκλοπές,left_right_group,right,Κυριάκος Μητσοτάκης,64.8807,2022,Q4,high
,leader_accountability_blame,Ευθύνη/χρέωση: Για τους πλειστηριασμούς πρώτης κατοικίας,left_right_group,right,none,17.9829,2022,Q4,high
,leader_accountability_blame,Ευθύνη/χρέωση: Για τους πλειστηριασμούς πρώτης κατοικίας,left_right_group,right,Αλέξης Τσίπρας,38.9561,2022,Q4,high
,leader_accountability_blame,Ευθύνη/χρέωση: Για τους πλειστηριασμούς πρώτης κατοικίας,left_right_group,right,Κυριάκος Μητσοτάκης,43.061,2022,Q4,high
,leader_accountability_blame,Ευθύνη/χρέωση: Για τους χαμηλούς μισθούς/συντάξεις,left_right_group,right,none,20.4022,2022,Q4,high
,leader_accountability_blame,Ευθύνη/χρέωση: Για τους χαμηλούς μισθούς/συντάξεις,left_right_group,right,Αλέξης Τσίπρας,37.1119,2022,Q4,high
,leader_accountability_blame,Ευθύνη/χρέωση: Για τους χαμηλούς μισθούς/συντάξεις,left_right_group,right,Κυριάκος Μητσοτάκης,42.4859,2022,Q4,high
,leader_trait,Ασυμβίβαστος με τα συμφέροντα,left_right_group,right,Αλέξης Τσίπρας,53.5628,2022,Q4,high
,leader_trait,Ασυμβίβαστος με τα συμφέροντα,left_right_group,right,Κυριάκος Μητσοτάκης,46.4372,2022,Q4,high
,leader_trait,Εκφράζει το μεσαίο χώρο,left_right_group,right,Αλέξης Τσίπρας,49.3166,2022,Q4,high
,leader_trait,Εκφράζει το μεσαίο χώρο,left_right_group,right,Κυριάκος Μητσοτάκης,50.6834,2022,Q4,high
,leader_trait,Κοντά στους πολίτες,left_right_group,right,Αλέξης Τσίπρας,47.7614,2022,Q4,high
,leader_trait,Κοντά στους πολίτες,left_right_group,right,Κυριάκος Μητσοτάκης,52.2386,2022,Q4,high
,leader_trait,Αξιόπιστος,left_right_group,right,Αλέξης Τσίπρας,32.332,2022,Q4,high
,leader_trait,Αξιόπιστος,left_right_group,right,Κυριάκος Μητσοτάκης,67.668,2022,Q4,high
,leader_trait,Σέβεται τις δημοκρατικές αρχές,left_right_group,right,Αλέξης Τσίπρας,39.0332,2022,Q4,high
,leader_trait,Σέβεται τις δημοκρατικές αρχές,left_right_group,right,Κυριάκος Μητσοτάκης,60.9668,2022,Q4,high
,leader_trait,Ικανός στη διαχείριση της οικονομίας,left_right_group,right,Αλέξης Τσίπρας,22.6463,2022,Q4,high
,leader_trait,Ικανός στη διαχείριση της οικονομίας,left_right_group,right,Κυριάκος Μητσοτάκης,77.3537,2022,Q4,high
,leader_trait,Αποτελεσματικός,left_right_group,right,Αλέξης Τσίπρας,25.8749,2022,Q4,high
,leader_trait,Αποτελεσματικός,left_right_group,right,Κυριάκος Μητσοτάκης,74.1251,2022,Q4,high
,leader_trait,Ακέραιος με το δημόσιο χρήμα,left_right_group,right,Αλέξης Τσίπρας,47.8718,2022,Q4,high
,leader_trait,Ακέραιος με το δημόσιο χρήμα,left_right_group,right,Κυριάκος Μητσοτάκης,52.1282,2022,Q4,high
,leader_trait,Έχει ηγετικά προσόντα,left_right_group,right,Αλέξης Τσίπρας,27.2365,2022,Q4,high
,leader_trait,Έχει ηγετικά προσόντα,left_right_group,right,Κυριάκος Μητσοτάκης,72.7635,2022,Q4,high
,leader_trait,Επιλέγει καλύτερους συνεργάτες,left_right_group,right,Αλέξης Τσίπρας,24.071,2022,Q4,high
,leader_trait,Επιλέγει καλύτερους συνεργάτες,left_right_group,right,Κυριάκος Μητσοτάκης,75.929,2022,Q4,high
,leader_choice_dilemma,Δίλημμα Μητσοτάκης ή Τσίπρας,left_right_group,right,none,47.4838,2022,Q4,high
,leader_choice_dilemma,Δίλημμα Μητσοτάκης ή Τσίπρας,left_right_group,right,Αλέξης Τσίπρας,14.0322,2022,Q4,high
,leader_choice_dilemma,Δίλημμα Μητσοτάκης ή Τσίπρας,left_right_group,right,Κυριάκος Μητσοτάκης,38.484,2022,Q4,high
,suitable_pm,Καταλληλότερος για πρωθυπουργός,left_right_group,right,none,38.8597,2022,Q4,high
,suitable_pm,Καταλληλότερος για πρωθυπουργός,left_right_group,right,Αλέξης Τσίπρας,15.6191,2022,Q4,high
,suitable_pm,Καταλληλότερος για πρωθυπουργός,left_right_group,right,Κυριάκος Μητσοτάκης,45.5212,2022,Q4,high
,leader_performance_compare,Σύγκριση πρωθυπουργικής επίδοσης,previous_vote_party,other_party,none,52.5772,2022,Q4,high
,leader_performance_compare,Σύγκριση πρωθυπουργικής επίδοσης,previous_vote_party,other_party,Αλέξης Τσίπρας,18.7358,2022,Q4,high
,leader_performance_compare,Σύγκριση πρωθυπουργικής επίδοσης,previous_vote_party,other_party,Κυριάκος Μητσοτάκης,28.687,2022,Q4,high
,leader_accountability_blame,Ευθύνη/χρέωση: Για τη διαφθορά,previous_vote_party,other_party,none,21.1532,2022,Q4,medium
,leader_accountability_blame,Ευθύνη/χρέωση: Για τη διαφθορά,previous_vote_party,other_party,Αλέξης Τσίπρας,15.865,2022,Q4,medium
,leader_accountability_blame,Ευθύνη/χρέωση: Για τη διαφθορά,previous_vote_party,other_party,Κυριάκος Μητσοτάκης,62.9817,2022,Q4,medium
,leader_accountability_blame,Ευθύνη/χρέωση: Για την ακρίβεια,previous_vote_party,other_party,none,20.5636,2022,Q4,high
,leader_accountability_blame,Ευθύνη/χρέωση: Για την ακρίβεια,previous_vote_party,other_party,Αλέξης Τσίπρας,11.5993,2022,Q4,high
,leader_accountability_blame,Ευθύνη/χρέωση: Για την ακρίβεια,previous_vote_party,other_party,Κυριάκος Μητσοτάκης,67.8371,2022,Q4,high
,leader_accountability_blame,Ευθύνη/χρέωση: Για την ανεργία,previous_vote_party,other_party,none,29.7615,2022,Q4,medium
,leader_accountability_blame,Ευθύνη/χρέωση: Για την ανεργία,previous_vote_party,other_party,Αλέξης Τσίπρας,27.7158,2022,Q4,medium
,leader_accountability_blame,Ευθύνη/χρέωση: Για την ανεργία,previous_vote_party,other_party,Κυριάκος Μητσοτάκης,42.5227,2022,Q4,medium
,leader_accountability_blame,Ευθύνη/χρέωση: Για την εγκληματικότητα,previous_vote_party,other_party,none,21.1824,2022,Q4,medium
,leader_accountability_blame,Ευθύνη/χρέωση: Για την εγκληματικότητα,previous_vote_party,other_party,Αλέξης Τσίπρας,33.9372,2022,Q4,medium
,leader_accountability_blame,Ευθύνη/χρέωση: Για την εγκληματικότητα,previous_vote_party,other_party,Κυριάκος Μητσοτάκης,44.8804,2022,Q4,medium
,leader_accountability_blame,Ευθύνη/χρέωση: Για την κατάσταση στα μέσα ενημέρωσης,previous_vote_party,other_party,none,14.3732,2022,Q4,medium
,leader_accountability_blame,Ευθύνη/χρέωση: Για την κατάσταση στα μέσα ενημέρωσης,previous_vote_party,other_party,Αλέξης Τσίπρας,15.3244,2022,Q4,medium
,leader_accountability_blame,Ευθύνη/χρέωση: Για την κατάσταση στα μέσα ενημέρωσης,previous_vote_party,other_party,Κυριάκος Μητσοτάκης,70.3024,2022,Q4,medium
,leader_accountability_blame,Ευθύνη/χρέωση: Για τις υποκλοπές,previous_vote_party,other_party,none,14.347,2022,Q4,medium
,leader_accountability_blame,Ευθύνη/χρέωση: Για τις υποκλοπές,previous_vote_party,other_party,Αλέξης Τσίπρας,12.7035,2022,Q4,medium
,leader_accountability_blame,Ευθύνη/χρέωση: Για τις υποκλοπές,previous_vote_party,other_party,Κυριάκος Μητσοτάκης,72.9496,2022,Q4,medium
,leader_accountability_blame,Ευθύνη/χρέωση: Για τους πλειστηριασμούς πρώτης κατοικίας,previous_vote_party,other_party,none,18.3665,2022,Q4,medium
,leader_accountability_blame,Ευθύνη/χρέωση: Για τους πλειστηριασμούς πρώτης κατοικίας,previous_vote_party,other_party,Αλέξης Τσίπρας,29.2912,2022,Q4,medium
,leader_accountability_blame,Ευθύνη/χρέωση: Για τους πλειστηριασμούς πρώτης κατοικίας,previous_vote_party,other_party,Κυριάκος Μητσοτάκης,52.3423,2022,Q4,medium
,leader_accountability_blame,Ευθύνη/χρέωση: Για τους χαμηλούς μισθούς/συντάξεις,previous_vote_party,other_party,none,19.5547,2022,Q4,medium
,leader_accountability_blame,Ευθύνη/χρέωση: Για τους χαμηλούς μισθούς/συντάξεις,previous_vote_party,other_party,Αλέξης Τσίπρας,33.9618,2022,Q4,medium
,leader_accountability_blame,Ευθύνη/χρέωση: Για τους χαμηλούς μισθούς/συντάξεις,previous_vote_party,other_party,Κυριάκος Μητσοτάκης,46.4835,2022,Q4,medium
,leader_trait,Ασυμβίβαστος με τα συμφέροντα,previous_vote_party,other_party,Αλέξης Τσίπρας,69.6764,2022,Q4,medium
,leader_trait,Ασυμβίβαστος με τα συμφέροντα,previous_vote_party,other_party,Κυριάκος Μητσοτάκης,30.3236,2022,Q4,medium
,leader_trait,Εκφράζει το μεσαίο χώρο,previous_vote_party,other_party,Αλέξης Τσίπρας,74.0509,2022,Q4,medium
,leader_trait,Εκφράζει το μεσαίο χώρο,previous_vote_party,other_party,Κυριάκος Μητσοτάκης,25.9491,2022,Q4,medium
,leader_trait,Κοντά στους πολίτες,previous_vote_party,other_party,Αλέξης Τσίπρας,69.0879,2022,Q4,medium
,leader_trait,Κοντά στους πολίτες,previous_vote_party,other_party,Κυριάκος Μητσοτάκης,30.9121,2022,Q4,medium
,leader_trait,Αξιόπιστος,previous_vote_party,other_party,Αλέξης Τσίπρας,50.0546,2022,Q4,medium
,leader_trait,Αξιόπιστος,previous_vote_party,other_party,Κυριάκος Μητσοτάκης,49.9454,2022,Q4,medium
,leader_trait,Σέβεται τις δημοκρατικές αρχές,previous_vote_party,other_party,Αλέξης Τσίπρας,64.0119,2022,Q4,medium
,leader_trait,Σέβεται τις δημοκρατικές αρχές,previous_vote_party,other_party,Κυριάκος Μητσοτάκης,35.9881,2022,Q4,medium
,leader_trait,Ικανός στη διαχείριση της οικονομίας,previous_vote_party,other_party,Αλέξης Τσίπρας,38.8842,2022,Q4,medium
,leader_trait,Ικανός στη διαχείριση της οικονομίας,previous_vote_party,other_party,Κυριάκος Μητσοτάκης,61.1158,2022,Q4,medium
,leader_trait,Αποτελεσματικός,previous_vote_party,other_party,Αλέξης Τσίπρας,35.4412,2022,Q4,medium
,leader_trait,Αποτελεσματικός,previous_vote_party,other_party,Κυριάκος Μητσοτάκης,64.5588,2022,Q4,medium
,leader_trait,Ακέραιος με το δημόσιο χρήμα,previous_vote_party,other_party,Αλέξης Τσίπρας,75.5277,2022,Q4,medium
,leader_trait,Ακέραιος με το δημόσιο χρήμα,previous_vote_party,other_party,Κυριάκος Μητσοτάκης,24.4723,2022,Q4,medium
,leader_trait,Έχει ηγετικά προσόντα,previous_vote_party,other_party,Αλέξης Τσίπρας,38.6301,2022,Q4,medium
,leader_trait,Έχει ηγετικά προσόντα,previous_vote_party,other_party,Κυριάκος Μητσοτάκης,61.3699,2022,Q4,medium
,leader_trait,Επιλέγει καλύτερους συνεργάτες,previous_vote_party,other_party,Αλέξης Τσίπρας,40.5232,2022,Q4,medium
,leader_trait,Επιλέγει καλύτερους συνεργάτες,previous_vote_party,other_party,Κυριάκος Μητσοτάκης,59.4768,2022,Q4,medium
,leader_choice_dilemma,Δίλημμα Μητσοτάκης ή Τσίπρας,previous_vote_party,other_party,none,64.1181,2022,Q4,high
,leader_choice_dilemma,Δίλημμα Μητσοτάκης ή Τσίπρας,previous_vote_party,other_party,Αλέξης Τσίπρας,16.9929,2022,Q4,high
,leader_choice_dilemma,Δίλημμα Μητσοτάκης ή Τσίπρας,previous_vote_party,other_party,Κυριάκος Μητσοτάκης,18.889,2022,Q4,high
,suitable_pm,Καταλληλότερος για πρωθυπουργός,previous_vote_party,other_party,none,50.7547,2022,Q4,high
,suitable_pm,Καταλληλότερος για πρωθυπουργός,previous_vote_party,other_party,Αλέξης Τσίπρας,19.0964,2022,Q4,high
,suitable_pm,Καταλληλότερος για πρωθυπουργός,previous_vote_party,other_party,Κυριάκος Μητσοτάκης,30.1488,2022,Q4,high
,leader_performance_compare,Σύγκριση πρωθυπουργικής επίδοσης,previous_vote_party,Ένωση Κεντρώων,none,19.3287,2022,Q4,low
,leader_performance_compare,Σύγκριση πρωθυπουργικής επίδοσης,previous_vote_party,Ένωση Κεντρώων,Αλέξης Τσίπρας,20.1714,2022,Q4,low
,leader_performance_compare,Σύγκριση πρωθυπουργικής επίδοσης,previous_vote_party,Ένωση Κεντρώων,Κυριάκος Μητσοτάκης,60.4998,2022,Q4,low
,leader_accountability_blame,Ευθύνη/χρέωση: Για τη διαφθορά,previous_vote_party,Ένωση Κεντρώων,none,36.2656,2022,Q4,low
,leader_accountability_blame,Ευθύνη/χρέωση: Για τη διαφθορά,previous_vote_party,Ένωση Κεντρώων,Κυριάκος Μητσοτάκης,63.7344,2022,Q4,low
,leader_accountability_blame,Ευθύνη/χρέωση: Για την ακρίβεια,previous_vote_party,Ένωση Κεντρώων,none,44.2152,2022,Q4,low
,leader_accountability_blame,Ευθύνη/χρέωση: Για την ακρίβεια,previous_vote_party,Ένωση Κεντρώων,Αλέξης Τσίπρας,7.845,2022,Q4,low
,leader_accountability_blame,Ευθύνη/χρέωση: Για την ακρίβεια,previous_vote_party,Ένωση Κεντρώων,Κυριάκος Μητσοτάκης,47.9398,2022,Q4,low
,leader_accountability_blame,Ευθύνη/χρέωση: Για την ανεργία,previous_vote_party,Ένωση Κεντρώων,none,57.255,2022,Q4,low
,leader_accountability_blame,Ευθύνη/χρέωση: Για την ανεργία,previous_vote_party,Ένωση Κεντρώων,Αλέξης Τσίπρας,13.9297,2022,Q4,low
,leader_accountability_blame,Ευθύνη/χρέωση: Για την ανεργία,previous_vote_party,Ένωση Κεντρώων,Κυριάκος Μητσοτάκης,28.8153,2022,Q4,low
,leader_accountability_blame,Ευθύνη/χρέωση: Για την εγκληματικότητα,previous_vote_party,Ένωση Κεντρώων,none,38.9648,2022,Q4,low
,leader_accountability_blame,Ευθύνη/χρέωση: Για την εγκληματικότητα,previous_vote_party,Ένωση Κεντρώων,Αλέξης Τσίπρας,40.1383,2022,Q4,low
,leader_accountability_blame,Ευθύνη/χρέωση: Για την εγκληματικότητα,previous_vote_party,Ένωση Κεντρώων,Κυριάκος Μητσοτάκης,20.8969,2022,Q4,low
,leader_accountability_blame,Ευθύνη/χρέωση: Για την κατάσταση στα μέσα ενημέρωσης,previous_vote_party,Ένωση Κεντρώων,none,45.8383,2022,Q4,low
,leader_accountability_blame,Ευθύνη/χρέωση: Για την κατάσταση στα μέσα ενημέρωσης,previous_vote_party,Ένωση Κεντρώων,Αλέξης Τσίπρας,3.3275,2022,Q4,low
,leader_accountability_blame,Ευθύνη/χρέωση: Για την κατάσταση στα μέσα ενημέρωσης,previous_vote_party,Ένωση Κεντρώων,Κυριάκος Μητσοτάκης,50.8342,2022,Q4,low
,leader_accountability_blame,Ευθύνη/χρέωση: Για τις υποκλοπές,previous_vote_party,Ένωση Κεντρώων,none,24.7941,2022,Q4,low
,leader_accountability_blame,Ευθύνη/χρέωση: Για τις υποκλοπές,previous_vote_party,Ένωση Κεντρώων,Αλέξης Τσίπρας,3.343,2022,Q4,low
,leader_accountability_blame,Ευθύνη/χρέωση: Για τις υποκλοπές,previous_vote_party,Ένωση Κεντρώων,Κυριάκος Μητσοτάκης,71.8629,2022,Q4,low
,leader_accountability_blame,Ευθύνη/χρέωση: Για τους πλειστηριασμούς πρώτης κατοικίας,previous_vote_party,Ένωση Κεντρώων,none,40.1884,2022,Q4,low
,leader_accountability_blame,Ευθύνη/χρέωση: Για τους πλειστηριασμούς πρώτης κατοικίας,previous_vote_party,Ένωση Κεντρώων,Αλέξης Τσίπρας,15.279,2022,Q4,low
,leader_accountability_blame,Ευθύνη/χρέωση: Για τους πλειστηριασμούς πρώτης κατοικίας,previous_vote_party,Ένωση Κεντρώων,Κυριάκος Μητσοτάκης,44.5326,2022,Q4,low
,leader_accountability_blame,Ευθύνη/χρέωση: Για τους χαμηλούς μισθούς/συντάξεις,previous_vote_party,Ένωση Κεντρώων,none,32.4924,2022,Q4,low
,leader_accountability_blame,Ευθύνη/χρέωση: Για τους χαμηλούς μισθούς/συντάξεις,previous_vote_party,Ένωση Κεντρώων,Αλέξης Τσίπρας,12.6885,2022,Q4,low
,leader_accountability_blame,Ευθύνη/χρέωση: Για τους χαμηλούς μισθούς/συντάξεις,previous_vote_party,Ένωση Κεντρώων,Κυριάκος Μητσοτάκης,54.8191,2022,Q4,low
,leader_trait,Ασυμβίβαστος με τα συμφέροντα,previous_vote_party,Ένωση Κεντρώων,Αλέξης Τσίπρας,43.7414,2022,Q4,low
,leader_trait,Ασυμβίβαστος με τα συμφέροντα,previous_vote_party,Ένωση Κεντρώων,Κυριάκος Μητσοτάκης,56.2586,2022,Q4,low
,leader_trait,Εκφράζει το μεσαίο χώρο,previous_vote_party,Ένωση Κεντρώων,Αλέξης Τσίπρας,74.8574,2022,Q4,low
,leader_trait,Εκφράζει το μεσαίο χώρο,previous_vote_party,Ένωση Κεντρώων,Κυριάκος Μητσοτάκης,25.1426,2022,Q4,low
,leader_trait,Κοντά στους πολίτες,previous_vote_party,Ένωση Κεντρώων,Αλέξης Τσίπρας,34.8793,2022,Q4,low
,leader_trait,Κοντά στους πολίτες,previous_vote_party,Ένωση Κεντρώων,Κυριάκος Μητσοτάκης,65.1207,2022,Q4,low
,leader_trait,Αξιόπιστος,previous_vote_party,Ένωση Κεντρώων,Αλέξης Τσίπρας,6.5884,2022,Q4,low
,leader_trait,Αξιόπιστος,previous_vote_party,Ένωση Κεντρώων,Κυριάκος Μητσοτάκης,93.4116,2022,Q4,low
,leader_trait,Σέβεται τις δημοκρατικές αρχές,previous_vote_party,Ένωση Κεντρώων,Αλέξης Τσίπρας,54.4838,2022,Q4,low
,leader_trait,Σέβεται τις δημοκρατικές αρχές,previous_vote_party,Ένωση Κεντρώων,Κυριάκος Μητσοτάκης,45.5162,2022,Q4,low
,leader_trait,Ικανός στη διαχείριση της οικονομίας,previous_vote_party,Ένωση Κεντρώων,Αλέξης Τσίπρας,5.2565,2022,Q4,low
,leader_trait,Ικανός στη διαχείριση της οικονομίας,previous_vote_party,Ένωση Κεντρώων,Κυριάκος Μητσοτάκης,94.7435,2022,Q4,low
,leader_trait,Αποτελεσματικός,previous_vote_party,Ένωση Κεντρώων,Αλέξης Τσίπρας,5.6971,2022,Q4,low
,leader_trait,Αποτελεσματικός,previous_vote_party,Ένωση Κεντρώων,Κυριάκος Μητσοτάκης,94.3029,2022,Q4,low
,leader_trait,Ακέραιος με το δημόσιο χρήμα,previous_vote_party,Ένωση Κεντρώων,Αλέξης Τσίπρας,46.4228,2022,Q4,low
,leader_trait,Ακέραιος με το δημόσιο χρήμα,previous_vote_party,Ένωση Κεντρώων,Κυριάκος Μητσοτάκης,53.5772,2022,Q4,low
,leader_trait,Έχει ηγετικά προσόντα,previous_vote_party,Ένωση Κεντρώων,Αλέξης Τσίπρας,11.0612,2022,Q4,low
,leader_trait,Έχει ηγετικά προσόντα,previous_vote_party,Ένωση Κεντρώων,Κυριάκος Μητσοτάκης,88.9388,2022,Q4,low
,leader_trait,Επιλέγει καλύτερους συνεργάτες,previous_vote_party,Ένωση Κεντρώων,Αλέξης Τσίπρας,26.6121,2022,Q4,low
,leader_trait,Επιλέγει καλύτερους συνεργάτες,previous_vote_party,Ένωση Κεντρώων,Κυριάκος Μητσοτάκης,73.3879,2022,Q4,low
,leader_choice_dilemma,Δίλημμα Μητσοτάκης ή Τσίπρας,previous_vote_party,Ένωση Κεντρώων,none,62.7361,2022,Q4,low
,leader_choice_dilemma,Δίλημμα Μητσοτάκης ή Τσίπρας,previous_vote_party,Ένωση Κεντρώων,Αλέξης Τσίπρας,3.4568,2022,Q4,low
,leader_choice_dilemma,Δίλημμα Μητσοτάκης ή Τσίπρας,previous_vote_party,Ένωση Κεντρώων,Κυριάκος Μητσοτάκης,33.8071,2022,Q4,low
,suitable_pm,Καταλληλότερος για πρωθυπουργός,previous_vote_party,Ένωση Κεντρώων,none,43.3333,2022,Q4,low
,suitable_pm,Καταλληλότερος για πρωθυπουργός,previous_vote_party,Ένωση Κεντρώων,Αλέξης Τσίπρας,3.4568,2022,Q4,low
,suitable_pm,Καταλληλότερος για πρωθυπουργός,previous_vote_party,Ένωση Κεντρώων,Κυριάκος Μητσοτάκης,53.2099,2022,Q4,low
,leader_performance_compare,Σύγκριση πρωθυπουργικής επίδοσης,previous_vote_party,Ελληνική Λύση,none,74.7867,2022,Q4,low
,leader_performance_compare,Σύγκριση πρωθυπουργικής επίδοσης,previous_vote_party,Ελληνική Λύση,Αλέξης Τσίπρας,7.1262,2022,Q4,low
,leader_performance_compare,Σύγκριση πρωθυπουργικής επίδοσης,previous_vote_party,Ελληνική Λύση,Κυριάκος Μητσοτάκης,18.0871,2022,Q4,low
,leader_accountability_blame,Ευθύνη/χρέωση: Για τη διαφθορά,previous_vote_party,Ελληνική Λύση,none,9.5199,2022,Q4,low
,leader_accountability_blame,Ευθύνη/χρέωση: Για τη διαφθορά,previous_vote_party,Ελληνική Λύση,Αλέξης Τσίπρας,13.7665,2022,Q4,low
,leader_accountability_blame,Ευθύνη/χρέωση: Για τη διαφθορά,previous_vote_party,Ελληνική Λύση,Κυριάκος Μητσοτάκης,76.7135,2022,Q4,low
,leader_accountability_blame,Ευθύνη/χρέωση: Για την ακρίβεια,previous_vote_party,Ελληνική Λύση,none,13.3008,2022,Q4,low
,leader_accountability_blame,Ευθύνη/χρέωση: Για την ακρίβεια,previous_vote_party,Ελληνική Λύση,Αλέξης Τσίπρας,11.71,2022,Q4,low
,leader_accountability_blame,Ευθύνη/χρέωση: Για την ακρίβεια,previous_vote_party,Ελληνική Λύση,Κυριάκος Μητσοτάκης,74.9892,2022,Q4,low
,leader_accountability_blame,Ευθύνη/χρέωση: Για την ανεργία,previous_vote_party,Ελληνική Λύση,none,18.8159,2022,Q4,low
,leader_accountability_blame,Ευθύνη/χρέωση: Για την ανεργία,previous_vote_party,Ελληνική Λύση,Αλέξης Τσίπρας,23.1157,2022,Q4,low
,leader_accountability_blame,Ευθύνη/χρέωση: Για την ανεργία,previous_vote_party,Ελληνική Λύση,Κυριάκος Μητσοτάκης,58.0684,2022,Q4,low
,leader_accountability_blame,Ευθύνη/χρέωση: Για την εγκληματικότητα,previous_vote_party,Ελληνική Λύση,none,17.7578,2022,Q4,low
,leader_accountability_blame,Ευθύνη/χρέωση: Για την εγκληματικότητα,previous_vote_party,Ελληνική Λύση,Αλέξης Τσίπρας,40.1392,2022,Q4,low
,leader_accountability_blame,Ευθύνη/χρέωση: Για την εγκληματικότητα,previous_vote_party,Ελληνική Λύση,Κυριάκος Μητσοτάκης,42.103,2022,Q4,low
,leader_accountability_blame,Ευθύνη/χρέωση: Για την κατάσταση στα μέσα ενημέρωσης,previous_vote_party,Ελληνική Λύση,none,3.1568,2022,Q4,low
,leader_accountability_blame,Ευθύνη/χρέωση: Για την κατάσταση στα μέσα ενημέρωσης,previous_vote_party,Ελληνική Λύση,Αλέξης Τσίπρας,9.8805,2022,Q4,low
,leader_accountability_blame,Ευθύνη/χρέωση: Για την κατάσταση στα μέσα ενημέρωσης,previous_vote_party,Ελληνική Λύση,Κυριάκος Μητσοτάκης,86.9627,2022,Q4,low
,leader_accountability_blame,Ευθύνη/χρέωση: Για τις υποκλοπές,previous_vote_party,Ελληνική Λύση,none,5.4393,2022,Q4,low
,leader_accountability_blame,Ευθύνη/χρέωση: Για τις υποκλοπές,previous_vote_party,Ελληνική Λύση,Αλέξης Τσίπρας,4.393,2022,Q4,low
,leader_accountability_blame,Ευθύνη/χρέωση: Για τις υποκλοπές,previous_vote_party,Ελληνική Λύση,Κυριάκος Μητσοτάκης,90.1677,2022,Q4,low
,leader_accountability_blame,Ευθύνη/χρέωση: Για τους πλειστηριασμούς πρώτης κατοικίας,previous_vote_party,Ελληνική Λύση,none,9.8652,2022,Q4,low
,leader_accountability_blame,Ευθύνη/χρέωση: Για τους πλειστηριασμούς πρώτης κατοικίας,previous_vote_party,Ελληνική Λύση,Αλέξης Τσίπρας,58.0658,2022,Q4,low
,leader_accountability_blame,Ευθύνη/χρέωση: Για τους πλειστηριασμούς πρώτης κατοικίας,previous_vote_party,Ελληνική Λύση,Κυριάκος Μητσοτάκης,32.069,2022,Q4,low
,leader_accountability_blame,Ευθύνη/χρέωση: Για τους χαμηλούς μισθούς/συντάξεις,previous_vote_party,Ελληνική Λύση,none,18.7764,2022,Q4,low
,leader_accountability_blame,Ευθύνη/χρέωση: Για τους χαμηλούς μισθούς/συντάξεις,previous_vote_party,Ελληνική Λύση,Αλέξης Τσίπρας,27.0955,2022,Q4,low
,leader_accountability_blame,Ευθύνη/χρέωση: Για τους χαμηλούς μισθούς/συντάξεις,previous_vote_party,Ελληνική Λύση,Κυριάκος Μητσοτάκης,54.1281,2022,Q4,low
,leader_trait,Ασυμβίβαστος με τα συμφέροντα,previous_vote_party,Ελληνική Λύση,Αλέξης Τσίπρας,56.5223,2022,Q4,low
,leader_trait,Ασυμβίβαστος με τα συμφέροντα,previous_vote_party,Ελληνική Λύση,Κυριάκος Μητσοτάκης,43.4777,2022,Q4,low
,leader_trait,Εκφράζει το μεσαίο χώρο,previous_vote_party,Ελληνική Λύση,Αλέξης Τσίπρας,41.5572,2022,Q4,low
,leader_trait,Εκφράζει το μεσαίο χώρο,previous_vote_party,Ελληνική Λύση,Κυριάκος Μητσοτάκης,58.4428,2022,Q4,low
,leader_trait,Κοντά στους πολίτες,previous_vote_party,Ελληνική Λύση,Αλέξης Τσίπρας,63.0201,2022,Q4,low
,leader_trait,Κοντά στους πολίτες,previous_vote_party,Ελληνική Λύση,Κυριάκος Μητσοτάκης,36.9799,2022,Q4,low
,leader_trait,Αξιόπιστος,previous_vote_party,Ελληνική Λύση,Αλέξης Τσίπρας,35.5617,2022,Q4,low
,leader_trait,Αξιόπιστος,previous_vote_party,Ελληνική Λύση,Κυριάκος Μητσοτάκης,64.4383,2022,Q4,low
,leader_trait,Σέβεται τις δημοκρατικές αρχές,previous_vote_party,Ελληνική Λύση,Αλέξης Τσίπρας,34.3432,2022,Q4,low
,leader_trait,Σέβεται τις δημοκρατικές αρχές,previous_vote_party,Ελληνική Λύση,Κυριάκος Μητσοτάκης,65.6568,2022,Q4,low
,leader_trait,Ικανός στη διαχείριση της οικονομίας,previous_vote_party,Ελληνική Λύση,Αλέξης Τσίπρας,28.9395,2022,Q4,low
,leader_trait,Ικανός στη διαχείριση της οικονομίας,previous_vote_party,Ελληνική Λύση,Κυριάκος Μητσοτάκης,71.0605,2022,Q4,low
,leader_trait,Αποτελεσματικός,previous_vote_party,Ελληνική Λύση,Αλέξης Τσίπρας,30.2351,2022,Q4,low
,leader_trait,Αποτελεσματικός,previous_vote_party,Ελληνική Λύση,Κυριάκος Μητσοτάκης,69.7649,2022,Q4,low
,leader_trait,Ακέραιος με το δημόσιο χρήμα,previous_vote_party,Ελληνική Λύση,Αλέξης Τσίπρας,76.8698,2022,Q4,low
,leader_trait,Ακέραιος με το δημόσιο χρήμα,previous_vote_party,Ελληνική Λύση,Κυριάκος Μητσοτάκης,23.1302,2022,Q4,low
,leader_trait,Έχει ηγετικά προσόντα,previous_vote_party,Ελληνική Λύση,Αλέξης Τσίπρας,19.1582,2022,Q4,low
,leader_trait,Έχει ηγετικά προσόντα,previous_vote_party,Ελληνική Λύση,Κυριάκος Μητσοτάκης,80.8418,2022,Q4,low
,leader_trait,Επιλέγει καλύτερους συνεργάτες,previous_vote_party,Ελληνική Λύση,Αλέξης Τσίπρας,14.2763,2022,Q4,low
,leader_trait,Επιλέγει καλύτερους συνεργάτες,previous_vote_party,Ελληνική Λύση,Κυριάκος Μητσοτάκης,85.7237,2022,Q4,low
,leader_choice_dilemma,Δίλημμα Μητσοτάκης ή Τσίπρας,previous_vote_party,Ελληνική Λύση,none,85.3761,2022,Q4,low
,leader_choice_dilemma,Δίλημμα Μητσοτάκης ή Τσίπρας,previous_vote_party,Ελληνική Λύση,Αλέξης Τσίπρας,2.6904,2022,Q4,low
,leader_choice_dilemma,Δίλημμα Μητσοτάκης ή Τσίπρας,previous_vote_party,Ελληνική Λύση,Κυριάκος Μητσοτάκης,11.9335,2022,Q4,low
,suitable_pm,Καταλληλότερος για πρωθυπουργός,previous_vote_party,Ελληνική Λύση,none,77.6108,2022,Q4,low
,suitable_pm,Καταλληλότερος για πρωθυπουργός,previous_vote_party,Ελληνική Λύση,Αλέξης Τσίπρας,4.485,2022,Q4,low
,suitable_pm,Καταλληλότερος για πρωθυπουργός,previous_vote_party,Ελληνική Λύση,Κυριάκος Μητσοτάκης,17.9042,2022,Q4,low
,leader_performance_compare,Σύγκριση πρωθυπουργικής επίδοσης,previous_vote_party,ΚΚΕ,none,67.4778,2022,Q4,medium
,leader_performance_compare,Σύγκριση πρωθυπουργικής επίδοσης,previous_vote_party,ΚΚΕ,Αλέξης Τσίπρας,19.0754,2022,Q4,medium
,leader_performance_compare,Σύγκριση πρωθυπουργικής επίδοσης,previous_vote_party,ΚΚΕ,Κυριάκος Μητσοτάκης,13.4468,2022,Q4,medium
,leader_accountability_blame,Ευθύνη/χρέωση: Για τη διαφθορά,previous_vote_party,ΚΚΕ,none,17.8665,2022,Q4,low
,leader_accountability_blame,Ευθύνη/χρέωση: Για τη διαφθορά,previous_vote_party,ΚΚΕ,Αλέξης Τσίπρας,3.7306,2022,Q4,low
,leader_accountability_blame,Ευθύνη/χρέωση: Για τη διαφθορά,previous_vote_party,ΚΚΕ,Κυριάκος Μητσοτάκης,78.4028,2022,Q4,low
,leader_accountability_blame,Ευθύνη/χρέωση: Για την ακρίβεια,previous_vote_party,ΚΚΕ,none,11.3114,2022,Q4,low
,leader_accountability_blame,Ευθύνη/χρέωση: Για την ακρίβεια,previous_vote_party,ΚΚΕ,Αλέξης Τσίπρας,6.0866,2022,Q4,low
,leader_accountability_blame,Ευθύνη/χρέωση: Για την ακρίβεια,previous_vote_party,ΚΚΕ,Κυριάκος Μητσοτάκης,82.602,2022,Q4,low
,leader_accountability_blame,Ευθύνη/χρέωση: Για την ανεργία,previous_vote_party,ΚΚΕ,none,16.3139,2022,Q4,low
,leader_accountability_blame,Ευθύνη/χρέωση: Για την ανεργία,previous_vote_party,ΚΚΕ,Αλέξης Τσίπρας,12.4694,2022,Q4,low
,leader_accountability_blame,Ευθύνη/χρέωση: Για την ανεργία,previous_vote_party,ΚΚΕ,Κυριάκος Μητσοτάκης,71.2167,2022,Q4,low
,leader_accountability_blame,Ευθύνη/χρέωση: Για την εγκληματικότητα,previous_vote_party,ΚΚΕ,none,23.0349,2022,Q4,low
,leader_accountability_blame,Ευθύνη/χρέωση: Για την εγκληματικότητα,previous_vote_party,ΚΚΕ,Αλέξης Τσίπρας,18.1709,2022,Q4,low
,leader_accountability_blame,Ευθύνη/χρέωση: Για την εγκληματικότητα,previous_vote_party,ΚΚΕ,Κυριάκος Μητσοτάκης,58.7942,2022,Q4,low
,leader_accountability_blame,Ευθύνη/χρέωση: Για την κατάσταση στα μέσα ενημέρωσης,previous_vote_party,ΚΚΕ,none,11.4081,2022,Q4,low
,leader_accountability_blame,Ευθύνη/χρέωση: Για την κατάσταση στα μέσα ενημέρωσης,previous_vote_party,ΚΚΕ,Αλέξης Τσίπρας,1.57,2022,Q4,low
,leader_accountability_blame,Ευθύνη/χρέωση: Για την κατάσταση στα μέσα ενημέρωσης,previous_vote_party,ΚΚΕ,Κυριάκος Μητσοτάκης,87.0218,2022,Q4,low
,leader_accountability_blame,Ευθύνη/χρέωση: Για τις υποκλοπές,previous_vote_party,ΚΚΕ,none,7.0066,2022,Q4,low
,leader_accountability_blame,Ευθύνη/χρέωση: Για τις υποκλοπές,previous_vote_party,ΚΚΕ,Αλέξης Τσίπρας,2.9526,2022,Q4,low
,leader_accountability_blame,Ευθύνη/χρέωση: Για τις υποκλοπές,previous_vote_party,ΚΚΕ,Κυριάκος Μητσοτάκης,90.0408,2022,Q4,low
,leader_accountability_blame,Ευθύνη/χρέωση: Για τους πλειστηριασμούς πρώτης κατοικίας,previous_vote_party,ΚΚΕ,none,15.9827,2022,Q4,low
,leader_accountability_blame,Ευθύνη/χρέωση: Για τους πλειστηριασμούς πρώτης κατοικίας,previous_vote_party,ΚΚΕ,Αλέξης Τσίπρας,16.9736,2022,Q4,low
,leader_accountability_blame,Ευθύνη/χρέωση: Για τους πλειστηριασμούς πρώτης κατοικίας,previous_vote_party,ΚΚΕ,Κυριάκος Μητσοτάκης,67.0437,2022,Q4,low
,leader_accountability_blame,Ευθύνη/χρέωση: Για τους χαμηλούς μισθούς/συντάξεις,previous_vote_party,ΚΚΕ,none,13.8754,2022,Q4,low
,leader_accountability_blame,Ευθύνη/χρέωση: Για τους χαμηλούς μισθούς/συντάξεις,previous_vote_party,ΚΚΕ,Αλέξης Τσίπρας,32.4178,2022,Q4,low
,leader_accountability_blame,Ευθύνη/χρέωση: Για τους χαμηλούς μισθούς/συντάξεις,previous_vote_party,ΚΚΕ,Κυριάκος Μητσοτάκης,53.7069,2022,Q4,low
,leader_trait,Ασυμβίβαστος με τα συμφέροντα,previous_vote_party,ΚΚΕ,Αλέξης Τσίπρας,91.2858,2022,Q4,low
,leader_trait,Ασυμβίβαστος με τα συμφέροντα,previous_vote_party,ΚΚΕ,Κυριάκος Μητσοτάκης,8.7142,2022,Q4,low
,leader_trait,Εκφράζει το μεσαίο χώρο,previous_vote_party,ΚΚΕ,Αλέξης Τσίπρας,90.5147,2022,Q4,low
,leader_trait,Εκφράζει το μεσαίο χώρο,previous_vote_party,ΚΚΕ,Κυριάκος Μητσοτάκης,9.4853,2022,Q4,low
,leader_trait,Κοντά στους πολίτες,previous_vote_party,ΚΚΕ,Αλέξης Τσίπρας,91.3797,2022,Q4,low
,leader_trait,Κοντά στους πολίτες,previous_vote_party,ΚΚΕ,Κυριάκος Μητσοτάκης,8.6203,2022,Q4,low
,leader_trait,Αξιόπιστος,previous_vote_party,ΚΚΕ,Αλέξης Τσίπρας,71.2526,2022,Q4,low
,leader_trait,Αξιόπιστος,previous_vote_party,ΚΚΕ,Κυριάκος Μητσοτάκης,28.7474,2022,Q4,low
,leader_trait,Σέβεται τις δημοκρατικές αρχές,previous_vote_party,ΚΚΕ,Αλέξης Τσίπρας,90.7817,2022,Q4,low
,leader_trait,Σέβεται τις δημοκρατικές αρχές,previous_vote_party,ΚΚΕ,Κυριάκος Μητσοτάκης,9.2183,2022,Q4,low
,leader_trait,Ικανός στη διαχείριση της οικονομίας,previous_vote_party,ΚΚΕ,Αλέξης Τσίπρας,59.4767,2022,Q4,low
,leader_trait,Ικανός στη διαχείριση της οικονομίας,previous_vote_party,ΚΚΕ,Κυριάκος Μητσοτάκης,40.5233,2022,Q4,low
,leader_trait,Αποτελεσματικός,previous_vote_party,ΚΚΕ,Αλέξης Τσίπρας,48.3996,2022,Q4,low
,leader_trait,Αποτελεσματικός,previous_vote_party,ΚΚΕ,Κυριάκος Μητσοτάκης,51.6004,2022,Q4,low
,leader_trait,Ακέραιος με το δημόσιο χρήμα,previous_vote_party,ΚΚΕ,Αλέξης Τσίπρας,90.9798,2022,Q4,low
,leader_trait,Ακέραιος με το δημόσιο χρήμα,previous_vote_party,ΚΚΕ,Κυριάκος Μητσοτάκης,9.0202,2022,Q4,low
,leader_trait,Έχει ηγετικά προσόντα,previous_vote_party,ΚΚΕ,Αλέξης Τσίπρας,59.6641,2022,Q4,low
,leader_trait,Έχει ηγετικά προσόντα,previous_vote_party,ΚΚΕ,Κυριάκος Μητσοτάκης,40.3359,2022,Q4,low
,leader_trait,Επιλέγει καλύτερους συνεργάτες,previous_vote_party,ΚΚΕ,Αλέξης Τσίπρας,53.0279,2022,Q4,low
,leader_trait,Επιλέγει καλύτερους συνεργάτες,previous_vote_party,ΚΚΕ,Κυριάκος Μητσοτάκης,46.9721,2022,Q4,low
,leader_choice_dilemma,Δίλημμα Μητσοτάκης ή Τσίπρας,previous_vote_party,ΚΚΕ,none,82.863,2022,Q4,medium
,leader_choice_dilemma,Δίλημμα Μητσοτάκης ή Τσίπρας,previous_vote_party,ΚΚΕ,Αλέξης Τσίπρας,12.7389,2022,Q4,medium
,leader_choice_dilemma,Δίλημμα Μητσοτάκης ή Τσίπρας,previous_vote_party,ΚΚΕ,Κυριάκος Μητσοτάκης,4.3981,2022,Q4,medium
,suitable_pm,Καταλληλότερος για πρωθυπουργός,previous_vote_party,ΚΚΕ,none,67.197,2022,Q4,medium
,suitable_pm,Καταλληλότερος για πρωθυπουργός,previous_vote_party,ΚΚΕ,Αλέξης Τσίπρας,22.6213,2022,Q4,medium
,suitable_pm,Καταλληλότερος για πρωθυπουργός,previous_vote_party,ΚΚΕ,Κυριάκος Μητσοτάκης,10.1816,2022,Q4,medium
,leader_performance_compare,Σύγκριση πρωθυπουργικής επίδοσης,previous_vote_party,ΜέΡΑ25,none,61.1643,2022,Q4,low
,leader_performance_compare,Σύγκριση πρωθυπουργικής επίδοσης,previous_vote_party,ΜέΡΑ25,Αλέξης Τσίπρας,28.5055,2022,Q4,low
,leader_performance_compare,Σύγκριση πρωθυπουργικής επίδοσης,previous_vote_party,ΜέΡΑ25,Κυριάκος Μητσοτάκης,10.3302,2022,Q4,low
,leader_accountability_blame,Ευθύνη/χρέωση: Για τη διαφθορά,previous_vote_party,ΜέΡΑ25,none,12.0523,2022,Q4,low
,leader_accountability_blame,Ευθύνη/χρέωση: Για τη διαφθορά,previous_vote_party,ΜέΡΑ25,Κυριάκος Μητσοτάκης,87.9477,2022,Q4,low
,leader_accountability_blame,Ευθύνη/χρέωση: Για την ακρίβεια,previous_vote_party,ΜέΡΑ25,none,13.7291,2022,Q4,low
,leader_accountability_blame,Ευθύνη/χρέωση: Για την ακρίβεια,previous_vote_party,ΜέΡΑ25,Αλέξης Τσίπρας,9.9454,2022,Q4,low
,leader_accountability_blame,Ευθύνη/χρέωση: Για την ακρίβεια,previous_vote_party,ΜέΡΑ25,Κυριάκος Μητσοτάκης,76.3254,2022,Q4,low
,leader_accountability_blame,Ευθύνη/χρέωση: Για την ανεργία,previous_vote_party,ΜέΡΑ25,none,28.3701,2022,Q4,low
,leader_accountability_blame,Ευθύνη/χρέωση: Για την ανεργία,previous_vote_party,ΜέΡΑ25,Αλέξης Τσίπρας,9.2803,2022,Q4,low
,leader_accountability_blame,Ευθύνη/χρέωση: Για την ανεργία,previous_vote_party,ΜέΡΑ25,Κυριάκος Μητσοτάκης,62.3495,2022,Q4,low
,leader_accountability_blame,Ευθύνη/χρέωση: Για την εγκληματικότητα,previous_vote_party,ΜέΡΑ25,none,39.659,2022,Q4,low
,leader_accountability_blame,Ευθύνη/χρέωση: Για την εγκληματικότητα,previous_vote_party,ΜέΡΑ25,Αλέξης Τσίπρας,13.6267,2022,Q4,low
,leader_accountability_blame,Ευθύνη/χρέωση: Για την εγκληματικότητα,previous_vote_party,ΜέΡΑ25,Κυριάκος Μητσοτάκης,46.7143,2022,Q4,low
,leader_accountability_blame,Ευθύνη/χρέωση: Για την κατάσταση στα μέσα ενημέρωσης,previous_vote_party,ΜέΡΑ25,none,10.2611,2022,Q4,low
,leader_accountability_blame,Ευθύνη/χρέωση: Για την κατάσταση στα μέσα ενημέρωσης,previous_vote_party,ΜέΡΑ25,Αλέξης Τσίπρας,0.8651,2022,Q4,low
,leader_accountability_blame,Ευθύνη/χρέωση: Για την κατάσταση στα μέσα ενημέρωσης,previous_vote_party,ΜέΡΑ25,Κυριάκος Μητσοτάκης,88.8739,2022,Q4,low
,leader_accountability_blame,Ευθύνη/χρέωση: Για τις υποκλοπές,previous_vote_party,ΜέΡΑ25,none,11.6908,2022,Q4,low
,leader_accountability_blame,Ευθύνη/χρέωση: Για τις υποκλοπές,previous_vote_party,ΜέΡΑ25,Αλέξης Τσίπρας,0.7059,2022,Q4,low
,leader_accountability_blame,Ευθύνη/χρέωση: Για τις υποκλοπές,previous_vote_party,ΜέΡΑ25,Κυριάκος Μητσοτάκης,87.6034,2022,Q4,low
,leader_accountability_blame,Ευθύνη/χρέωση: Για τους πλειστηριασμούς πρώτης κατοικίας,previous_vote_party,ΜέΡΑ25,none,8.7718,2022,Q4,low
,leader_accountability_blame,Ευθύνη/χρέωση: Για τους πλειστηριασμούς πρώτης κατοικίας,previous_vote_party,ΜέΡΑ25,Αλέξης Τσίπρας,21.107,2022,Q4,low
,leader_accountability_blame,Ευθύνη/χρέωση: Για τους πλειστηριασμούς πρώτης κατοικίας,previous_vote_party,ΜέΡΑ25,Κυριάκος Μητσοτάκης,70.1212,2022,Q4,low
,leader_accountability_blame,Ευθύνη/χρέωση: Για τους χαμηλούς μισθούς/συντάξεις,previous_vote_party,ΜέΡΑ25,none,20.6758,2022,Q4,low
,leader_accountability_blame,Ευθύνη/χρέωση: Για τους χαμηλούς μισθούς/συντάξεις,previous_vote_party,ΜέΡΑ25,Αλέξης Τσίπρας,9.4937,2022,Q4,low
,leader_accountability_blame,Ευθύνη/χρέωση: Για τους χαμηλούς μισθούς/συντάξεις,previous_vote_party,ΜέΡΑ25,Κυριάκος Μητσοτάκης,69.8305,2022,Q4,low
,leader_trait,Ασυμβίβαστος με τα συμφέροντα,previous_vote_party,ΜέΡΑ25,Αλέξης Τσίπρας,89.0321,2022,Q4,low
,leader_trait,Ασυμβίβαστος με τα συμφέροντα,previous_vote_party,ΜέΡΑ25,Κυριάκος Μητσοτάκης,10.9679,2022,Q4,low
,leader_trait,Εκφράζει το μεσαίο χώρο,previous_vote_party,ΜέΡΑ25,Αλέξης Τσίπρας,94.9752,2022,Q4,low
,leader_trait,Εκφράζει το μεσαίο χώρο,previous_vote_party,ΜέΡΑ25,Κυριάκος Μητσοτάκης,5.0248,2022,Q4,low
,leader_trait,Κοντά στους πολίτες,previous_vote_party,ΜέΡΑ25,Αλέξης Τσίπρας,93.7617,2022,Q4,low
,leader_trait,Κοντά στους πολίτες,previous_vote_party,ΜέΡΑ25,Κυριάκος Μητσοτάκης,6.2383,2022,Q4,low
,leader_trait,Αξιόπιστος,previous_vote_party,ΜέΡΑ25,Αλέξης Τσίπρας,85.6362,2022,Q4,low
,leader_trait,Αξιόπιστος,previous_vote_party,ΜέΡΑ25,Κυριάκος Μητσοτάκης,14.3638,2022,Q4,low
,leader_trait,Σέβεται τις δημοκρατικές αρχές,previous_vote_party,ΜέΡΑ25,Αλέξης Τσίπρας,94.2793,2022,Q4,low
,leader_trait,Σέβεται τις δημοκρατικές αρχές,previous_vote_party,ΜέΡΑ25,Κυριάκος Μητσοτάκης,5.7207,2022,Q4,low
,leader_trait,Ικανός στη διαχείριση της οικονομίας,previous_vote_party,ΜέΡΑ25,Αλέξης Τσίπρας,72.0163,2022,Q4,low
,leader_trait,Ικανός στη διαχείριση της οικονομίας,previous_vote_party,ΜέΡΑ25,Κυριάκος Μητσοτάκης,27.9837,2022,Q4,low
,leader_trait,Αποτελεσματικός,previous_vote_party,ΜέΡΑ25,Αλέξης Τσίπρας,66.3391,2022,Q4,low
,leader_trait,Αποτελεσματικός,previous_vote_party,ΜέΡΑ25,Κυριάκος Μητσοτάκης,33.6609,2022,Q4,low
,leader_trait,Ακέραιος με το δημόσιο χρήμα,previous_vote_party,ΜέΡΑ25,Αλέξης Τσίπρας,97.8656,2022,Q4,low
,leader_trait,Ακέραιος με το δημόσιο χρήμα,previous_vote_party,ΜέΡΑ25,Κυριάκος Μητσοτάκης,2.1344,2022,Q4,low
,leader_trait,Έχει ηγετικά προσόντα,previous_vote_party,ΜέΡΑ25,Αλέξης Τσίπρας,79.3917,2022,Q4,low
,leader_trait,Έχει ηγετικά προσόντα,previous_vote_party,ΜέΡΑ25,Κυριάκος Μητσοτάκης,20.6083,2022,Q4,low
,leader_trait,Επιλέγει καλύτερους συνεργάτες,previous_vote_party,ΜέΡΑ25,Αλέξης Τσίπρας,69.4171,2022,Q4,low
,leader_trait,Επιλέγει καλύτερους συνεργάτες,previous_vote_party,ΜέΡΑ25,Κυριάκος Μητσοτάκης,30.5829,2022,Q4,low
,leader_choice_dilemma,Δίλημμα Μητσοτάκης ή Τσίπρας,previous_vote_party,ΜέΡΑ25,none,75.3555,2022,Q4,low
,leader_choice_dilemma,Δίλημμα Μητσοτάκης ή Τσίπρας,previous_vote_party,ΜέΡΑ25,Αλέξης Τσίπρας,19.494,2022,Q4,low
,leader_choice_dilemma,Δίλημμα Μητσοτάκης ή Τσίπρας,previous_vote_party,ΜέΡΑ25,Κυριάκος Μητσοτάκης,5.1505,2022,Q4,low
,suitable_pm,Καταλληλότερος για πρωθυπουργός,previous_vote_party,ΜέΡΑ25,none,53.4903,2022,Q4,low
,suitable_pm,Καταλληλότερος για πρωθυπουργός,previous_vote_party,ΜέΡΑ25,Αλέξης Τσίπρας,38.409,2022,Q4,low
,suitable_pm,Καταλληλότερος για πρωθυπουργός,previous_vote_party,ΜέΡΑ25,Κυριάκος Μητσοτάκης,8.1006,2022,Q4,low
,leader_performance_compare,Σύγκριση πρωθυπουργικής επίδοσης,previous_vote_party,ΝΔ,none,13.5019,2022,Q4,high
,leader_performance_compare,Σύγκριση πρωθυπουργικής επίδοσης,previous_vote_party,ΝΔ,Αλέξης Τσίπρας,3.6395,2022,Q4,high
,leader_performance_compare,Σύγκριση πρωθυπουργικής επίδοσης,previous_vote_party,ΝΔ,Κυριάκος Μητσοτάκης,82.8586,2022,Q4,high
,leader_accountability_blame,Ευθύνη/χρέωση: Για τη διαφθορά,previous_vote_party,ΝΔ,none,38.1227,2022,Q4,high
,leader_accountability_blame,Ευθύνη/χρέωση: Για τη διαφθορά,previous_vote_party,ΝΔ,Αλέξης Τσίπρας,38.5607,2022,Q4,high
,leader_accountability_blame,Ευθύνη/χρέωση: Για τη διαφθορά,previous_vote_party,ΝΔ,Κυριάκος Μητσοτάκης,23.3167,2022,Q4,high
,leader_accountability_blame,Ευθύνη/χρέωση: Για την ακρίβεια,previous_vote_party,ΝΔ,none,54.0583,2022,Q4,high
,leader_accountability_blame,Ευθύνη/χρέωση: Για την ακρίβεια,previous_vote_party,ΝΔ,Αλέξης Τσίπρας,15.5133,2022,Q4,high
,leader_accountability_blame,Ευθύνη/χρέωση: Για την ακρίβεια,previous_vote_party,ΝΔ,Κυριάκος Μητσοτάκης,30.4284,2022,Q4,high
,leader_accountability_blame,Ευθύνη/χρέωση: Για την ανεργία,previous_vote_party,ΝΔ,none,41.4402,2022,Q4,high
,leader_accountability_blame,Ευθύνη/χρέωση: Για την ανεργία,previous_vote_party,ΝΔ,Αλέξης Τσίπρας,37.9171,2022,Q4,high
,leader_accountability_blame,Ευθύνη/χρέωση: Για την ανεργία,previous_vote_party,ΝΔ,Κυριάκος Μητσοτάκης,20.6427,2022,Q4,high
,leader_accountability_blame,Ευθύνη/χρέωση: Για την εγκληματικότητα,previous_vote_party,ΝΔ,none,33.164,2022,Q4,high
,leader_accountability_blame,Ευθύνη/χρέωση: Για την εγκληματικότητα,previous_vote_party,ΝΔ,Αλέξης Τσίπρας,51.6648,2022,Q4,high
,leader_accountability_blame,Ευθύνη/χρέωση: Για την εγκληματικότητα,previous_vote_party,ΝΔ,Κυριάκος Μητσοτάκης,15.1711,2022,Q4,high
,leader_accountability_blame,Ευθύνη/χρέωση: Για την κατάσταση στα μέσα ενημέρωσης,previous_vote_party,ΝΔ,none,33.9592,2022,Q4,high
,leader_accountability_blame,Ευθύνη/χρέωση: Για την κατάσταση στα μέσα ενημέρωσης,previous_vote_party,ΝΔ,Αλέξης Τσίπρας,31.8389,2022,Q4,high
,leader_accountability_blame,Ευθύνη/χρέωση: Για την κατάσταση στα μέσα ενημέρωσης,previous_vote_party,ΝΔ,Κυριάκος Μητσοτάκης,34.2019,2022,Q4,high
,leader_accountability_blame,Ευθύνη/χρέωση: Για τις υποκλοπές,previous_vote_party,ΝΔ,none,44.3924,2022,Q4,high
,leader_accountability_blame,Ευθύνη/χρέωση: Για τις υποκλοπές,previous_vote_party,ΝΔ,Αλέξης Τσίπρας,18.1923,2022,Q4,high
,leader_accountability_blame,Ευθύνη/χρέωση: Για τις υποκλοπές,previous_vote_party,ΝΔ,Κυριάκος Μητσοτάκης,37.4153,2022,Q4,high
,leader_accountability_blame,Ευθύνη/χρέωση: Για τους πλειστηριασμούς πρώτης κατοικίας,previous_vote_party,ΝΔ,none,26.4571,2022,Q4,high
,leader_accountability_blame,Ευθύνη/χρέωση: Για τους πλειστηριασμούς πρώτης κατοικίας,previous_vote_party,ΝΔ,Αλέξης Τσίπρας,51.1335,2022,Q4,high
,leader_accountability_blame,Ευθύνη/χρέωση: Για τους πλειστηριασμούς πρώτης κατοικίας,previous_vote_party,ΝΔ,Κυριάκος Μητσοτάκης,22.4094,2022,Q4,high
,leader_accountability_blame,Ευθύνη/χρέωση: Για τους χαμηλούς μισθούς/συντάξεις,previous_vote_party,ΝΔ,none,27.4786,2022,Q4,high
,leader_accountability_blame,Ευθύνη/χρέωση: Για τους χαμηλούς μισθούς/συντάξεις,previous_vote_party,ΝΔ,Αλέξης Τσίπρας,50.8298,2022,Q4,high
,leader_accountability_blame,Ευθύνη/χρέωση: Για τους χαμηλούς μισθούς/συντάξεις,previous_vote_party,ΝΔ,Κυριάκος Μητσοτάκης,21.6916,2022,Q4,high
,leader_trait,Ασυμβίβαστος με τα συμφέροντα,previous_vote_party,ΝΔ,Αλέξης Τσίπρας,23.4314,2022,Q4,high
,leader_trait,Ασυμβίβαστος με τα συμφέροντα,previous_vote_party,ΝΔ,Κυριάκος Μητσοτάκης,76.5686,2022,Q4,high
,leader_trait,Εκφράζει το μεσαίο χώρο,previous_vote_party,ΝΔ,Αλέξης Τσίπρας,14.6179,2022,Q4,high
,leader_trait,Εκφράζει το μεσαίο χώρο,previous_vote_party,ΝΔ,Κυριάκος Μητσοτάκης,85.3821,2022,Q4,high
,leader_trait,Κοντά στους πολίτες,previous_vote_party,ΝΔ,Αλέξης Τσίπρας,14.6482,2022,Q4,high
,leader_trait,Κοντά στους πολίτες,previous_vote_party,ΝΔ,Κυριάκος Μητσοτάκης,85.3518,2022,Q4,high
,leader_trait,Αξιόπιστος,previous_vote_party,ΝΔ,Αλέξης Τσίπρας,5.4858,2022,Q4,high
,leader_trait,Αξιόπιστος,previous_vote_party,ΝΔ,Κυριάκος Μητσοτάκης,94.5142,2022,Q4,high
,leader_trait,Σέβεται τις δημοκρατικές αρχές,previous_vote_party,ΝΔ,Αλέξης Τσίπρας,9.616,2022,Q4,high
,leader_trait,Σέβεται τις δημοκρατικές αρχές,previous_vote_party,ΝΔ,Κυριάκος Μητσοτάκης,90.384,2022,Q4,high
,leader_trait,Ικανός στη διαχείριση της οικονομίας,previous_vote_party,ΝΔ,Αλέξης Τσίπρας,3.7183,2022,Q4,high
,leader_trait,Ικανός στη διαχείριση της οικονομίας,previous_vote_party,ΝΔ,Κυριάκος Μητσοτάκης,96.2817,2022,Q4,high
,leader_trait,Αποτελεσματικός,previous_vote_party,ΝΔ,Αλέξης Τσίπρας,4.645,2022,Q4,high
,leader_trait,Αποτελεσματικός,previous_vote_party,ΝΔ,Κυριάκος Μητσοτάκης,95.355,2022,Q4,high
,leader_trait,Ακέραιος με το δημόσιο χρήμα,previous_vote_party,ΝΔ,Αλέξης Τσίπρας,11.2421,2022,Q4,high
,leader_trait,Ακέραιος με το δημόσιο χρήμα,previous_vote_party,ΝΔ,Κυριάκος Μητσοτάκης,88.7579,2022,Q4,high
,leader_trait,Έχει ηγετικά προσόντα,previous_vote_party,ΝΔ,Αλέξης Τσίπρας,5.0483,2022,Q4,high
,leader_trait,Έχει ηγετικά προσόντα,previous_vote_party,ΝΔ,Κυριάκος Μητσοτάκης,94.9517,2022,Q4,high
,leader_trait,Επιλέγει καλύτερους συνεργάτες,previous_vote_party,ΝΔ,Αλέξης Τσίπρας,4.812,2022,Q4,high
,leader_trait,Επιλέγει καλύτερους συνεργάτες,previous_vote_party,ΝΔ,Κυριάκος Μητσοτάκης,95.188,2022,Q4,high
,leader_choice_dilemma,Δίλημμα Μητσοτάκης ή Τσίπρας,previous_vote_party,ΝΔ,none,17.2725,2022,Q4,high
,leader_choice_dilemma,Δίλημμα Μητσοτάκης ή Τσίπρας,previous_vote_party,ΝΔ,Αλέξης Τσίπρας,4.0724,2022,Q4,high
,leader_choice_dilemma,Δίλημμα Μητσοτάκης ή Τσίπρας,previous_vote_party,ΝΔ,Κυριάκος Μητσοτάκης,78.6552,2022,Q4,high
,suitable_pm,Καταλληλότερος για πρωθυπουργός,previous_vote_party,ΝΔ,none,13.2731,2022,Q4,high
,suitable_pm,Καταλληλότερος για πρωθυπουργός,previous_vote_party,ΝΔ,Αλέξης Τσίπρας,3.7746,2022,Q4,high
,suitable_pm,Καταλληλότερος για πρωθυπουργός,previous_vote_party,ΝΔ,Κυριάκος Μητσοτάκης,82.9523,2022,Q4,high
,leader_performance_compare,Σύγκριση πρωθυπουργικής επίδοσης,previous_vote_party,ΠΑΣΟΚ/ΚΙΝΑΛ,none,30.8583,2022,Q4,medium
,leader_performance_compare,Σύγκριση πρωθυπουργικής επίδοσης,previous_vote_party,ΠΑΣΟΚ/ΚΙΝΑΛ,Αλέξης Τσίπρας,6.9003,2022,Q4,medium
,leader_performance_compare,Σύγκριση πρωθυπουργικής επίδοσης,previous_vote_party,ΠΑΣΟΚ/ΚΙΝΑΛ,Κυριάκος Μητσοτάκης,62.2414,2022,Q4,medium
,leader_accountability_blame,Ευθύνη/χρέωση: Για τη διαφθορά,previous_vote_party,ΠΑΣΟΚ/ΚΙΝΑΛ,none,31.1589,2022,Q4,medium
,leader_accountability_blame,Ευθύνη/χρέωση: Για τη διαφθορά,previous_vote_party,ΠΑΣΟΚ/ΚΙΝΑΛ,Αλέξης Τσίπρας,30.2032,2022,Q4,medium
,leader_accountability_blame,Ευθύνη/χρέωση: Για τη διαφθορά,previous_vote_party,ΠΑΣΟΚ/ΚΙΝΑΛ,Κυριάκος Μητσοτάκης,38.6378,2022,Q4,medium
,leader_accountability_blame,Ευθύνη/χρέωση: Για την ακρίβεια,previous_vote_party,ΠΑΣΟΚ/ΚΙΝΑΛ,none,41.6205,2022,Q4,medium
,leader_accountability_blame,Ευθύνη/χρέωση: Για την ακρίβεια,previous_vote_party,ΠΑΣΟΚ/ΚΙΝΑΛ,Αλέξης Τσίπρας,6.2058,2022,Q4,medium
,leader_accountability_blame,Ευθύνη/χρέωση: Για την ακρίβεια,previous_vote_party,ΠΑΣΟΚ/ΚΙΝΑΛ,Κυριάκος Μητσοτάκης,52.1736,2022,Q4,medium
,leader_accountability_blame,Ευθύνη/χρέωση: Για την ανεργία,previous_vote_party,ΠΑΣΟΚ/ΚΙΝΑΛ,none,34.1637,2022,Q4,medium
,leader_accountability_blame,Ευθύνη/χρέωση: Για την ανεργία,previous_vote_party,ΠΑΣΟΚ/ΚΙΝΑΛ,Αλέξης Τσίπρας,24.3576,2022,Q4,medium
,leader_accountability_blame,Ευθύνη/χρέωση: Για την ανεργία,previous_vote_party,ΠΑΣΟΚ/ΚΙΝΑΛ,Κυριάκος Μητσοτάκης,41.4787,2022,Q4,medium
,leader_accountability_blame,Ευθύνη/χρέωση: Για την εγκληματικότητα,previous_vote_party,ΠΑΣΟΚ/ΚΙΝΑΛ,none,35.2895,2022,Q4,medium
,leader_accountability_blame,Ευθύνη/χρέωση: Για την εγκληματικότητα,previous_vote_party,ΠΑΣΟΚ/ΚΙΝΑΛ,Αλέξης Τσίπρας,44.0467,2022,Q4,medium
,leader_accountability_blame,Ευθύνη/χρέωση: Για την εγκληματικότητα,previous_vote_party,ΠΑΣΟΚ/ΚΙΝΑΛ,Κυριάκος Μητσοτάκης,20.6638,2022,Q4,medium
,leader_accountability_blame,Ευθύνη/χρέωση: Για την κατάσταση στα μέσα ενημέρωσης,previous_vote_party,ΠΑΣΟΚ/ΚΙΝΑΛ,none,23.4431,2022,Q4,medium
,leader_accountability_blame,Ευθύνη/χρέωση: Για την κατάσταση στα μέσα ενημέρωσης,previous_vote_party,ΠΑΣΟΚ/ΚΙΝΑΛ,Αλέξης Τσίπρας,24.3105,2022,Q4,medium
,leader_accountability_blame,Ευθύνη/χρέωση: Για την κατάσταση στα μέσα ενημέρωσης,previous_vote_party,ΠΑΣΟΚ/ΚΙΝΑΛ,Κυριάκος Μητσοτάκης,52.2463,2022,Q4,medium
,leader_accountability_blame,Ευθύνη/χρέωση: Για τις υποκλοπές,previous_vote_party,ΠΑΣΟΚ/ΚΙΝΑΛ,none,28.0625,2022,Q4,medium
,leader_accountability_blame,Ευθύνη/χρέωση: Για τις υποκλοπές,previous_vote_party,ΠΑΣΟΚ/ΚΙΝΑΛ,Αλέξης Τσίπρας,9.0436,2022,Q4,medium
,leader_accountability_blame,Ευθύνη/χρέωση: Για τις υποκλοπές,previous_vote_party,ΠΑΣΟΚ/ΚΙΝΑΛ,Κυριάκος Μητσοτάκης,62.8939,2022,Q4,medium
,leader_accountability_blame,Ευθύνη/χρέωση: Για τους πλειστηριασμούς πρώτης κατοικίας,previous_vote_party,ΠΑΣΟΚ/ΚΙΝΑΛ,none,16.7451,2022,Q4,medium
,leader_accountability_blame,Ευθύνη/χρέωση: Για τους πλειστηριασμούς πρώτης κατοικίας,previous_vote_party,ΠΑΣΟΚ/ΚΙΝΑΛ,Αλέξης Τσίπρας,51.8684,2022,Q4,medium
,leader_accountability_blame,Ευθύνη/χρέωση: Για τους πλειστηριασμούς πρώτης κατοικίας,previous_vote_party,ΠΑΣΟΚ/ΚΙΝΑΛ,Κυριάκος Μητσοτάκης,31.3865,2022,Q4,medium
,leader_accountability_blame,Ευθύνη/χρέωση: Για τους χαμηλούς μισθούς/συντάξεις,previous_vote_party,ΠΑΣΟΚ/ΚΙΝΑΛ,none,17.8729,2022,Q4,medium
,leader_accountability_blame,Ευθύνη/χρέωση: Για τους χαμηλούς μισθούς/συντάξεις,previous_vote_party,ΠΑΣΟΚ/ΚΙΝΑΛ,Αλέξης Τσίπρας,46.2235,2022,Q4,medium
,leader_accountability_blame,Ευθύνη/χρέωση: Για τους χαμηλούς μισθούς/συντάξεις,previous_vote_party,ΠΑΣΟΚ/ΚΙΝΑΛ,Κυριάκος Μητσοτάκης,35.9037,2022,Q4,medium
,leader_trait,Ασυμβίβαστος με τα συμφέροντα,previous_vote_party,ΠΑΣΟΚ/ΚΙΝΑΛ,Αλέξης Τσίπρας,52.6642,2022,Q4,low
,leader_trait,Ασυμβίβαστος με τα συμφέροντα,previous_vote_party,ΠΑΣΟΚ/ΚΙΝΑΛ,Κυριάκος Μητσοτάκης,47.3358,2022,Q4,low
,leader_trait,Εκφράζει το μεσαίο χώρο,previous_vote_party,ΠΑΣΟΚ/ΚΙΝΑΛ,Αλέξης Τσίπρας,37.6274,2022,Q4,low
,leader_trait,Εκφράζει το μεσαίο χώρο,previous_vote_party,ΠΑΣΟΚ/ΚΙΝΑΛ,Κυριάκος Μητσοτάκης,62.3726,2022,Q4,low
,leader_trait,Κοντά στους πολίτες,previous_vote_party,ΠΑΣΟΚ/ΚΙΝΑΛ,Αλέξης Τσίπρας,39.3488,2022,Q4,low
,leader_trait,Κοντά στους πολίτες,previous_vote_party,ΠΑΣΟΚ/ΚΙΝΑΛ,Κυριάκος Μητσοτάκης,60.6512,2022,Q4,low
,leader_trait,Αξιόπιστος,previous_vote_party,ΠΑΣΟΚ/ΚΙΝΑΛ,Αλέξης Τσίπρας,18.8409,2022,Q4,medium
,leader_trait,Αξιόπιστος,previous_vote_party,ΠΑΣΟΚ/ΚΙΝΑΛ,Κυριάκος Μητσοτάκης,81.1591,2022,Q4,medium
,leader_trait,Σέβεται τις δημοκρατικές αρχές,previous_vote_party,ΠΑΣΟΚ/ΚΙΝΑΛ,Αλέξης Τσίπρας,34.2757,2022,Q4,low
,leader_trait,Σέβεται τις δημοκρατικές αρχές,previous_vote_party,ΠΑΣΟΚ/ΚΙΝΑΛ,Κυριάκος Μητσοτάκης,65.7243,2022,Q4,low
,leader_trait,Ικανός στη διαχείριση της οικονομίας,previous_vote_party,ΠΑΣΟΚ/ΚΙΝΑΛ,Αλέξης Τσίπρας,16.475,2022,Q4,medium
,leader_trait,Ικανός στη διαχείριση της οικονομίας,previous_vote_party,ΠΑΣΟΚ/ΚΙΝΑΛ,Κυριάκος Μητσοτάκης,83.525,2022,Q4,medium
,leader_trait,Αποτελεσματικός,previous_vote_party,ΠΑΣΟΚ/ΚΙΝΑΛ,Αλέξης Τσίπρας,15.9931,2022,Q4,medium
,leader_trait,Αποτελεσματικός,previous_vote_party,ΠΑΣΟΚ/ΚΙΝΑΛ,Κυριάκος Μητσοτάκης,84.0069,2022,Q4,medium
,leader_trait,Ακέραιος με το δημόσιο χρήμα,previous_vote_party,ΠΑΣΟΚ/ΚΙΝΑΛ,Αλέξης Τσίπρας,40.6241,2022,Q4,low
,leader_trait,Ακέραιος με το δημόσιο χρήμα,previous_vote_party,ΠΑΣΟΚ/ΚΙΝΑΛ,Κυριάκος Μητσοτάκης,59.3759,2022,Q4,low
,leader_trait,Έχει ηγετικά προσόντα,previous_vote_party,ΠΑΣΟΚ/ΚΙΝΑΛ,Αλέξης Τσίπρας,20.4624,2022,Q4,medium
,leader_trait,Έχει ηγετικά προσόντα,previous_vote_party,ΠΑΣΟΚ/ΚΙΝΑΛ,Κυριάκος Μητσοτάκης,79.5376,2022,Q4,medium
,leader_trait,Επιλέγει καλύτερους συνεργάτες,previous_vote_party,ΠΑΣΟΚ/ΚΙΝΑΛ,Αλέξης Τσίπρας,10.3761,2022,Q4,low
,leader_trait,Επιλέγει καλύτερους συνεργάτες,previous_vote_party,ΠΑΣΟΚ/ΚΙΝΑΛ,Κυριάκος Μητσοτάκης,89.6239,2022,Q4,low
,leader_choice_dilemma,Δίλημμα Μητσοτάκης ή Τσίπρας,previous_vote_party,ΠΑΣΟΚ/ΚΙΝΑΛ,none,46.3409,2022,Q4,medium
,leader_choice_dilemma,Δίλημμα Μητσοτάκης ή Τσίπρας,previous_vote_party,ΠΑΣΟΚ/ΚΙΝΑΛ,Αλέξης Τσίπρας,8.348,2022,Q4,medium
,leader_choice_dilemma,Δίλημμα Μητσοτάκης ή Τσίπρας,previous_vote_party,ΠΑΣΟΚ/ΚΙΝΑΛ,Κυριάκος Μητσοτάκης,45.3111,2022,Q4,medium
,suitable_pm,Καταλληλότερος για πρωθυπουργός,previous_vote_party,ΠΑΣΟΚ/ΚΙΝΑΛ,none,37.7027,2022,Q4,medium
,suitable_pm,Καταλληλότερος για πρωθυπουργός,previous_vote_party,ΠΑΣΟΚ/ΚΙΝΑΛ,Αλέξης Τσίπρας,6.3519,2022,Q4,medium
,suitable_pm,Καταλληλότερος για πρωθυπουργός,previous_vote_party,ΠΑΣΟΚ/ΚΙΝΑΛ,Κυριάκος Μητσοτάκης,55.9454,2022,Q4,medium
,leader_performance_compare,Σύγκριση πρωθυπουργικής επίδοσης,previous_vote_party,Πλεύση Ελευθερίας,none,21.5316,2022,Q4,low
,leader_performance_compare,Σύγκριση πρωθυπουργικής επίδοσης,previous_vote_party,Πλεύση Ελευθερίας,Αλέξης Τσίπρας,16.2797,2022,Q4,low
,leader_performance_compare,Σύγκριση πρωθυπουργικής επίδοσης,previous_vote_party,Πλεύση Ελευθερίας,Κυριάκος Μητσοτάκης,62.1887,2022,Q4,low
,leader_accountability_blame,Ευθύνη/χρέωση: Για τη διαφθορά,previous_vote_party,Πλεύση Ελευθερίας,none,41.263,2022,Q4,low
,leader_accountability_blame,Ευθύνη/χρέωση: Για τη διαφθορά,previous_vote_party,Πλεύση Ελευθερίας,Αλέξης Τσίπρας,24.3578,2022,Q4,low
,leader_accountability_blame,Ευθύνη/χρέωση: Για τη διαφθορά,previous_vote_party,Πλεύση Ελευθερίας,Κυριάκος Μητσοτάκης,34.3793,2022,Q4,low
,leader_accountability_blame,Ευθύνη/χρέωση: Για την ακρίβεια,previous_vote_party,Πλεύση Ελευθερίας,none,33.0265,2022,Q4,low
,leader_accountability_blame,Ευθύνη/χρέωση: Για την ακρίβεια,previous_vote_party,Πλεύση Ελευθερίας,Αλέξης Τσίπρας,21.7234,2022,Q4,low
,leader_accountability_blame,Ευθύνη/χρέωση: Για την ακρίβεια,previous_vote_party,Πλεύση Ελευθερίας,Κυριάκος Μητσοτάκης,45.2501,2022,Q4,low
,leader_accountability_blame,Ευθύνη/χρέωση: Για την ανεργία,previous_vote_party,Πλεύση Ελευθερίας,none,58.3454,2022,Q4,low
,leader_accountability_blame,Ευθύνη/χρέωση: Για την ανεργία,previous_vote_party,Πλεύση Ελευθερίας,Αλέξης Τσίπρας,21.8434,2022,Q4,low
,leader_accountability_blame,Ευθύνη/χρέωση: Για την ανεργία,previous_vote_party,Πλεύση Ελευθερίας,Κυριάκος Μητσοτάκης,19.8112,2022,Q4,low
,leader_accountability_blame,Ευθύνη/χρέωση: Για την εγκληματικότητα,previous_vote_party,Πλεύση Ελευθερίας,none,41.2236,2022,Q4,low
,leader_accountability_blame,Ευθύνη/χρέωση: Για την εγκληματικότητα,previous_vote_party,Πλεύση Ελευθερίας,Αλέξης Τσίπρας,35.8905,2022,Q4,low
,leader_accountability_blame,Ευθύνη/χρέωση: Για την εγκληματικότητα,previous_vote_party,Πλεύση Ελευθερίας,Κυριάκος Μητσοτάκης,22.8859,2022,Q4,low
,leader_accountability_blame,Ευθύνη/χρέωση: Για την κατάσταση στα μέσα ενημέρωσης,previous_vote_party,Πλεύση Ελευθερίας,none,39.8817,2022,Q4,low
,leader_accountability_blame,Ευθύνη/χρέωση: Για την κατάσταση στα μέσα ενημέρωσης,previous_vote_party,Πλεύση Ελευθερίας,Αλέξης Τσίπρας,17.2283,2022,Q4,low
,leader_accountability_blame,Ευθύνη/χρέωση: Για την κατάσταση στα μέσα ενημέρωσης,previous_vote_party,Πλεύση Ελευθερίας,Κυριάκος Μητσοτάκης,42.89,2022,Q4,low
,leader_accountability_blame,Ευθύνη/χρέωση: Για τις υποκλοπές,previous_vote_party,Πλεύση Ελευθερίας,none,31.6199,2022,Q4,low
,leader_accountability_blame,Ευθύνη/χρέωση: Για τις υποκλοπές,previous_vote_party,Πλεύση Ελευθερίας,Αλέξης Τσίπρας,8.3122,2022,Q4,low
,leader_accountability_blame,Ευθύνη/χρέωση: Για τις υποκλοπές,previous_vote_party,Πλεύση Ελευθερίας,Κυριάκος Μητσοτάκης,60.0679,2022,Q4,low
,leader_accountability_blame,Ευθύνη/χρέωση: Για τους πλειστηριασμούς πρώτης κατοικίας,previous_vote_party,Πλεύση Ελευθερίας,none,31.356,2022,Q4,low
,leader_accountability_blame,Ευθύνη/χρέωση: Για τους πλειστηριασμούς πρώτης κατοικίας,previous_vote_party,Πλεύση Ελευθερίας,Αλέξης Τσίπρας,58.8115,2022,Q4,low
,leader_accountability_blame,Ευθύνη/χρέωση: Για τους πλειστηριασμούς πρώτης κατοικίας,previous_vote_party,Πλεύση Ελευθερίας,Κυριάκος Μητσοτάκης,9.8324,2022,Q4,low
,leader_accountability_blame,Ευθύνη/χρέωση: Για τους χαμηλούς μισθούς/συντάξεις,previous_vote_party,Πλεύση Ελευθερίας,none,20.4583,2022,Q4,low
,leader_accountability_blame,Ευθύνη/χρέωση: Για τους χαμηλούς μισθούς/συντάξεις,previous_vote_party,Πλεύση Ελευθερίας,Αλέξης Τσίπρας,55.4838,2022,Q4,low
,leader_accountability_blame,Ευθύνη/χρέωση: Για τους χαμηλούς μισθούς/συντάξεις,previous_vote_party,Πλεύση Ελευθερίας,Κυριάκος Μητσοτάκης,24.0579,2022,Q4,low
,leader_trait,Ασυμβίβαστος με τα συμφέροντα,previous_vote_party,Πλεύση Ελευθερίας,Αλέξης Τσίπρας,28.1539,2022,Q4,low
,leader_trait,Ασυμβίβαστος με τα συμφέροντα,previous_vote_party,Πλεύση Ελευθερίας,Κυριάκος Μητσοτάκης,71.8461,2022,Q4,low
,leader_trait,Εκφράζει το μεσαίο χώρο,previous_vote_party,Πλεύση Ελευθερίας,Αλέξης Τσίπρας,42.137,2022,Q4,low
,leader_trait,Εκφράζει το μεσαίο χώρο,previous_vote_party,Πλεύση Ελευθερίας,Κυριάκος Μητσοτάκης,57.863,2022,Q4,low
,leader_trait,Κοντά στους πολίτες,previous_vote_party,Πλεύση Ελευθερίας,Αλέξης Τσίπρας,35.5286,2022,Q4,low
,leader_trait,Κοντά στους πολίτες,previous_vote_party,Πλεύση Ελευθερίας,Κυριάκος Μητσοτάκης,64.4714,2022,Q4,low
,leader_trait,Αξιόπιστος,previous_vote_party,Πλεύση Ελευθερίας,Αλέξης Τσίπρας,10.917,2022,Q4,low
,leader_trait,Αξιόπιστος,previous_vote_party,Πλεύση Ελευθερίας,Κυριάκος Μητσοτάκης,89.083,2022,Q4,low
,leader_trait,Σέβεται τις δημοκρατικές αρχές,previous_vote_party,Πλεύση Ελευθερίας,Αλέξης Τσίπρας,25.7528,2022,Q4,low
,leader_trait,Σέβεται τις δημοκρατικές αρχές,previous_vote_party,Πλεύση Ελευθερίας,Κυριάκος Μητσοτάκης,74.2472,2022,Q4,low
,leader_trait,Ικανός στη διαχείριση της οικονομίας,previous_vote_party,Πλεύση Ελευθερίας,Αλέξης Τσίπρας,17.4586,2022,Q4,low
,leader_trait,Ικανός στη διαχείριση της οικονομίας,previous_vote_party,Πλεύση Ελευθερίας,Κυριάκος Μητσοτάκης,82.5414,2022,Q4,low
,leader_trait,Αποτελεσματικός,previous_vote_party,Πλεύση Ελευθερίας,Αλέξης Τσίπρας,10.917,2022,Q4,low
,leader_trait,Αποτελεσματικός,previous_vote_party,Πλεύση Ελευθερίας,Κυριάκος Μητσοτάκης,89.083,2022,Q4,low
,leader_trait,Ακέραιος με το δημόσιο χρήμα,previous_vote_party,Πλεύση Ελευθερίας,Αλέξης Τσίπρας,42.1638,2022,Q4,low
,leader_trait,Ακέραιος με το δημόσιο χρήμα,previous_vote_party,Πλεύση Ελευθερίας,Κυριάκος Μητσοτάκης,57.8362,2022,Q4,low
,leader_trait,Έχει ηγετικά προσόντα,previous_vote_party,Πλεύση Ελευθερίας,Αλέξης Τσίπρας,13.5364,2022,Q4,low
,leader_trait,Έχει ηγετικά προσόντα,previous_vote_party,Πλεύση Ελευθερίας,Κυριάκος Μητσοτάκης,86.4636,2022,Q4,low
,leader_trait,Επιλέγει καλύτερους συνεργάτες,previous_vote_party,Πλεύση Ελευθερίας,Αλέξης Τσίπρας,15.0521,2022,Q4,low
,leader_trait,Επιλέγει καλύτερους συνεργάτες,previous_vote_party,Πλεύση Ελευθερίας,Κυριάκος Μητσοτάκης,84.9479,2022,Q4,low
,leader_choice_dilemma,Δίλημμα Μητσοτάκης ή Τσίπρας,previous_vote_party,Πλεύση Ελευθερίας,none,31.5781,2022,Q4,low
,leader_choice_dilemma,Δίλημμα Μητσοτάκης ή Τσίπρας,previous_vote_party,Πλεύση Ελευθερίας,Αλέξης Τσίπρας,7.6212,2022,Q4,low
,leader_choice_dilemma,Δίλημμα Μητσοτάκης ή Τσίπρας,previous_vote_party,Πλεύση Ελευθερίας,Κυριάκος Μητσοτάκης,60.8007,2022,Q4,low
,suitable_pm,Καταλληλότερος για πρωθυπουργός,previous_vote_party,Πλεύση Ελευθερίας,none,24.0026,2022,Q4,low
,suitable_pm,Καταλληλότερος για πρωθυπουργός,previous_vote_party,Πλεύση Ελευθερίας,Αλέξης Τσίπρας,7.6212,2022,Q4,low
,suitable_pm,Καταλληλότερος για πρωθυπουργός,previous_vote_party,Πλεύση Ελευθερίας,Κυριάκος Μητσοτάκης,68.3762,2022,Q4,low
,leader_performance_compare,Σύγκριση πρωθυπουργικής επίδοσης,previous_vote_party,ΣΥΡΙΖΑ,none,23.5692,2022,Q4,high
,leader_performance_compare,Σύγκριση πρωθυπουργικής επίδοσης,previous_vote_party,ΣΥΡΙΖΑ,Αλέξης Τσίπρας,63.716,2022,Q4,high
,leader_performance_compare,Σύγκριση πρωθυπουργικής επίδοσης,previous_vote_party,ΣΥΡΙΖΑ,Κυριάκος Μητσοτάκης,12.7147,2022,Q4,high
,leader_accountability_blame,Ευθύνη/χρέωση: Για τη διαφθορά,previous_vote_party,ΣΥΡΙΖΑ,none,6.9471,2022,Q4,high
,leader_accountability_blame,Ευθύνη/χρέωση: Για τη διαφθορά,previous_vote_party,ΣΥΡΙΖΑ,Αλέξης Τσίπρας,4.3614,2022,Q4,high
,leader_accountability_blame,Ευθύνη/χρέωση: Για τη διαφθορά,previous_vote_party,ΣΥΡΙΖΑ,Κυριάκος Μητσοτάκης,88.6914,2022,Q4,high
,leader_accountability_blame,Ευθύνη/χρέωση: Για την ακρίβεια,previous_vote_party,ΣΥΡΙΖΑ,none,10.7812,2022,Q4,high
,leader_accountability_blame,Ευθύνη/χρέωση: Για την ακρίβεια,previous_vote_party,ΣΥΡΙΖΑ,Αλέξης Τσίπρας,3.2649,2022,Q4,high
,leader_accountability_blame,Ευθύνη/χρέωση: Για την ακρίβεια,previous_vote_party,ΣΥΡΙΖΑ,Κυριάκος Μητσοτάκης,85.9539,2022,Q4,high
,leader_accountability_blame,Ευθύνη/χρέωση: Για την ανεργία,previous_vote_party,ΣΥΡΙΖΑ,none,20.6899,2022,Q4,high
,leader_accountability_blame,Ευθύνη/χρέωση: Για την ανεργία,previous_vote_party,ΣΥΡΙΖΑ,Αλέξης Τσίπρας,5.435,2022,Q4,high
,leader_accountability_blame,Ευθύνη/χρέωση: Για την ανεργία,previous_vote_party,ΣΥΡΙΖΑ,Κυριάκος Μητσοτάκης,73.8751,2022,Q4,high
,leader_accountability_blame,Ευθύνη/χρέωση: Για την εγκληματικότητα,previous_vote_party,ΣΥΡΙΖΑ,none,22.3005,2022,Q4,high
,leader_accountability_blame,Ευθύνη/χρέωση: Για την εγκληματικότητα,previous_vote_party,ΣΥΡΙΖΑ,Αλέξης Τσίπρας,6.2999,2022,Q4,high
,leader_accountability_blame,Ευθύνη/χρέωση: Για την εγκληματικότητα,previous_vote_party,ΣΥΡΙΖΑ,Κυριάκος Μητσοτάκης,71.3996,2022,Q4,high
,leader_accountability_blame,Ευθύνη/χρέωση: Για την κατάσταση στα μέσα ενημέρωσης,previous_vote_party,ΣΥΡΙΖΑ,none,6.8786,2022,Q4,high
,leader_accountability_blame,Ευθύνη/χρέωση: Για την κατάσταση στα μέσα ενημέρωσης,previous_vote_party,ΣΥΡΙΖΑ,Αλέξης Τσίπρας,3.0572,2022,Q4,high
,leader_accountability_blame,Ευθύνη/χρέωση: Για την κατάσταση στα μέσα ενημέρωσης,previous_vote_party,ΣΥΡΙΖΑ,Κυριάκος Μητσοτάκης,90.0642,2022,Q4,high
,leader_accountability_blame,Ευθύνη/χρέωση: Για τις υποκλοπές,previous_vote_party,ΣΥΡΙΖΑ,none,4.0151,2022,Q4,high
,leader_accountability_blame,Ευθύνη/χρέωση: Για τις υποκλοπές,previous_vote_party,ΣΥΡΙΖΑ,Αλέξης Τσίπρας,3.5926,2022,Q4,high
,leader_accountability_blame,Ευθύνη/χρέωση: Για τις υποκλοπές,previous_vote_party,ΣΥΡΙΖΑ,Κυριάκος Μητσοτάκης,92.3923,2022,Q4,high
,leader_accountability_blame,Ευθύνη/χρέωση: Για τους πλειστηριασμούς πρώτης κατοικίας,previous_vote_party,ΣΥΡΙΖΑ,none,12.277,2022,Q4,high
,leader_accountability_blame,Ευθύνη/χρέωση: Για τους πλειστηριασμούς πρώτης κατοικίας,previous_vote_party,ΣΥΡΙΖΑ,Αλέξης Τσίπρας,10.213,2022,Q4,high
,leader_accountability_blame,Ευθύνη/χρέωση: Για τους πλειστηριασμούς πρώτης κατοικίας,previous_vote_party,ΣΥΡΙΖΑ,Κυριάκος Μητσοτάκης,77.51,2022,Q4,high
,leader_accountability_blame,Ευθύνη/χρέωση: Για τους χαμηλούς μισθούς/συντάξεις,previous_vote_party,ΣΥΡΙΖΑ,none,15.7049,2022,Q4,high
,leader_accountability_blame,Ευθύνη/χρέωση: Για τους χαμηλούς μισθούς/συντάξεις,previous_vote_party,ΣΥΡΙΖΑ,Αλέξης Τσίπρας,9.4437,2022,Q4,high
,leader_accountability_blame,Ευθύνη/χρέωση: Για τους χαμηλούς μισθούς/συντάξεις,previous_vote_party,ΣΥΡΙΖΑ,Κυριάκος Μητσοτάκης,74.8514,2022,Q4,high
,leader_trait,Ασυμβίβαστος με τα συμφέροντα,previous_vote_party,ΣΥΡΙΖΑ,Αλέξης Τσίπρας,94.8726,2022,Q4,high
,leader_trait,Ασυμβίβαστος με τα συμφέροντα,previous_vote_party,ΣΥΡΙΖΑ,Κυριάκος Μητσοτάκης,5.1274,2022,Q4,high
,leader_trait,Εκφράζει το μεσαίο χώρο,previous_vote_party,ΣΥΡΙΖΑ,Αλέξης Τσίπρας,92.6404,2022,Q4,high
,leader_trait,Εκφράζει το μεσαίο χώρο,previous_vote_party,ΣΥΡΙΖΑ,Κυριάκος Μητσοτάκης,7.3596,2022,Q4,high
,leader_trait,Κοντά στους πολίτες,previous_vote_party,ΣΥΡΙΖΑ,Αλέξης Τσίπρας,94.3257,2022,Q4,high
,leader_trait,Κοντά στους πολίτες,previous_vote_party,ΣΥΡΙΖΑ,Κυριάκος Μητσοτάκης,5.6743,2022,Q4,high
,leader_trait,Αξιόπιστος,previous_vote_party,ΣΥΡΙΖΑ,Αλέξης Τσίπρας,89.4686,2022,Q4,high
,leader_trait,Αξιόπιστος,previous_vote_party,ΣΥΡΙΖΑ,Κυριάκος Μητσοτάκης,10.5314,2022,Q4,high
,leader_trait,Σέβεται τις δημοκρατικές αρχές,previous_vote_party,ΣΥΡΙΖΑ,Αλέξης Τσίπρας,91.9635,2022,Q4,high
,leader_trait,Σέβεται τις δημοκρατικές αρχές,previous_vote_party,ΣΥΡΙΖΑ,Κυριάκος Μητσοτάκης,8.0365,2022,Q4,high
,leader_trait,Ικανός στη διαχείριση της οικονομίας,previous_vote_party,ΣΥΡΙΖΑ,Αλέξης Τσίπρας,80.5336,2022,Q4,high
,leader_trait,Ικανός στη διαχείριση της οικονομίας,previous_vote_party,ΣΥΡΙΖΑ,Κυριάκος Μητσοτάκης,19.4664,2022,Q4,high
,leader_trait,Αποτελεσματικός,previous_vote_party,ΣΥΡΙΖΑ,Αλέξης Τσίπρας,77.7244,2022,Q4,high
,leader_trait,Αποτελεσματικός,previous_vote_party,ΣΥΡΙΖΑ,Κυριάκος Μητσοτάκης,22.2756,2022,Q4,high
,leader_trait,Ακέραιος με το δημόσιο χρήμα,previous_vote_party,ΣΥΡΙΖΑ,Αλέξης Τσίπρας,94.6937,2022,Q4,high
,leader_trait,Ακέραιος με το δημόσιο χρήμα,previous_vote_party,ΣΥΡΙΖΑ,Κυριάκος Μητσοτάκης,5.3063,2022,Q4,high
,leader_trait,Έχει ηγετικά προσόντα,previous_vote_party,ΣΥΡΙΖΑ,Αλέξης Τσίπρας,86.4339,2022,Q4,high
,leader_trait,Έχει ηγετικά προσόντα,previous_vote_party,ΣΥΡΙΖΑ,Κυριάκος Μητσοτάκης,13.5661,2022,Q4,high
,leader_trait,Επιλέγει καλύτερους συνεργάτες,previous_vote_party,ΣΥΡΙΖΑ,Αλέξης Τσίπρας,75.0892,2022,Q4,high
,leader_trait,Επιλέγει καλύτερους συνεργάτες,previous_vote_party,ΣΥΡΙΖΑ,Κυριάκος Μητσοτάκης,24.9108,2022,Q4,high
,leader_choice_dilemma,Δίλημμα Μητσοτάκης ή Τσίπρας,previous_vote_party,ΣΥΡΙΖΑ,none,23.4079,2022,Q4,high
,leader_choice_dilemma,Δίλημμα Μητσοτάκης ή Τσίπρας,previous_vote_party,ΣΥΡΙΖΑ,Αλέξης Τσίπρας,70.2088,2022,Q4,high
,leader_choice_dilemma,Δίλημμα Μητσοτάκης ή Τσίπρας,previous_vote_party,ΣΥΡΙΖΑ,Κυριάκος Μητσοτάκης,6.3833,2022,Q4,high
,suitable_pm,Καταλληλότερος για πρωθυπουργός,previous_vote_party,ΣΥΡΙΖΑ,none,19.4104,2022,Q4,high
,suitable_pm,Καταλληλότερος για πρωθυπουργός,previous_vote_party,ΣΥΡΙΖΑ,Αλέξης Τσίπρας,71.7074,2022,Q4,high
,suitable_pm,Καταλληλότερος για πρωθυπουργός,previous_vote_party,ΣΥΡΙΖΑ,Κυριάκος Μητσοτάκης,8.8822,2022,Q4,high
,leader_performance_compare,Σύγκριση πρωθυπουργικής επίδοσης,previous_vote_party,Χρυσή Αυγή,none,45.1756,2022,Q4,low
,leader_performance_compare,Σύγκριση πρωθυπουργικής επίδοσης,previous_vote_party,Χρυσή Αυγή,Αλέξης Τσίπρας,11.861,2022,Q4,low
,leader_performance_compare,Σύγκριση πρωθυπουργικής επίδοσης,previous_vote_party,Χρυσή Αυγή,Κυριάκος Μητσοτάκης,42.9634,2022,Q4,low
,leader_accountability_blame,Ευθύνη/χρέωση: Για τη διαφθορά,previous_vote_party,Χρυσή Αυγή,none,12.4958,2022,Q4,low
,leader_accountability_blame,Ευθύνη/χρέωση: Για τη διαφθορά,previous_vote_party,Χρυσή Αυγή,Αλέξης Τσίπρας,35.237,2022,Q4,low
,leader_accountability_blame,Ευθύνη/χρέωση: Για τη διαφθορά,previous_vote_party,Χρυσή Αυγή,Κυριάκος Μητσοτάκης,52.2672,2022,Q4,low
,leader_accountability_blame,Ευθύνη/χρέωση: Για την ακρίβεια,previous_vote_party,Χρυσή Αυγή,none,20.0279,2022,Q4,low
,leader_accountability_blame,Ευθύνη/χρέωση: Για την ακρίβεια,previous_vote_party,Χρυσή Αυγή,Αλέξης Τσίπρας,13.5472,2022,Q4,low
,leader_accountability_blame,Ευθύνη/χρέωση: Για την ακρίβεια,previous_vote_party,Χρυσή Αυγή,Κυριάκος Μητσοτάκης,66.4249,2022,Q4,low
,leader_accountability_blame,Ευθύνη/χρέωση: Για την ανεργία,previous_vote_party,Χρυσή Αυγή,none,9.5444,2022,Q4,low
,leader_accountability_blame,Ευθύνη/χρέωση: Για την ανεργία,previous_vote_party,Χρυσή Αυγή,Αλέξης Τσίπρας,43.1945,2022,Q4,low
,leader_accountability_blame,Ευθύνη/χρέωση: Για την ανεργία,previous_vote_party,Χρυσή Αυγή,Κυριάκος Μητσοτάκης,47.2611,2022,Q4,low
,leader_accountability_blame,Ευθύνη/χρέωση: Για την εγκληματικότητα,previous_vote_party,Χρυσή Αυγή,none,15.0441,2022,Q4,low
,leader_accountability_blame,Ευθύνη/χρέωση: Για την εγκληματικότητα,previous_vote_party,Χρυσή Αυγή,Αλέξης Τσίπρας,57.419,2022,Q4,low
,leader_accountability_blame,Ευθύνη/χρέωση: Για την εγκληματικότητα,previous_vote_party,Χρυσή Αυγή,Κυριάκος Μητσοτάκης,27.5369,2022,Q4,low
,leader_accountability_blame,Ευθύνη/χρέωση: Για την κατάσταση στα μέσα ενημέρωσης,previous_vote_party,Χρυσή Αυγή,none,17.0499,2022,Q4,low
,leader_accountability_blame,Ευθύνη/χρέωση: Για την κατάσταση στα μέσα ενημέρωσης,previous_vote_party,Χρυσή Αυγή,Αλέξης Τσίπρας,26.8411,2022,Q4,low
,leader_accountability_blame,Ευθύνη/χρέωση: Για την κατάσταση στα μέσα ενημέρωσης,previous_vote_party,Χρυσή Αυγή,Κυριάκος Μητσοτάκης,56.109,2022,Q4,low
,leader_accountability_blame,Ευθύνη/χρέωση: Για τις υποκλοπές,previous_vote_party,Χρυσή Αυγή,none,22.6348,2022,Q4,low
,leader_accountability_blame,Ευθύνη/χρέωση: Για τις υποκλοπές,previous_vote_party,Χρυσή Αυγή,Αλέξης Τσίπρας,18.9674,2022,Q4,low
,leader_accountability_blame,Ευθύνη/χρέωση: Για τις υποκλοπές,previous_vote_party,Χρυσή Αυγή,Κυριάκος Μητσοτάκης,58.3979,2022,Q4,low
,leader_accountability_blame,Ευθύνη/χρέωση: Για τους πλειστηριασμούς πρώτης κατοικίας,previous_vote_party,Χρυσή Αυγή,none,14.0791,2022,Q4,low
,leader_accountability_blame,Ευθύνη/χρέωση: Για τους πλειστηριασμούς πρώτης κατοικίας,previous_vote_party,Χρυσή Αυγή,Αλέξης Τσίπρας,45.1717,2022,Q4,low
,leader_accountability_blame,Ευθύνη/χρέωση: Για τους πλειστηριασμούς πρώτης κατοικίας,previous_vote_party,Χρυσή Αυγή,Κυριάκος Μητσοτάκης,40.7493,2022,Q4,low
,leader_accountability_blame,Ευθύνη/χρέωση: Για τους χαμηλούς μισθούς/συντάξεις,previous_vote_party,Χρυσή Αυγή,none,9.8174,2022,Q4,low
,leader_accountability_blame,Ευθύνη/χρέωση: Για τους χαμηλούς μισθούς/συντάξεις,previous_vote_party,Χρυσή Αυγή,Αλέξης Τσίπρας,45.5333,2022,Q4,low
,leader_accountability_blame,Ευθύνη/χρέωση: Για τους χαμηλούς μισθούς/συντάξεις,previous_vote_party,Χρυσή Αυγή,Κυριάκος Μητσοτάκης,44.6493,2022,Q4,low
,leader_trait,Ασυμβίβαστος με τα συμφέροντα,previous_vote_party,Χρυσή Αυγή,Αλέξης Τσίπρας,30.6551,2022,Q4,low
,leader_trait,Ασυμβίβαστος με τα συμφέροντα,previous_vote_party,Χρυσή Αυγή,Κυριάκος Μητσοτάκης,69.3449,2022,Q4,low
,leader_trait,Εκφράζει το μεσαίο χώρο,previous_vote_party,Χρυσή Αυγή,Αλέξης Τσίπρας,35.3906,2022,Q4,low
,leader_trait,Εκφράζει το μεσαίο χώρο,previous_vote_party,Χρυσή Αυγή,Κυριάκος Μητσοτάκης,64.6094,2022,Q4,low
,leader_trait,Κοντά στους πολίτες,previous_vote_party,Χρυσή Αυγή,Αλέξης Τσίπρας,29.4514,2022,Q4,low
,leader_trait,Κοντά στους πολίτες,previous_vote_party,Χρυσή Αυγή,Κυριάκος Μητσοτάκης,70.5486,2022,Q4,low
,leader_trait,Αξιόπιστος,previous_vote_party,Χρυσή Αυγή,Αλέξης Τσίπρας,13.1797,2022,Q4,low
,leader_trait,Αξιόπιστος,previous_vote_party,Χρυσή Αυγή,Κυριάκος Μητσοτάκης,86.8203,2022,Q4,low
,leader_trait,Σέβεται τις δημοκρατικές αρχές,previous_vote_party,Χρυσή Αυγή,Αλέξης Τσίπρας,22.3118,2022,Q4,low
,leader_trait,Σέβεται τις δημοκρατικές αρχές,previous_vote_party,Χρυσή Αυγή,Κυριάκος Μητσοτάκης,77.6882,2022,Q4,low
,leader_trait,Ικανός στη διαχείριση της οικονομίας,previous_vote_party,Χρυσή Αυγή,Αλέξης Τσίπρας,23.0237,2022,Q4,low
,leader_trait,Ικανός στη διαχείριση της οικονομίας,previous_vote_party,Χρυσή Αυγή,Κυριάκος Μητσοτάκης,76.9763,2022,Q4,low
,leader_trait,Αποτελεσματικός,previous_vote_party,Χρυσή Αυγή,Αλέξης Τσίπρας,13.8753,2022,Q4,low
,leader_trait,Αποτελεσματικός,previous_vote_party,Χρυσή Αυγή,Κυριάκος Μητσοτάκης,86.1247,2022,Q4,low
,leader_trait,Ακέραιος με το δημόσιο χρήμα,previous_vote_party,Χρυσή Αυγή,Αλέξης Τσίπρας,29.7125,2022,Q4,low
,leader_trait,Ακέραιος με το δημόσιο χρήμα,previous_vote_party,Χρυσή Αυγή,Κυριάκος Μητσοτάκης,70.2875,2022,Q4,low
,leader_trait,Έχει ηγετικά προσόντα,previous_vote_party,Χρυσή Αυγή,Αλέξης Τσίπρας,28.9502,2022,Q4,low
,leader_trait,Έχει ηγετικά προσόντα,previous_vote_party,Χρυσή Αυγή,Κυριάκος Μητσοτάκης,71.0498,2022,Q4,low
,leader_trait,Επιλέγει καλύτερους συνεργάτες,previous_vote_party,Χρυσή Αυγή,Αλέξης Τσίπρας,21.2835,2022,Q4,low
,leader_trait,Επιλέγει καλύτερους συνεργάτες,previous_vote_party,Χρυσή Αυγή,Κυριάκος Μητσοτάκης,78.7165,2022,Q4,low
,leader_choice_dilemma,Δίλημμα Μητσοτάκης ή Τσίπρας,previous_vote_party,Χρυσή Αυγή,none,75.0511,2022,Q4,low
,leader_choice_dilemma,Δίλημμα Μητσοτάκης ή Τσίπρας,previous_vote_party,Χρυσή Αυγή,Αλέξης Τσίπρας,2.644,2022,Q4,low
,leader_choice_dilemma,Δίλημμα Μητσοτάκης ή Τσίπρας,previous_vote_party,Χρυσή Αυγή,Κυριάκος Μητσοτάκης,22.3049,2022,Q4,low
,suitable_pm,Καταλληλότερος για πρωθυπουργός,previous_vote_party,Χρυσή Αυγή,none,60.0658,2022,Q4,low
,suitable_pm,Καταλληλότερος για πρωθυπουργός,previous_vote_party,Χρυσή Αυγή,Αλέξης Τσίπρας,2.5451,2022,Q4,low
,suitable_pm,Καταλληλότερος για πρωθυπουργός,previous_vote_party,Χρυσή Αυγή,Κυριάκος Μητσοτάκης,37.3891,2022,Q4,low
,leader_performance_compare,Σύγκριση πρωθυπουργικής επίδοσης,region_group,Ήπειρος,none,33.7449,2022,Q4,low
,leader_performance_compare,Σύγκριση πρωθυπουργικής επίδοσης,region_group,Ήπειρος,Αλέξης Τσίπρας,34.9039,2022,Q4,low
,leader_performance_compare,Σύγκριση πρωθυπουργικής επίδοσης,region_group,Ήπειρος,Κυριάκος Μητσοτάκης,31.3512,2022,Q4,low
,leader_accountability_blame,Ευθύνη/χρέωση: Για τη διαφθορά,region_group,Ήπειρος,none,12.9864,2022,Q4,low
,leader_accountability_blame,Ευθύνη/χρέωση: Για τη διαφθορά,region_group,Ήπειρος,Αλέξης Τσίπρας,21.3953,2022,Q4,low
,leader_accountability_blame,Ευθύνη/χρέωση: Για τη διαφθορά,region_group,Ήπειρος,Κυριάκος Μητσοτάκης,65.6184,2022,Q4,low
,leader_accountability_blame,Ευθύνη/χρέωση: Για την ακρίβεια,region_group,Ήπειρος,none,20.2716,2022,Q4,low
,leader_accountability_blame,Ευθύνη/χρέωση: Για την ακρίβεια,region_group,Ήπειρος,Αλέξης Τσίπρας,11.2595,2022,Q4,low
,leader_accountability_blame,Ευθύνη/χρέωση: Για την ακρίβεια,region_group,Ήπειρος,Κυριάκος Μητσοτάκης,68.4689,2022,Q4,low
,leader_accountability_blame,Ευθύνη/χρέωση: Για την ανεργία,region_group,Ήπειρος,none,32.1526,2022,Q4,low
,leader_accountability_blame,Ευθύνη/χρέωση: Για την ανεργία,region_group,Ήπειρος,Αλέξης Τσίπρας,18.6513,2022,Q4,low
,leader_accountability_blame,Ευθύνη/χρέωση: Για την ανεργία,region_group,Ήπειρος,Κυριάκος Μητσοτάκης,49.1961,2022,Q4,low
,leader_accountability_blame,Ευθύνη/χρέωση: Για την εγκληματικότητα,region_group,Ήπειρος,none,26.8335,2022,Q4,low
,leader_accountability_blame,Ευθύνη/χρέωση: Για την εγκληματικότητα,region_group,Ήπειρος,Αλέξης Τσίπρας,20.8344,2022,Q4,low
,leader_accountability_blame,Ευθύνη/χρέωση: Για την εγκληματικότητα,region_group,Ήπειρος,Κυριάκος Μητσοτάκης,52.3321,2022,Q4,low
,leader_accountability_blame,Ευθύνη/χρέωση: Για την κατάσταση στα μέσα ενημέρωσης,region_group,Ήπειρος,none,16.3843,2022,Q4,low
,leader_accountability_blame,Ευθύνη/χρέωση: Για την κατάσταση στα μέσα ενημέρωσης,region_group,Ήπειρος,Αλέξης Τσίπρας,5.6752,2022,Q4,low
,leader_accountability_blame,Ευθύνη/χρέωση: Για την κατάσταση στα μέσα ενημέρωσης,region_group,Ήπειρος,Κυριάκος Μητσοτάκης,77.9405,2022,Q4,low
,leader_accountability_blame,Ευθύνη/χρέωση: Για τις υποκλοπές,region_group,Ήπειρος,none,16.2795,2022,Q4,low
,leader_accountability_blame,Ευθύνη/χρέωση: Για τις υποκλοπές,region_group,Ήπειρος,Αλέξης Τσίπρας,8.2849,2022,Q4,low
,leader_accountability_blame,Ευθύνη/χρέωση: Για τις υποκλοπές,region_group,Ήπειρος,Κυριάκος Μητσοτάκης,75.4357,2022,Q4,low
,leader_accountability_blame,Ευθύνη/χρέωση: Για τους πλειστηριασμούς πρώτης κατοικίας,region_group,Ήπειρος,none,22.5463,2022,Q4,low
,leader_accountability_blame,Ευθύνη/χρέωση: Για τους πλειστηριασμούς πρώτης κατοικίας,region_group,Ήπειρος,Αλέξης Τσίπρας,21.0744,2022,Q4,low
,leader_accountability_blame,Ευθύνη/χρέωση: Για τους πλειστηριασμούς πρώτης κατοικίας,region_group,Ήπειρος,Κυριάκος Μητσοτάκης,56.3793,2022,Q4,low
,leader_accountability_blame,Ευθύνη/χρέωση: Για τους χαμηλούς μισθούς/συντάξεις,region_group,Ήπειρος,none,13.4475,2022,Q4,low
,leader_accountability_blame,Ευθύνη/χρέωση: Για τους χαμηλούς μισθούς/συντάξεις,region_group,Ήπειρος,Αλέξης Τσίπρας,29.4627,2022,Q4,low
,leader_accountability_blame,Ευθύνη/χρέωση: Για τους χαμηλούς μισθούς/συντάξεις,region_group,Ήπειρος,Κυριάκος Μητσοτάκης,57.0897,2022,Q4,low
,leader_trait,Ασυμβίβαστος με τα συμφέροντα,region_group,Ήπειρος,Αλέξης Τσίπρας,77.117,2022,Q4,low
,leader_trait,Ασυμβίβαστος με τα συμφέροντα,region_group,Ήπειρος,Κυριάκος Μητσοτάκης,22.883,2022,Q4,low
,leader_trait,Εκφράζει το μεσαίο χώρο,region_group,Ήπειρος,Αλέξης Τσίπρας,71.4547,2022,Q4,low
,leader_trait,Εκφράζει το μεσαίο χώρο,region_group,Ήπειρος,Κυριάκος Μητσοτάκης,28.5453,2022,Q4,low
,leader_trait,Κοντά στους πολίτες,region_group,Ήπειρος,Αλέξης Τσίπρας,68.4751,2022,Q4,low
,leader_trait,Κοντά στους πολίτες,region_group,Ήπειρος,Κυριάκος Μητσοτάκης,31.5249,2022,Q4,low
,leader_trait,Αξιόπιστος,region_group,Ήπειρος,Αλέξης Τσίπρας,60.4868,2022,Q4,low
,leader_trait,Αξιόπιστος,region_group,Ήπειρος,Κυριάκος Μητσοτάκης,39.5132,2022,Q4,low
,leader_trait,Σέβεται τις δημοκρατικές αρχές,region_group,Ήπειρος,Αλέξης Τσίπρας,75.124,2022,Q4,low
,leader_trait,Σέβεται τις δημοκρατικές αρχές,region_group,Ήπειρος,Κυριάκος Μητσοτάκης,24.876,2022,Q4,low
,leader_trait,Ικανός στη διαχείριση της οικονομίας,region_group,Ήπειρος,Αλέξης Τσίπρας,53.176,2022,Q4,low
,leader_trait,Ικανός στη διαχείριση της οικονομίας,region_group,Ήπειρος,Κυριάκος Μητσοτάκης,46.824,2022,Q4,low
,leader_trait,Αποτελεσματικός,region_group,Ήπειρος,Αλέξης Τσίπρας,42.3306,2022,Q4,low
,leader_trait,Αποτελεσματικός,region_group,Ήπειρος,Κυριάκος Μητσοτάκης,57.6694,2022,Q4,low
,leader_trait,Ακέραιος με το δημόσιο χρήμα,region_group,Ήπειρος,Αλέξης Τσίπρας,80.8713,2022,Q4,low
,leader_trait,Ακέραιος με το δημόσιο χρήμα,region_group,Ήπειρος,Κυριάκος Μητσοτάκης,19.1287,2022,Q4,low
,leader_trait,Έχει ηγετικά προσόντα,region_group,Ήπειρος,Αλέξης Τσίπρας,52.1481,2022,Q4,low
,leader_trait,Έχει ηγετικά προσόντα,region_group,Ήπειρος,Κυριάκος Μητσοτάκης,47.8519,2022,Q4,low
,leader_trait,Επιλέγει καλύτερους συνεργάτες,region_group,Ήπειρος,Αλέξης Τσίπρας,42.1905,2022,Q4,low
,leader_trait,Επιλέγει καλύτερους συνεργάτες,region_group,Ήπειρος,Κυριάκος Μητσοτάκης,57.8095,2022,Q4,low
,leader_choice_dilemma,Δίλημμα Μητσοτάκης ή Τσίπρας,region_group,Ήπειρος,none,34.1194,2022,Q4,low
,leader_choice_dilemma,Δίλημμα Μητσοτάκης ή Τσίπρας,region_group,Ήπειρος,Αλέξης Τσίπρας,38.7343,2022,Q4,low
,leader_choice_dilemma,Δίλημμα Μητσοτάκης ή Τσίπρας,region_group,Ήπειρος,Κυριάκος Μητσοτάκης,27.1462,2022,Q4,low
,suitable_pm,Καταλληλότερος για πρωθυπουργός,region_group,Ήπειρος,none,21.8239,2022,Q4,low
,suitable_pm,Καταλληλότερος για πρωθυπουργός,region_group,Ήπειρος,Αλέξης Τσίπρας,46.6186,2022,Q4,low
,suitable_pm,Καταλληλότερος για πρωθυπουργός,region_group,Ήπειρος,Κυριάκος Μητσοτάκης,31.5575,2022,Q4,low
,leader_performance_compare,Σύγκριση πρωθυπουργικής επίδοσης,region_group,Ανατολική Μακεδονία Θράκη,none,29.2053,2022,Q4,low
,leader_performance_compare,Σύγκριση πρωθυπουργικής επίδοσης,region_group,Ανατολική Μακεδονία Θράκη,Αλέξης Τσίπρας,13.2357,2022,Q4,low
,leader_performance_compare,Σύγκριση πρωθυπουργικής επίδοσης,region_group,Ανατολική Μακεδονία Θράκη,Κυριάκος Μητσοτάκης,57.559,2022,Q4,low
,leader_accountability_blame,Ευθύνη/χρέωση: Για τη διαφθορά,region_group,Ανατολική Μακεδονία Θράκη,none,32.2801,2022,Q4,low
,leader_accountability_blame,Ευθύνη/χρέωση: Για τη διαφθορά,region_group,Ανατολική Μακεδονία Θράκη,Αλέξης Τσίπρας,17.989,2022,Q4,low
,leader_accountability_blame,Ευθύνη/χρέωση: Για τη διαφθορά,region_group,Ανατολική Μακεδονία Θράκη,Κυριάκος Μητσοτάκης,49.7309,2022,Q4,low
,leader_accountability_blame,Ευθύνη/χρέωση: Για την ακρίβεια,region_group,Ανατολική Μακεδονία Θράκη,none,28.883,2022,Q4,low
,leader_accountability_blame,Ευθύνη/χρέωση: Για την ακρίβεια,region_group,Ανατολική Μακεδονία Θράκη,Αλέξης Τσίπρας,11.0778,2022,Q4,low
,leader_accountability_blame,Ευθύνη/χρέωση: Για την ακρίβεια,region_group,Ανατολική Μακεδονία Θράκη,Κυριάκος Μητσοτάκης,60.0392,2022,Q4,low
,leader_accountability_blame,Ευθύνη/χρέωση: Για την ανεργία,region_group,Ανατολική Μακεδονία Θράκη,none,28.0775,2022,Q4,low
,leader_accountability_blame,Ευθύνη/χρέωση: Για την ανεργία,region_group,Ανατολική Μακεδονία Θράκη,Αλέξης Τσίπρας,29.5188,2022,Q4,low
,leader_accountability_blame,Ευθύνη/χρέωση: Για την ανεργία,region_group,Ανατολική Μακεδονία Θράκη,Κυριάκος Μητσοτάκης,42.4037,2022,Q4,low
,leader_accountability_blame,Ευθύνη/χρέωση: Για την εγκληματικότητα,region_group,Ανατολική Μακεδονία Θράκη,none,24.1014,2022,Q4,low
,leader_accountability_blame,Ευθύνη/χρέωση: Για την εγκληματικότητα,region_group,Ανατολική Μακεδονία Θράκη,Αλέξης Τσίπρας,39.0236,2022,Q4,low
,leader_accountability_blame,Ευθύνη/χρέωση: Για την εγκληματικότητα,region_group,Ανατολική Μακεδονία Θράκη,Κυριάκος Μητσοτάκης,36.875,2022,Q4,low
,leader_accountability_blame,Ευθύνη/χρέωση: Για την κατάσταση στα μέσα ενημέρωσης,region_group,Ανατολική Μακεδονία Θράκη,none,17.427,2022,Q4,low
,leader_accountability_blame,Ευθύνη/χρέωση: Για την κατάσταση στα μέσα ενημέρωσης,region_group,Ανατολική Μακεδονία Θράκη,Αλέξης Τσίπρας,25.0406,2022,Q4,low
,leader_accountability_blame,Ευθύνη/χρέωση: Για την κατάσταση στα μέσα ενημέρωσης,region_group,Ανατολική Μακεδονία Θράκη,Κυριάκος Μητσοτάκης,57.5324,2022,Q4,low
,leader_accountability_blame,Ευθύνη/χρέωση: Για τις υποκλοπές,region_group,Ανατολική Μακεδονία Θράκη,none,20.1503,2022,Q4,low
,leader_accountability_blame,Ευθύνη/χρέωση: Για τις υποκλοπές,region_group,Ανατολική Μακεδονία Θράκη,Αλέξης Τσίπρας,16.0926,2022,Q4,low
,leader_accountability_blame,Ευθύνη/χρέωση: Για τις υποκλοπές,region_group,Ανατολική Μακεδονία Θράκη,Κυριάκος Μητσοτάκης,63.7571,2022,Q4,low
,leader_accountability_blame,Ευθύνη/χρέωση: Για τους πλειστηριασμούς πρώτης κατοικίας,region_group,Ανατολική Μακεδονία Θράκη,none,14.3806,2022,Q4,low
,leader_accountability_blame,Ευθύνη/χρέωση: Για τους πλειστηριασμούς πρώτης κατοικίας,region_group,Ανατολική Μακεδονία Θράκη,Αλέξης Τσίπρας,43.4339,2022,Q4,low
,leader_accountability_blame,Ευθύνη/χρέωση: Για τους πλειστηριασμούς πρώτης κατοικίας,region_group,Ανατολική Μακεδονία Θράκη,Κυριάκος Μητσοτάκης,42.1855,2022,Q4,low
,leader_accountability_blame,Ευθύνη/χρέωση: Για τους χαμηλούς μισθούς/συντάξεις,region_group,Ανατολική Μακεδονία Θράκη,none,19.8348,2022,Q4,low
,leader_accountability_blame,Ευθύνη/χρέωση: Για τους χαμηλούς μισθούς/συντάξεις,region_group,Ανατολική Μακεδονία Θράκη,Αλέξης Τσίπρας,45.5808,2022,Q4,low
,leader_accountability_blame,Ευθύνη/χρέωση: Για τους χαμηλούς μισθούς/συντάξεις,region_group,Ανατολική Μακεδονία Θράκη,Κυριάκος Μητσοτάκης,34.5844,2022,Q4,low
,leader_trait,Ασυμβίβαστος με τα συμφέροντα,region_group,Ανατολική Μακεδονία Θράκη,Αλέξης Τσίπρας,56.7063,2022,Q4,low
,leader_trait,Ασυμβίβαστος με τα συμφέροντα,region_group,Ανατολική Μακεδονία Θράκη,Κυριάκος Μητσοτάκης,43.2937,2022,Q4,low
,leader_trait,Εκφράζει το μεσαίο χώρο,region_group,Ανατολική Μακεδονία Θράκη,Αλέξης Τσίπρας,44.1832,2022,Q4,low
,leader_trait,Εκφράζει το μεσαίο χώρο,region_group,Ανατολική Μακεδονία Θράκη,Κυριάκος Μητσοτάκης,55.8168,2022,Q4,low
,leader_trait,Κοντά στους πολίτες,region_group,Ανατολική Μακεδονία Θράκη,Αλέξης Τσίπρας,46.1451,2022,Q4,low
,leader_trait,Κοντά στους πολίτες,region_group,Ανατολική Μακεδονία Θράκη,Κυριάκος Μητσοτάκης,53.8549,2022,Q4,low
,leader_trait,Αξιόπιστος,region_group,Ανατολική Μακεδονία Θράκη,Αλέξης Τσίπρας,27.9212,2022,Q4,low
,leader_trait,Αξιόπιστος,region_group,Ανατολική Μακεδονία Θράκη,Κυριάκος Μητσοτάκης,72.0788,2022,Q4,low
,leader_trait,Σέβεται τις δημοκρατικές αρχές,region_group,Ανατολική Μακεδονία Θράκη,Αλέξης Τσίπρας,30.3814,2022,Q4,low
,leader_trait,Σέβεται τις δημοκρατικές αρχές,region_group,Ανατολική Μακεδονία Θράκη,Κυριάκος Μητσοτάκης,69.6186,2022,Q4,low
,leader_trait,Ικανός στη διαχείριση της οικονομίας,region_group,Ανατολική Μακεδονία Θράκη,Αλέξης Τσίπρας,19.2024,2022,Q4,low
,leader_trait,Ικανός στη διαχείριση της οικονομίας,region_group,Ανατολική Μακεδονία Θράκη,Κυριάκος Μητσοτάκης,80.7976,2022,Q4,low
,leader_trait,Αποτελεσματικός,region_group,Ανατολική Μακεδονία Θράκη,Αλέξης Τσίπρας,20.0146,2022,Q4,low
,leader_trait,Αποτελεσματικός,region_group,Ανατολική Μακεδονία Θράκη,Κυριάκος Μητσοτάκης,79.9854,2022,Q4,low
,leader_trait,Ακέραιος με το δημόσιο χρήμα,region_group,Ανατολική Μακεδονία Θράκη,Αλέξης Τσίπρας,44.7641,2022,Q4,low
,leader_trait,Ακέραιος με το δημόσιο χρήμα,region_group,Ανατολική Μακεδονία Θράκη,Κυριάκος Μητσοτάκης,55.2359,2022,Q4,low
,leader_trait,Έχει ηγετικά προσόντα,region_group,Ανατολική Μακεδονία Θράκη,Αλέξης Τσίπρας,26.04,2022,Q4,low
,leader_trait,Έχει ηγετικά προσόντα,region_group,Ανατολική Μακεδονία Θράκη,Κυριάκος Μητσοτάκης,73.96,2022,Q4,low
,leader_trait,Επιλέγει καλύτερους συνεργάτες,region_group,Ανατολική Μακεδονία Θράκη,Αλέξης Τσίπρας,26.5377,2022,Q4,low
,leader_trait,Επιλέγει καλύτερους συνεργάτες,region_group,Ανατολική Μακεδονία Θράκη,Κυριάκος Μητσοτάκης,73.4623,2022,Q4,low
,leader_choice_dilemma,Δίλημμα Μητσοτάκης ή Τσίπρας,region_group,Ανατολική Μακεδονία Θράκη,none,37.3281,2022,Q4,low
,leader_choice_dilemma,Δίλημμα Μητσοτάκης ή Τσίπρας,region_group,Ανατολική Μακεδονία Θράκη,Αλέξης Τσίπρας,15.7673,2022,Q4,low
,leader_choice_dilemma,Δίλημμα Μητσοτάκης ή Τσίπρας,region_group,Ανατολική Μακεδονία Θράκη,Κυριάκος Μητσοτάκης,46.9046,2022,Q4,low
,suitable_pm,Καταλληλότερος για πρωθυπουργός,region_group,Ανατολική Μακεδονία Θράκη,none,27.1065,2022,Q4,low
,suitable_pm,Καταλληλότερος για πρωθυπουργός,region_group,Ανατολική Μακεδονία Θράκη,Αλέξης Τσίπρας,20.2206,2022,Q4,low
,suitable_pm,Καταλληλότερος για πρωθυπουργός,region_group,Ανατολική Μακεδονία Θράκη,Κυριάκος Μητσοτάκης,52.6729,2022,Q4,low
,leader_performance_compare,Σύγκριση πρωθυπουργικής επίδοσης,region_group,Αττική,none,29.9877,2022,Q4,high
,leader_performance_compare,Σύγκριση πρωθυπουργικής επίδοσης,region_group,Αττική,Αλέξης Τσίπρας,26.8494,2022,Q4,high
,leader_performance_compare,Σύγκριση πρωθυπουργικής επίδοσης,region_group,Αττική,Κυριάκος Μητσοτάκης,43.1629,2022,Q4,high
,leader_accountability_blame,Ευθύνη/χρέωση: Για τη διαφθορά,region_group,Αττική,none,20.9347,2022,Q4,high
,leader_accountability_blame,Ευθύνη/χρέωση: Για τη διαφθορά,region_group,Αττική,Αλέξης Τσίπρας,19.1364,2022,Q4,high
,leader_accountability_blame,Ευθύνη/χρέωση: Για τη διαφθορά,region_group,Αττική,Κυριάκος Μητσοτάκης,59.9289,2022,Q4,high
,leader_accountability_blame,Ευθύνη/χρέωση: Για την ακρίβεια,region_group,Αττική,none,31.3268,2022,Q4,high
,leader_accountability_blame,Ευθύνη/χρέωση: Για την ακρίβεια,region_group,Αττική,Αλέξης Τσίπρας,7.6966,2022,Q4,high
,leader_accountability_blame,Ευθύνη/χρέωση: Για την ακρίβεια,region_group,Αττική,Κυριάκος Μητσοτάκης,60.9766,2022,Q4,high
,leader_accountability_blame,Ευθύνη/χρέωση: Για την ανεργία,region_group,Αττική,none,30.2852,2022,Q4,high
,leader_accountability_blame,Ευθύνη/χρέωση: Για την ανεργία,region_group,Αττική,Αλέξης Τσίπρας,23.8141,2022,Q4,high
,leader_accountability_blame,Ευθύνη/χρέωση: Για την ανεργία,region_group,Αττική,Κυριάκος Μητσοτάκης,45.9008,2022,Q4,high
,leader_accountability_blame,Ευθύνη/χρέωση: Για την εγκληματικότητα,region_group,Αττική,none,24.5266,2022,Q4,high
,leader_accountability_blame,Ευθύνη/χρέωση: Για την εγκληματικότητα,region_group,Αττική,Αλέξης Τσίπρας,31.2539,2022,Q4,high
,leader_accountability_blame,Ευθύνη/χρέωση: Για την εγκληματικότητα,region_group,Αττική,Κυριάκος Μητσοτάκης,44.2194,2022,Q4,high
,leader_accountability_blame,Ευθύνη/χρέωση: Για την κατάσταση στα μέσα ενημέρωσης,region_group,Αττική,none,16.4587,2022,Q4,high
,leader_accountability_blame,Ευθύνη/χρέωση: Για την κατάσταση στα μέσα ενημέρωσης,region_group,Αττική,Αλέξης Τσίπρας,18.2693,2022,Q4,high
,leader_accountability_blame,Ευθύνη/χρέωση: Για την κατάσταση στα μέσα ενημέρωσης,region_group,Αττική,Κυριάκος Μητσοτάκης,65.2719,2022,Q4,high
,leader_accountability_blame,Ευθύνη/χρέωση: Για τις υποκλοπές,region_group,Αττική,none,19.1904,2022,Q4,high
,leader_accountability_blame,Ευθύνη/χρέωση: Για τις υποκλοπές,region_group,Αττική,Αλέξης Τσίπρας,9.1032,2022,Q4,high
,leader_accountability_blame,Ευθύνη/χρέωση: Για τις υποκλοπές,region_group,Αττική,Κυριάκος Μητσοτάκης,71.7065,2022,Q4,high
,leader_accountability_blame,Ευθύνη/χρέωση: Για τους πλειστηριασμούς πρώτης κατοικίας,region_group,Αττική,none,17.2502,2022,Q4,high
,leader_accountability_blame,Ευθύνη/χρέωση: Για τους πλειστηριασμούς πρώτης κατοικίας,region_group,Αττική,Αλέξης Τσίπρας,31.9462,2022,Q4,high
,leader_accountability_blame,Ευθύνη/χρέωση: Για τους πλειστηριασμούς πρώτης κατοικίας,region_group,Αττική,Κυριάκος Μητσοτάκης,50.8036,2022,Q4,high
,leader_accountability_blame,Ευθύνη/χρέωση: Για τους χαμηλούς μισθούς/συντάξεις,region_group,Αττική,none,20.3769,2022,Q4,high
,leader_accountability_blame,Ευθύνη/χρέωση: Για τους χαμηλούς μισθούς/συντάξεις,region_group,Αττική,Αλέξης Τσίπρας,31.5291,2022,Q4,high
,leader_accountability_blame,Ευθύνη/χρέωση: Για τους χαμηλούς μισθούς/συντάξεις,region_group,Αττική,Κυριάκος Μητσοτάκης,48.094,2022,Q4,high
,leader_trait,Ασυμβίβαστος με τα συμφέροντα,region_group,Αττική,Αλέξης Τσίπρας,62.2836,2022,Q4,high
,leader_trait,Ασυμβίβαστος με τα συμφέροντα,region_group,Αττική,Κυριάκος Μητσοτάκης,37.7164,2022,Q4,high
,leader_trait,Εκφράζει το μεσαίο χώρο,region_group,Αττική,Αλέξης Τσίπρας,56.1137,2022,Q4,high
,leader_trait,Εκφράζει το μεσαίο χώρο,region_group,Αττική,Κυριάκος Μητσοτάκης,43.8863,2022,Q4,high
,leader_trait,Κοντά στους πολίτες,region_group,Αττική,Αλέξης Τσίπρας,55.8536,2022,Q4,high
,leader_trait,Κοντά στους πολίτες,region_group,Αττική,Κυριάκος Μητσοτάκης,44.1464,2022,Q4,high
,leader_trait,Αξιόπιστος,region_group,Αττική,Αλέξης Τσίπρας,43.8925,2022,Q4,high
,leader_trait,Αξιόπιστος,region_group,Αττική,Κυριάκος Μητσοτάκης,56.1075,2022,Q4,high
,leader_trait,Σέβεται τις δημοκρατικές αρχές,region_group,Αττική,Αλέξης Τσίπρας,53.8155,2022,Q4,high
,leader_trait,Σέβεται τις δημοκρατικές αρχές,region_group,Αττική,Κυριάκος Μητσοτάκης,46.1845,2022,Q4,high
,leader_trait,Ικανός στη διαχείριση της οικονομίας,region_group,Αττική,Αλέξης Τσίπρας,35.0984,2022,Q4,high
,leader_trait,Ικανός στη διαχείριση της οικονομίας,region_group,Αττική,Κυριάκος Μητσοτάκης,64.9016,2022,Q4,high
,leader_trait,Αποτελεσματικός,region_group,Αττική,Αλέξης Τσίπρας,34.7285,2022,Q4,high
,leader_trait,Αποτελεσματικός,region_group,Αττική,Κυριάκος Μητσοτάκης,65.2715,2022,Q4,high
,leader_trait,Ακέραιος με το δημόσιο χρήμα,region_group,Αττική,Αλέξης Τσίπρας,55.9913,2022,Q4,high
,leader_trait,Ακέραιος με το δημόσιο χρήμα,region_group,Αττική,Κυριάκος Μητσοτάκης,44.0087,2022,Q4,high
,leader_trait,Έχει ηγετικά προσόντα,region_group,Αττική,Αλέξης Τσίπρας,42.415,2022,Q4,high
,leader_trait,Έχει ηγετικά προσόντα,region_group,Αττική,Κυριάκος Μητσοτάκης,57.585,2022,Q4,high
,leader_trait,Επιλέγει καλύτερους συνεργάτες,region_group,Αττική,Αλέξης Τσίπρας,34.9208,2022,Q4,high
,leader_trait,Επιλέγει καλύτερους συνεργάτες,region_group,Αττική,Κυριάκος Μητσοτάκης,65.0792,2022,Q4,high
,leader_choice_dilemma,Δίλημμα Μητσοτάκης ή Τσίπρας,region_group,Αττική,none,37.2338,2022,Q4,high
,leader_choice_dilemma,Δίλημμα Μητσοτάκης ή Τσίπρας,region_group,Αττική,Αλέξης Τσίπρας,27.605,2022,Q4,high
,leader_choice_dilemma,Δίλημμα Μητσοτάκης ή Τσίπρας,region_group,Αττική,Κυριάκος Μητσοτάκης,35.1612,2022,Q4,high
,suitable_pm,Καταλληλότερος για πρωθυπουργός,region_group,Αττική,none,30.9314,2022,Q4,high
,suitable_pm,Καταλληλότερος για πρωθυπουργός,region_group,Αττική,Αλέξης Τσίπρας,29.208,2022,Q4,high
,suitable_pm,Καταλληλότερος για πρωθυπουργός,region_group,Αττική,Κυριάκος Μητσοτάκης,39.8607,2022,Q4,high
,leader_performance_compare,Σύγκριση πρωθυπουργικής επίδοσης,region_group,Βόρειο Αιγαίο,none,19.5364,2022,Q4,low
,leader_performance_compare,Σύγκριση πρωθυπουργικής επίδοσης,region_group,Βόρειο Αιγαίο,Αλέξης Τσίπρας,29.2785,2022,Q4,low
,leader_performance_compare,Σύγκριση πρωθυπουργικής επίδοσης,region_group,Βόρειο Αιγαίο,Κυριάκος Μητσοτάκης,51.1851,2022,Q4,low
,leader_accountability_blame,Ευθύνη/χρέωση: Για τη διαφθορά,region_group,Βόρειο Αιγαίο,none,21.2135,2022,Q4,low
,leader_accountability_blame,Ευθύνη/χρέωση: Για τη διαφθορά,region_group,Βόρειο Αιγαίο,Αλέξης Τσίπρας,26.1205,2022,Q4,low
,leader_accountability_blame,Ευθύνη/χρέωση: Για τη διαφθορά,region_group,Βόρειο Αιγαίο,Κυριάκος Μητσοτάκης,52.666,2022,Q4,low
,leader_accountability_blame,Ευθύνη/χρέωση: Για την ακρίβεια,region_group,Βόρειο Αιγαίο,none,33.7355,2022,Q4,low
,leader_accountability_blame,Ευθύνη/χρέωση: Για την ακρίβεια,region_group,Βόρειο Αιγαίο,Αλέξης Τσίπρας,11.3452,2022,Q4,low
,leader_accountability_blame,Ευθύνη/χρέωση: Για την ακρίβεια,region_group,Βόρειο Αιγαίο,Κυριάκος Μητσοτάκης,54.9193,2022,Q4,low
,leader_accountability_blame,Ευθύνη/χρέωση: Για την ανεργία,region_group,Βόρειο Αιγαίο,none,24.4413,2022,Q4,low
,leader_accountability_blame,Ευθύνη/χρέωση: Για την ανεργία,region_group,Βόρειο Αιγαίο,Αλέξης Τσίπρας,25.886,2022,Q4,low
,leader_accountability_blame,Ευθύνη/χρέωση: Για την ανεργία,region_group,Βόρειο Αιγαίο,Κυριάκος Μητσοτάκης,49.6727,2022,Q4,low
,leader_accountability_blame,Ευθύνη/χρέωση: Για την εγκληματικότητα,region_group,Βόρειο Αιγαίο,none,22.8203,2022,Q4,low
,leader_accountability_blame,Ευθύνη/χρέωση: Για την εγκληματικότητα,region_group,Βόρειο Αιγαίο,Αλέξης Τσίπρας,34.2508,2022,Q4,low
,leader_accountability_blame,Ευθύνη/χρέωση: Για την εγκληματικότητα,region_group,Βόρειο Αιγαίο,Κυριάκος Μητσοτάκης,42.9289,2022,Q4,low
,leader_accountability_blame,Ευθύνη/χρέωση: Για την κατάσταση στα μέσα ενημέρωσης,region_group,Βόρειο Αιγαίο,none,22.2104,2022,Q4,low
,leader_accountability_blame,Ευθύνη/χρέωση: Για την κατάσταση στα μέσα ενημέρωσης,region_group,Βόρειο Αιγαίο,Αλέξης Τσίπρας,17.394,2022,Q4,low
,leader_accountability_blame,Ευθύνη/χρέωση: Για την κατάσταση στα μέσα ενημέρωσης,region_group,Βόρειο Αιγαίο,Κυριάκος Μητσοτάκης,60.3955,2022,Q4,low
,leader_accountability_blame,Ευθύνη/χρέωση: Για τις υποκλοπές,region_group,Βόρειο Αιγαίο,none,20.2031,2022,Q4,low
,leader_accountability_blame,Ευθύνη/χρέωση: Για τις υποκλοπές,region_group,Βόρειο Αιγαίο,Αλέξης Τσίπρας,19.199,2022,Q4,low
,leader_accountability_blame,Ευθύνη/χρέωση: Για τις υποκλοπές,region_group,Βόρειο Αιγαίο,Κυριάκος Μητσοτάκης,60.5979,2022,Q4,low
,leader_accountability_blame,Ευθύνη/χρέωση: Για τους πλειστηριασμούς πρώτης κατοικίας,region_group,Βόρειο Αιγαίο,none,16.1505,2022,Q4,low
,leader_accountability_blame,Ευθύνη/χρέωση: Για τους πλειστηριασμούς πρώτης κατοικίας,region_group,Βόρειο Αιγαίο,Αλέξης Τσίπρας,39.2265,2022,Q4,low
,leader_accountability_blame,Ευθύνη/χρέωση: Για τους πλειστηριασμούς πρώτης κατοικίας,region_group,Βόρειο Αιγαίο,Κυριάκος Μητσοτάκης,44.6231,2022,Q4,low
,leader_accountability_blame,Ευθύνη/χρέωση: Για τους χαμηλούς μισθούς/συντάξεις,region_group,Βόρειο Αιγαίο,none,31.223,2022,Q4,low
,leader_accountability_blame,Ευθύνη/χρέωση: Για τους χαμηλούς μισθούς/συντάξεις,region_group,Βόρειο Αιγαίο,Αλέξης Τσίπρας,25.756,2022,Q4,low
,leader_accountability_blame,Ευθύνη/χρέωση: Για τους χαμηλούς μισθούς/συντάξεις,region_group,Βόρειο Αιγαίο,Κυριάκος Μητσοτάκης,43.021,2022,Q4,low
,leader_trait,Ασυμβίβαστος με τα συμφέροντα,region_group,Βόρειο Αιγαίο,Αλέξης Τσίπρας,35.2929,2022,Q4,low
,leader_trait,Ασυμβίβαστος με τα συμφέροντα,region_group,Βόρειο Αιγαίο,Κυριάκος Μητσοτάκης,64.7071,2022,Q4,low
,leader_trait,Εκφράζει το μεσαίο χώρο,region_group,Βόρειο Αιγαίο,Αλέξης Τσίπρας,39.0152,2022,Q4,low
,leader_trait,Εκφράζει το μεσαίο χώρο,region_group,Βόρειο Αιγαίο,Κυριάκος Μητσοτάκης,60.9848,2022,Q4,low
,leader_trait,Κοντά στους πολίτες,region_group,Βόρειο Αιγαίο,Αλέξης Τσίπρας,47.0989,2022,Q4,low
,leader_trait,Κοντά στους πολίτες,region_group,Βόρειο Αιγαίο,Κυριάκος Μητσοτάκης,52.9011,2022,Q4,low
,leader_trait,Αξιόπιστος,region_group,Βόρειο Αιγαίο,Αλέξης Τσίπρας,40.265,2022,Q4,low
,leader_trait,Αξιόπιστος,region_group,Βόρειο Αιγαίο,Κυριάκος Μητσοτάκης,59.735,2022,Q4,low
,leader_trait,Σέβεται τις δημοκρατικές αρχές,region_group,Βόρειο Αιγαίο,Αλέξης Τσίπρας,38.3096,2022,Q4,low
,leader_trait,Σέβεται τις δημοκρατικές αρχές,region_group,Βόρειο Αιγαίο,Κυριάκος Μητσοτάκης,61.6904,2022,Q4,low
,leader_trait,Ικανός στη διαχείριση της οικονομίας,region_group,Βόρειο Αιγαίο,Αλέξης Τσίπρας,38.9916,2022,Q4,low
,leader_trait,Ικανός στη διαχείριση της οικονομίας,region_group,Βόρειο Αιγαίο,Κυριάκος Μητσοτάκης,61.0084,2022,Q4,low
,leader_trait,Αποτελεσματικός,region_group,Βόρειο Αιγαίο,Αλέξης Τσίπρας,28.8481,2022,Q4,low
,leader_trait,Αποτελεσματικός,region_group,Βόρειο Αιγαίο,Κυριάκος Μητσοτάκης,71.1519,2022,Q4,low
,leader_trait,Ακέραιος με το δημόσιο χρήμα,region_group,Βόρειο Αιγαίο,Αλέξης Τσίπρας,44.5947,2022,Q4,low
,leader_trait,Ακέραιος με το δημόσιο χρήμα,region_group,Βόρειο Αιγαίο,Κυριάκος Μητσοτάκης,55.4053,2022,Q4,low
,leader_trait,Έχει ηγετικά προσόντα,region_group,Βόρειο Αιγαίο,Αλέξης Τσίπρας,31.9051,2022,Q4,low
,leader_trait,Έχει ηγετικά προσόντα,region_group,Βόρειο Αιγαίο,Κυριάκος Μητσοτάκης,68.0949,2022,Q4,low
,leader_trait,Επιλέγει καλύτερους συνεργάτες,region_group,Βόρειο Αιγαίο,Αλέξης Τσίπρας,29.2138,2022,Q4,low
,leader_trait,Επιλέγει καλύτερους συνεργάτες,region_group,Βόρειο Αιγαίο,Κυριάκος Μητσοτάκης,70.7862,2022,Q4,low
,leader_choice_dilemma,Δίλημμα Μητσοτάκης ή Τσίπρας,region_group,Βόρειο Αιγαίο,none,30.8406,2022,Q4,low
,leader_choice_dilemma,Δίλημμα Μητσοτάκης ή Τσίπρας,region_group,Βόρειο Αιγαίο,Αλέξης Τσίπρας,21.3873,2022,Q4,low
,leader_choice_dilemma,Δίλημμα Μητσοτάκης ή Τσίπρας,region_group,Βόρειο Αιγαίο,Κυριάκος Μητσοτάκης,47.772,2022,Q4,low
,suitable_pm,Καταλληλότερος για πρωθυπουργός,region_group,Βόρειο Αιγαίο,none,25.1094,2022,Q4,low
,suitable_pm,Καταλληλότερος για πρωθυπουργός,region_group,Βόρειο Αιγαίο,Αλέξης Τσίπρας,21.8598,2022,Q4,low
,suitable_pm,Καταλληλότερος για πρωθυπουργός,region_group,Βόρειο Αιγαίο,Κυριάκος Μητσοτάκης,53.0308,2022,Q4,low
,leader_performance_compare,Σύγκριση πρωθυπουργικής επίδοσης,region_group,Δεν γνωρίζω/ Δεν απαντώ,none,38.8796,2022,Q4,low
,leader_performance_compare,Σύγκριση πρωθυπουργικής επίδοσης,region_group,Δεν γνωρίζω/ Δεν απαντώ,Αλέξης Τσίπρας,31.7294,2022,Q4,low
,leader_performance_compare,Σύγκριση πρωθυπουργικής επίδοσης,region_group,Δεν γνωρίζω/ Δεν απαντώ,Κυριάκος Μητσοτάκης,29.3911,2022,Q4,low
,leader_accountability_blame,Ευθύνη/χρέωση: Για τη διαφθορά,region_group,Δεν γνωρίζω/ Δεν απαντώ,none,27.4949,2022,Q4,low
,leader_accountability_blame,Ευθύνη/χρέωση: Για τη διαφθορά,region_group,Δεν γνωρίζω/ Δεν απαντώ,Αλέξης Τσίπρας,22.1187,2022,Q4,low
,leader_accountability_blame,Ευθύνη/χρέωση: Για τη διαφθορά,region_group,Δεν γνωρίζω/ Δεν απαντώ,Κυριάκος Μητσοτάκης,50.3864,2022,Q4,low
,leader_accountability_blame,Ευθύνη/χρέωση: Για την ακρίβεια,region_group,Δεν γνωρίζω/ Δεν απαντώ,none,15.8058,2022,Q4,low
,leader_accountability_blame,Ευθύνη/χρέωση: Για την ακρίβεια,region_group,Δεν γνωρίζω/ Δεν απαντώ,Αλέξης Τσίπρας,11.4181,2022,Q4,low
,leader_accountability_blame,Ευθύνη/χρέωση: Για την ακρίβεια,region_group,Δεν γνωρίζω/ Δεν απαντώ,Κυριάκος Μητσοτάκης,72.7761,2022,Q4,low
,leader_accountability_blame,Ευθύνη/χρέωση: Για την ανεργία,region_group,Δεν γνωρίζω/ Δεν απαντώ,none,12.1331,2022,Q4,low
,leader_accountability_blame,Ευθύνη/χρέωση: Για την ανεργία,region_group,Δεν γνωρίζω/ Δεν απαντώ,Αλέξης Τσίπρας,36.1191,2022,Q4,low
,leader_accountability_blame,Ευθύνη/χρέωση: Για την ανεργία,region_group,Δεν γνωρίζω/ Δεν απαντώ,Κυριάκος Μητσοτάκης,51.7478,2022,Q4,low
,leader_accountability_blame,Ευθύνη/χρέωση: Για την εγκληματικότητα,region_group,Δεν γνωρίζω/ Δεν απαντώ,none,19.36,2022,Q4,low
,leader_accountability_blame,Ευθύνη/χρέωση: Για την εγκληματικότητα,region_group,Δεν γνωρίζω/ Δεν απαντώ,Αλέξης Τσίπρας,40.9432,2022,Q4,low
,leader_accountability_blame,Ευθύνη/χρέωση: Για την εγκληματικότητα,region_group,Δεν γνωρίζω/ Δεν απαντώ,Κυριάκος Μητσοτάκης,39.6968,2022,Q4,low
,leader_accountability_blame,Ευθύνη/χρέωση: Για την κατάσταση στα μέσα ενημέρωσης,region_group,Δεν γνωρίζω/ Δεν απαντώ,none,24.5547,2022,Q4,low
,leader_accountability_blame,Ευθύνη/χρέωση: Για την κατάσταση στα μέσα ενημέρωσης,region_group,Δεν γνωρίζω/ Δεν απαντώ,Κυριάκος Μητσοτάκης,75.4453,2022,Q4,low
,leader_accountability_blame,Ευθύνη/χρέωση: Για τις υποκλοπές,region_group,Δεν γνωρίζω/ Δεν απαντώ,none,17.2245,2022,Q4,low
,leader_accountability_blame,Ευθύνη/χρέωση: Για τις υποκλοπές,region_group,Δεν γνωρίζω/ Δεν απαντώ,Κυριάκος Μητσοτάκης,82.7755,2022,Q4,low
,leader_accountability_blame,Ευθύνη/χρέωση: Για τους πλειστηριασμούς πρώτης κατοικίας,region_group,Δεν γνωρίζω/ Δεν απαντώ,none,31.2313,2022,Q4,low
,leader_accountability_blame,Ευθύνη/χρέωση: Για τους πλειστηριασμούς πρώτης κατοικίας,region_group,Δεν γνωρίζω/ Δεν απαντώ,Κυριάκος Μητσοτάκης,68.7687,2022,Q4,low
,leader_accountability_blame,Ευθύνη/χρέωση: Για τους χαμηλούς μισθούς/συντάξεις,region_group,Δεν γνωρίζω/ Δεν απαντώ,none,6.0665,2022,Q4,low
,leader_accountability_blame,Ευθύνη/χρέωση: Για τους χαμηλούς μισθούς/συντάξεις,region_group,Δεν γνωρίζω/ Δεν απαντώ,Κυριάκος Μητσοτάκης,93.9335,2022,Q4,low
,leader_trait,Ασυμβίβαστος με τα συμφέροντα,region_group,Δεν γνωρίζω/ Δεν απαντώ,Αλέξης Τσίπρας,56.4471,2022,Q4,low
,leader_trait,Ασυμβίβαστος με τα συμφέροντα,region_group,Δεν γνωρίζω/ Δεν απαντώ,Κυριάκος Μητσοτάκης,43.5529,2022,Q4,low
,leader_trait,Εκφράζει το μεσαίο χώρο,region_group,Δεν γνωρίζω/ Δεν απαντώ,Αλέξης Τσίπρας,56.2857,2022,Q4,low
,leader_trait,Εκφράζει το μεσαίο χώρο,region_group,Δεν γνωρίζω/ Δεν απαντώ,Κυριάκος Μητσοτάκης,43.7143,2022,Q4,low
,leader_trait,Κοντά στους πολίτες,region_group,Δεν γνωρίζω/ Δεν απαντώ,Αλέξης Τσίπρας,84.0733,2022,Q4,low
,leader_trait,Κοντά στους πολίτες,region_group,Δεν γνωρίζω/ Δεν απαντώ,Κυριάκος Μητσοτάκης,15.9267,2022,Q4,low
,leader_trait,Αξιόπιστος,region_group,Δεν γνωρίζω/ Δεν απαντώ,Αλέξης Τσίπρας,50.6511,2022,Q4,low
,leader_trait,Αξιόπιστος,region_group,Δεν γνωρίζω/ Δεν απαντώ,Κυριάκος Μητσοτάκης,49.3489,2022,Q4,low
,leader_trait,Σέβεται τις δημοκρατικές αρχές,region_group,Δεν γνωρίζω/ Δεν απαντώ,Αλέξης Τσίπρας,40.7336,2022,Q4,low
,leader_trait,Σέβεται τις δημοκρατικές αρχές,region_group,Δεν γνωρίζω/ Δεν απαντώ,Κυριάκος Μητσοτάκης,59.2664,2022,Q4,low
,leader_trait,Ικανός στη διαχείριση της οικονομίας,region_group,Δεν γνωρίζω/ Δεν απαντώ,Αλέξης Τσίπρας,18.9476,2022,Q4,low
,leader_trait,Ικανός στη διαχείριση της οικονομίας,region_group,Δεν γνωρίζω/ Δεν απαντώ,Κυριάκος Μητσοτάκης,81.0524,2022,Q4,low
,leader_trait,Αποτελεσματικός,region_group,Δεν γνωρίζω/ Δεν απαντώ,Αλέξης Τσίπρας,50.7825,2022,Q4,low
,leader_trait,Αποτελεσματικός,region_group,Δεν γνωρίζω/ Δεν απαντώ,Κυριάκος Μητσοτάκης,49.2175,2022,Q4,low
,leader_trait,Ακέραιος με το δημόσιο χρήμα,region_group,Δεν γνωρίζω/ Δεν απαντώ,Αλέξης Τσίπρας,61.2598,2022,Q4,low
,leader_trait,Ακέραιος με το δημόσιο χρήμα,region_group,Δεν γνωρίζω/ Δεν απαντώ,Κυριάκος Μητσοτάκης,38.7402,2022,Q4,low
,leader_trait,Έχει ηγετικά προσόντα,region_group,Δεν γνωρίζω/ Δεν απαντώ,Αλέξης Τσίπρας,44.3229,2022,Q4,low
,leader_trait,Έχει ηγετικά προσόντα,region_group,Δεν γνωρίζω/ Δεν απαντώ,Κυριάκος Μητσοτάκης,55.6771,2022,Q4,low
,leader_trait,Επιλέγει καλύτερους συνεργάτες,region_group,Δεν γνωρίζω/ Δεν απαντώ,Αλέξης Τσίπρας,32.4299,2022,Q4,low
,leader_trait,Επιλέγει καλύτερους συνεργάτες,region_group,Δεν γνωρίζω/ Δεν απαντώ,Κυριάκος Μητσοτάκης,67.5701,2022,Q4,low
,leader_choice_dilemma,Δίλημμα Μητσοτάκης ή Τσίπρας,region_group,Δεν γνωρίζω/ Δεν απαντώ,none,76.7803,2022,Q4,low
,leader_choice_dilemma,Δίλημμα Μητσοτάκης ή Τσίπρας,region_group,Δεν γνωρίζω/ Δεν απαντώ,Αλέξης Τσίπρας,8.0265,2022,Q4,low
,leader_choice_dilemma,Δίλημμα Μητσοτάκης ή Τσίπρας,region_group,Δεν γνωρίζω/ Δεν απαντώ,Κυριάκος Μητσοτάκης,15.1932,2022,Q4,low
,suitable_pm,Καταλληλότερος για πρωθυπουργός,region_group,Δεν γνωρίζω/ Δεν απαντώ,none,49.0378,2022,Q4,low
,suitable_pm,Καταλληλότερος για πρωθυπουργός,region_group,Δεν γνωρίζω/ Δεν απαντώ,Αλέξης Τσίπρας,14.9766,2022,Q4,low
,suitable_pm,Καταλληλότερος για πρωθυπουργός,region_group,Δεν γνωρίζω/ Δεν απαντώ,Κυριάκος Μητσοτάκης,35.9856,2022,Q4,low
,leader_performance_compare,Σύγκριση πρωθυπουργικής επίδοσης,region_group,"Δυτική Ελλάδα (Αιτωλο-ακαρνανία, Ηλεία, Αχαΐα)",none,34.1562,2022,Q4,medium
,leader_performance_compare,Σύγκριση πρωθυπουργικής επίδοσης,region_group,"Δυτική Ελλάδα (Αιτωλο-ακαρνανία, Ηλεία, Αχαΐα)",Αλέξης Τσίπρας,32.7691,2022,Q4,medium
,leader_performance_compare,Σύγκριση πρωθυπουργικής επίδοσης,region_group,"Δυτική Ελλάδα (Αιτωλο-ακαρνανία, Ηλεία, Αχαΐα)",Κυριάκος Μητσοτάκης,33.0748,2022,Q4,medium
,leader_accountability_blame,Ευθύνη/χρέωση: Για τη διαφθορά,region_group,"Δυτική Ελλάδα (Αιτωλο-ακαρνανία, Ηλεία, Αχαΐα)",none,14.4434,2022,Q4,medium
,leader_accountability_blame,Ευθύνη/χρέωση: Για τη διαφθορά,region_group,"Δυτική Ελλάδα (Αιτωλο-ακαρνανία, Ηλεία, Αχαΐα)",Αλέξης Τσίπρας,15.9855,2022,Q4,medium
,leader_accountability_blame,Ευθύνη/χρέωση: Για τη διαφθορά,region_group,"Δυτική Ελλάδα (Αιτωλο-ακαρνανία, Ηλεία, Αχαΐα)",Κυριάκος Μητσοτάκης,69.5711,2022,Q4,medium
,leader_accountability_blame,Ευθύνη/χρέωση: Για την ακρίβεια,region_group,"Δυτική Ελλάδα (Αιτωλο-ακαρνανία, Ηλεία, Αχαΐα)",none,21.7424,2022,Q4,medium
,leader_accountability_blame,Ευθύνη/χρέωση: Για την ακρίβεια,region_group,"Δυτική Ελλάδα (Αιτωλο-ακαρνανία, Ηλεία, Αχαΐα)",Αλέξης Τσίπρας,7.6277,2022,Q4,medium
,leader_accountability_blame,Ευθύνη/χρέωση: Για την ακρίβεια,region_group,"Δυτική Ελλάδα (Αιτωλο-ακαρνανία, Ηλεία, Αχαΐα)",Κυριάκος Μητσοτάκης,70.6299,2022,Q4,medium
,leader_accountability_blame,Ευθύνη/χρέωση: Για την ανεργία,region_group,"Δυτική Ελλάδα (Αιτωλο-ακαρνανία, Ηλεία, Αχαΐα)",none,26.6325,2022,Q4,low
,leader_accountability_blame,Ευθύνη/χρέωση: Για την ανεργία,region_group,"Δυτική Ελλάδα (Αιτωλο-ακαρνανία, Ηλεία, Αχαΐα)",Αλέξης Τσίπρας,20.8807,2022,Q4,low
,leader_accountability_blame,Ευθύνη/χρέωση: Για την ανεργία,region_group,"Δυτική Ελλάδα (Αιτωλο-ακαρνανία, Ηλεία, Αχαΐα)",Κυριάκος Μητσοτάκης,52.4868,2022,Q4,low
,leader_accountability_blame,Ευθύνη/χρέωση: Για την εγκληματικότητα,region_group,"Δυτική Ελλάδα (Αιτωλο-ακαρνανία, Ηλεία, Αχαΐα)",none,18.9719,2022,Q4,medium
,leader_accountability_blame,Ευθύνη/χρέωση: Για την εγκληματικότητα,region_group,"Δυτική Ελλάδα (Αιτωλο-ακαρνανία, Ηλεία, Αχαΐα)",Αλέξης Τσίπρας,34.0502,2022,Q4,medium
,leader_accountability_blame,Ευθύνη/χρέωση: Για την εγκληματικότητα,region_group,"Δυτική Ελλάδα (Αιτωλο-ακαρνανία, Ηλεία, Αχαΐα)",Κυριάκος Μητσοτάκης,46.9778,2022,Q4,medium
,leader_accountability_blame,Ευθύνη/χρέωση: Για την κατάσταση στα μέσα ενημέρωσης,region_group,"Δυτική Ελλάδα (Αιτωλο-ακαρνανία, Ηλεία, Αχαΐα)",none,12.4893,2022,Q4,medium
,leader_accountability_blame,Ευθύνη/χρέωση: Για την κατάσταση στα μέσα ενημέρωσης,region_group,"Δυτική Ελλάδα (Αιτωλο-ακαρνανία, Ηλεία, Αχαΐα)",Αλέξης Τσίπρας,10.4644,2022,Q4,medium
,leader_accountability_blame,Ευθύνη/χρέωση: Για την κατάσταση στα μέσα ενημέρωσης,region_group,"Δυτική Ελλάδα (Αιτωλο-ακαρνανία, Ηλεία, Αχαΐα)",Κυριάκος Μητσοτάκης,77.0463,2022,Q4,medium
,leader_accountability_blame,Ευθύνη/χρέωση: Για τις υποκλοπές,region_group,"Δυτική Ελλάδα (Αιτωλο-ακαρνανία, Ηλεία, Αχαΐα)",none,8.7192,2022,Q4,low
,leader_accountability_blame,Ευθύνη/χρέωση: Για τις υποκλοπές,region_group,"Δυτική Ελλάδα (Αιτωλο-ακαρνανία, Ηλεία, Αχαΐα)",Αλέξης Τσίπρας,5.2067,2022,Q4,low
,leader_accountability_blame,Ευθύνη/χρέωση: Για τις υποκλοπές,region_group,"Δυτική Ελλάδα (Αιτωλο-ακαρνανία, Ηλεία, Αχαΐα)",Κυριάκος Μητσοτάκης,86.0741,2022,Q4,low
,leader_accountability_blame,Ευθύνη/χρέωση: Για τους πλειστηριασμούς πρώτης κατοικίας,region_group,"Δυτική Ελλάδα (Αιτωλο-ακαρνανία, Ηλεία, Αχαΐα)",none,11.8457,2022,Q4,low
,leader_accountability_blame,Ευθύνη/χρέωση: Για τους πλειστηριασμούς πρώτης κατοικίας,region_group,"Δυτική Ελλάδα (Αιτωλο-ακαρνανία, Ηλεία, Αχαΐα)",Αλέξης Τσίπρας,29.7866,2022,Q4,low
,leader_accountability_blame,Ευθύνη/χρέωση: Για τους πλειστηριασμούς πρώτης κατοικίας,region_group,"Δυτική Ελλάδα (Αιτωλο-ακαρνανία, Ηλεία, Αχαΐα)",Κυριάκος Μητσοτάκης,58.3678,2022,Q4,low
,leader_accountability_blame,Ευθύνη/χρέωση: Για τους χαμηλούς μισθούς/συντάξεις,region_group,"Δυτική Ελλάδα (Αιτωλο-ακαρνανία, Ηλεία, Αχαΐα)",none,9.3271,2022,Q4,medium
,leader_accountability_blame,Ευθύνη/χρέωση: Για τους χαμηλούς μισθούς/συντάξεις,region_group,"Δυτική Ελλάδα (Αιτωλο-ακαρνανία, Ηλεία, Αχαΐα)",Αλέξης Τσίπρας,35.9703,2022,Q4,medium
,leader_accountability_blame,Ευθύνη/χρέωση: Για τους χαμηλούς μισθούς/συντάξεις,region_group,"Δυτική Ελλάδα (Αιτωλο-ακαρνανία, Ηλεία, Αχαΐα)",Κυριάκος Μητσοτάκης,54.7027,2022,Q4,medium
,leader_trait,Ασυμβίβαστος με τα συμφέροντα,region_group,"Δυτική Ελλάδα (Αιτωλο-ακαρνανία, Ηλεία, Αχαΐα)",Αλέξης Τσίπρας,74.7954,2022,Q4,low
,leader_trait,Ασυμβίβαστος με τα συμφέροντα,region_group,"Δυτική Ελλάδα (Αιτωλο-ακαρνανία, Ηλεία, Αχαΐα)",Κυριάκος Μητσοτάκης,25.2046,2022,Q4,low
,leader_trait,Εκφράζει το μεσαίο χώρο,region_group,"Δυτική Ελλάδα (Αιτωλο-ακαρνανία, Ηλεία, Αχαΐα)",Αλέξης Τσίπρας,61.0817,2022,Q4,low
,leader_trait,Εκφράζει το μεσαίο χώρο,region_group,"Δυτική Ελλάδα (Αιτωλο-ακαρνανία, Ηλεία, Αχαΐα)",Κυριάκος Μητσοτάκης,38.9183,2022,Q4,low
,leader_trait,Κοντά στους πολίτες,region_group,"Δυτική Ελλάδα (Αιτωλο-ακαρνανία, Ηλεία, Αχαΐα)",Αλέξης Τσίπρας,69.2407,2022,Q4,low
,leader_trait,Κοντά στους πολίτες,region_group,"Δυτική Ελλάδα (Αιτωλο-ακαρνανία, Ηλεία, Αχαΐα)",Κυριάκος Μητσοτάκης,30.7593,2022,Q4,low
,leader_trait,Αξιόπιστος,region_group,"Δυτική Ελλάδα (Αιτωλο-ακαρνανία, Ηλεία, Αχαΐα)",Αλέξης Τσίπρας,44.2796,2022,Q4,low
,leader_trait,Αξιόπιστος,region_group,"Δυτική Ελλάδα (Αιτωλο-ακαρνανία, Ηλεία, Αχαΐα)",Κυριάκος Μητσοτάκης,55.7204,2022,Q4,low
,leader_trait,Σέβεται τις δημοκρατικές αρχές,region_group,"Δυτική Ελλάδα (Αιτωλο-ακαρνανία, Ηλεία, Αχαΐα)",Αλέξης Τσίπρας,64.5462,2022,Q4,low
,leader_trait,Σέβεται τις δημοκρατικές αρχές,region_group,"Δυτική Ελλάδα (Αιτωλο-ακαρνανία, Ηλεία, Αχαΐα)",Κυριάκος Μητσοτάκης,35.4538,2022,Q4,low
,leader_trait,Ικανός στη διαχείριση της οικονομίας,region_group,"Δυτική Ελλάδα (Αιτωλο-ακαρνανία, Ηλεία, Αχαΐα)",Αλέξης Τσίπρας,47.1314,2022,Q4,low
,leader_trait,Ικανός στη διαχείριση της οικονομίας,region_group,"Δυτική Ελλάδα (Αιτωλο-ακαρνανία, Ηλεία, Αχαΐα)",Κυριάκος Μητσοτάκης,52.8686,2022,Q4,low
,leader_trait,Αποτελεσματικός,region_group,"Δυτική Ελλάδα (Αιτωλο-ακαρνανία, Ηλεία, Αχαΐα)",Αλέξης Τσίπρας,41.2477,2022,Q4,low
,leader_trait,Αποτελεσματικός,region_group,"Δυτική Ελλάδα (Αιτωλο-ακαρνανία, Ηλεία, Αχαΐα)",Κυριάκος Μητσοτάκης,58.7523,2022,Q4,low
,leader_trait,Ακέραιος με το δημόσιο χρήμα,region_group,"Δυτική Ελλάδα (Αιτωλο-ακαρνανία, Ηλεία, Αχαΐα)",Αλέξης Τσίπρας,71.205,2022,Q4,low
,leader_trait,Ακέραιος με το δημόσιο χρήμα,region_group,"Δυτική Ελλάδα (Αιτωλο-ακαρνανία, Ηλεία, Αχαΐα)",Κυριάκος Μητσοτάκης,28.795,2022,Q4,low
,leader_trait,Έχει ηγετικά προσόντα,region_group,"Δυτική Ελλάδα (Αιτωλο-ακαρνανία, Ηλεία, Αχαΐα)",Αλέξης Τσίπρας,47.0432,2022,Q4,low
,leader_trait,Έχει ηγετικά προσόντα,region_group,"Δυτική Ελλάδα (Αιτωλο-ακαρνανία, Ηλεία, Αχαΐα)",Κυριάκος Μητσοτάκης,52.9568,2022,Q4,low
,leader_trait,Επιλέγει καλύτερους συνεργάτες,region_group,"Δυτική Ελλάδα (Αιτωλο-ακαρνανία, Ηλεία, Αχαΐα)",Αλέξης Τσίπρας,42.3257,2022,Q4,low
,leader_trait,Επιλέγει καλύτερους συνεργάτες,region_group,"Δυτική Ελλάδα (Αιτωλο-ακαρνανία, Ηλεία, Αχαΐα)",Κυριάκος Μητσοτάκης,57.6743,2022,Q4,low
,leader_choice_dilemma,Δίλημμα Μητσοτάκης ή Τσίπρας,region_group,"Δυτική Ελλάδα (Αιτωλο-ακαρνανία, Ηλεία, Αχαΐα)",none,50.2191,2022,Q4,medium
,leader_choice_dilemma,Δίλημμα Μητσοτάκης ή Τσίπρας,region_group,"Δυτική Ελλάδα (Αιτωλο-ακαρνανία, Ηλεία, Αχαΐα)",Αλέξης Τσίπρας,22.3979,2022,Q4,medium
,leader_choice_dilemma,Δίλημμα Μητσοτάκης ή Τσίπρας,region_group,"Δυτική Ελλάδα (Αιτωλο-ακαρνανία, Ηλεία, Αχαΐα)",Κυριάκος Μητσοτάκης,27.3831,2022,Q4,medium
,suitable_pm,Καταλληλότερος για πρωθυπουργός,region_group,"Δυτική Ελλάδα (Αιτωλο-ακαρνανία, Ηλεία, Αχαΐα)",none,39.2522,2022,Q4,medium
,suitable_pm,Καταλληλότερος για πρωθυπουργός,region_group,"Δυτική Ελλάδα (Αιτωλο-ακαρνανία, Ηλεία, Αχαΐα)",Αλέξης Τσίπρας,25.7305,2022,Q4,medium
,suitable_pm,Καταλληλότερος για πρωθυπουργός,region_group,"Δυτική Ελλάδα (Αιτωλο-ακαρνανία, Ηλεία, Αχαΐα)",Κυριάκος Μητσοτάκης,35.0173,2022,Q4,medium
,leader_performance_compare,Σύγκριση πρωθυπουργικής επίδοσης,region_group,Δυτική Μακεδονία,none,32.4699,2022,Q4,low
,leader_performance_compare,Σύγκριση πρωθυπουργικής επίδοσης,region_group,Δυτική Μακεδονία,Αλέξης Τσίπρας,22.7336,2022,Q4,low
,leader_performance_compare,Σύγκριση πρωθυπουργικής επίδοσης,region_group,Δυτική Μακεδονία,Κυριάκος Μητσοτάκης,44.7965,2022,Q4,low
,leader_accountability_blame,Ευθύνη/χρέωση: Για τη διαφθορά,region_group,Δυτική Μακεδονία,none,23.2771,2022,Q4,low
,leader_accountability_blame,Ευθύνη/χρέωση: Για τη διαφθορά,region_group,Δυτική Μακεδονία,Αλέξης Τσίπρας,21.2516,2022,Q4,low
,leader_accountability_blame,Ευθύνη/χρέωση: Για τη διαφθορά,region_group,Δυτική Μακεδονία,Κυριάκος Μητσοτάκης,55.4713,2022,Q4,low
,leader_accountability_blame,Ευθύνη/χρέωση: Για την ακρίβεια,region_group,Δυτική Μακεδονία,none,32.6789,2022,Q4,low
,leader_accountability_blame,Ευθύνη/χρέωση: Για την ακρίβεια,region_group,Δυτική Μακεδονία,Αλέξης Τσίπρας,1.8643,2022,Q4,low
,leader_accountability_blame,Ευθύνη/χρέωση: Για την ακρίβεια,region_group,Δυτική Μακεδονία,Κυριάκος Μητσοτάκης,65.4568,2022,Q4,low
,leader_accountability_blame,Ευθύνη/χρέωση: Για την ανεργία,region_group,Δυτική Μακεδονία,none,23.3594,2022,Q4,low
,leader_accountability_blame,Ευθύνη/χρέωση: Για την ανεργία,region_group,Δυτική Μακεδονία,Αλέξης Τσίπρας,28.8632,2022,Q4,low
,leader_accountability_blame,Ευθύνη/χρέωση: Για την ανεργία,region_group,Δυτική Μακεδονία,Κυριάκος Μητσοτάκης,47.7774,2022,Q4,low
,leader_accountability_blame,Ευθύνη/χρέωση: Για την εγκληματικότητα,region_group,Δυτική Μακεδονία,none,18.932,2022,Q4,low
,leader_accountability_blame,Ευθύνη/χρέωση: Για την εγκληματικότητα,region_group,Δυτική Μακεδονία,Αλέξης Τσίπρας,37.6867,2022,Q4,low
,leader_accountability_blame,Ευθύνη/χρέωση: Για την εγκληματικότητα,region_group,Δυτική Μακεδονία,Κυριάκος Μητσοτάκης,43.3813,2022,Q4,low
,leader_accountability_blame,Ευθύνη/χρέωση: Για την κατάσταση στα μέσα ενημέρωσης,region_group,Δυτική Μακεδονία,none,16.6466,2022,Q4,low
,leader_accountability_blame,Ευθύνη/χρέωση: Για την κατάσταση στα μέσα ενημέρωσης,region_group,Δυτική Μακεδονία,Αλέξης Τσίπρας,13.9477,2022,Q4,low
,leader_accountability_blame,Ευθύνη/χρέωση: Για την κατάσταση στα μέσα ενημέρωσης,region_group,Δυτική Μακεδονία,Κυριάκος Μητσοτάκης,69.4057,2022,Q4,low
,leader_accountability_blame,Ευθύνη/χρέωση: Για τις υποκλοπές,region_group,Δυτική Μακεδονία,none,23.8692,2022,Q4,low
,leader_accountability_blame,Ευθύνη/χρέωση: Για τις υποκλοπές,region_group,Δυτική Μακεδονία,Αλέξης Τσίπρας,9.1035,2022,Q4,low
,leader_accountability_blame,Ευθύνη/χρέωση: Για τις υποκλοπές,region_group,Δυτική Μακεδονία,Κυριάκος Μητσοτάκης,67.0272,2022,Q4,low
,leader_accountability_blame,Ευθύνη/χρέωση: Για τους πλειστηριασμούς πρώτης κατοικίας,region_group,Δυτική Μακεδονία,none,10.2815,2022,Q4,low
,leader_accountability_blame,Ευθύνη/χρέωση: Για τους πλειστηριασμούς πρώτης κατοικίας,region_group,Δυτική Μακεδονία,Αλέξης Τσίπρας,38.322,2022,Q4,low
,leader_accountability_blame,Ευθύνη/χρέωση: Για τους πλειστηριασμούς πρώτης κατοικίας,region_group,Δυτική Μακεδονία,Κυριάκος Μητσοτάκης,51.3966,2022,Q4,low
,leader_accountability_blame,Ευθύνη/χρέωση: Για τους χαμηλούς μισθούς/συντάξεις,region_group,Δυτική Μακεδονία,none,22.5689,2022,Q4,low
,leader_accountability_blame,Ευθύνη/χρέωση: Για τους χαμηλούς μισθούς/συντάξεις,region_group,Δυτική Μακεδονία,Αλέξης Τσίπρας,34.6724,2022,Q4,low
,leader_accountability_blame,Ευθύνη/χρέωση: Για τους χαμηλούς μισθούς/συντάξεις,region_group,Δυτική Μακεδονία,Κυριάκος Μητσοτάκης,42.7587,2022,Q4,low
,leader_trait,Ασυμβίβαστος με τα συμφέροντα,region_group,Δυτική Μακεδονία,Αλέξης Τσίπρας,63.6087,2022,Q4,low
,leader_trait,Ασυμβίβαστος με τα συμφέροντα,region_group,Δυτική Μακεδονία,Κυριάκος Μητσοτάκης,36.3913,2022,Q4,low
,leader_trait,Εκφράζει το μεσαίο χώρο,region_group,Δυτική Μακεδονία,Αλέξης Τσίπρας,57.287,2022,Q4,low
,leader_trait,Εκφράζει το μεσαίο χώρο,region_group,Δυτική Μακεδονία,Κυριάκος Μητσοτάκης,42.713,2022,Q4,low
,leader_trait,Κοντά στους πολίτες,region_group,Δυτική Μακεδονία,Αλέξης Τσίπρας,53.0885,2022,Q4,low
,leader_trait,Κοντά στους πολίτες,region_group,Δυτική Μακεδονία,Κυριάκος Μητσοτάκης,46.9115,2022,Q4,low
,leader_trait,Αξιόπιστος,region_group,Δυτική Μακεδονία,Αλέξης Τσίπρας,40.2123,2022,Q4,low
,leader_trait,Αξιόπιστος,region_group,Δυτική Μακεδονία,Κυριάκος Μητσοτάκης,59.7877,2022,Q4,low
,leader_trait,Σέβεται τις δημοκρατικές αρχές,region_group,Δυτική Μακεδονία,Αλέξης Τσίπρας,45.7876,2022,Q4,low
,leader_trait,Σέβεται τις δημοκρατικές αρχές,region_group,Δυτική Μακεδονία,Κυριάκος Μητσοτάκης,54.2124,2022,Q4,low
,leader_trait,Ικανός στη διαχείριση της οικονομίας,region_group,Δυτική Μακεδονία,Αλέξης Τσίπρας,29.3942,2022,Q4,low
,leader_trait,Ικανός στη διαχείριση της οικονομίας,region_group,Δυτική Μακεδονία,Κυριάκος Μητσοτάκης,70.6058,2022,Q4,low
,leader_trait,Αποτελεσματικός,region_group,Δυτική Μακεδονία,Αλέξης Τσίπρας,36.1545,2022,Q4,low
,leader_trait,Αποτελεσματικός,region_group,Δυτική Μακεδονία,Κυριάκος Μητσοτάκης,63.8455,2022,Q4,low
,leader_trait,Ακέραιος με το δημόσιο χρήμα,region_group,Δυτική Μακεδονία,Αλέξης Τσίπρας,50.9871,2022,Q4,low
,leader_trait,Ακέραιος με το δημόσιο χρήμα,region_group,Δυτική Μακεδονία,Κυριάκος Μητσοτάκης,49.0129,2022,Q4,low
,leader_trait,Έχει ηγετικά προσόντα,region_group,Δυτική Μακεδονία,Αλέξης Τσίπρας,35.23,2022,Q4,low
,leader_trait,Έχει ηγετικά προσόντα,region_group,Δυτική Μακεδονία,Κυριάκος Μητσοτάκης,64.77,2022,Q4,low
,leader_trait,Επιλέγει καλύτερους συνεργάτες,region_group,Δυτική Μακεδονία,Αλέξης Τσίπρας,26.65,2022,Q4,low
,leader_trait,Επιλέγει καλύτερους συνεργάτες,region_group,Δυτική Μακεδονία,Κυριάκος Μητσοτάκης,73.35,2022,Q4,low
,leader_choice_dilemma,Δίλημμα Μητσοτάκης ή Τσίπρας,region_group,Δυτική Μακεδονία,none,48.0162,2022,Q4,low
,leader_choice_dilemma,Δίλημμα Μητσοτάκης ή Τσίπρας,region_group,Δυτική Μακεδονία,Αλέξης Τσίπρας,16.2111,2022,Q4,low
,leader_choice_dilemma,Δίλημμα Μητσοτάκης ή Τσίπρας,region_group,Δυτική Μακεδονία,Κυριάκος Μητσοτάκης,35.7726,2022,Q4,low
,suitable_pm,Καταλληλότερος για πρωθυπουργός,region_group,Δυτική Μακεδονία,none,36.9528,2022,Q4,low
,suitable_pm,Καταλληλότερος για πρωθυπουργός,region_group,Δυτική Μακεδονία,Αλέξης Τσίπρας,20.745,2022,Q4,low
,suitable_pm,Καταλληλότερος για πρωθυπουργός,region_group,Δυτική Μακεδονία,Κυριάκος Μητσοτάκης,42.3023,2022,Q4,low
,leader_performance_compare,Σύγκριση πρωθυπουργικής επίδοσης,region_group,Θεσσαλία,none,42.1259,2022,Q4,medium
,leader_performance_compare,Σύγκριση πρωθυπουργικής επίδοσης,region_group,Θεσσαλία,Αλέξης Τσίπρας,19.6347,2022,Q4,medium
,leader_performance_compare,Σύγκριση πρωθυπουργικής επίδοσης,region_group,Θεσσαλία,Κυριάκος Μητσοτάκης,38.2394,2022,Q4,medium
,leader_accountability_blame,Ευθύνη/χρέωση: Για τη διαφθορά,region_group,Θεσσαλία,none,22.2933,2022,Q4,low
,leader_accountability_blame,Ευθύνη/χρέωση: Για τη διαφθορά,region_group,Θεσσαλία,Αλέξης Τσίπρας,17.6965,2022,Q4,low
,leader_accountability_blame,Ευθύνη/χρέωση: Για τη διαφθορά,region_group,Θεσσαλία,Κυριάκος Μητσοτάκης,60.0102,2022,Q4,low
,leader_accountability_blame,Ευθύνη/χρέωση: Για την ακρίβεια,region_group,Θεσσαλία,none,27.3446,2022,Q4,medium
,leader_accountability_blame,Ευθύνη/χρέωση: Για την ακρίβεια,region_group,Θεσσαλία,Αλέξης Τσίπρας,9.2698,2022,Q4,medium
,leader_accountability_blame,Ευθύνη/χρέωση: Για την ακρίβεια,region_group,Θεσσαλία,Κυριάκος Μητσοτάκης,63.3856,2022,Q4,medium
,leader_accountability_blame,Ευθύνη/χρέωση: Για την ανεργία,region_group,Θεσσαλία,none,25.6603,2022,Q4,medium
,leader_accountability_blame,Ευθύνη/χρέωση: Για την ανεργία,region_group,Θεσσαλία,Αλέξης Τσίπρας,25.1692,2022,Q4,medium
,leader_accountability_blame,Ευθύνη/χρέωση: Για την ανεργία,region_group,Θεσσαλία,Κυριάκος Μητσοτάκης,49.1705,2022,Q4,medium
,leader_accountability_blame,Ευθύνη/χρέωση: Για την εγκληματικότητα,region_group,Θεσσαλία,none,28.5507,2022,Q4,medium
,leader_accountability_blame,Ευθύνη/χρέωση: Για την εγκληματικότητα,region_group,Θεσσαλία,Αλέξης Τσίπρας,36.994,2022,Q4,medium
,leader_accountability_blame,Ευθύνη/χρέωση: Για την εγκληματικότητα,region_group,Θεσσαλία,Κυριάκος Μητσοτάκης,34.4553,2022,Q4,medium
,leader_accountability_blame,Ευθύνη/χρέωση: Για την κατάσταση στα μέσα ενημέρωσης,region_group,Θεσσαλία,none,21.9506,2022,Q4,low
,leader_accountability_blame,Ευθύνη/χρέωση: Για την κατάσταση στα μέσα ενημέρωσης,region_group,Θεσσαλία,Αλέξης Τσίπρας,18.0937,2022,Q4,low
,leader_accountability_blame,Ευθύνη/χρέωση: Για την κατάσταση στα μέσα ενημέρωσης,region_group,Θεσσαλία,Κυριάκος Μητσοτάκης,59.9557,2022,Q4,low
,leader_accountability_blame,Ευθύνη/χρέωση: Για τις υποκλοπές,region_group,Θεσσαλία,none,19.7185,2022,Q4,low
,leader_accountability_blame,Ευθύνη/χρέωση: Για τις υποκλοπές,region_group,Θεσσαλία,Αλέξης Τσίπρας,14.5194,2022,Q4,low
,leader_accountability_blame,Ευθύνη/χρέωση: Για τις υποκλοπές,region_group,Θεσσαλία,Κυριάκος Μητσοτάκης,65.7621,2022,Q4,low
,leader_accountability_blame,Ευθύνη/χρέωση: Για τους πλειστηριασμούς πρώτης κατοικίας,region_group,Θεσσαλία,none,18.5356,2022,Q4,low
,leader_accountability_blame,Ευθύνη/χρέωση: Για τους πλειστηριασμούς πρώτης κατοικίας,region_group,Θεσσαλία,Αλέξης Τσίπρας,36.3475,2022,Q4,low
,leader_accountability_blame,Ευθύνη/χρέωση: Για τους πλειστηριασμούς πρώτης κατοικίας,region_group,Θεσσαλία,Κυριάκος Μητσοτάκης,45.1168,2022,Q4,low
,leader_accountability_blame,Ευθύνη/χρέωση: Για τους χαμηλούς μισθούς/συντάξεις,region_group,Θεσσαλία,none,19.8344,2022,Q4,medium
,leader_accountability_blame,Ευθύνη/χρέωση: Για τους χαμηλούς μισθούς/συντάξεις,region_group,Θεσσαλία,Αλέξης Τσίπρας,28.7973,2022,Q4,medium
,leader_accountability_blame,Ευθύνη/χρέωση: Για τους χαμηλούς μισθούς/συντάξεις,region_group,Θεσσαλία,Κυριάκος Μητσοτάκης,51.3683,2022,Q4,medium
,leader_trait,Ασυμβίβαστος με τα συμφέροντα,region_group,Θεσσαλία,Αλέξης Τσίπρας,69.3026,2022,Q4,low
,leader_trait,Ασυμβίβαστος με τα συμφέροντα,region_group,Θεσσαλία,Κυριάκος Μητσοτάκης,30.6974,2022,Q4,low
,leader_trait,Εκφράζει το μεσαίο χώρο,region_group,Θεσσαλία,Αλέξης Τσίπρας,67.198,2022,Q4,low
,leader_trait,Εκφράζει το μεσαίο χώρο,region_group,Θεσσαλία,Κυριάκος Μητσοτάκης,32.802,2022,Q4,low
,leader_trait,Κοντά στους πολίτες,region_group,Θεσσαλία,Αλέξης Τσίπρας,64.6249,2022,Q4,low
,leader_trait,Κοντά στους πολίτες,region_group,Θεσσαλία,Κυριάκος Μητσοτάκης,35.3751,2022,Q4,low
,leader_trait,Αξιόπιστος,region_group,Θεσσαλία,Αλέξης Τσίπρας,47.7788,2022,Q4,low
,leader_trait,Αξιόπιστος,region_group,Θεσσαλία,Κυριάκος Μητσοτάκης,52.2212,2022,Q4,low
,leader_trait,Σέβεται τις δημοκρατικές αρχές,region_group,Θεσσαλία,Αλέξης Τσίπρας,61.8636,2022,Q4,low
,leader_trait,Σέβεται τις δημοκρατικές αρχές,region_group,Θεσσαλία,Κυριάκος Μητσοτάκης,38.1364,2022,Q4,low
,leader_trait,Ικανός στη διαχείριση της οικονομίας,region_group,Θεσσαλία,Αλέξης Τσίπρας,29.4305,2022,Q4,low
,leader_trait,Ικανός στη διαχείριση της οικονομίας,region_group,Θεσσαλία,Κυριάκος Μητσοτάκης,70.5695,2022,Q4,low
,leader_trait,Αποτελεσματικός,region_group,Θεσσαλία,Αλέξης Τσίπρας,40.7898,2022,Q4,low
,leader_trait,Αποτελεσματικός,region_group,Θεσσαλία,Κυριάκος Μητσοτάκης,59.2102,2022,Q4,low
,leader_trait,Ακέραιος με το δημόσιο χρήμα,region_group,Θεσσαλία,Αλέξης Τσίπρας,64.175,2022,Q4,low
,leader_trait,Ακέραιος με το δημόσιο χρήμα,region_group,Θεσσαλία,Κυριάκος Μητσοτάκης,35.825,2022,Q4,low
,leader_trait,Έχει ηγετικά προσόντα,region_group,Θεσσαλία,Αλέξης Τσίπρας,37.8332,2022,Q4,low
,leader_trait,Έχει ηγετικά προσόντα,region_group,Θεσσαλία,Κυριάκος Μητσοτάκης,62.1668,2022,Q4,low
,leader_trait,Επιλέγει καλύτερους συνεργάτες,region_group,Θεσσαλία,Αλέξης Τσίπρας,32.2425,2022,Q4,low
,leader_trait,Επιλέγει καλύτερους συνεργάτες,region_group,Θεσσαλία,Κυριάκος Μητσοτάκης,67.7575,2022,Q4,low
,leader_choice_dilemma,Δίλημμα Μητσοτάκης ή Τσίπρας,region_group,Θεσσαλία,none,44.7402,2022,Q4,medium
,leader_choice_dilemma,Δίλημμα Μητσοτάκης ή Τσίπρας,region_group,Θεσσαλία,Αλέξης Τσίπρας,24.8366,2022,Q4,medium
,leader_choice_dilemma,Δίλημμα Μητσοτάκης ή Τσίπρας,region_group,Θεσσαλία,Κυριάκος Μητσοτάκης,30.4232,2022,Q4,medium
,suitable_pm,Καταλληλότερος για πρωθυπουργός,region_group,Θεσσαλία,none,33.8091,2022,Q4,medium
,suitable_pm,Καταλληλότερος για πρωθυπουργός,region_group,Θεσσαλία,Αλέξης Τσίπρας,29.6908,2022,Q4,medium
,suitable_pm,Καταλληλότερος για πρωθυπουργός,region_group,Θεσσαλία,Κυριάκος Μητσοτάκης,36.5001,2022,Q4,medium
,leader_performance_compare,Σύγκριση πρωθυπουργικής επίδοσης,region_group,Ιόνια νησιά,none,39.1954,2022,Q4,low
,leader_performance_compare,Σύγκριση πρωθυπουργικής επίδοσης,region_group,Ιόνια νησιά,Αλέξης Τσίπρας,20.0555,2022,Q4,low
,leader_performance_compare,Σύγκριση πρωθυπουργικής επίδοσης,region_group,Ιόνια νησιά,Κυριάκος Μητσοτάκης,40.7491,2022,Q4,low
,leader_accountability_blame,Ευθύνη/χρέωση: Για τη διαφθορά,region_group,Ιόνια νησιά,none,13.7317,2022,Q4,low
,leader_accountability_blame,Ευθύνη/χρέωση: Για τη διαφθορά,region_group,Ιόνια νησιά,Αλέξης Τσίπρας,22.08,2022,Q4,low
,leader_accountability_blame,Ευθύνη/χρέωση: Για τη διαφθορά,region_group,Ιόνια νησιά,Κυριάκος Μητσοτάκης,64.1883,2022,Q4,low
,leader_accountability_blame,Ευθύνη/χρέωση: Για την ακρίβεια,region_group,Ιόνια νησιά,none,34.7651,2022,Q4,low
,leader_accountability_blame,Ευθύνη/χρέωση: Για την ακρίβεια,region_group,Ιόνια νησιά,Αλέξης Τσίπρας,12.7607,2022,Q4,low
,leader_accountability_blame,Ευθύνη/χρέωση: Για την ακρίβεια,region_group,Ιόνια νησιά,Κυριάκος Μητσοτάκης,52.4742,2022,Q4,low
,leader_accountability_blame,Ευθύνη/χρέωση: Για την ανεργία,region_group,Ιόνια νησιά,none,27.0827,2022,Q4,low
,leader_accountability_blame,Ευθύνη/χρέωση: Για την ανεργία,region_group,Ιόνια νησιά,Αλέξης Τσίπρας,24.5225,2022,Q4,low
,leader_accountability_blame,Ευθύνη/χρέωση: Για την ανεργία,region_group,Ιόνια νησιά,Κυριάκος Μητσοτάκης,48.3948,2022,Q4,low
,leader_accountability_blame,Ευθύνη/χρέωση: Για την εγκληματικότητα,region_group,Ιόνια νησιά,none,30.6907,2022,Q4,low
,leader_accountability_blame,Ευθύνη/χρέωση: Για την εγκληματικότητα,region_group,Ιόνια νησιά,Αλέξης Τσίπρας,29.8436,2022,Q4,low
,leader_accountability_blame,Ευθύνη/χρέωση: Για την εγκληματικότητα,region_group,Ιόνια νησιά,Κυριάκος Μητσοτάκης,39.4657,2022,Q4,low
,leader_accountability_blame,Ευθύνη/χρέωση: Για την κατάσταση στα μέσα ενημέρωσης,region_group,Ιόνια νησιά,none,20.2473,2022,Q4,low
,leader_accountability_blame,Ευθύνη/χρέωση: Για την κατάσταση στα μέσα ενημέρωσης,region_group,Ιόνια νησιά,Αλέξης Τσίπρας,15.1679,2022,Q4,low
,leader_accountability_blame,Ευθύνη/χρέωση: Για την κατάσταση στα μέσα ενημέρωσης,region_group,Ιόνια νησιά,Κυριάκος Μητσοτάκης,64.5848,2022,Q4,low
,leader_accountability_blame,Ευθύνη/χρέωση: Για τις υποκλοπές,region_group,Ιόνια νησιά,none,24.5056,2022,Q4,low
,leader_accountability_blame,Ευθύνη/χρέωση: Για τις υποκλοπές,region_group,Ιόνια νησιά,Αλέξης Τσίπρας,7.6811,2022,Q4,low
,leader_accountability_blame,Ευθύνη/χρέωση: Για τις υποκλοπές,region_group,Ιόνια νησιά,Κυριάκος Μητσοτάκης,67.8132,2022,Q4,low
,leader_accountability_blame,Ευθύνη/χρέωση: Για τους πλειστηριασμούς πρώτης κατοικίας,region_group,Ιόνια νησιά,none,17.2898,2022,Q4,low
,leader_accountability_blame,Ευθύνη/χρέωση: Για τους πλειστηριασμούς πρώτης κατοικίας,region_group,Ιόνια νησιά,Αλέξης Τσίπρας,34.9348,2022,Q4,low
,leader_accountability_blame,Ευθύνη/χρέωση: Για τους πλειστηριασμούς πρώτης κατοικίας,region_group,Ιόνια νησιά,Κυριάκος Μητσοτάκης,47.7754,2022,Q4,low
,leader_accountability_blame,Ευθύνη/χρέωση: Για τους χαμηλούς μισθούς/συντάξεις,region_group,Ιόνια νησιά,none,15.6282,2022,Q4,low
,leader_accountability_blame,Ευθύνη/χρέωση: Για τους χαμηλούς μισθούς/συντάξεις,region_group,Ιόνια νησιά,Αλέξης Τσίπρας,30.4152,2022,Q4,low
,leader_accountability_blame,Ευθύνη/χρέωση: Για τους χαμηλούς μισθούς/συντάξεις,region_group,Ιόνια νησιά,Κυριάκος Μητσοτάκης,53.9567,2022,Q4,low
,leader_trait,Ασυμβίβαστος με τα συμφέροντα,region_group,Ιόνια νησιά,Αλέξης Τσίπρας,69.5516,2022,Q4,low
,leader_trait,Ασυμβίβαστος με τα συμφέροντα,region_group,Ιόνια νησιά,Κυριάκος Μητσοτάκης,30.4484,2022,Q4,low
,leader_trait,Εκφράζει το μεσαίο χώρο,region_group,Ιόνια νησιά,Αλέξης Τσίπρας,66.8722,2022,Q4,low
,leader_trait,Εκφράζει το μεσαίο χώρο,region_group,Ιόνια νησιά,Κυριάκος Μητσοτάκης,33.1278,2022,Q4,low
,leader_trait,Κοντά στους πολίτες,region_group,Ιόνια νησιά,Αλέξης Τσίπρας,68.2825,2022,Q4,low
,leader_trait,Κοντά στους πολίτες,region_group,Ιόνια νησιά,Κυριάκος Μητσοτάκης,31.7175,2022,Q4,low
,leader_trait,Αξιόπιστος,region_group,Ιόνια νησιά,Αλέξης Τσίπρας,52.1615,2022,Q4,low
,leader_trait,Αξιόπιστος,region_group,Ιόνια νησιά,Κυριάκος Μητσοτάκης,47.8385,2022,Q4,low
,leader_trait,Σέβεται τις δημοκρατικές αρχές,region_group,Ιόνια νησιά,Αλέξης Τσίπρας,61.8462,2022,Q4,low
,leader_trait,Σέβεται τις δημοκρατικές αρχές,region_group,Ιόνια νησιά,Κυριάκος Μητσοτάκης,38.1538,2022,Q4,low
,leader_trait,Ικανός στη διαχείριση της οικονομίας,region_group,Ιόνια νησιά,Αλέξης Τσίπρας,39.8652,2022,Q4,low
,leader_trait,Ικανός στη διαχείριση της οικονομίας,region_group,Ιόνια νησιά,Κυριάκος Μητσοτάκης,60.1348,2022,Q4,low
,leader_trait,Αποτελεσματικός,region_group,Ιόνια νησιά,Αλέξης Τσίπρας,37.7518,2022,Q4,low
,leader_trait,Αποτελεσματικός,region_group,Ιόνια νησιά,Κυριάκος Μητσοτάκης,62.2482,2022,Q4,low
,leader_trait,Ακέραιος με το δημόσιο χρήμα,region_group,Ιόνια νησιά,Αλέξης Τσίπρας,65.2937,2022,Q4,low
,leader_trait,Ακέραιος με το δημόσιο χρήμα,region_group,Ιόνια νησιά,Κυριάκος Μητσοτάκης,34.7063,2022,Q4,low
,leader_trait,Έχει ηγετικά προσόντα,region_group,Ιόνια νησιά,Αλέξης Τσίπρας,51.5649,2022,Q4,low
,leader_trait,Έχει ηγετικά προσόντα,region_group,Ιόνια νησιά,Κυριάκος Μητσοτάκης,48.4351,2022,Q4,low
,leader_trait,Επιλέγει καλύτερους συνεργάτες,region_group,Ιόνια νησιά,Αλέξης Τσίπρας,44.3174,2022,Q4,low
,leader_trait,Επιλέγει καλύτερους συνεργάτες,region_group,Ιόνια νησιά,Κυριάκος Μητσοτάκης,55.6826,2022,Q4,low
,leader_choice_dilemma,Δίλημμα Μητσοτάκης ή Τσίπρας,region_group,Ιόνια νησιά,none,35.2159,2022,Q4,low
,leader_choice_dilemma,Δίλημμα Μητσοτάκης ή Τσίπρας,region_group,Ιόνια νησιά,Αλέξης Τσίπρας,32.5865,2022,Q4,low
,leader_choice_dilemma,Δίλημμα Μητσοτάκης ή Τσίπρας,region_group,Ιόνια νησιά,Κυριάκος Μητσοτάκης,32.1977,2022,Q4,low
,suitable_pm,Καταλληλότερος για πρωθυπουργός,region_group,Ιόνια νησιά,none,32.9352,2022,Q4,low
,suitable_pm,Καταλληλότερος για πρωθυπουργός,region_group,Ιόνια νησιά,Αλέξης Τσίπρας,27.343,2022,Q4,low
,suitable_pm,Καταλληλότερος για πρωθυπουργός,region_group,Ιόνια νησιά,Κυριάκος Μητσοτάκης,39.7219,2022,Q4,low
,leader_performance_compare,Σύγκριση πρωθυπουργικής επίδοσης,region_group,Κεντρική Μακεδονία,none,31.0361,2022,Q4,high
,leader_performance_compare,Σύγκριση πρωθυπουργικής επίδοσης,region_group,Κεντρική Μακεδονία,Αλέξης Τσίπρας,22.0771,2022,Q4,high
,leader_performance_compare,Σύγκριση πρωθυπουργικής επίδοσης,region_group,Κεντρική Μακεδονία,Κυριάκος Μητσοτάκης,46.8867,2022,Q4,high
,leader_accountability_blame,Ευθύνη/χρέωση: Για τη διαφθορά,region_group,Κεντρική Μακεδονία,none,29.1601,2022,Q4,medium
,leader_accountability_blame,Ευθύνη/χρέωση: Για τη διαφθορά,region_group,Κεντρική Μακεδονία,Αλέξης Τσίπρας,16.0857,2022,Q4,medium
,leader_accountability_blame,Ευθύνη/χρέωση: Για τη διαφθορά,region_group,Κεντρική Μακεδονία,Κυριάκος Μητσοτάκης,54.7542,2022,Q4,medium
,leader_accountability_blame,Ευθύνη/χρέωση: Για την ακρίβεια,region_group,Κεντρική Μακεδονία,none,32.502,2022,Q4,high
,leader_accountability_blame,Ευθύνη/χρέωση: Για την ακρίβεια,region_group,Κεντρική Μακεδονία,Αλέξης Τσίπρας,11.9187,2022,Q4,high
,leader_accountability_blame,Ευθύνη/χρέωση: Για την ακρίβεια,region_group,Κεντρική Μακεδονία,Κυριάκος Μητσοτάκης,55.5793,2022,Q4,high
,leader_accountability_blame,Ευθύνη/χρέωση: Για την ανεργία,region_group,Κεντρική Μακεδονία,none,37.9196,2022,Q4,high
,leader_accountability_blame,Ευθύνη/χρέωση: Για την ανεργία,region_group,Κεντρική Μακεδονία,Αλέξης Τσίπρας,24.23,2022,Q4,high
,leader_accountability_blame,Ευθύνη/χρέωση: Για την ανεργία,region_group,Κεντρική Μακεδονία,Κυριάκος Μητσοτάκης,37.8504,2022,Q4,high
,leader_accountability_blame,Ευθύνη/χρέωση: Για την εγκληματικότητα,region_group,Κεντρική Μακεδονία,none,35.9129,2022,Q4,high
,leader_accountability_blame,Ευθύνη/χρέωση: Για την εγκληματικότητα,region_group,Κεντρική Μακεδονία,Αλέξης Τσίπρας,29.2759,2022,Q4,high
,leader_accountability_blame,Ευθύνη/χρέωση: Για την εγκληματικότητα,region_group,Κεντρική Μακεδονία,Κυριάκος Μητσοτάκης,34.8112,2022,Q4,high
,leader_accountability_blame,Ευθύνη/χρέωση: Για την κατάσταση στα μέσα ενημέρωσης,region_group,Κεντρική Μακεδονία,none,23.5127,2022,Q4,medium
,leader_accountability_blame,Ευθύνη/χρέωση: Για την κατάσταση στα μέσα ενημέρωσης,region_group,Κεντρική Μακεδονία,Αλέξης Τσίπρας,14.3125,2022,Q4,medium
,leader_accountability_blame,Ευθύνη/χρέωση: Για την κατάσταση στα μέσα ενημέρωσης,region_group,Κεντρική Μακεδονία,Κυριάκος Μητσοτάκης,62.1747,2022,Q4,medium
,leader_accountability_blame,Ευθύνη/χρέωση: Για τις υποκλοπές,region_group,Κεντρική Μακεδονία,none,25.6877,2022,Q4,medium
,leader_accountability_blame,Ευθύνη/χρέωση: Για τις υποκλοπές,region_group,Κεντρική Μακεδονία,Αλέξης Τσίπρας,6.8128,2022,Q4,medium
,leader_accountability_blame,Ευθύνη/χρέωση: Για τις υποκλοπές,region_group,Κεντρική Μακεδονία,Κυριάκος Μητσοτάκης,67.4995,2022,Q4,medium
,leader_accountability_blame,Ευθύνη/χρέωση: Για τους πλειστηριασμούς πρώτης κατοικίας,region_group,Κεντρική Μακεδονία,none,26.909,2022,Q4,medium
,leader_accountability_blame,Ευθύνη/χρέωση: Για τους πλειστηριασμούς πρώτης κατοικίας,region_group,Κεντρική Μακεδονία,Αλέξης Τσίπρας,30.9299,2022,Q4,medium
,leader_accountability_blame,Ευθύνη/χρέωση: Για τους πλειστηριασμούς πρώτης κατοικίας,region_group,Κεντρική Μακεδονία,Κυριάκος Μητσοτάκης,42.1611,2022,Q4,medium
,leader_accountability_blame,Ευθύνη/χρέωση: Για τους χαμηλούς μισθούς/συντάξεις,region_group,Κεντρική Μακεδονία,none,24.5876,2022,Q4,medium
,leader_accountability_blame,Ευθύνη/χρέωση: Για τους χαμηλούς μισθούς/συντάξεις,region_group,Κεντρική Μακεδονία,Αλέξης Τσίπρας,34.6914,2022,Q4,medium
,leader_accountability_blame,Ευθύνη/χρέωση: Για τους χαμηλούς μισθούς/συντάξεις,region_group,Κεντρική Μακεδονία,Κυριάκος Μητσοτάκης,40.721,2022,Q4,medium
,leader_trait,Ασυμβίβαστος με τα συμφέροντα,region_group,Κεντρική Μακεδονία,Αλέξης Τσίπρας,59.8152,2022,Q4,medium
,leader_trait,Ασυμβίβαστος με τα συμφέροντα,region_group,Κεντρική Μακεδονία,Κυριάκος Μητσοτάκης,40.1848,2022,Q4,medium
,leader_trait,Εκφράζει το μεσαίο χώρο,region_group,Κεντρική Μακεδονία,Αλέξης Τσίπρας,55.1294,2022,Q4,medium
,leader_trait,Εκφράζει το μεσαίο χώρο,region_group,Κεντρική Μακεδονία,Κυριάκος Μητσοτάκης,44.8706,2022,Q4,medium
,leader_trait,Κοντά στους πολίτες,region_group,Κεντρική Μακεδονία,Αλέξης Τσίπρας,55.2797,2022,Q4,medium
,leader_trait,Κοντά στους πολίτες,region_group,Κεντρική Μακεδονία,Κυριάκος Μητσοτάκης,44.7203,2022,Q4,medium
,leader_trait,Αξιόπιστος,region_group,Κεντρική Μακεδονία,Αλέξης Τσίπρας,38.5214,2022,Q4,medium
,leader_trait,Αξιόπιστος,region_group,Κεντρική Μακεδονία,Κυριάκος Μητσοτάκης,61.4786,2022,Q4,medium
,leader_trait,Σέβεται τις δημοκρατικές αρχές,region_group,Κεντρική Μακεδονία,Αλέξης Τσίπρας,49.2024,2022,Q4,medium
,leader_trait,Σέβεται τις δημοκρατικές αρχές,region_group,Κεντρική Μακεδονία,Κυριάκος Μητσοτάκης,50.7976,2022,Q4,medium
,leader_trait,Ικανός στη διαχείριση της οικονομίας,region_group,Κεντρική Μακεδονία,Αλέξης Τσίπρας,31.195,2022,Q4,medium
,leader_trait,Ικανός στη διαχείριση της οικονομίας,region_group,Κεντρική Μακεδονία,Κυριάκος Μητσοτάκης,68.805,2022,Q4,medium
,leader_trait,Αποτελεσματικός,region_group,Κεντρική Μακεδονία,Αλέξης Τσίπρας,31.6382,2022,Q4,medium
,leader_trait,Αποτελεσματικός,region_group,Κεντρική Μακεδονία,Κυριάκος Μητσοτάκης,68.3618,2022,Q4,medium
,leader_trait,Ακέραιος με το δημόσιο χρήμα,region_group,Κεντρική Μακεδονία,Αλέξης Τσίπρας,55.4419,2022,Q4,medium
,leader_trait,Ακέραιος με το δημόσιο χρήμα,region_group,Κεντρική Μακεδονία,Κυριάκος Μητσοτάκης,44.5581,2022,Q4,medium
,leader_trait,Έχει ηγετικά προσόντα,region_group,Κεντρική Μακεδονία,Αλέξης Τσίπρας,34.2951,2022,Q4,medium
,leader_trait,Έχει ηγετικά προσόντα,region_group,Κεντρική Μακεδονία,Κυριάκος Μητσοτάκης,65.7049,2022,Q4,medium
,leader_trait,Επιλέγει καλύτερους συνεργάτες,region_group,Κεντρική Μακεδονία,Αλέξης Τσίπρας,39.1459,2022,Q4,medium
,leader_trait,Επιλέγει καλύτερους συνεργάτες,region_group,Κεντρική Μακεδονία,Κυριάκος Μητσοτάκης,60.8541,2022,Q4,medium
,leader_choice_dilemma,Δίλημμα Μητσοτάκης ή Τσίπρας,region_group,Κεντρική Μακεδονία,none,40.9049,2022,Q4,high
,leader_choice_dilemma,Δίλημμα Μητσοτάκης ή Τσίπρας,region_group,Κεντρική Μακεδονία,Αλέξης Τσίπρας,21.1959,2022,Q4,high
,leader_choice_dilemma,Δίλημμα Μητσοτάκης ή Τσίπρας,region_group,Κεντρική Μακεδονία,Κυριάκος Μητσοτάκης,37.8992,2022,Q4,high
,suitable_pm,Καταλληλότερος για πρωθυπουργός,region_group,Κεντρική Μακεδονία,none,32.6477,2022,Q4,high
,suitable_pm,Καταλληλότερος για πρωθυπουργός,region_group,Κεντρική Μακεδονία,Αλέξης Τσίπρας,22.8456,2022,Q4,high
,suitable_pm,Καταλληλότερος για πρωθυπουργός,region_group,Κεντρική Μακεδονία,Κυριάκος Μητσοτάκης,44.5067,2022,Q4,high
,leader_performance_compare,Σύγκριση πρωθυπουργικής επίδοσης,region_group,Κρήτη,none,39.7325,2022,Q4,medium
,leader_performance_compare,Σύγκριση πρωθυπουργικής επίδοσης,region_group,Κρήτη,Αλέξης Τσίπρας,33.7154,2022,Q4,medium
,leader_performance_compare,Σύγκριση πρωθυπουργικής επίδοσης,region_group,Κρήτη,Κυριάκος Μητσοτάκης,26.5521,2022,Q4,medium
,leader_accountability_blame,Ευθύνη/χρέωση: Για τη διαφθορά,region_group,Κρήτη,none,18.5071,2022,Q4,medium
,leader_accountability_blame,Ευθύνη/χρέωση: Για τη διαφθορά,region_group,Κρήτη,Αλέξης Τσίπρας,19.3149,2022,Q4,medium
,leader_accountability_blame,Ευθύνη/χρέωση: Για τη διαφθορά,region_group,Κρήτη,Κυριάκος Μητσοτάκης,62.1781,2022,Q4,medium
,leader_accountability_blame,Ευθύνη/χρέωση: Για την ακρίβεια,region_group,Κρήτη,none,13.9961,2022,Q4,medium
,leader_accountability_blame,Ευθύνη/χρέωση: Για την ακρίβεια,region_group,Κρήτη,Αλέξης Τσίπρας,15.6155,2022,Q4,medium
,leader_accountability_blame,Ευθύνη/χρέωση: Για την ακρίβεια,region_group,Κρήτη,Κυριάκος Μητσοτάκης,70.3885,2022,Q4,medium
,leader_accountability_blame,Ευθύνη/χρέωση: Για την ανεργία,region_group,Κρήτη,none,27.8004,2022,Q4,medium
,leader_accountability_blame,Ευθύνη/χρέωση: Για την ανεργία,region_group,Κρήτη,Αλέξης Τσίπρας,19.0965,2022,Q4,medium
,leader_accountability_blame,Ευθύνη/χρέωση: Για την ανεργία,region_group,Κρήτη,Κυριάκος Μητσοτάκης,53.1031,2022,Q4,medium
,leader_accountability_blame,Ευθύνη/χρέωση: Για την εγκληματικότητα,region_group,Κρήτη,none,29.1463,2022,Q4,medium
,leader_accountability_blame,Ευθύνη/χρέωση: Για την εγκληματικότητα,region_group,Κρήτη,Αλέξης Τσίπρας,20.1664,2022,Q4,medium
,leader_accountability_blame,Ευθύνη/χρέωση: Για την εγκληματικότητα,region_group,Κρήτη,Κυριάκος Μητσοτάκης,50.6873,2022,Q4,medium
,leader_accountability_blame,Ευθύνη/χρέωση: Για την κατάσταση στα μέσα ενημέρωσης,region_group,Κρήτη,none,18.5861,2022,Q4,medium
,leader_accountability_blame,Ευθύνη/χρέωση: Για την κατάσταση στα μέσα ενημέρωσης,region_group,Κρήτη,Αλέξης Τσίπρας,17.529,2022,Q4,medium
,leader_accountability_blame,Ευθύνη/χρέωση: Για την κατάσταση στα μέσα ενημέρωσης,region_group,Κρήτη,Κυριάκος Μητσοτάκης,63.8849,2022,Q4,medium
,leader_accountability_blame,Ευθύνη/χρέωση: Για τις υποκλοπές,region_group,Κρήτη,none,16.5625,2022,Q4,medium
,leader_accountability_blame,Ευθύνη/χρέωση: Για τις υποκλοπές,region_group,Κρήτη,Αλέξης Τσίπρας,13.2234,2022,Q4,medium
,leader_accountability_blame,Ευθύνη/χρέωση: Για τις υποκλοπές,region_group,Κρήτη,Κυριάκος Μητσοτάκης,70.214,2022,Q4,medium
,leader_accountability_blame,Ευθύνη/χρέωση: Για τους πλειστηριασμούς πρώτης κατοικίας,region_group,Κρήτη,none,20.4172,2022,Q4,medium
,leader_accountability_blame,Ευθύνη/χρέωση: Για τους πλειστηριασμούς πρώτης κατοικίας,region_group,Κρήτη,Αλέξης Τσίπρας,27.6895,2022,Q4,medium
,leader_accountability_blame,Ευθύνη/χρέωση: Για τους πλειστηριασμούς πρώτης κατοικίας,region_group,Κρήτη,Κυριάκος Μητσοτάκης,51.8933,2022,Q4,medium
,leader_accountability_blame,Ευθύνη/χρέωση: Για τους χαμηλούς μισθούς/συντάξεις,region_group,Κρήτη,none,20.4046,2022,Q4,medium
,leader_accountability_blame,Ευθύνη/χρέωση: Για τους χαμηλούς μισθούς/συντάξεις,region_group,Κρήτη,Αλέξης Τσίπρας,29.066,2022,Q4,medium
,leader_accountability_blame,Ευθύνη/χρέωση: Για τους χαμηλούς μισθούς/συντάξεις,region_group,Κρήτη,Κυριάκος Μητσοτάκης,50.5294,2022,Q4,medium
,leader_trait,Ασυμβίβαστος με τα συμφέροντα,region_group,Κρήτη,Αλέξης Τσίπρας,65.3296,2022,Q4,low
,leader_trait,Ασυμβίβαστος με τα συμφέροντα,region_group,Κρήτη,Κυριάκος Μητσοτάκης,34.6704,2022,Q4,low
,leader_trait,Εκφράζει το μεσαίο χώρο,region_group,Κρήτη,Αλέξης Τσίπρας,72.7033,2022,Q4,low
,leader_trait,Εκφράζει το μεσαίο χώρο,region_group,Κρήτη,Κυριάκος Μητσοτάκης,27.2967,2022,Q4,low
,leader_trait,Κοντά στους πολίτες,region_group,Κρήτη,Αλέξης Τσίπρας,72.4312,2022,Q4,low
,leader_trait,Κοντά στους πολίτες,region_group,Κρήτη,Κυριάκος Μητσοτάκης,27.5688,2022,Q4,low
,leader_trait,Αξιόπιστος,region_group,Κρήτη,Αλέξης Τσίπρας,61.1401,2022,Q4,low
,leader_trait,Αξιόπιστος,region_group,Κρήτη,Κυριάκος Μητσοτάκης,38.8599,2022,Q4,low
,leader_trait,Σέβεται τις δημοκρατικές αρχές,region_group,Κρήτη,Αλέξης Τσίπρας,68.2313,2022,Q4,low
,leader_trait,Σέβεται τις δημοκρατικές αρχές,region_group,Κρήτη,Κυριάκος Μητσοτάκης,31.7687,2022,Q4,low
,leader_trait,Ικανός στη διαχείριση της οικονομίας,region_group,Κρήτη,Αλέξης Τσίπρας,50.003,2022,Q4,low
,leader_trait,Ικανός στη διαχείριση της οικονομίας,region_group,Κρήτη,Κυριάκος Μητσοτάκης,49.997,2022,Q4,low
,leader_trait,Αποτελεσματικός,region_group,Κρήτη,Αλέξης Τσίπρας,50.2303,2022,Q4,low
,leader_trait,Αποτελεσματικός,region_group,Κρήτη,Κυριάκος Μητσοτάκης,49.7697,2022,Q4,low
,leader_trait,Ακέραιος με το δημόσιο χρήμα,region_group,Κρήτη,Αλέξης Τσίπρας,81.5549,2022,Q4,low
,leader_trait,Ακέραιος με το δημόσιο χρήμα,region_group,Κρήτη,Κυριάκος Μητσοτάκης,18.4451,2022,Q4,low
,leader_trait,Έχει ηγετικά προσόντα,region_group,Κρήτη,Αλέξης Τσίπρας,53.8987,2022,Q4,low
,leader_trait,Έχει ηγετικά προσόντα,region_group,Κρήτη,Κυριάκος Μητσοτάκης,46.1013,2022,Q4,low
,leader_trait,Επιλέγει καλύτερους συνεργάτες,region_group,Κρήτη,Αλέξης Τσίπρας,48.3302,2022,Q4,low
,leader_trait,Επιλέγει καλύτερους συνεργάτες,region_group,Κρήτη,Κυριάκος Μητσοτάκης,51.6698,2022,Q4,low
,leader_choice_dilemma,Δίλημμα Μητσοτάκης ή Τσίπρας,region_group,Κρήτη,none,41.1396,2022,Q4,medium
,leader_choice_dilemma,Δίλημμα Μητσοτάκης ή Τσίπρας,region_group,Κρήτη,Αλέξης Τσίπρας,36.161,2022,Q4,medium
,leader_choice_dilemma,Δίλημμα Μητσοτάκης ή Τσίπρας,region_group,Κρήτη,Κυριάκος Μητσοτάκης,22.6994,2022,Q4,medium
,suitable_pm,Καταλληλότερος για πρωθυπουργός,region_group,Κρήτη,none,32.6514,2022,Q4,medium
,suitable_pm,Καταλληλότερος για πρωθυπουργός,region_group,Κρήτη,Αλέξης Τσίπρας,34.705,2022,Q4,medium
,suitable_pm,Καταλληλότερος για πρωθυπουργός,region_group,Κρήτη,Κυριάκος Μητσοτάκης,32.6436,2022,Q4,medium
,leader_performance_compare,Σύγκριση πρωθυπουργικής επίδοσης,region_group,Νότιο Αιγαίο,none,30.8166,2022,Q4,low
,leader_performance_compare,Σύγκριση πρωθυπουργικής επίδοσης,region_group,Νότιο Αιγαίο,Αλέξης Τσίπρας,23.7947,2022,Q4,low
,leader_performance_compare,Σύγκριση πρωθυπουργικής επίδοσης,region_group,Νότιο Αιγαίο,Κυριάκος Μητσοτάκης,45.3887,2022,Q4,low
,leader_accountability_blame,Ευθύνη/χρέωση: Για τη διαφθορά,region_group,Νότιο Αιγαίο,none,25.3254,2022,Q4,low
,leader_accountability_blame,Ευθύνη/χρέωση: Για τη διαφθορά,region_group,Νότιο Αιγαίο,Αλέξης Τσίπρας,12.7896,2022,Q4,low
,leader_accountability_blame,Ευθύνη/χρέωση: Για τη διαφθορά,region_group,Νότιο Αιγαίο,Κυριάκος Μητσοτάκης,61.885,2022,Q4,low
,leader_accountability_blame,Ευθύνη/χρέωση: Για την ακρίβεια,region_group,Νότιο Αιγαίο,none,38.0925,2022,Q4,low
,leader_accountability_blame,Ευθύνη/χρέωση: Για την ακρίβεια,region_group,Νότιο Αιγαίο,Αλέξης Τσίπρας,5.4046,2022,Q4,low
,leader_accountability_blame,Ευθύνη/χρέωση: Για την ακρίβεια,region_group,Νότιο Αιγαίο,Κυριάκος Μητσοτάκης,56.5029,2022,Q4,low
,leader_accountability_blame,Ευθύνη/χρέωση: Για την ανεργία,region_group,Νότιο Αιγαίο,none,25.6136,2022,Q4,low
,leader_accountability_blame,Ευθύνη/χρέωση: Για την ανεργία,region_group,Νότιο Αιγαίο,Αλέξης Τσίπρας,20.3762,2022,Q4,low
,leader_accountability_blame,Ευθύνη/χρέωση: Για την ανεργία,region_group,Νότιο Αιγαίο,Κυριάκος Μητσοτάκης,54.0102,2022,Q4,low
,leader_accountability_blame,Ευθύνη/χρέωση: Για την εγκληματικότητα,region_group,Νότιο Αιγαίο,none,29.4106,2022,Q4,low
,leader_accountability_blame,Ευθύνη/χρέωση: Για την εγκληματικότητα,region_group,Νότιο Αιγαίο,Αλέξης Τσίπρας,30.6255,2022,Q4,low
,leader_accountability_blame,Ευθύνη/χρέωση: Για την εγκληματικότητα,region_group,Νότιο Αιγαίο,Κυριάκος Μητσοτάκης,39.9638,2022,Q4,low
,leader_accountability_blame,Ευθύνη/χρέωση: Για την κατάσταση στα μέσα ενημέρωσης,region_group,Νότιο Αιγαίο,none,16.0024,2022,Q4,low
,leader_accountability_blame,Ευθύνη/χρέωση: Για την κατάσταση στα μέσα ενημέρωσης,region_group,Νότιο Αιγαίο,Αλέξης Τσίπρας,9.0393,2022,Q4,low
,leader_accountability_blame,Ευθύνη/χρέωση: Για την κατάσταση στα μέσα ενημέρωσης,region_group,Νότιο Αιγαίο,Κυριάκος Μητσοτάκης,74.9583,2022,Q4,low
,leader_accountability_blame,Ευθύνη/χρέωση: Για τις υποκλοπές,region_group,Νότιο Αιγαίο,none,9.4163,2022,Q4,low
,leader_accountability_blame,Ευθύνη/χρέωση: Για τις υποκλοπές,region_group,Νότιο Αιγαίο,Αλέξης Τσίπρας,11.222,2022,Q4,low
,leader_accountability_blame,Ευθύνη/χρέωση: Για τις υποκλοπές,region_group,Νότιο Αιγαίο,Κυριάκος Μητσοτάκης,79.3617,2022,Q4,low
,leader_accountability_blame,Ευθύνη/χρέωση: Για τους πλειστηριασμούς πρώτης κατοικίας,region_group,Νότιο Αιγαίο,none,10.0361,2022,Q4,low
,leader_accountability_blame,Ευθύνη/χρέωση: Για τους πλειστηριασμούς πρώτης κατοικίας,region_group,Νότιο Αιγαίο,Αλέξης Τσίπρας,33.327,2022,Q4,low
,leader_accountability_blame,Ευθύνη/χρέωση: Για τους πλειστηριασμούς πρώτης κατοικίας,region_group,Νότιο Αιγαίο,Κυριάκος Μητσοτάκης,56.637,2022,Q4,low
,leader_accountability_blame,Ευθύνη/χρέωση: Για τους χαμηλούς μισθούς/συντάξεις,region_group,Νότιο Αιγαίο,none,16.844,2022,Q4,low
,leader_accountability_blame,Ευθύνη/χρέωση: Για τους χαμηλούς μισθούς/συντάξεις,region_group,Νότιο Αιγαίο,Αλέξης Τσίπρας,30.8924,2022,Q4,low
,leader_accountability_blame,Ευθύνη/χρέωση: Για τους χαμηλούς μισθούς/συντάξεις,region_group,Νότιο Αιγαίο,Κυριάκος Μητσοτάκης,52.2636,2022,Q4,low
,leader_trait,Ασυμβίβαστος με τα συμφέροντα,region_group,Νότιο Αιγαίο,Αλέξης Τσίπρας,70.4333,2022,Q4,low
,leader_trait,Ασυμβίβαστος με τα συμφέροντα,region_group,Νότιο Αιγαίο,Κυριάκος Μητσοτάκης,29.5667,2022,Q4,low
,leader_trait,Εκφράζει το μεσαίο χώρο,region_group,Νότιο Αιγαίο,Αλέξης Τσίπρας,58.8716,2022,Q4,low
,leader_trait,Εκφράζει το μεσαίο χώρο,region_group,Νότιο Αιγαίο,Κυριάκος Μητσοτάκης,41.1284,2022,Q4,low
,leader_trait,Κοντά στους πολίτες,region_group,Νότιο Αιγαίο,Αλέξης Τσίπρας,59.8049,2022,Q4,low
,leader_trait,Κοντά στους πολίτες,region_group,Νότιο Αιγαίο,Κυριάκος Μητσοτάκης,40.1951,2022,Q4,low
,leader_trait,Αξιόπιστος,region_group,Νότιο Αιγαίο,Αλέξης Τσίπρας,40.7358,2022,Q4,low
,leader_trait,Αξιόπιστος,region_group,Νότιο Αιγαίο,Κυριάκος Μητσοτάκης,59.2642,2022,Q4,low
,leader_trait,Σέβεται τις δημοκρατικές αρχές,region_group,Νότιο Αιγαίο,Αλέξης Τσίπρας,56.5759,2022,Q4,low
,leader_trait,Σέβεται τις δημοκρατικές αρχές,region_group,Νότιο Αιγαίο,Κυριάκος Μητσοτάκης,43.4241,2022,Q4,low
,leader_trait,Ικανός στη διαχείριση της οικονομίας,region_group,Νότιο Αιγαίο,Αλέξης Τσίπρας,39.5276,2022,Q4,low
,leader_trait,Ικανός στη διαχείριση της οικονομίας,region_group,Νότιο Αιγαίο,Κυριάκος Μητσοτάκης,60.4724,2022,Q4,low
,leader_trait,Αποτελεσματικός,region_group,Νότιο Αιγαίο,Αλέξης Τσίπρας,41.1735,2022,Q4,low
,leader_trait,Αποτελεσματικός,region_group,Νότιο Αιγαίο,Κυριάκος Μητσοτάκης,58.8265,2022,Q4,low
,leader_trait,Ακέραιος με το δημόσιο χρήμα,region_group,Νότιο Αιγαίο,Αλέξης Τσίπρας,61.8661,2022,Q4,low
,leader_trait,Ακέραιος με το δημόσιο χρήμα,region_group,Νότιο Αιγαίο,Κυριάκος Μητσοτάκης,38.1339,2022,Q4,low
,leader_trait,Έχει ηγετικά προσόντα,region_group,Νότιο Αιγαίο,Αλέξης Τσίπρας,43.1781,2022,Q4,low
,leader_trait,Έχει ηγετικά προσόντα,region_group,Νότιο Αιγαίο,Κυριάκος Μητσοτάκης,56.8219,2022,Q4,low
,leader_trait,Επιλέγει καλύτερους συνεργάτες,region_group,Νότιο Αιγαίο,Αλέξης Τσίπρας,30.9615,2022,Q4,low
,leader_trait,Επιλέγει καλύτερους συνεργάτες,region_group,Νότιο Αιγαίο,Κυριάκος Μητσοτάκης,69.0385,2022,Q4,low
,leader_choice_dilemma,Δίλημμα Μητσοτάκης ή Τσίπρας,region_group,Νότιο Αιγαίο,none,37.7796,2022,Q4,low
,leader_choice_dilemma,Δίλημμα Μητσοτάκης ή Τσίπρας,region_group,Νότιο Αιγαίο,Αλέξης Τσίπρας,24.6695,2022,Q4,low
,leader_choice_dilemma,Δίλημμα Μητσοτάκης ή Τσίπρας,region_group,Νότιο Αιγαίο,Κυριάκος Μητσοτάκης,37.5509,2022,Q4,low
,suitable_pm,Καταλληλότερος για πρωθυπουργός,region_group,Νότιο Αιγαίο,none,33.2345,2022,Q4,low
,suitable_pm,Καταλληλότερος για πρωθυπουργός,region_group,Νότιο Αιγαίο,Αλέξης Τσίπρας,25.0252,2022,Q4,low
,suitable_pm,Καταλληλότερος για πρωθυπουργός,region_group,Νότιο Αιγαίο,Κυριάκος Μητσοτάκης,41.7403,2022,Q4,low
,leader_performance_compare,Σύγκριση πρωθυπουργικής επίδοσης,region_group,Πελοπόννησος,none,29.1577,2022,Q4,medium
,leader_performance_compare,Σύγκριση πρωθυπουργικής επίδοσης,region_group,Πελοπόννησος,Αλέξης Τσίπρας,15.6585,2022,Q4,medium
,leader_performance_compare,Σύγκριση πρωθυπουργικής επίδοσης,region_group,Πελοπόννησος,Κυριάκος Μητσοτάκης,55.1837,2022,Q4,medium
,leader_accountability_blame,Ευθύνη/χρέωση: Για τη διαφθορά,region_group,Πελοπόννησος,none,14.432,2022,Q4,low
,leader_accountability_blame,Ευθύνη/χρέωση: Για τη διαφθορά,region_group,Πελοπόννησος,Αλέξης Τσίπρας,29.4082,2022,Q4,low
,leader_accountability_blame,Ευθύνη/χρέωση: Για τη διαφθορά,region_group,Πελοπόννησος,Κυριάκος Μητσοτάκης,56.1598,2022,Q4,low
,leader_accountability_blame,Ευθύνη/χρέωση: Για την ακρίβεια,region_group,Πελοπόννησος,none,34.0771,2022,Q4,medium
,leader_accountability_blame,Ευθύνη/χρέωση: Για την ακρίβεια,region_group,Πελοπόννησος,Αλέξης Τσίπρας,11.7892,2022,Q4,medium
,leader_accountability_blame,Ευθύνη/χρέωση: Για την ακρίβεια,region_group,Πελοπόννησος,Κυριάκος Μητσοτάκης,54.1337,2022,Q4,medium
,leader_accountability_blame,Ευθύνη/χρέωση: Για την ανεργία,region_group,Πελοπόννησος,none,35.595,2022,Q4,medium
,leader_accountability_blame,Ευθύνη/χρέωση: Για την ανεργία,region_group,Πελοπόννησος,Αλέξης Τσίπρας,19.5391,2022,Q4,medium
,leader_accountability_blame,Ευθύνη/χρέωση: Για την ανεργία,region_group,Πελοπόννησος,Κυριάκος Μητσοτάκης,44.8659,2022,Q4,medium
,leader_accountability_blame,Ευθύνη/χρέωση: Για την εγκληματικότητα,region_group,Πελοπόννησος,none,28.8575,2022,Q4,medium
,leader_accountability_blame,Ευθύνη/χρέωση: Για την εγκληματικότητα,region_group,Πελοπόννησος,Αλέξης Τσίπρας,37.4197,2022,Q4,medium
,leader_accountability_blame,Ευθύνη/χρέωση: Για την εγκληματικότητα,region_group,Πελοπόννησος,Κυριάκος Μητσοτάκης,33.7228,2022,Q4,medium
,leader_accountability_blame,Ευθύνη/χρέωση: Για την κατάσταση στα μέσα ενημέρωσης,region_group,Πελοπόννησος,none,23.6369,2022,Q4,medium
,leader_accountability_blame,Ευθύνη/χρέωση: Για την κατάσταση στα μέσα ενημέρωσης,region_group,Πελοπόννησος,Αλέξης Τσίπρας,17.9778,2022,Q4,medium
,leader_accountability_blame,Ευθύνη/χρέωση: Για την κατάσταση στα μέσα ενημέρωσης,region_group,Πελοπόννησος,Κυριάκος Μητσοτάκης,58.3853,2022,Q4,medium
,leader_accountability_blame,Ευθύνη/χρέωση: Για τις υποκλοπές,region_group,Πελοπόννησος,none,28.3332,2022,Q4,low
,leader_accountability_blame,Ευθύνη/χρέωση: Για τις υποκλοπές,region_group,Πελοπόννησος,Αλέξης Τσίπρας,11.59,2022,Q4,low
,leader_accountability_blame,Ευθύνη/χρέωση: Για τις υποκλοπές,region_group,Πελοπόννησος,Κυριάκος Μητσοτάκης,60.0768,2022,Q4,low
,leader_accountability_blame,Ευθύνη/χρέωση: Για τους πλειστηριασμούς πρώτης κατοικίας,region_group,Πελοπόννησος,none,25.1866,2022,Q4,medium
,leader_accountability_blame,Ευθύνη/χρέωση: Για τους πλειστηριασμούς πρώτης κατοικίας,region_group,Πελοπόννησος,Αλέξης Τσίπρας,35.6603,2022,Q4,medium
,leader_accountability_blame,Ευθύνη/χρέωση: Για τους πλειστηριασμούς πρώτης κατοικίας,region_group,Πελοπόννησος,Κυριάκος Μητσοτάκης,39.1531,2022,Q4,medium
,leader_accountability_blame,Ευθύνη/χρέωση: Για τους χαμηλούς μισθούς/συντάξεις,region_group,Πελοπόννησος,none,30.8654,2022,Q4,medium
,leader_accountability_blame,Ευθύνη/χρέωση: Για τους χαμηλούς μισθούς/συντάξεις,region_group,Πελοπόννησος,Αλέξης Τσίπρας,27.6773,2022,Q4,medium
,leader_accountability_blame,Ευθύνη/χρέωση: Για τους χαμηλούς μισθούς/συντάξεις,region_group,Πελοπόννησος,Κυριάκος Μητσοτάκης,41.4573,2022,Q4,medium
,leader_trait,Ασυμβίβαστος με τα συμφέροντα,region_group,Πελοπόννησος,Αλέξης Τσίπρας,50.1684,2022,Q4,low
,leader_trait,Ασυμβίβαστος με τα συμφέροντα,region_group,Πελοπόννησος,Κυριάκος Μητσοτάκης,49.8316,2022,Q4,low
,leader_trait,Εκφράζει το μεσαίο χώρο,region_group,Πελοπόννησος,Αλέξης Τσίπρας,43.2643,2022,Q4,low
,leader_trait,Εκφράζει το μεσαίο χώρο,region_group,Πελοπόννησος,Κυριάκος Μητσοτάκης,56.7357,2022,Q4,low
,leader_trait,Κοντά στους πολίτες,region_group,Πελοπόννησος,Αλέξης Τσίπρας,44.0999,2022,Q4,low
,leader_trait,Κοντά στους πολίτες,region_group,Πελοπόννησος,Κυριάκος Μητσοτάκης,55.9001,2022,Q4,low
,leader_trait,Αξιόπιστος,region_group,Πελοπόννησος,Αλέξης Τσίπρας,28.0905,2022,Q4,low
,leader_trait,Αξιόπιστος,region_group,Πελοπόννησος,Κυριάκος Μητσοτάκης,71.9095,2022,Q4,low
,leader_trait,Σέβεται τις δημοκρατικές αρχές,region_group,Πελοπόννησος,Αλέξης Τσίπρας,35.8292,2022,Q4,low
,leader_trait,Σέβεται τις δημοκρατικές αρχές,region_group,Πελοπόννησος,Κυριάκος Μητσοτάκης,64.1708,2022,Q4,low
,leader_trait,Ικανός στη διαχείριση της οικονομίας,region_group,Πελοπόννησος,Αλέξης Τσίπρας,24.1007,2022,Q4,low
,leader_trait,Ικανός στη διαχείριση της οικονομίας,region_group,Πελοπόννησος,Κυριάκος Μητσοτάκης,75.8993,2022,Q4,low
,leader_trait,Αποτελεσματικός,region_group,Πελοπόννησος,Αλέξης Τσίπρας,24.7429,2022,Q4,medium
,leader_trait,Αποτελεσματικός,region_group,Πελοπόννησος,Κυριάκος Μητσοτάκης,75.2571,2022,Q4,medium
,leader_trait,Ακέραιος με το δημόσιο χρήμα,region_group,Πελοπόννησος,Αλέξης Τσίπρας,49.0575,2022,Q4,low
,leader_trait,Ακέραιος με το δημόσιο χρήμα,region_group,Πελοπόννησος,Κυριάκος Μητσοτάκης,50.9425,2022,Q4,low
,leader_trait,Έχει ηγετικά προσόντα,region_group,Πελοπόννησος,Αλέξης Τσίπρας,24.8552,2022,Q4,low
,leader_trait,Έχει ηγετικά προσόντα,region_group,Πελοπόννησος,Κυριάκος Μητσοτάκης,75.1448,2022,Q4,low
,leader_trait,Επιλέγει καλύτερους συνεργάτες,region_group,Πελοπόννησος,Αλέξης Τσίπρας,24.0285,2022,Q4,low
,leader_trait,Επιλέγει καλύτερους συνεργάτες,region_group,Πελοπόννησος,Κυριάκος Μητσοτάκης,75.9715,2022,Q4,low
,leader_choice_dilemma,Δίλημμα Μητσοτάκης ή Τσίπρας,region_group,Πελοπόννησος,none,35.5732,2022,Q4,medium
,leader_choice_dilemma,Δίλημμα Μητσοτάκης ή Τσίπρας,region_group,Πελοπόννησος,Αλέξης Τσίπρας,18.0683,2022,Q4,medium
,leader_choice_dilemma,Δίλημμα Μητσοτάκης ή Τσίπρας,region_group,Πελοπόννησος,Κυριάκος Μητσοτάκης,46.3586,2022,Q4,medium
,suitable_pm,Καταλληλότερος για πρωθυπουργός,region_group,Πελοπόννησος,none,31.5185,2022,Q4,medium
,suitable_pm,Καταλληλότερος για πρωθυπουργός,region_group,Πελοπόννησος,Αλέξης Τσίπρας,16.0008,2022,Q4,medium
,suitable_pm,Καταλληλότερος για πρωθυπουργός,region_group,Πελοπόννησος,Κυριάκος Μητσοτάκης,52.4807,2022,Q4,medium
,leader_performance_compare,Σύγκριση πρωθυπουργικής επίδοσης,region_group,Στερεά Ελλάδα,none,39.7909,2022,Q4,medium
,leader_performance_compare,Σύγκριση πρωθυπουργικής επίδοσης,region_group,Στερεά Ελλάδα,Αλέξης Τσίπρας,25.9979,2022,Q4,medium
,leader_performance_compare,Σύγκριση πρωθυπουργικής επίδοσης,region_group,Στερεά Ελλάδα,Κυριάκος Μητσοτάκης,34.2111,2022,Q4,medium
,leader_accountability_blame,Ευθύνη/χρέωση: Για τη διαφθορά,region_group,Στερεά Ελλάδα,none,18.7425,2022,Q4,low
,leader_accountability_blame,Ευθύνη/χρέωση: Για τη διαφθορά,region_group,Στερεά Ελλάδα,Αλέξης Τσίπρας,14.2189,2022,Q4,low
,leader_accountability_blame,Ευθύνη/χρέωση: Για τη διαφθορά,region_group,Στερεά Ελλάδα,Κυριάκος Μητσοτάκης,67.0386,2022,Q4,low
,leader_accountability_blame,Ευθύνη/χρέωση: Για την ακρίβεια,region_group,Στερεά Ελλάδα,none,31.2158,2022,Q4,low
,leader_accountability_blame,Ευθύνη/χρέωση: Για την ακρίβεια,region_group,Στερεά Ελλάδα,Αλέξης Τσίπρας,6.8394,2022,Q4,low
,leader_accountability_blame,Ευθύνη/χρέωση: Για την ακρίβεια,region_group,Στερεά Ελλάδα,Κυριάκος Μητσοτάκης,61.9448,2022,Q4,low
,leader_accountability_blame,Ευθύνη/χρέωση: Για την ανεργία,region_group,Στερεά Ελλάδα,none,30.6456,2022,Q4,low
,leader_accountability_blame,Ευθύνη/χρέωση: Για την ανεργία,region_group,Στερεά Ελλάδα,Αλέξης Τσίπρας,19.033,2022,Q4,low
,leader_accountability_blame,Ευθύνη/χρέωση: Για την ανεργία,region_group,Στερεά Ελλάδα,Κυριάκος Μητσοτάκης,50.3214,2022,Q4,low
,leader_accountability_blame,Ευθύνη/χρέωση: Για την εγκληματικότητα,region_group,Στερεά Ελλάδα,none,33.8773,2022,Q4,low
,leader_accountability_blame,Ευθύνη/χρέωση: Για την εγκληματικότητα,region_group,Στερεά Ελλάδα,Αλέξης Τσίπρας,35.8797,2022,Q4,low
,leader_accountability_blame,Ευθύνη/χρέωση: Για την εγκληματικότητα,region_group,Στερεά Ελλάδα,Κυριάκος Μητσοτάκης,30.243,2022,Q4,low
,leader_accountability_blame,Ευθύνη/χρέωση: Για την κατάσταση στα μέσα ενημέρωσης,region_group,Στερεά Ελλάδα,none,18.3641,2022,Q4,low
,leader_accountability_blame,Ευθύνη/χρέωση: Για την κατάσταση στα μέσα ενημέρωσης,region_group,Στερεά Ελλάδα,Αλέξης Τσίπρας,6.1741,2022,Q4,low
,leader_accountability_blame,Ευθύνη/χρέωση: Για την κατάσταση στα μέσα ενημέρωσης,region_group,Στερεά Ελλάδα,Κυριάκος Μητσοτάκης,75.4618,2022,Q4,low
,leader_accountability_blame,Ευθύνη/χρέωση: Για τις υποκλοπές,region_group,Στερεά Ελλάδα,none,13.5008,2022,Q4,low
,leader_accountability_blame,Ευθύνη/χρέωση: Για τις υποκλοπές,region_group,Στερεά Ελλάδα,Αλέξης Τσίπρας,6.7152,2022,Q4,low
,leader_accountability_blame,Ευθύνη/χρέωση: Για τις υποκλοπές,region_group,Στερεά Ελλάδα,Κυριάκος Μητσοτάκης,79.784,2022,Q4,low
,leader_accountability_blame,Ευθύνη/χρέωση: Για τους πλειστηριασμούς πρώτης κατοικίας,region_group,Στερεά Ελλάδα,none,18.5222,2022,Q4,low
,leader_accountability_blame,Ευθύνη/χρέωση: Για τους πλειστηριασμούς πρώτης κατοικίας,region_group,Στερεά Ελλάδα,Αλέξης Τσίπρας,29.5307,2022,Q4,low
,leader_accountability_blame,Ευθύνη/χρέωση: Για τους πλειστηριασμούς πρώτης κατοικίας,region_group,Στερεά Ελλάδα,Κυριάκος Μητσοτάκης,51.9471,2022,Q4,low
,leader_accountability_blame,Ευθύνη/χρέωση: Για τους χαμηλούς μισθούς/συντάξεις,region_group,Στερεά Ελλάδα,none,17.3632,2022,Q4,low
,leader_accountability_blame,Ευθύνη/χρέωση: Για τους χαμηλούς μισθούς/συντάξεις,region_group,Στερεά Ελλάδα,Αλέξης Τσίπρας,32.5967,2022,Q4,low
,leader_accountability_blame,Ευθύνη/χρέωση: Για τους χαμηλούς μισθούς/συντάξεις,region_group,Στερεά Ελλάδα,Κυριάκος Μητσοτάκης,50.0401,2022,Q4,low
,leader_trait,Ασυμβίβαστος με τα συμφέροντα,region_group,Στερεά Ελλάδα,Αλέξης Τσίπρας,63.5504,2022,Q4,low
,leader_trait,Ασυμβίβαστος με τα συμφέροντα,region_group,Στερεά Ελλάδα,Κυριάκος Μητσοτάκης,36.4496,2022,Q4,low
,leader_trait,Εκφράζει το μεσαίο χώρο,region_group,Στερεά Ελλάδα,Αλέξης Τσίπρας,61.5257,2022,Q4,low
,leader_trait,Εκφράζει το μεσαίο χώρο,region_group,Στερεά Ελλάδα,Κυριάκος Μητσοτάκης,38.4743,2022,Q4,low
,leader_trait,Κοντά στους πολίτες,region_group,Στερεά Ελλάδα,Αλέξης Τσίπρας,63.1222,2022,Q4,low
,leader_trait,Κοντά στους πολίτες,region_group,Στερεά Ελλάδα,Κυριάκος Μητσοτάκης,36.8778,2022,Q4,low
,leader_trait,Αξιόπιστος,region_group,Στερεά Ελλάδα,Αλέξης Τσίπρας,52.0113,2022,Q4,low
,leader_trait,Αξιόπιστος,region_group,Στερεά Ελλάδα,Κυριάκος Μητσοτάκης,47.9887,2022,Q4,low
,leader_trait,Σέβεται τις δημοκρατικές αρχές,region_group,Στερεά Ελλάδα,Αλέξης Τσίπρας,59.8655,2022,Q4,low
,leader_trait,Σέβεται τις δημοκρατικές αρχές,region_group,Στερεά Ελλάδα,Κυριάκος Μητσοτάκης,40.1345,2022,Q4,low
,leader_trait,Ικανός στη διαχείριση της οικονομίας,region_group,Στερεά Ελλάδα,Αλέξης Τσίπρας,39.9645,2022,Q4,low
,leader_trait,Ικανός στη διαχείριση της οικονομίας,region_group,Στερεά Ελλάδα,Κυριάκος Μητσοτάκης,60.0355,2022,Q4,low
,leader_trait,Αποτελεσματικός,region_group,Στερεά Ελλάδα,Αλέξης Τσίπρας,40.8163,2022,Q4,low
,leader_trait,Αποτελεσματικός,region_group,Στερεά Ελλάδα,Κυριάκος Μητσοτάκης,59.1837,2022,Q4,low
,leader_trait,Ακέραιος με το δημόσιο χρήμα,region_group,Στερεά Ελλάδα,Αλέξης Τσίπρας,66.2409,2022,Q4,low
,leader_trait,Ακέραιος με το δημόσιο χρήμα,region_group,Στερεά Ελλάδα,Κυριάκος Μητσοτάκης,33.7591,2022,Q4,low
,leader_trait,Έχει ηγετικά προσόντα,region_group,Στερεά Ελλάδα,Αλέξης Τσίπρας,43.4767,2022,Q4,low
,leader_trait,Έχει ηγετικά προσόντα,region_group,Στερεά Ελλάδα,Κυριάκος Μητσοτάκης,56.5233,2022,Q4,low
,leader_trait,Επιλέγει καλύτερους συνεργάτες,region_group,Στερεά Ελλάδα,Αλέξης Τσίπρας,43.9179,2022,Q4,low
,leader_trait,Επιλέγει καλύτερους συνεργάτες,region_group,Στερεά Ελλάδα,Κυριάκος Μητσοτάκης,56.0821,2022,Q4,low
,leader_choice_dilemma,Δίλημμα Μητσοτάκης ή Τσίπρας,region_group,Στερεά Ελλάδα,none,35.5031,2022,Q4,low
,leader_choice_dilemma,Δίλημμα Μητσοτάκης ή Τσίπρας,region_group,Στερεά Ελλάδα,Αλέξης Τσίπρας,30.8229,2022,Q4,low
,leader_choice_dilemma,Δίλημμα Μητσοτάκης ή Τσίπρας,region_group,Στερεά Ελλάδα,Κυριάκος Μητσοτάκης,33.674,2022,Q4,low
,suitable_pm,Καταλληλότερος για πρωθυπουργός,region_group,Στερεά Ελλάδα,none,30.8292,2022,Q4,medium
,suitable_pm,Καταλληλότερος για πρωθυπουργός,region_group,Στερεά Ελλάδα,Αλέξης Τσίπρας,30.6921,2022,Q4,medium
,suitable_pm,Καταλληλότερος για πρωθυπουργός,region_group,Στερεά Ελλάδα,Κυριάκος Μητσοτάκης,38.4787,2022,Q4,medium
,suitable_pm,Καταλληλότερος για πρωθυπουργός,gender,female,none,48.3577,2018,Q2,high
,suitable_pm,Καταλληλότερος για πρωθυπουργός,gender,female,Αλέξης Τσίπρας,28.8321,2018,Q2,high
,suitable_pm,Καταλληλότερος για πρωθυπουργός,gender,female,Κυριάκος Μητσοτάκης,22.8102,2018,Q2,high
,suitable_pm,Καταλληλότερος για πρωθυπουργός,gender,male,none,47.7366,2018,Q2,high
,suitable_pm,Καταλληλότερος για πρωθυπουργός,gender,male,Αλέξης Τσίπρας,26.6461,2018,Q2,high
,suitable_pm,Καταλληλότερος για πρωθυπουργός,gender,male,Κυριάκος Μητσοτάκης,25.6173,2018,Q2,high
,suitable_pm,Καταλληλότερος για πρωθυπουργός,age_group,18-24,none,59.1716,2018,Q2,medium
,suitable_pm,Καταλληλότερος για πρωθυπουργός,age_group,18-24,Αλέξης Τσίπρας,21.8935,2018,Q2,medium
,suitable_pm,Καταλληλότερος για πρωθυπουργός,age_group,18-24,Κυριάκος Μητσοτάκης,18.9349,2018,Q2,medium
,suitable_pm,Καταλληλότερος για πρωθυπουργός,age_group,25-39,none,53.8168,2018,Q2,medium
,suitable_pm,Καταλληλότερος για πρωθυπουργός,age_group,25-39,Αλέξης Τσίπρας,25.9542,2018,Q2,medium
,suitable_pm,Καταλληλότερος για πρωθυπουργός,age_group,25-39,Κυριάκος Μητσοτάκης,20.229,2018,Q2,medium
,suitable_pm,Καταλληλότερος για πρωθυπουργός,age_group,40-54,none,51.9435,2018,Q2,high
,suitable_pm,Καταλληλότερος για πρωθυπουργός,age_group,40-54,Αλέξης Τσίπρας,25.6184,2018,Q2,high
,suitable_pm,Καταλληλότερος για πρωθυπουργός,age_group,40-54,Κυριάκος Μητσοτάκης,22.4382,2018,Q2,high
,suitable_pm,Καταλληλότερος για πρωθυπουργός,age_group,55+,none,37.1648,2018,Q2,high
,suitable_pm,Καταλληλότερος για πρωθυπουργός,age_group,55+,Αλέξης Τσίπρας,31.9923,2018,Q2,high
,suitable_pm,Καταλληλότερος για πρωθυπουργός,age_group,55+,Κυριάκος Μητσοτάκης,30.8429,2018,Q2,high
,suitable_pm,Καταλληλότερος για πρωθυπουργός,education_group,high_education,none,43.9693,2018,Q2,high
,suitable_pm,Καταλληλότερος για πρωθυπουργός,education_group,high_education,Αλέξης Τσίπρας,29.8246,2018,Q2,high
,suitable_pm,Καταλληλότερος για πρωθυπουργός,education_group,high_education,Κυριάκος Μητσοτάκης,26.2061,2018,Q2,high
,suitable_pm,Καταλληλότερος για πρωθυπουργός,education_group,low_education,none,56.5789,2018,Q2,low
,suitable_pm,Καταλληλότερος για πρωθυπουργός,education_group,low_education,Αλέξης Τσίπρας,23.6842,2018,Q2,low
,suitable_pm,Καταλληλότερος για πρωθυπουργός,education_group,low_education,Κυριάκος Μητσοτάκης,19.7368,2018,Q2,low
,suitable_pm,Καταλληλότερος για πρωθυπουργός,education_group,medium_education,none,52.9865,2018,Q2,high
,suitable_pm,Καταλληλότερος για πρωθυπουργός,education_group,medium_education,Αλέξης Τσίπρας,24.2775,2018,Q2,high
,suitable_pm,Καταλληλότερος για πρωθυπουργός,education_group,medium_education,Κυριάκος Μητσοτάκης,22.736,2018,Q2,high
,suitable_pm,Καταλληλότερος για πρωθυπουργός,education_group,Λ) Δε θέλω να απαντήσω,none,76.9231,2018,Q2,low
,suitable_pm,Καταλληλότερος για πρωθυπουργός,education_group,Λ) Δε θέλω να απαντήσω,Αλέξης Τσίπρας,7.6923,2018,Q2,low
,suitable_pm,Καταλληλότερος για πρωθυπουργός,education_group,Λ) Δε θέλω να απαντήσω,Κυριάκος Μητσοτάκης,15.3846,2018,Q2,low
,suitable_pm,Καταλληλότερος για πρωθυπουργός,occupation_group,private_sector,none,46.8966,2018,Q2,medium
,suitable_pm,Καταλληλότερος για πρωθυπουργός,occupation_group,private_sector,Αλέξης Τσίπρας,29.6552,2018,Q2,medium
,suitable_pm,Καταλληλότερος για πρωθυπουργός,occupation_group,private_sector,Κυριάκος Μητσοτάκης,23.4483,2018,Q2,medium
,suitable_pm,Καταλληλότερος για πρωθυπουργός,occupation_group,public_sector,none,45.0704,2018,Q2,medium
,suitable_pm,Καταλληλότερος για πρωθυπουργός,occupation_group,public_sector,Αλέξης Τσίπρας,30.9859,2018,Q2,medium
,suitable_pm,Καταλληλότερος για πρωθυπουργός,occupation_group,public_sector,Κυριάκος Μητσοτάκης,23.9437,2018,Q2,medium
,suitable_pm,Καταλληλότερος για πρωθυπουργός,occupation_group,self_employed,none,50.7163,2018,Q2,high
,suitable_pm,Καταλληλότερος για πρωθυπουργός,occupation_group,self_employed,Αλέξης Τσίπρας,24.9284,2018,Q2,high
,suitable_pm,Καταλληλότερος για πρωθυπουργός,occupation_group,self_employed,Κυριάκος Μητσοτάκης,24.3553,2018,Q2,high
,suitable_pm,Καταλληλότερος για πρωθυπουργός,occupation_group,Ε) Δεν εργάζομαι,none,49.4715,2018,Q2,high
,suitable_pm,Καταλληλότερος για πρωθυπουργός,occupation_group,Ε) Δεν εργάζομαι,Αλέξης Τσίπρας,24.9471,2018,Q2,high
,suitable_pm,Καταλληλότερος για πρωθυπουργός,occupation_group,Ε) Δεν εργάζομαι,Κυριάκος Μητσοτάκης,25.5814,2018,Q2,high
,suitable_pm,Καταλληλότερος για πρωθυπουργός,occupation_group,Ζ) Δεν αναζητώ εργασία,none,42.5,2018,Q2,low
,suitable_pm,Καταλληλότερος για πρωθυπουργός,occupation_group,Ζ) Δεν αναζητώ εργασία,Αλέξης Τσίπρας,37.5,2018,Q2,low
,suitable_pm,Καταλληλότερος για πρωθυπουργός,occupation_group,Ζ) Δεν αναζητώ εργασία,Κυριάκος Μητσοτάκης,20.0,2018,Q2,low
,suitable_pm,Καταλληλότερος για πρωθυπουργός,occupation_group,Η) Δε θέλω να απαντήσω,none,44.0476,2018,Q2,low
,suitable_pm,Καταλληλότερος για πρωθυπουργός,occupation_group,Η) Δε θέλω να απαντήσω,Αλέξης Τσίπρας,27.381,2018,Q2,low
,suitable_pm,Καταλληλότερος για πρωθυπουργός,occupation_group,Η) Δε θέλω να απαντήσω,Κυριάκος Μητσοτάκης,28.5714,2018,Q2,low
,suitable_pm,Καταλληλότερος για πρωθυπουργός,left_right_group,center,none,46.991,2018,Q2,high
,suitable_pm,Καταλληλότερος για πρωθυπουργός,left_right_group,center,Αλέξης Τσίπρας,22.9193,2018,Q2,high
,suitable_pm,Καταλληλότερος για πρωθυπουργός,left_right_group,center,Κυριάκος Μητσοτάκης,30.0896,2018,Q2,high
,suitable_pm,Καταλληλότερος για πρωθυπουργός,left_right_group,left,none,33.2308,2018,Q2,high
,suitable_pm,Καταλληλότερος για πρωθυπουργός,left_right_group,left,Αλέξης Τσίπρας,65.5385,2018,Q2,high
,suitable_pm,Καταλληλότερος για πρωθυπουργός,left_right_group,left,Κυριάκος Μητσοτάκης,1.2308,2018,Q2,high
,suitable_pm,Καταλληλότερος για πρωθυπουργός,left_right_group,right,none,48.6792,2018,Q2,medium
,suitable_pm,Καταλληλότερος για πρωθυπουργός,left_right_group,right,Αλέξης Τσίπρας,5.6604,2018,Q2,medium
,suitable_pm,Καταλληλότερος για πρωθυπουργός,left_right_group,right,Κυριάκος Μητσοτάκης,45.6604,2018,Q2,medium
,suitable_pm,Καταλληλότερος για πρωθυπουργός,previous_vote_party,other_party,none,63.5443,2018,Q2,high
,suitable_pm,Καταλληλότερος για πρωθυπουργός,previous_vote_party,other_party,Αλέξης Τσίπρας,16.7089,2018,Q2,high
,suitable_pm,Καταλληλότερος για πρωθυπουργός,previous_vote_party,other_party,Κυριάκος Μητσοτάκης,19.7468,2018,Q2,high
,suitable_pm,Καταλληλότερος για πρωθυπουργός,previous_vote_party,Ένωση Κεντρώων,none,70.3704,2018,Q2,low
,suitable_pm,Καταλληλότερος για πρωθυπουργός,previous_vote_party,Ένωση Κεντρώων,Αλέξης Τσίπρας,7.4074,2018,Q2,low
,suitable_pm,Καταλληλότερος για πρωθυπουργός,previous_vote_party,Ένωση Κεντρώων,Κυριάκος Μητσοτάκης,22.2222,2018,Q2,low
,suitable_pm,Καταλληλότερος για πρωθυπουργός,previous_vote_party,ΑΝΕΛ,none,63.3333,2018,Q2,low
,suitable_pm,Καταλληλότερος για πρωθυπουργός,previous_vote_party,ΑΝΕΛ,Αλέξης Τσίπρας,16.6667,2018,Q2,low
,suitable_pm,Καταλληλότερος για πρωθυπουργός,previous_vote_party,ΑΝΕΛ,Κυριάκος Μητσοτάκης,20.0,2018,Q2,low
,suitable_pm,Καταλληλότερος για πρωθυπουργός,previous_vote_party,ΚΚΕ,none,79.1667,2018,Q2,low
,suitable_pm,Καταλληλότερος για πρωθυπουργός,previous_vote_party,ΚΚΕ,Αλέξης Τσίπρας,18.75,2018,Q2,low
,suitable_pm,Καταλληλότερος για πρωθυπουργός,previous_vote_party,ΚΚΕ,Κυριάκος Μητσοτάκης,2.0833,2018,Q2,low
,suitable_pm,Καταλληλότερος για πρωθυπουργός,previous_vote_party,ΝΔ,none,18.9781,2018,Q2,medium
,suitable_pm,Καταλληλότερος για πρωθυπουργός,previous_vote_party,ΝΔ,Αλέξης Τσίπρας,9.854,2018,Q2,medium
,suitable_pm,Καταλληλότερος για πρωθυπουργός,previous_vote_party,ΝΔ,Κυριάκος Μητσοτάκης,71.1679,2018,Q2,medium
,suitable_pm,Καταλληλότερος για πρωθυπουργός,previous_vote_party,Ποτάμι,none,40.0,2018,Q2,low
,suitable_pm,Καταλληλότερος για πρωθυπουργός,previous_vote_party,Ποτάμι,Αλέξης Τσίπρας,12.7273,2018,Q2,low
,suitable_pm,Καταλληλότερος για πρωθυπουργός,previous_vote_party,Ποτάμι,Κυριάκος Μητσοτάκης,47.2727,2018,Q2,low
,suitable_pm,Καταλληλότερος για πρωθυπουργός,previous_vote_party,ΣΥΡΙΖΑ,none,30.1518,2018,Q2,high
,suitable_pm,Καταλληλότερος για πρωθυπουργός,previous_vote_party,ΣΥΡΙΖΑ,Αλέξης Τσίπρας,61.8221,2018,Q2,high
,suitable_pm,Καταλληλότερος για πρωθυπουργός,previous_vote_party,ΣΥΡΙΖΑ,Κυριάκος Μητσοτάκης,8.026,2018,Q2,high
,suitable_pm,Καταλληλότερος για πρωθυπουργός,previous_vote_party,Χρυσή Αυγή,none,92.0,2018,Q2,low
,suitable_pm,Καταλληλότερος για πρωθυπουργός,previous_vote_party,Χρυσή Αυγή,Κυριάκος Μητσοτάκης,8.0,2018,Q2,low
,suitable_pm,Καταλληλότερος για πρωθυπουργός,region_group,Α) Αττική,none,41.7031,2018,Q2,high
,suitable_pm,Καταλληλότερος για πρωθυπουργός,region_group,Α) Αττική,Αλέξης Τσίπρας,30.5677,2018,Q2,high
,suitable_pm,Καταλληλότερος για πρωθυπουργός,region_group,Α) Αττική,Κυριάκος Μητσοτάκης,27.7293,2018,Q2,high
,suitable_pm,Καταλληλότερος για πρωθυπουργός,region_group,Β) Στερεά Ελλάδα,none,46.0317,2018,Q2,low
,suitable_pm,Καταλληλότερος για πρωθυπουργός,region_group,Β) Στερεά Ελλάδα,Αλέξης Τσίπρας,23.8095,2018,Q2,low
,suitable_pm,Καταλληλότερος για πρωθυπουργός,region_group,Β) Στερεά Ελλάδα,Κυριάκος Μητσοτάκης,30.1587,2018,Q2,low
,suitable_pm,Καταλληλότερος για πρωθυπουργός,region_group,Γ) Κεντρική Μακεδονία,none,55.9375,2018,Q2,high
,suitable_pm,Καταλληλότερος για πρωθυπουργός,region_group,Γ) Κεντρική Μακεδονία,Αλέξης Τσίπρας,26.25,2018,Q2,high
,suitable_pm,Καταλληλότερος για πρωθυπουργός,region_group,Γ) Κεντρική Μακεδονία,Κυριάκος Μητσοτάκης,17.8125,2018,Q2,high
,suitable_pm,Καταλληλότερος για πρωθυπουργός,region_group,Δ) Κρήτη,none,48.7179,2018,Q2,low
,suitable_pm,Καταλληλότερος για πρωθυπουργός,region_group,Δ) Κρήτη,Αλέξης Τσίπρας,24.359,2018,Q2,low
,suitable_pm,Καταλληλότερος για πρωθυπουργός,region_group,Δ) Κρήτη,Κυριάκος Μητσοτάκης,26.9231,2018,Q2,low
,suitable_pm,Καταλληλότερος για πρωθυπουργός,region_group,Ε) Ανατολική Μακεδονία & Θράκη,none,41.8605,2018,Q2,low
,suitable_pm,Καταλληλότερος για πρωθυπουργός,region_group,Ε) Ανατολική Μακεδονία & Θράκη,Αλέξης Τσίπρας,30.2326,2018,Q2,low
,suitable_pm,Καταλληλότερος για πρωθυπουργός,region_group,Ε) Ανατολική Μακεδονία & Θράκη,Κυριάκος Μητσοτάκης,27.907,2018,Q2,low
,suitable_pm,Καταλληλότερος για πρωθυπουργός,region_group,Ζ) Ήπειρος,none,53.125,2018,Q2,low
,suitable_pm,Καταλληλότερος για πρωθυπουργός,region_group,Ζ) Ήπειρος,Αλέξης Τσίπρας,31.25,2018,Q2,low
,suitable_pm,Καταλληλότερος για πρωθυπουργός,region_group,Ζ) Ήπειρος,Κυριάκος Μητσοτάκης,15.625,2018,Q2,low
,suitable_pm,Καταλληλότερος για πρωθυπουργός,region_group,Η) Ιόνιοι Νήσοι,none,58.0645,2018,Q2,low
,suitable_pm,Καταλληλότερος για πρωθυπουργός,region_group,Η) Ιόνιοι Νήσοι,Αλέξης Τσίπρας,9.6774,2018,Q2,low
,suitable_pm,Καταλληλότερος για πρωθυπουργός,region_group,Η) Ιόνιοι Νήσοι,Κυριάκος Μητσοτάκης,32.2581,2018,Q2,low
,suitable_pm,Καταλληλότερος για πρωθυπουργός,region_group,Θ) Βόρειο Αιγαίο,none,47.619,2018,Q2,low
,suitable_pm,Καταλληλότερος για πρωθυπουργός,region_group,Θ) Βόρειο Αιγαίο,Αλέξης Τσίπρας,26.1905,2018,Q2,low
,suitable_pm,Καταλληλότερος για πρωθυπουργός,region_group,Θ) Βόρειο Αιγαίο,Κυριάκος Μητσοτάκης,26.1905,2018,Q2,low
,suitable_pm,Καταλληλότερος για πρωθυπουργός,region_group,Ι) Πελοπόννησος,none,47.4359,2018,Q2,low
,suitable_pm,Καταλληλότερος για πρωθυπουργός,region_group,Ι) Πελοπόννησος,Αλέξης Τσίπρας,26.9231,2018,Q2,low
,suitable_pm,Καταλληλότερος για πρωθυπουργός,region_group,Ι) Πελοπόννησος,Κυριάκος Μητσοτάκης,25.641,2018,Q2,low
,suitable_pm,Καταλληλότερος για πρωθυπουργός,region_group,Κ) Νότιο Αιγαίο,none,30.303,2018,Q2,low
,suitable_pm,Καταλληλότερος για πρωθυπουργός,region_group,Κ) Νότιο Αιγαίο,Αλέξης Τσίπρας,39.3939,2018,Q2,low
,suitable_pm,Καταλληλότερος για πρωθυπουργός,region_group,Κ) Νότιο Αιγαίο,Κυριάκος Μητσοτάκης,30.303,2018,Q2,low
,suitable_pm,Καταλληλότερος για πρωθυπουργός,region_group,Λ) Θεσσαλία,none,50.0,2018,Q2,low
,suitable_pm,Καταλληλότερος για πρωθυπουργός,region_group,Λ) Θεσσαλία,Αλέξης Τσίπρας,20.0,2018,Q2,low
,suitable_pm,Καταλληλότερος για πρωθυπουργός,region_group,Λ) Θεσσαλία,Κυριάκος Μητσοτάκης,30.0,2018,Q2,low
,suitable_pm,Καταλληλότερος για πρωθυπουργός,region_group,Μ) Δυτική Ελλάδα,none,45.3333,2018,Q2,low
,suitable_pm,Καταλληλότερος για πρωθυπουργός,region_group,Μ) Δυτική Ελλάδα,Αλέξης Τσίπρας,34.6667,2018,Q2,low
,suitable_pm,Καταλληλότερος για πρωθυπουργός,region_group,Μ) Δυτική Ελλάδα,Κυριάκος Μητσοτάκης,20.0,2018,Q2,low
,suitable_pm,Καταλληλότερος για πρωθυπουργός,region_group,Ν) Δυτική Μακεδονία,none,52.0548,2018,Q2,low
,suitable_pm,Καταλληλότερος για πρωθυπουργός,region_group,Ν) Δυτική Μακεδονία,Αλέξης Τσίπρας,20.5479,2018,Q2,low
,suitable_pm,Καταλληλότερος για πρωθυπουργός,region_group,Ν) Δυτική Μακεδονία,Κυριάκος Μητσοτάκης,27.3973,2018,Q2,low
,suitable_pm,Καταλληλότερος για πρωθυπουργός,region_group,Ξ) Δεν είμαι γραμμένος/η στους εκλογικούς καταλόγους,none,100.0,2018,Q2,low
,suitable_pm,Καταλληλότερος για πρωθυπουργός,region_group,Ο) Δεν έχω δικαίωμα ψήφου,none,66.6667,2018,Q2,low
,suitable_pm,Καταλληλότερος για πρωθυπουργός,region_group,Ο) Δεν έχω δικαίωμα ψήφου,Αλέξης Τσίπρας,33.3333,2018,Q2,low
,suitable_pm,Καταλληλότερος για πρωθυπουργός,region_group,Π) Δεν ψηφίζω,none,100.0,2018,Q2,low
,suitable_pm,Καταλληλότερος για πρωθυπουργός,region_group,Ρ) Δεν γνωρίζω,none,50.0,2018,Q2,low
,suitable_pm,Καταλληλότερος για πρωθυπουργός,region_group,Ρ) Δεν γνωρίζω,Αλέξης Τσίπρας,50.0,2018,Q2,low
,suitable_pm,Καταλληλότερος για πρωθυπουργός,region_group,ΣΤ) Δεν θέλω να απαντήσω,none,65.0,2018,Q2,low
,suitable_pm,Καταλληλότερος για πρωθυπουργός,region_group,ΣΤ) Δεν θέλω να απαντήσω,Αλέξης Τσίπρας,20.0,2018,Q2,low
,suitable_pm,Καταλληλότερος για πρωθυπουργός,region_group,ΣΤ) Δεν θέλω να απαντήσω,Κυριάκος Μητσοτάκης,15.0,2018,Q2,low
,suitable_pm,Καταλληλότερος για πρωθυπουργός,gender,female,none,45.6019,2018,Q2,high
,suitable_pm,Καταλληλότερος για πρωθυπουργός,gender,female,Αλέξης Τσίπρας,28.0093,2018,Q2,high
,suitable_pm,Καταλληλότερος για πρωθυπουργός,gender,female,Κυριάκος Μητσοτάκης,26.3889,2018,Q2,high
,suitable_pm,Καταλληλότερος για πρωθυπουργός,gender,male,none,46.1538,2018,Q2,high
,suitable_pm,Καταλληλότερος για πρωθυπουργός,gender,male,Αλέξης Τσίπρας,25.3394,2018,Q2,high
,suitable_pm,Καταλληλότερος για πρωθυπουργός,gender,male,Κυριάκος Μητσοτάκης,28.5068,2018,Q2,high
,suitable_pm,Καταλληλότερος για πρωθυπουργός,age_group,18-24,none,64.0449,2018,Q2,low
,suitable_pm,Καταλληλότερος για πρωθυπουργός,age_group,18-24,Αλέξης Τσίπρας,14.6067,2018,Q2,low
,suitable_pm,Καταλληλότερος για πρωθυπουργός,age_group,18-24,Κυριάκος Μητσοτάκης,21.3483,2018,Q2,low
,suitable_pm,Καταλληλότερος για πρωθυπουργός,age_group,25-39,none,47.973,2018,Q2,medium
,suitable_pm,Καταλληλότερος για πρωθυπουργός,age_group,25-39,Αλέξης Τσίπρας,30.4054,2018,Q2,medium
,suitable_pm,Καταλληλότερος για πρωθυπουργός,age_group,25-39,Κυριάκος Μητσοτάκης,21.6216,2018,Q2,medium
,suitable_pm,Καταλληλότερος για πρωθυπουργός,age_group,40-54,none,51.3678,2018,Q2,high
,suitable_pm,Καταλληλότερος για πρωθυπουργός,age_group,40-54,Αλέξης Τσίπρας,23.7082,2018,Q2,high
,suitable_pm,Καταλληλότερος για πρωθυπουργός,age_group,40-54,Κυριάκος Μητσοτάκης,24.924,2018,Q2,high
,suitable_pm,Καταλληλότερος για πρωθυπουργός,age_group,55+,none,33.7662,2018,Q2,high
,suitable_pm,Καταλληλότερος για πρωθυπουργός,age_group,55+,Αλέξης Τσίπρας,31.4935,2018,Q2,high
,suitable_pm,Καταλληλότερος για πρωθυπουργός,age_group,55+,Κυριάκος Μητσοτάκης,34.7403,2018,Q2,high
,suitable_pm,Καταλληλότερος για πρωθυπουργός,education_group,high_education,none,42.2562,2018,Q2,high
,suitable_pm,Καταλληλότερος για πρωθυπουργός,education_group,high_education,Αλέξης Τσίπρας,28.8719,2018,Q2,high
,suitable_pm,Καταλληλότερος για πρωθυπουργός,education_group,high_education,Κυριάκος Μητσοτάκης,28.8719,2018,Q2,high
,suitable_pm,Καταλληλότερος για πρωθυπουργός,education_group,low_education,none,50.0,2018,Q2,low
,suitable_pm,Καταλληλότερος για πρωθυπουργός,education_group,low_education,Αλέξης Τσίπρας,20.0,2018,Q2,low
,suitable_pm,Καταλληλότερος για πρωθυπουργός,education_group,low_education,Κυριάκος Μητσοτάκης,30.0,2018,Q2,low
,suitable_pm,Καταλληλότερος για πρωθυπουργός,education_group,medium_education,none,50.6579,2018,Q2,high
,suitable_pm,Καταλληλότερος για πρωθυπουργός,education_group,medium_education,Αλέξης Τσίπρας,24.3421,2018,Q2,high
,suitable_pm,Καταλληλότερος για πρωθυπουργός,education_group,medium_education,Κυριάκος Μητσοτάκης,25.0,2018,Q2,high
,suitable_pm,Καταλληλότερος για πρωθυπουργός,education_group,Λ) Δε θέλω να απαντήσω,none,85.7143,2018,Q2,low
,suitable_pm,Καταλληλότερος για πρωθυπουργός,education_group,Λ) Δε θέλω να απαντήσω,Κυριάκος Μητσοτάκης,14.2857,2018,Q2,low
,suitable_pm,Καταλληλότερος για πρωθυπουργός,occupation_group,private_sector,none,42.7746,2018,Q2,medium
,suitable_pm,Καταλληλότερος για πρωθυπουργός,occupation_group,private_sector,Αλέξης Τσίπρας,27.7457,2018,Q2,medium
,suitable_pm,Καταλληλότερος για πρωθυπουργός,occupation_group,private_sector,Κυριάκος Μητσοτάκης,29.4798,2018,Q2,medium
,suitable_pm,Καταλληλότερος για πρωθυπουργός,occupation_group,public_sector,none,44.1718,2018,Q2,medium
,suitable_pm,Καταλληλότερος για πρωθυπουργός,occupation_group,public_sector,Αλέξης Τσίπρας,30.0613,2018,Q2,medium
,suitable_pm,Καταλληλότερος για πρωθυπουργός,occupation_group,public_sector,Κυριάκος Μητσοτάκης,25.7669,2018,Q2,medium
,suitable_pm,Καταλληλότερος για πρωθυπουργός,occupation_group,self_employed,none,50.8197,2018,Q2,medium
,suitable_pm,Καταλληλότερος για πρωθυπουργός,occupation_group,self_employed,Αλέξης Τσίπρας,25.6831,2018,Q2,medium
,suitable_pm,Καταλληλότερος για πρωθυπουργός,occupation_group,self_employed,Κυριάκος Μητσοτάκης,23.4973,2018,Q2,medium
,suitable_pm,Καταλληλότερος για πρωθυπουργός,occupation_group,Ε) Δεν εργάζομαι,none,49.1228,2018,Q2,medium
,suitable_pm,Καταλληλότερος για πρωθυπουργός,occupation_group,Ε) Δεν εργάζομαι,Αλέξης Τσίπρας,23.5088,2018,Q2,medium
,suitable_pm,Καταλληλότερος για πρωθυπουργός,occupation_group,Ε) Δεν εργάζομαι,Κυριάκος Μητσοτάκης,27.3684,2018,Q2,medium
,suitable_pm,Καταλληλότερος για πρωθυπουργός,occupation_group,Ζ) Δεν αναζητώ εργασία,none,34.7826,2018,Q2,low
,suitable_pm,Καταλληλότερος για πρωθυπουργός,occupation_group,Ζ) Δεν αναζητώ εργασία,Αλέξης Τσίπρας,30.4348,2018,Q2,low
,suitable_pm,Καταλληλότερος για πρωθυπουργός,occupation_group,Ζ) Δεν αναζητώ εργασία,Κυριάκος Μητσοτάκης,34.7826,2018,Q2,low
,suitable_pm,Καταλληλότερος για πρωθυπουργός,occupation_group,Η) Δε θέλω να απαντήσω,none,29.7872,2018,Q2,low
,suitable_pm,Καταλληλότερος για πρωθυπουργός,occupation_group,Η) Δε θέλω να απαντήσω,Αλέξης Τσίπρας,31.9149,2018,Q2,low
,suitable_pm,Καταλληλότερος για πρωθυπουργός,occupation_group,Η) Δε θέλω να απαντήσω,Κυριάκος Μητσοτάκης,38.2979,2018,Q2,low
,suitable_pm,Καταλληλότερος για πρωθυπουργός,left_right_group,center,none,43.2127,2018,Q2,high
,suitable_pm,Καταλληλότερος για πρωθυπουργός,left_right_group,center,Αλέξης Τσίπρας,23.9819,2018,Q2,high
,suitable_pm,Καταλληλότερος για πρωθυπουργός,left_right_group,center,Κυριάκος Μητσοτάκης,32.8054,2018,Q2,high
,suitable_pm,Καταλληλότερος για πρωθυπουργός,left_right_group,left,none,37.6344,2018,Q2,medium
,suitable_pm,Καταλληλότερος για πρωθυπουργός,left_right_group,left,Αλέξης Τσίπρας,62.3656,2018,Q2,medium
,suitable_pm,Καταλληλότερος για πρωθυπουργός,left_right_group,right,none,46.2857,2018,Q2,medium
,suitable_pm,Καταλληλότερος για πρωθυπουργός,left_right_group,right,Αλέξης Τσίπρας,3.4286,2018,Q2,medium
,suitable_pm,Καταλληλότερος για πρωθυπουργός,left_right_group,right,Κυριάκος Μητσοτάκης,50.2857,2018,Q2,medium
,suitable_pm,Καταλληλότερος για πρωθυπουργός,previous_vote_party,other_party,none,68.6567,2018,Q2,medium
,suitable_pm,Καταλληλότερος για πρωθυπουργός,previous_vote_party,other_party,Αλέξης Τσίπρας,12.9353,2018,Q2,medium
,suitable_pm,Καταλληλότερος για πρωθυπουργός,previous_vote_party,other_party,Κυριάκος Μητσοτάκης,18.408,2018,Q2,medium
,suitable_pm,Καταλληλότερος για πρωθυπουργός,previous_vote_party,Ένωση Κεντρώων,none,76.4706,2018,Q2,low
,suitable_pm,Καταλληλότερος για πρωθυπουργός,previous_vote_party,Ένωση Κεντρώων,Αλέξης Τσίπρας,11.7647,2018,Q2,low
,suitable_pm,Καταλληλότερος για πρωθυπουργός,previous_vote_party,Ένωση Κεντρώων,Κυριάκος Μητσοτάκης,11.7647,2018,Q2,low
,suitable_pm,Καταλληλότερος για πρωθυπουργός,previous_vote_party,ΑΝΕΛ,none,66.6667,2018,Q2,low
,suitable_pm,Καταλληλότερος για πρωθυπουργός,previous_vote_party,ΑΝΕΛ,Αλέξης Τσίπρας,16.6667,2018,Q2,low
,suitable_pm,Καταλληλότερος για πρωθυπουργός,previous_vote_party,ΑΝΕΛ,Κυριάκος Μητσοτάκης,16.6667,2018,Q2,low
,suitable_pm,Καταλληλότερος για πρωθυπουργός,previous_vote_party,ΚΚΕ,none,76.7442,2018,Q2,low
,suitable_pm,Καταλληλότερος για πρωθυπουργός,previous_vote_party,ΚΚΕ,Αλέξης Τσίπρας,20.9302,2018,Q2,low
,suitable_pm,Καταλληλότερος για πρωθυπουργός,previous_vote_party,ΚΚΕ,Κυριάκος Μητσοτάκης,2.3256,2018,Q2,low
,suitable_pm,Καταλληλότερος για πρωθυπουργός,previous_vote_party,ΝΔ,none,19.2118,2018,Q2,medium
,suitable_pm,Καταλληλότερος για πρωθυπουργός,previous_vote_party,ΝΔ,Αλέξης Τσίπρας,8.3744,2018,Q2,medium
,suitable_pm,Καταλληλότερος για πρωθυπουργός,previous_vote_party,ΝΔ,Κυριάκος Μητσοτάκης,72.4138,2018,Q2,medium
,suitable_pm,Καταλληλότερος για πρωθυπουργός,previous_vote_party,Ποτάμι,none,44.7368,2018,Q2,low
,suitable_pm,Καταλληλότερος για πρωθυπουργός,previous_vote_party,Ποτάμι,Αλέξης Τσίπρας,15.7895,2018,Q2,low
,suitable_pm,Καταλληλότερος για πρωθυπουργός,previous_vote_party,Ποτάμι,Κυριάκος Μητσοτάκης,39.4737,2018,Q2,low
,suitable_pm,Καταλληλότερος για πρωθυπουργός,previous_vote_party,ΣΥΡΙΖΑ,none,25.6809,2018,Q2,medium
,suitable_pm,Καταλληλότερος για πρωθυπουργός,previous_vote_party,ΣΥΡΙΖΑ,Αλέξης Τσίπρας,64.2023,2018,Q2,medium
,suitable_pm,Καταλληλότερος για πρωθυπουργός,previous_vote_party,ΣΥΡΙΖΑ,Κυριάκος Μητσοτάκης,10.1167,2018,Q2,medium
,suitable_pm,Καταλληλότερος για πρωθυπουργός,previous_vote_party,Χρυσή Αυγή,none,93.75,2018,Q2,low
,suitable_pm,Καταλληλότερος για πρωθυπουργός,previous_vote_party,Χρυσή Αυγή,Κυριάκος Μητσοτάκης,6.25,2018,Q2,low
,suitable_pm,Καταλληλότερος για πρωθυπουργός,region_group,Α) Αττική,none,38.0392,2018,Q2,medium
,suitable_pm,Καταλληλότερος για πρωθυπουργός,region_group,Α) Αττική,Αλέξης Τσίπρας,28.2353,2018,Q2,medium
,suitable_pm,Καταλληλότερος για πρωθυπουργός,region_group,Α) Αττική,Κυριάκος Μητσοτάκης,33.7255,2018,Q2,medium
,suitable_pm,Καταλληλότερος για πρωθυπουργός,region_group,Β) Στερεά Ελλάδα,none,36.8421,2018,Q2,low
,suitable_pm,Καταλληλότερος για πρωθυπουργός,region_group,Β) Στερεά Ελλάδα,Αλέξης Τσίπρας,31.5789,2018,Q2,low
,suitable_pm,Καταλληλότερος για πρωθυπουργός,region_group,Β) Στερεά Ελλάδα,Κυριάκος Μητσοτάκης,31.5789,2018,Q2,low
,suitable_pm,Καταλληλότερος για πρωθυπουργός,region_group,Γ) Κεντρική Μακεδονία,none,53.5135,2018,Q2,medium
,suitable_pm,Καταλληλότερος για πρωθυπουργός,region_group,Γ) Κεντρική Μακεδονία,Αλέξης Τσίπρας,27.027,2018,Q2,medium
,suitable_pm,Καταλληλότερος για πρωθυπουργός,region_group,Γ) Κεντρική Μακεδονία,Κυριάκος Μητσοτάκης,19.4595,2018,Q2,medium
,suitable_pm,Καταλληλότερος για πρωθυπουργός,region_group,Δ) Κρήτη,none,52.9412,2018,Q2,low
,suitable_pm,Καταλληλότερος για πρωθυπουργός,region_group,Δ) Κρήτη,Αλέξης Τσίπρας,23.5294,2018,Q2,low
,suitable_pm,Καταλληλότερος για πρωθυπουργός,region_group,Δ) Κρήτη,Κυριάκος Μητσοτάκης,23.5294,2018,Q2,low
,suitable_pm,Καταλληλότερος για πρωθυπουργός,region_group,Ε) Ανατολική Μακεδονία & Θράκη,none,43.1373,2018,Q2,low
,suitable_pm,Καταλληλότερος για πρωθυπουργός,region_group,Ε) Ανατολική Μακεδονία & Θράκη,Αλέξης Τσίπρας,31.3725,2018,Q2,low
,suitable_pm,Καταλληλότερος για πρωθυπουργός,region_group,Ε) Ανατολική Μακεδονία & Θράκη,Κυριάκος Μητσοτάκης,25.4902,2018,Q2,low
,suitable_pm,Καταλληλότερος για πρωθυπουργός,region_group,Ζ) Ήπειρος,none,50.0,2018,Q2,low
,suitable_pm,Καταλληλότερος για πρωθυπουργός,region_group,Ζ) Ήπειρος,Αλέξης Τσίπρας,31.25,2018,Q2,low
,suitable_pm,Καταλληλότερος για πρωθυπουργός,region_group,Ζ) Ήπειρος,Κυριάκος Μητσοτάκης,18.75,2018,Q2,low
,suitable_pm,Καταλληλότερος για πρωθυπουργός,region_group,Η) Ιόνιοι Νήσοι,none,52.1739,2018,Q2,low
,suitable_pm,Καταλληλότερος για πρωθυπουργός,region_group,Η) Ιόνιοι Νήσοι,Αλέξης Τσίπρας,13.0435,2018,Q2,low
,suitable_pm,Καταλληλότερος για πρωθυπουργός,region_group,Η) Ιόνιοι Νήσοι,Κυριάκος Μητσοτάκης,34.7826,2018,Q2,low
,suitable_pm,Καταλληλότερος για πρωθυπουργός,region_group,Θ) Βόρειο Αιγαίο,none,46.1538,2018,Q2,low
,suitable_pm,Καταλληλότερος για πρωθυπουργός,region_group,Θ) Βόρειο Αιγαίο,Αλέξης Τσίπρας,30.7692,2018,Q2,low
,suitable_pm,Καταλληλότερος για πρωθυπουργός,region_group,Θ) Βόρειο Αιγαίο,Κυριάκος Μητσοτάκης,23.0769,2018,Q2,low
,suitable_pm,Καταλληλότερος για πρωθυπουργός,region_group,Ι) Πελοπόννησος,none,45.0,2018,Q2,low
,suitable_pm,Καταλληλότερος για πρωθυπουργός,region_group,Ι) Πελοπόννησος,Αλέξης Τσίπρας,25.0,2018,Q2,low
,suitable_pm,Καταλληλότερος για πρωθυπουργός,region_group,Ι) Πελοπόννησος,Κυριάκος Μητσοτάκης,30.0,2018,Q2,low
,suitable_pm,Καταλληλότερος για πρωθυπουργός,region_group,Κ) Νότιο Αιγαίο,none,30.0,2018,Q2,low
,suitable_pm,Καταλληλότερος για πρωθυπουργός,region_group,Κ) Νότιο Αιγαίο,Αλέξης Τσίπρας,35.0,2018,Q2,low
,suitable_pm,Καταλληλότερος για πρωθυπουργός,region_group,Κ) Νότιο Αιγαίο,Κυριάκος Μητσοτάκης,35.0,2018,Q2,low
,suitable_pm,Καταλληλότερος για πρωθυπουργός,region_group,Λ) Θεσσαλία,none,49.0196,2018,Q2,low
,suitable_pm,Καταλληλότερος για πρωθυπουργός,region_group,Λ) Θεσσαλία,Αλέξης Τσίπρας,15.6863,2018,Q2,low
,suitable_pm,Καταλληλότερος για πρωθυπουργός,region_group,Λ) Θεσσαλία,Κυριάκος Μητσοτάκης,35.2941,2018,Q2,low
,suitable_pm,Καταλληλότερος για πρωθυπουργός,region_group,Μ) Δυτική Ελλάδα,none,38.8889,2018,Q2,low
,suitable_pm,Καταλληλότερος για πρωθυπουργός,region_group,Μ) Δυτική Ελλάδα,Αλέξης Τσίπρας,36.1111,2018,Q2,low
,suitable_pm,Καταλληλότερος για πρωθυπουργός,region_group,Μ) Δυτική Ελλάδα,Κυριάκος Μητσοτάκης,25.0,2018,Q2,low
,suitable_pm,Καταλληλότερος για πρωθυπουργός,region_group,Ν) Δυτική Μακεδονία,none,54.1667,2018,Q2,low
,suitable_pm,Καταλληλότερος για πρωθυπουργός,region_group,Ν) Δυτική Μακεδονία,Αλέξης Τσίπρας,18.75,2018,Q2,low
,suitable_pm,Καταλληλότερος για πρωθυπουργός,region_group,Ν) Δυτική Μακεδονία,Κυριάκος Μητσοτάκης,27.0833,2018,Q2,low
,suitable_pm,Καταλληλότερος για πρωθυπουργός,region_group,Ξ) Δεν είμαι γραμμένος/η στους εκλογικούς καταλόγους,none,100.0,2018,Q2,low
,suitable_pm,Καταλληλότερος για πρωθυπουργός,region_group,Ο) Δεν έχω δικαίωμα ψήφου,none,66.6667,2018,Q2,low
,suitable_pm,Καταλληλότερος για πρωθυπουργός,region_group,Ο) Δεν έχω δικαίωμα ψήφου,Αλέξης Τσίπρας,33.3333,2018,Q2,low
,suitable_pm,Καταλληλότερος για πρωθυπουργός,region_group,Π) Δεν ψηφίζω,none,100.0,2018,Q2,low
,suitable_pm,Καταλληλότερος για πρωθυπουργός,region_group,Ρ) Δεν γνωρίζω,none,50.0,2018,Q2,low
,suitable_pm,Καταλληλότερος για πρωθυπουργός,region_group,Ρ) Δεν γνωρίζω,Αλέξης Τσίπρας,50.0,2018,Q2,low
,suitable_pm,Καταλληλότερος για πρωθυπουργός,region_group,ΣΤ) Δεν θέλω να απαντήσω,none,66.6667,2018,Q2,low
,suitable_pm,Καταλληλότερος για πρωθυπουργός,region_group,ΣΤ) Δεν θέλω να απαντήσω,Αλέξης Τσίπρας,11.1111,2018,Q2,low
,suitable_pm,Καταλληλότερος για πρωθυπουργός,region_group,ΣΤ) Δεν θέλω να απαντήσω,Κυριάκος Μητσοτάκης,22.2222,2018,Q2,low
,suitable_pm,Καταλληλότερος για πρωθυπουργός,gender,female,none,35.8434,2018,Q3,high
,suitable_pm,Καταλληλότερος για πρωθυπουργός,gender,female,Αλέξης Τσίπρας,44.2771,2018,Q3,high
,suitable_pm,Καταλληλότερος για πρωθυπουργός,gender,female,Κυριάκος Μητσοτάκης,19.8795,2018,Q3,high
,suitable_pm,Καταλληλότερος για πρωθυπουργός,gender,male,none,38.8761,2018,Q3,high
,suitable_pm,Καταλληλότερος για πρωθυπουργός,gender,male,Αλέξης Τσίπρας,36.1239,2018,Q3,high
,suitable_pm,Καταλληλότερος για πρωθυπουργός,gender,male,Κυριάκος Μητσοτάκης,25.0,2018,Q3,high
,suitable_pm,Καταλληλότερος για πρωθυπουργός,age_group,25-39,none,42.8094,2018,Q3,medium
,suitable_pm,Καταλληλότερος για πρωθυπουργός,age_group,25-39,Αλέξης Τσίπρας,41.4716,2018,Q3,medium
,suitable_pm,Καταλληλότερος για πρωθυπουργός,age_group,25-39,Κυριάκος Μητσοτάκης,15.7191,2018,Q3,medium
,suitable_pm,Καταλληλότερος για πρωθυπουργός,age_group,40-54,none,38.3234,2018,Q3,high
,suitable_pm,Καταλληλότερος για πρωθυπουργός,age_group,40-54,Αλέξης Τσίπρας,40.1198,2018,Q3,high
,suitable_pm,Καταλληλότερος για πρωθυπουργός,age_group,40-54,Κυριάκος Μητσοτάκης,21.5569,2018,Q3,high
,suitable_pm,Καταλληλότερος για πρωθυπουργός,age_group,55+,none,27.5109,2018,Q3,medium
,suitable_pm,Καταλληλότερος για πρωθυπουργός,age_group,55+,Αλέξης Τσίπρας,35.3712,2018,Q3,medium
,suitable_pm,Καταλληλότερος για πρωθυπουργός,age_group,55+,Κυριάκος Μητσοτάκης,37.1179,2018,Q3,medium
,suitable_pm,Καταλληλότερος για πρωθυπουργός,education_group,high_education,none,32.9186,2018,Q3,high
,suitable_pm,Καταλληλότερος για πρωθυπουργός,education_group,high_education,Αλέξης Τσίπρας,42.1946,2018,Q3,high
,suitable_pm,Καταλληλότερος για πρωθυπουργός,education_group,high_education,Κυριάκος Μητσοτάκης,24.8869,2018,Q3,high
,suitable_pm,Καταλληλότερος για πρωθυπουργός,education_group,low_education,none,44.9275,2018,Q3,low
,suitable_pm,Καταλληλότερος για πρωθυπουργός,education_group,low_education,Αλέξης Τσίπρας,36.2319,2018,Q3,low
,suitable_pm,Καταλληλότερος για πρωθυπουργός,education_group,low_education,Κυριάκος Μητσοτάκης,18.8406,2018,Q3,low
,suitable_pm,Καταλληλότερος για πρωθυπουργός,education_group,medium_education,none,43.838,2018,Q3,high
,suitable_pm,Καταλληλότερος για πρωθυπουργός,education_group,medium_education,Αλέξης Τσίπρας,35.7394,2018,Q3,high
,suitable_pm,Καταλληλότερος για πρωθυπουργός,education_group,medium_education,Κυριάκος Μητσοτάκης,20.4225,2018,Q3,high
,suitable_pm,Καταλληλότερος για πρωθυπουργός,education_group,Δε θέλω να απαντήσω,none,41.1765,2018,Q3,low
,suitable_pm,Καταλληλότερος για πρωθυπουργός,education_group,Δε θέλω να απαντήσω,Αλέξης Τσίπρας,47.0588,2018,Q3,low
,suitable_pm,Καταλληλότερος για πρωθυπουργός,education_group,Δε θέλω να απαντήσω,Κυριάκος Μητσοτάκης,11.7647,2018,Q3,low
,suitable_pm,Καταλληλότερος για πρωθυπουργός,occupation_group,private_sector,none,38.4615,2018,Q3,high
,suitable_pm,Καταλληλότερος για πρωθυπουργός,occupation_group,private_sector,Αλέξης Τσίπρας,44.3787,2018,Q3,high
,suitable_pm,Καταλληλότερος για πρωθυπουργός,occupation_group,private_sector,Κυριάκος Μητσοτάκης,17.1598,2018,Q3,high
,suitable_pm,Καταλληλότερος για πρωθυπουργός,occupation_group,public_sector,none,34.1818,2018,Q3,medium
,suitable_pm,Καταλληλότερος για πρωθυπουργός,occupation_group,public_sector,Αλέξης Τσίπρας,45.4545,2018,Q3,medium
,suitable_pm,Καταλληλότερος για πρωθυπουργός,occupation_group,public_sector,Κυριάκος Μητσοτάκης,20.3636,2018,Q3,medium
,suitable_pm,Καταλληλότερος για πρωθυπουργός,occupation_group,self_employed,none,35.0877,2018,Q3,medium
,suitable_pm,Καταλληλότερος για πρωθυπουργός,occupation_group,self_employed,Αλέξης Τσίπρας,36.4912,2018,Q3,medium
,suitable_pm,Καταλληλότερος για πρωθυπουργός,occupation_group,self_employed,Κυριάκος Μητσοτάκης,28.4211,2018,Q3,medium
,suitable_pm,Καταλληλότερος για πρωθυπουργός,occupation_group,Δε θέλω να απαντήσω,none,43.4343,2018,Q3,low
,suitable_pm,Καταλληλότερος για πρωθυπουργός,occupation_group,Δε θέλω να απαντήσω,Αλέξης Τσίπρας,35.3535,2018,Q3,low
,suitable_pm,Καταλληλότερος για πρωθυπουργός,occupation_group,Δε θέλω να απαντήσω,Κυριάκος Μητσοτάκης,21.2121,2018,Q3,low
,suitable_pm,Καταλληλότερος για πρωθυπουργός,occupation_group,Δεν εργάζομαι,none,39.0741,2018,Q3,high
,suitable_pm,Καταλληλότερος για πρωθυπουργός,occupation_group,Δεν εργάζομαι,Αλέξης Τσίπρας,36.1111,2018,Q3,high
,suitable_pm,Καταλληλότερος για πρωθυπουργός,occupation_group,Δεν εργάζομαι,Κυριάκος Μητσοτάκης,24.8148,2018,Q3,high
,suitable_pm,Καταλληλότερος για πρωθυπουργός,left_right_group,center,none,37.516,2018,Q3,high
,suitable_pm,Καταλληλότερος για πρωθυπουργός,left_right_group,center,Αλέξης Τσίπρας,34.0589,2018,Q3,high
,suitable_pm,Καταλληλότερος για πρωθυπουργός,left_right_group,center,Κυριάκος Μητσοτάκης,28.4251,2018,Q3,high
,suitable_pm,Καταλληλότερος για πρωθυπουργός,left_right_group,left,none,23.8771,2018,Q3,high
,suitable_pm,Καταλληλότερος για πρωθυπουργός,left_right_group,left,Αλέξης Τσίπρας,74.4681,2018,Q3,high
,suitable_pm,Καταλληλότερος για πρωθυπουργός,left_right_group,left,Κυριάκος Μητσοτάκης,1.6548,2018,Q3,high
,suitable_pm,Καταλληλότερος για πρωθυπουργός,left_right_group,right,none,47.2656,2018,Q3,medium
,suitable_pm,Καταλληλότερος για πρωθυπουργός,left_right_group,right,Αλέξης Τσίπρας,7.8125,2018,Q3,medium
,suitable_pm,Καταλληλότερος για πρωθυπουργός,left_right_group,right,Κυριάκος Μητσοτάκης,44.9219,2018,Q3,medium
,suitable_pm,Καταλληλότερος για πρωθυπουργός,previous_vote_party,other_party,none,52.0833,2018,Q3,high
,suitable_pm,Καταλληλότερος για πρωθυπουργός,previous_vote_party,other_party,Αλέξης Τσίπρας,26.5625,2018,Q3,high
,suitable_pm,Καταλληλότερος για πρωθυπουργός,previous_vote_party,other_party,Κυριάκος Μητσοτάκης,21.3542,2018,Q3,high
,suitable_pm,Καταλληλότερος για πρωθυπουργός,previous_vote_party,Ένωση Κεντρώων,none,72.4138,2018,Q3,low
,suitable_pm,Καταλληλότερος για πρωθυπουργός,previous_vote_party,Ένωση Κεντρώων,Κυριάκος Μητσοτάκης,27.5862,2018,Q3,low
,suitable_pm,Καταλληλότερος για πρωθυπουργός,previous_vote_party,ΑΝΕΛ,none,72.4138,2018,Q3,low
,suitable_pm,Καταλληλότερος για πρωθυπουργός,previous_vote_party,ΑΝΕΛ,Αλέξης Τσίπρας,18.9655,2018,Q3,low
,suitable_pm,Καταλληλότερος για πρωθυπουργός,previous_vote_party,ΑΝΕΛ,Κυριάκος Μητσοτάκης,8.6207,2018,Q3,low
,suitable_pm,Καταλληλότερος για πρωθυπουργός,previous_vote_party,ΚΚΕ,none,58.3333,2018,Q3,low
,suitable_pm,Καταλληλότερος για πρωθυπουργός,previous_vote_party,ΚΚΕ,Αλέξης Τσίπρας,35.4167,2018,Q3,low
,suitable_pm,Καταλληλότερος για πρωθυπουργός,previous_vote_party,ΚΚΕ,Κυριάκος Μητσοτάκης,6.25,2018,Q3,low
,suitable_pm,Καταλληλότερος για πρωθυπουργός,previous_vote_party,ΝΔ,none,18.595,2018,Q3,medium
,suitable_pm,Καταλληλότερος για πρωθυπουργός,previous_vote_party,ΝΔ,Αλέξης Τσίπρας,14.876,2018,Q3,medium
,suitable_pm,Καταλληλότερος για πρωθυπουργός,previous_vote_party,ΝΔ,Κυριάκος Μητσοτάκης,66.5289,2018,Q3,medium
,suitable_pm,Καταλληλότερος για πρωθυπουργός,previous_vote_party,Ποτάμι,none,31.5789,2018,Q3,low
,suitable_pm,Καταλληλότερος για πρωθυπουργός,previous_vote_party,Ποτάμι,Αλέξης Τσίπρας,17.5439,2018,Q3,low
,suitable_pm,Καταλληλότερος για πρωθυπουργός,previous_vote_party,Ποτάμι,Κυριάκος Μητσοτάκης,50.8772,2018,Q3,low
,suitable_pm,Καταλληλότερος για πρωθυπουργός,previous_vote_party,ΣΥΡΙΖΑ,none,20.2797,2018,Q3,high
,suitable_pm,Καταλληλότερος για πρωθυπουργός,previous_vote_party,ΣΥΡΙΖΑ,Αλέξης Τσίπρας,72.5524,2018,Q3,high
,suitable_pm,Καταλληλότερος για πρωθυπουργός,previous_vote_party,ΣΥΡΙΖΑ,Κυριάκος Μητσοτάκης,7.1678,2018,Q3,high
,suitable_pm,Καταλληλότερος για πρωθυπουργός,previous_vote_party,Χρυσή Αυγή,none,84.2857,2018,Q3,low
,suitable_pm,Καταλληλότερος για πρωθυπουργός,previous_vote_party,Χρυσή Αυγή,Αλέξης Τσίπρας,2.8571,2018,Q3,low
,suitable_pm,Καταλληλότερος για πρωθυπουργός,previous_vote_party,Χρυσή Αυγή,Κυριάκος Μητσοτάκης,12.8571,2018,Q3,low
,suitable_pm,Καταλληλότερος για πρωθυπουργός,region_group,01,none,66.6667,2018,Q3,low
,suitable_pm,Καταλληλότερος για πρωθυπουργός,region_group,01,Αλέξης Τσίπρας,16.6667,2018,Q3,low
,suitable_pm,Καταλληλότερος για πρωθυπουργός,region_group,01,Κυριάκος Μητσοτάκης,16.6667,2018,Q3,low
,suitable_pm,Καταλληλότερος για πρωθυπουργός,region_group,02,none,40.0,2018,Q3,low
,suitable_pm,Καταλληλότερος για πρωθυπουργός,region_group,02,Αλέξης Τσίπρας,60.0,2018,Q3,low
,suitable_pm,Καταλληλότερος για πρωθυπουργός,region_group,03,none,66.6667,2018,Q3,low
,suitable_pm,Καταλληλότερος για πρωθυπουργός,region_group,03,Αλέξης Τσίπρας,33.3333,2018,Q3,low
,suitable_pm,Καταλληλότερος για πρωθυπουργός,region_group,04,none,40.0,2018,Q3,low
,suitable_pm,Καταλληλότερος για πρωθυπουργός,region_group,04,Αλέξης Τσίπρας,40.0,2018,Q3,low
,suitable_pm,Καταλληλότερος για πρωθυπουργός,region_group,04,Κυριάκος Μητσοτάκης,20.0,2018,Q3,low
,suitable_pm,Καταλληλότερος για πρωθυπουργός,region_group,05,none,50.0,2018,Q3,low
,suitable_pm,Καταλληλότερος για πρωθυπουργός,region_group,05,Αλέξης Τσίπρας,25.0,2018,Q3,low
,suitable_pm,Καταλληλότερος για πρωθυπουργός,region_group,05,Κυριάκος Μητσοτάκης,25.0,2018,Q3,low
,suitable_pm,Καταλληλότερος για πρωθυπουργός,region_group,06,none,33.3333,2018,Q3,low
,suitable_pm,Καταλληλότερος για πρωθυπουργός,region_group,06,Αλέξης Τσίπρας,33.3333,2018,Q3,low
,suitable_pm,Καταλληλότερος για πρωθυπουργός,region_group,06,Κυριάκος Μητσοτάκης,33.3333,2018,Q3,low
,suitable_pm,Καταλληλότερος για πρωθυπουργός,region_group,07,none,66.6667,2018,Q3,low
,suitable_pm,Καταλληλότερος για πρωθυπουργός,region_group,07,Αλέξης Τσίπρας,33.3333,2018,Q3,low
,suitable_pm,Καταλληλότερος για πρωθυπουργός,region_group,09,none,50.0,2018,Q3,low
,suitable_pm,Καταλληλότερος για πρωθυπουργός,region_group,09,Αλέξης Τσίπρας,50.0,2018,Q3,low
,suitable_pm,Καταλληλότερος για πρωθυπουργός,region_group,11,none,61.5385,2018,Q3,low
,suitable_pm,Καταλληλότερος για πρωθυπουργός,region_group,11,Αλέξης Τσίπρας,15.3846,2018,Q3,low
,suitable_pm,Καταλληλότερος για πρωθυπουργός,region_group,11,Κυριάκος Μητσοτάκης,23.0769,2018,Q3,low
,suitable_pm,Καταλληλότερος για πρωθυπουργός,region_group,12,none,25.0,2018,Q3,low
,suitable_pm,Καταλληλότερος για πρωθυπουργός,region_group,12,Αλέξης Τσίπρας,25.0,2018,Q3,low
,suitable_pm,Καταλληλότερος για πρωθυπουργός,region_group,12,Κυριάκος Μητσοτάκης,50.0,2018,Q3,low
,suitable_pm,Καταλληλότερος για πρωθυπουργός,region_group,13,none,42.7273,2018,Q3,medium
,suitable_pm,Καταλληλότερος για πρωθυπουργός,region_group,13,Αλέξης Τσίπρας,31.8182,2018,Q3,medium
,suitable_pm,Καταλληλότερος για πρωθυπουργός,region_group,13,Κυριάκος Μητσοτάκης,25.4545,2018,Q3,medium
,suitable_pm,Καταλληλότερος για πρωθυπουργός,region_group,14,none,60.0,2018,Q3,low
,suitable_pm,Καταλληλότερος για πρωθυπουργός,region_group,14,Αλέξης Τσίπρας,20.0,2018,Q3,low
,suitable_pm,Καταλληλότερος για πρωθυπουργός,region_group,14,Κυριάκος Μητσοτάκης,20.0,2018,Q3,low
,suitable_pm,Καταλληλότερος για πρωθυπουργός,region_group,16,none,50.0,2018,Q3,low
,suitable_pm,Καταλληλότερος για πρωθυπουργός,region_group,16,Αλέξης Τσίπρας,25.0,2018,Q3,low
,suitable_pm,Καταλληλότερος για πρωθυπουργός,region_group,16,Κυριάκος Μητσοτάκης,25.0,2018,Q3,low
,suitable_pm,Καταλληλότερος για πρωθυπουργός,region_group,17,none,35.7143,2018,Q3,low
,suitable_pm,Καταλληλότερος για πρωθυπουργός,region_group,17,Αλέξης Τσίπρας,57.1429,2018,Q3,low
,suitable_pm,Καταλληλότερος για πρωθυπουργός,region_group,17,Κυριάκος Μητσοτάκης,7.1429,2018,Q3,low
,suitable_pm,Καταλληλότερος για πρωθυπουργός,region_group,18,none,25.0,2018,Q3,low
,suitable_pm,Καταλληλότερος για πρωθυπουργός,region_group,18,Αλέξης Τσίπρας,50.0,2018,Q3,low
,suitable_pm,Καταλληλότερος για πρωθυπουργός,region_group,18,Κυριάκος Μητσοτάκης,25.0,2018,Q3,low
,suitable_pm,Καταλληλότερος για πρωθυπουργός,region_group,19,none,75.0,2018,Q3,low
,suitable_pm,Καταλληλότερος για πρωθυπουργός,region_group,19,Κυριάκος Μητσοτάκης,25.0,2018,Q3,low
,suitable_pm,Καταλληλότερος για πρωθυπουργός,region_group,20,Αλέξης Τσίπρας,100.0,2018,Q3,low
,suitable_pm,Καταλληλότερος για πρωθυπουργός,region_group,21,none,35.7143,2018,Q3,low
,suitable_pm,Καταλληλότερος για πρωθυπουργός,region_group,21,Αλέξης Τσίπρας,35.7143,2018,Q3,low
,suitable_pm,Καταλληλότερος για πρωθυπουργός,region_group,21,Κυριάκος Μητσοτάκης,28.5714,2018,Q3,low
,suitable_pm,Καταλληλότερος για πρωθυπουργός,region_group,22,none,57.1429,2018,Q3,low
,suitable_pm,Καταλληλότερος για πρωθυπουργός,region_group,22,Αλέξης Τσίπρας,14.2857,2018,Q3,low
,suitable_pm,Καταλληλότερος για πρωθυπουργός,region_group,22,Κυριάκος Μητσοτάκης,28.5714,2018,Q3,low
,suitable_pm,Καταλληλότερος για πρωθυπουργός,region_group,23,none,40.0,2018,Q3,low
,suitable_pm,Καταλληλότερος για πρωθυπουργός,region_group,23,Αλέξης Τσίπρας,20.0,2018,Q3,low
,suitable_pm,Καταλληλότερος για πρωθυπουργός,region_group,23,Κυριάκος Μητσοτάκης,40.0,2018,Q3,low
,suitable_pm,Καταλληλότερος για πρωθυπουργός,region_group,24,Αλέξης Τσίπρας,100.0,2018,Q3,low
,suitable_pm,Καταλληλότερος για πρωθυπουργός,region_group,25,none,50.0,2018,Q3,low
,suitable_pm,Καταλληλότερος για πρωθυπουργός,region_group,25,Αλέξης Τσίπρας,50.0,2018,Q3,low
,suitable_pm,Καταλληλότερος για πρωθυπουργός,region_group,26,none,100.0,2018,Q3,low
,suitable_pm,Καταλληλότερος για πρωθυπουργός,region_group,27,none,50.0,2018,Q3,low
,suitable_pm,Καταλληλότερος για πρωθυπουργός,region_group,27,Αλέξης Τσίπρας,50.0,2018,Q3,low
,suitable_pm,Καταλληλότερος για πρωθυπουργός,region_group,28,none,50.0,2018,Q3,low
,suitable_pm,Καταλληλότερος για πρωθυπουργός,region_group,28,Αλέξης Τσίπρας,25.0,2018,Q3,low
,suitable_pm,Καταλληλότερος για πρωθυπουργός,region_group,28,Κυριάκος Μητσοτάκης,25.0,2018,Q3,low
,suitable_pm,Καταλληλότερος για πρωθυπουργός,region_group,29,none,16.6667,2018,Q3,low
,suitable_pm,Καταλληλότερος για πρωθυπουργός,region_group,29,Αλέξης Τσίπρας,66.6667,2018,Q3,low
,suitable_pm,Καταλληλότερος για πρωθυπουργός,region_group,29,Κυριάκος Μητσοτάκης,16.6667,2018,Q3,low
,suitable_pm,Καταλληλότερος για πρωθυπουργός,region_group,31,none,23.0769,2018,Q3,low
,suitable_pm,Καταλληλότερος για πρωθυπουργός,region_group,31,Αλέξης Τσίπρας,38.4615,2018,Q3,low
,suitable_pm,Καταλληλότερος για πρωθυπουργός,region_group,31,Κυριάκος Μητσοτάκης,38.4615,2018,Q3,low
,suitable_pm,Καταλληλότερος για πρωθυπουργός,region_group,33,Αλέξης Τσίπρας,66.6667,2018,Q3,low
,suitable_pm,Καταλληλότερος για πρωθυπουργός,region_group,33,Κυριάκος Μητσοτάκης,33.3333,2018,Q3,low
,suitable_pm,Καταλληλότερος για πρωθυπουργός,region_group,34,none,60.0,2018,Q3,low
,suitable_pm,Καταλληλότερος για πρωθυπουργός,region_group,34,Αλέξης Τσίπρας,40.0,2018,Q3,low
,suitable_pm,Καταλληλότερος για πρωθυπουργός,region_group,35,none,33.1516,2018,Q3,high
,suitable_pm,Καταλληλότερος για πρωθυπουργός,region_group,35,Αλέξης Τσίπρας,42.53,2018,Q3,high
,suitable_pm,Καταλληλότερος για πρωθυπουργός,region_group,35,Κυριάκος Μητσοτάκης,24.3184,2018,Q3,high
,suitable_pm,Καταλληλότερος για πρωθυπουργός,region_group,36,none,42.8571,2018,Q3,low
,suitable_pm,Καταλληλότερος για πρωθυπουργός,region_group,36,Αλέξης Τσίπρας,42.8571,2018,Q3,low
,suitable_pm,Καταλληλότερος για πρωθυπουργός,region_group,36,Κυριάκος Μητσοτάκης,14.2857,2018,Q3,low
,suitable_pm,Καταλληλότερος για πρωθυπουργός,region_group,37,none,78.5714,2018,Q3,low
,suitable_pm,Καταλληλότερος για πρωθυπουργός,region_group,37,Αλέξης Τσίπρας,7.1429,2018,Q3,low
,suitable_pm,Καταλληλότερος για πρωθυπουργός,region_group,37,Κυριάκος Μητσοτάκης,14.2857,2018,Q3,low
,suitable_pm,Καταλληλότερος για πρωθυπουργός,region_group,38,none,40.9091,2018,Q3,low
,suitable_pm,Καταλληλότερος για πρωθυπουργός,region_group,38,Αλέξης Τσίπρας,36.3636,2018,Q3,low
,suitable_pm,Καταλληλότερος για πρωθυπουργός,region_group,38,Κυριάκος Μητσοτάκης,22.7273,2018,Q3,low
,suitable_pm,Καταλληλότερος για πρωθυπουργός,region_group,39,none,50.0,2018,Q3,low
,suitable_pm,Καταλληλότερος για πρωθυπουργός,region_group,39,Αλέξης Τσίπρας,50.0,2018,Q3,low
,suitable_pm,Καταλληλότερος για πρωθυπουργός,region_group,40,none,33.3333,2018,Q3,low
,suitable_pm,Καταλληλότερος για πρωθυπουργός,region_group,40,Αλέξης Τσίπρας,58.3333,2018,Q3,low
,suitable_pm,Καταλληλότερος για πρωθυπουργός,region_group,40,Κυριάκος Μητσοτάκης,8.3333,2018,Q3,low
,suitable_pm,Καταλληλότερος για πρωθυπουργός,region_group,41,Κυριάκος Μητσοτάκης,100.0,2018,Q3,low
,suitable_pm,Καταλληλότερος για πρωθυπουργός,region_group,42,none,66.6667,2018,Q3,low
,suitable_pm,Καταλληλότερος για πρωθυπουργός,region_group,42,Κυριάκος Μητσοτάκης,33.3333,2018,Q3,low
,suitable_pm,Καταλληλότερος για πρωθυπουργός,region_group,43,none,50.0,2018,Q3,low
,suitable_pm,Καταλληλότερος για πρωθυπουργός,region_group,43,Αλέξης Τσίπρας,50.0,2018,Q3,low
,suitable_pm,Καταλληλότερος για πρωθυπουργός,region_group,44,none,33.3333,2018,Q3,low
,suitable_pm,Καταλληλότερος για πρωθυπουργός,region_group,44,Αλέξης Τσίπρας,66.6667,2018,Q3,low
,suitable_pm,Καταλληλότερος για πρωθυπουργός,region_group,45,none,38.8889,2018,Q3,low
,suitable_pm,Καταλληλότερος για πρωθυπουργός,region_group,45,Αλέξης Τσίπρας,55.5556,2018,Q3,low
,suitable_pm,Καταλληλότερος για πρωθυπουργός,region_group,45,Κυριάκος Μητσοτάκης,5.5556,2018,Q3,low
,suitable_pm,Καταλληλότερος για πρωθυπουργός,region_group,46,none,50.0,2018,Q3,low
,suitable_pm,Καταλληλότερος για πρωθυπουργός,region_group,46,Κυριάκος Μητσοτάκης,50.0,2018,Q3,low
,suitable_pm,Καταλληλότερος για πρωθυπουργός,region_group,47,none,44.4444,2018,Q3,low
,suitable_pm,Καταλληλότερος για πρωθυπουργός,region_group,47,Αλέξης Τσίπρας,44.4444,2018,Q3,low
,suitable_pm,Καταλληλότερος για πρωθυπουργός,region_group,47,Κυριάκος Μητσοτάκης,11.1111,2018,Q3,low
,suitable_pm,Καταλληλότερος για πρωθυπουργός,region_group,48,none,33.3333,2018,Q3,low
,suitable_pm,Καταλληλότερος για πρωθυπουργός,region_group,48,Αλέξης Τσίπρας,33.3333,2018,Q3,low
,suitable_pm,Καταλληλότερος για πρωθυπουργός,region_group,48,Κυριάκος Μητσοτάκης,33.3333,2018,Q3,low
,suitable_pm,Καταλληλότερος για πρωθυπουργός,region_group,49,none,60.0,2018,Q3,low
,suitable_pm,Καταλληλότερος για πρωθυπουργός,region_group,49,Αλέξης Τσίπρας,20.0,2018,Q3,low
,suitable_pm,Καταλληλότερος για πρωθυπουργός,region_group,49,Κυριάκος Μητσοτάκης,20.0,2018,Q3,low
,suitable_pm,Καταλληλότερος για πρωθυπουργός,region_group,50,none,66.6667,2018,Q3,low
,suitable_pm,Καταλληλότερος για πρωθυπουργός,region_group,50,Κυριάκος Μητσοτάκης,33.3333,2018,Q3,low
,suitable_pm,Καταλληλότερος για πρωθυπουργός,region_group,51,none,50.0,2018,Q3,low
,suitable_pm,Καταλληλότερος για πρωθυπουργός,region_group,51,Αλέξης Τσίπρας,25.0,2018,Q3,low
,suitable_pm,Καταλληλότερος για πρωθυπουργός,region_group,51,Κυριάκος Μητσοτάκης,25.0,2018,Q3,low
,suitable_pm,Καταλληλότερος για πρωθυπουργός,region_group,57,Αλέξης Τσίπρας,100.0,2018,Q3,low
,suitable_pm,Καταλληλότερος για πρωθυπουργός,region_group,F9,Αλέξης Τσίπρας,100.0,2018,Q3,low
,suitable_pm,Καταλληλότερος για πρωθυπουργός,region_group,H3,none,100.0,2018,Q3,low
,suitable_pm,Καταλληλότερος για πρωθυπουργός,region_group,H9,none,100.0,2018,Q3,low
,suitable_pm,Καταλληλότερος για πρωθυπουργός,region_group,K7,Αλέξης Τσίπρας,100.0,2018,Q3,low
,suitable_pm,Καταλληλότερος για πρωθυπουργός,region_group,NY,none,75.0,2018,Q3,low
,suitable_pm,Καταλληλότερος για πρωθυπουργός,region_group,NY,Αλέξης Τσίπρας,25.0,2018,Q3,low
,suitable_pm,Καταλληλότερος για πρωθυπουργός,region_group,ON,none,100.0,2018,Q3,low
,suitable_pm,Καταλληλότερος για πρωθυπουργός,gender,female,none,36.4616,2019,Q1,high
,suitable_pm,Καταλληλότερος για πρωθυπουργός,gender,female,Αλέξης Τσίπρας,32.3617,2019,Q1,high
,suitable_pm,Καταλληλότερος για πρωθυπουργός,gender,female,Κυριάκος Μητσοτάκης,31.1766,2019,Q1,high
,suitable_pm,Καταλληλότερος για πρωθυπουργός,gender,male,none,36.202,2019,Q1,high
,suitable_pm,Καταλληλότερος για πρωθυπουργός,gender,male,Αλέξης Τσίπρας,30.5136,2019,Q1,high
,suitable_pm,Καταλληλότερος για πρωθυπουργός,gender,male,Κυριάκος Μητσοτάκης,33.2843,2019,Q1,high
,suitable_pm,Καταλληλότερος για πρωθυπουργός,age_group,25-39,none,45.7865,2019,Q1,high
,suitable_pm,Καταλληλότερος για πρωθυπουργός,age_group,25-39,Αλέξης Τσίπρας,29.956,2019,Q1,high
,suitable_pm,Καταλληλότερος για πρωθυπουργός,age_group,25-39,Κυριάκος Μητσοτάκης,24.2575,2019,Q1,high
,suitable_pm,Καταλληλότερος για πρωθυπουργός,age_group,40-54,none,36.1545,2019,Q1,high
,suitable_pm,Καταλληλότερος για πρωθυπουργός,age_group,40-54,Αλέξης Τσίπρας,32.6673,2019,Q1,high
,suitable_pm,Καταλληλότερος για πρωθυπουργός,age_group,40-54,Κυριάκος Μητσοτάκης,31.1782,2019,Q1,high
,suitable_pm,Καταλληλότερος για πρωθυπουργός,age_group,55+,none,27.3954,2019,Q1,high
,suitable_pm,Καταλληλότερος για πρωθυπουργός,age_group,55+,Αλέξης Τσίπρας,30.0534,2019,Q1,high
,suitable_pm,Καταλληλότερος για πρωθυπουργός,age_group,55+,Κυριάκος Μητσοτάκης,42.5511,2019,Q1,high
,suitable_pm,Καταλληλότερος για πρωθυπουργός,education_group,high_education,none,33.1728,2019,Q1,high
,suitable_pm,Καταλληλότερος για πρωθυπουργός,education_group,high_education,Αλέξης Τσίπρας,31.7743,2019,Q1,high
,suitable_pm,Καταλληλότερος για πρωθυπουργός,education_group,high_education,Κυριάκος Μητσοτάκης,35.0529,2019,Q1,high
,suitable_pm,Καταλληλότερος για πρωθυπουργός,education_group,low_education,none,39.2298,2019,Q1,medium
,suitable_pm,Καταλληλότερος για πρωθυπουργός,education_group,low_education,Αλέξης Τσίπρας,33.3597,2019,Q1,medium
,suitable_pm,Καταλληλότερος για πρωθυπουργός,education_group,low_education,Κυριάκος Μητσοτάκης,27.4105,2019,Q1,medium
,suitable_pm,Καταλληλότερος για πρωθυπουργός,education_group,medium_education,none,39.649,2019,Q1,high
,suitable_pm,Καταλληλότερος για πρωθυπουργός,education_group,medium_education,Αλέξης Τσίπρας,30.2194,2019,Q1,high
,suitable_pm,Καταλληλότερος για πρωθυπουργός,education_group,medium_education,Κυριάκος Μητσοτάκης,30.1316,2019,Q1,high
,suitable_pm,Καταλληλότερος για πρωθυπουργός,education_group,Δε θέλω να απαντήσω,none,42.4369,2019,Q1,low
,suitable_pm,Καταλληλότερος για πρωθυπουργός,education_group,Δε θέλω να απαντήσω,Αλέξης Τσίπρας,36.2616,2019,Q1,low
,suitable_pm,Καταλληλότερος για πρωθυπουργός,education_group,Δε θέλω να απαντήσω,Κυριάκος Μητσοτάκης,21.3015,2019,Q1,low
,suitable_pm,Καταλληλότερος για πρωθυπουργός,occupation_group,homemaker,none,30.0,2019,Q1,low
,suitable_pm,Καταλληλότερος για πρωθυπουργός,occupation_group,homemaker,Αλέξης Τσίπρας,31.6667,2019,Q1,low
,suitable_pm,Καταλληλότερος για πρωθυπουργός,occupation_group,homemaker,Κυριάκος Μητσοτάκης,38.3333,2019,Q1,low
,suitable_pm,Καταλληλότερος για πρωθυπουργός,occupation_group,private_sector,none,40.8451,2019,Q1,medium
,suitable_pm,Καταλληλότερος για πρωθυπουργός,occupation_group,private_sector,Αλέξης Τσίπρας,36.6197,2019,Q1,medium
,suitable_pm,Καταλληλότερος για πρωθυπουργός,occupation_group,private_sector,Κυριάκος Μητσοτάκης,22.5352,2019,Q1,medium
,suitable_pm,Καταλληλότερος για πρωθυπουργός,occupation_group,public_sector,none,33.758,2019,Q1,medium
,suitable_pm,Καταλληλότερος για πρωθυπουργός,occupation_group,public_sector,Αλέξης Τσίπρας,32.4841,2019,Q1,medium
,suitable_pm,Καταλληλότερος για πρωθυπουργός,occupation_group,public_sector,Κυριάκος Μητσοτάκης,33.758,2019,Q1,medium
,suitable_pm,Καταλληλότερος για πρωθυπουργός,occupation_group,retired,none,29.7357,2019,Q1,high
,suitable_pm,Καταλληλότερος για πρωθυπουργός,occupation_group,retired,Αλέξης Τσίπρας,30.3965,2019,Q1,high
,suitable_pm,Καταλληλότερος για πρωθυπουργός,occupation_group,retired,Κυριάκος Μητσοτάκης,39.8678,2019,Q1,high
,suitable_pm,Καταλληλότερος για πρωθυπουργός,occupation_group,self_employed,none,30.1538,2019,Q1,high
,suitable_pm,Καταλληλότερος για πρωθυπουργός,occupation_group,self_employed,Αλέξης Τσίπρας,31.9528,2019,Q1,high
,suitable_pm,Καταλληλότερος για πρωθυπουργός,occupation_group,self_employed,Κυριάκος Μητσοτάκης,37.8934,2019,Q1,high
,suitable_pm,Καταλληλότερος για πρωθυπουργός,occupation_group,student,none,44.9664,2019,Q1,medium
,suitable_pm,Καταλληλότερος για πρωθυπουργός,occupation_group,student,Αλέξης Τσίπρας,32.2148,2019,Q1,medium
,suitable_pm,Καταλληλότερος για πρωθυπουργός,occupation_group,student,Κυριάκος Μητσοτάκης,22.8188,2019,Q1,medium
,suitable_pm,Καταλληλότερος για πρωθυπουργός,occupation_group,unemployed,none,50.0,2019,Q1,medium
,suitable_pm,Καταλληλότερος για πρωθυπουργός,occupation_group,unemployed,Αλέξης Τσίπρας,23.7179,2019,Q1,medium
,suitable_pm,Καταλληλότερος για πρωθυπουργός,occupation_group,unemployed,Κυριάκος Μητσοτάκης,26.2821,2019,Q1,medium
,suitable_pm,Καταλληλότερος για πρωθυπουργός,occupation_group,Δεν θέλω να απαντήσω,none,50.8772,2019,Q1,low
,suitable_pm,Καταλληλότερος για πρωθυπουργός,occupation_group,Δεν θέλω να απαντήσω,Αλέξης Τσίπρας,33.3333,2019,Q1,low
,suitable_pm,Καταλληλότερος για πρωθυπουργός,occupation_group,Δεν θέλω να απαντήσω,Κυριάκος Μητσοτάκης,15.7895,2019,Q1,low
,suitable_pm,Καταλληλότερος για πρωθυπουργός,occupation_group,Εισοδηματίας,none,47.0588,2019,Q1,low
,suitable_pm,Καταλληλότερος για πρωθυπουργός,occupation_group,Εισοδηματίας,Αλέξης Τσίπρας,11.7647,2019,Q1,low
,suitable_pm,Καταλληλότερος για πρωθυπουργός,occupation_group,Εισοδηματίας,Κυριάκος Μητσοτάκης,41.1765,2019,Q1,low
,suitable_pm,Καταλληλότερος για πρωθυπουργός,occupation_group,Φαντάρος,none,66.6667,2019,Q1,low
,suitable_pm,Καταλληλότερος για πρωθυπουργός,occupation_group,Φαντάρος,Κυριάκος Μητσοτάκης,33.3333,2019,Q1,low
,suitable_pm,Καταλληλότερος για πρωθυπουργός,left_right_group,center,none,37.0022,2019,Q1,high
,suitable_pm,Καταλληλότερος για πρωθυπουργός,left_right_group,center,Αλέξης Τσίπρας,28.4077,2019,Q1,high
,suitable_pm,Καταλληλότερος για πρωθυπουργός,left_right_group,center,Κυριάκος Μητσοτάκης,34.5902,2019,Q1,high
,suitable_pm,Καταλληλότερος για πρωθυπουργός,left_right_group,left,none,26.1412,2019,Q1,high
,suitable_pm,Καταλληλότερος για πρωθυπουργός,left_right_group,left,Αλέξης Τσίπρας,71.3841,2019,Q1,high
,suitable_pm,Καταλληλότερος για πρωθυπουργός,left_right_group,left,Κυριάκος Μητσοτάκης,2.4747,2019,Q1,high
,suitable_pm,Καταλληλότερος για πρωθυπουργός,left_right_group,right,none,43.0718,2019,Q1,high
,suitable_pm,Καταλληλότερος για πρωθυπουργός,left_right_group,right,Αλέξης Τσίπρας,5.9186,2019,Q1,high
,suitable_pm,Καταλληλότερος για πρωθυπουργός,left_right_group,right,Κυριάκος Μητσοτάκης,51.0096,2019,Q1,high
,suitable_pm,Καταλληλότερος για πρωθυπουργός,previous_vote_party,other_party,none,52.148,2019,Q1,high
,suitable_pm,Καταλληλότερος για πρωθυπουργός,previous_vote_party,other_party,Αλέξης Τσίπρας,24.0433,2019,Q1,high
,suitable_pm,Καταλληλότερος για πρωθυπουργός,previous_vote_party,other_party,Κυριάκος Μητσοτάκης,23.8087,2019,Q1,high
,suitable_pm,Καταλληλότερος για πρωθυπουργός,previous_vote_party,Ένωση Κεντρώων,none,60.8654,2019,Q1,low
,suitable_pm,Καταλληλότερος για πρωθυπουργός,previous_vote_party,Ένωση Κεντρώων,Αλέξης Τσίπρας,4.0836,2019,Q1,low
,suitable_pm,Καταλληλότερος για πρωθυπουργός,previous_vote_party,Ένωση Κεντρώων,Κυριάκος Μητσοτάκης,35.051,2019,Q1,low
,suitable_pm,Καταλληλότερος για πρωθυπουργός,previous_vote_party,ΑΝΕΛ,none,44.2792,2019,Q1,low
,suitable_pm,Καταλληλότερος για πρωθυπουργός,previous_vote_party,ΑΝΕΛ,Αλέξης Τσίπρας,28.4762,2019,Q1,low
,suitable_pm,Καταλληλότερος για πρωθυπουργός,previous_vote_party,ΑΝΕΛ,Κυριάκος Μητσοτάκης,27.2446,2019,Q1,low
,suitable_pm,Καταλληλότερος για πρωθυπουργός,previous_vote_party,ΚΚΕ,none,59.7717,2019,Q1,low
,suitable_pm,Καταλληλότερος για πρωθυπουργός,previous_vote_party,ΚΚΕ,Αλέξης Τσίπρας,31.0924,2019,Q1,low
,suitable_pm,Καταλληλότερος για πρωθυπουργός,previous_vote_party,ΚΚΕ,Κυριάκος Μητσοτάκης,9.1359,2019,Q1,low
,suitable_pm,Καταλληλότερος για πρωθυπουργός,previous_vote_party,ΝΔ,none,14.1388,2019,Q1,high
,suitable_pm,Καταλληλότερος για πρωθυπουργός,previous_vote_party,ΝΔ,Αλέξης Τσίπρας,7.2447,2019,Q1,high
,suitable_pm,Καταλληλότερος για πρωθυπουργός,previous_vote_party,ΝΔ,Κυριάκος Μητσοτάκης,78.6165,2019,Q1,high
,suitable_pm,Καταλληλότερος για πρωθυπουργός,previous_vote_party,Ποτάμι,none,27.4745,2019,Q1,low
,suitable_pm,Καταλληλότερος για πρωθυπουργός,previous_vote_party,Ποτάμι,Αλέξης Τσίπρας,10.51,2019,Q1,low
,suitable_pm,Καταλληλότερος για πρωθυπουργός,previous_vote_party,Ποτάμι,Κυριάκος Μητσοτάκης,62.0155,2019,Q1,low
,suitable_pm,Καταλληλότερος για πρωθυπουργός,previous_vote_party,ΣΥΡΙΖΑ,none,22.5774,2019,Q1,high
,suitable_pm,Καταλληλότερος για πρωθυπουργός,previous_vote_party,ΣΥΡΙΖΑ,Αλέξης Τσίπρας,68.9708,2019,Q1,high
,suitable_pm,Καταλληλότερος για πρωθυπουργός,previous_vote_party,ΣΥΡΙΖΑ,Κυριάκος Μητσοτάκης,8.4518,2019,Q1,high
,suitable_pm,Καταλληλότερος για πρωθυπουργός,previous_vote_party,Χρυσή Αυγή,none,81.5793,2019,Q1,low
,suitable_pm,Καταλληλότερος για πρωθυπουργός,previous_vote_party,Χρυσή Αυγή,Αλέξης Τσίπρας,4.0013,2019,Q1,low
,suitable_pm,Καταλληλότερος για πρωθυπουργός,previous_vote_party,Χρυσή Αυγή,Κυριάκος Μητσοτάκης,14.4195,2019,Q1,low
,suitable_pm,Καταλληλότερος για πρωθυπουργός,region_group,00,none,29.6209,2019,Q1,low
,suitable_pm,Καταλληλότερος για πρωθυπουργός,region_group,00,Αλέξης Τσίπρας,70.3791,2019,Q1,low
,suitable_pm,Καταλληλότερος για πρωθυπουργός,region_group,01,none,17.7529,2019,Q1,low
,suitable_pm,Καταλληλότερος για πρωθυπουργός,region_group,01,Αλέξης Τσίπρας,17.3079,2019,Q1,low
,suitable_pm,Καταλληλότερος για πρωθυπουργός,region_group,01,Κυριάκος Μητσοτάκης,64.9392,2019,Q1,low
,suitable_pm,Καταλληλότερος για πρωθυπουργός,region_group,02,none,23.9,2019,Q1,low
,suitable_pm,Καταλληλότερος για πρωθυπουργός,region_group,02,Αλέξης Τσίπρας,64.1892,2019,Q1,low
,suitable_pm,Καταλληλότερος για πρωθυπουργός,region_group,02,Κυριάκος Μητσοτάκης,11.9107,2019,Q1,low
,suitable_pm,Καταλληλότερος για πρωθυπουργός,region_group,03,Αλέξης Τσίπρας,60.1013,2019,Q1,low
,suitable_pm,Καταλληλότερος για πρωθυπουργός,region_group,03,Κυριάκος Μητσοτάκης,39.8987,2019,Q1,low
,suitable_pm,Καταλληλότερος για πρωθυπουργός,region_group,04,none,58.6926,2019,Q1,low
,suitable_pm,Καταλληλότερος για πρωθυπουργός,region_group,04,Αλέξης Τσίπρας,17.3853,2019,Q1,low
,suitable_pm,Καταλληλότερος για πρωθυπουργός,region_group,04,Κυριάκος Μητσοτάκης,23.9221,2019,Q1,low
,suitable_pm,Καταλληλότερος για πρωθυπουργός,region_group,05,none,51.4909,2019,Q1,low
,suitable_pm,Καταλληλότερος για πρωθυπουργός,region_group,05,Αλέξης Τσίπρας,28.8253,2019,Q1,low
,suitable_pm,Καταλληλότερος για πρωθυπουργός,region_group,05,Κυριάκος Μητσοτάκης,19.6837,2019,Q1,low
,suitable_pm,Καταλληλότερος για πρωθυπουργός,region_group,06,none,33.05,2019,Q1,low
,suitable_pm,Καταλληλότερος για πρωθυπουργός,region_group,06,Κυριάκος Μητσοτάκης,66.95,2019,Q1,low
,suitable_pm,Καταλληλότερος για πρωθυπουργός,region_group,07,none,45.7856,2019,Q1,low
,suitable_pm,Καταλληλότερος για πρωθυπουργός,region_group,07,Κυριάκος Μητσοτάκης,54.2144,2019,Q1,low
,suitable_pm,Καταλληλότερος για πρωθυπουργός,region_group,08,none,100.0,2019,Q1,low
,suitable_pm,Καταλληλότερος για πρωθυπουργός,region_group,09,none,66.6667,2019,Q1,low
,suitable_pm,Καταλληλότερος για πρωθυπουργός,region_group,09,Αλέξης Τσίπρας,33.3333,2019,Q1,low
,suitable_pm,Καταλληλότερος για πρωθυπουργός,region_group,11,none,30.609,2019,Q1,low
,suitable_pm,Καταλληλότερος για πρωθυπουργός,region_group,11,Αλέξης Τσίπρας,24.4864,2019,Q1,low
,suitable_pm,Καταλληλότερος για πρωθυπουργός,region_group,11,Κυριάκος Μητσοτάκης,44.9046,2019,Q1,low
,suitable_pm,Καταλληλότερος για πρωθυπουργός,region_group,12,none,31.2605,2019,Q1,low
,suitable_pm,Καταλληλότερος για πρωθυπουργός,region_group,12,Αλέξης Τσίπρας,22.7184,2019,Q1,low
,suitable_pm,Καταλληλότερος για πρωθυπουργός,region_group,12,Κυριάκος Μητσοτάκης,46.021,2019,Q1,low
,suitable_pm,Καταλληλότερος για πρωθυπουργός,region_group,13,none,42.3218,2019,Q1,medium
,suitable_pm,Καταλληλότερος για πρωθυπουργός,region_group,13,Αλέξης Τσίπρας,26.6658,2019,Q1,medium
,suitable_pm,Καταλληλότερος για πρωθυπουργός,region_group,13,Κυριάκος Μητσοτάκης,31.0124,2019,Q1,medium
,suitable_pm,Καταλληλότερος για πρωθυπουργός,region_group,14,none,44.3973,2019,Q1,low
,suitable_pm,Καταλληλότερος για πρωθυπουργός,region_group,14,Αλέξης Τσίπρας,20.7842,2019,Q1,low
,suitable_pm,Καταλληλότερος για πρωθυπουργός,region_group,14,Κυριάκος Μητσοτάκης,34.8185,2019,Q1,low
,suitable_pm,Καταλληλότερος για πρωθυπουργός,region_group,15,Αλέξης Τσίπρας,100.0,2019,Q1,low
,suitable_pm,Καταλληλότερος για πρωθυπουργός,region_group,16,none,46.8624,2019,Q1,low
,suitable_pm,Καταλληλότερος για πρωθυπουργός,region_group,16,Αλέξης Τσίπρας,21.4942,2019,Q1,low
,suitable_pm,Καταλληλότερος για πρωθυπουργός,region_group,16,Κυριάκος Μητσοτάκης,31.6433,2019,Q1,low
,suitable_pm,Καταλληλότερος για πρωθυπουργός,region_group,17,none,28.6721,2019,Q1,low
,suitable_pm,Καταλληλότερος για πρωθυπουργός,region_group,17,Αλέξης Τσίπρας,28.6721,2019,Q1,low
,suitable_pm,Καταλληλότερος για πρωθυπουργός,region_group,17,Κυριάκος Μητσοτάκης,42.6557,2019,Q1,low
,suitable_pm,Καταλληλότερος για πρωθυπουργός,region_group,18,none,50.0,2019,Q1,low
,suitable_pm,Καταλληλότερος για πρωθυπουργός,region_group,18,Κυριάκος Μητσοτάκης,50.0,2019,Q1,low
,suitable_pm,Καταλληλότερος για πρωθυπουργός,region_group,19,none,47.4112,2019,Q1,low
,suitable_pm,Καταλληλότερος για πρωθυπουργός,region_group,19,Αλέξης Τσίπρας,19.2863,2019,Q1,low
,suitable_pm,Καταλληλότερος για πρωθυπουργός,region_group,19,Κυριάκος Μητσοτάκης,33.3025,2019,Q1,low
,suitable_pm,Καταλληλότερος για πρωθυπουργός,region_group,20,Κυριάκος Μητσοτάκης,100.0,2019,Q1,low
,suitable_pm,Καταλληλότερος για πρωθυπουργός,region_group,21,none,27.7809,2019,Q1,low
,suitable_pm,Καταλληλότερος για πρωθυπουργός,region_group,21,Αλέξης Τσίπρας,44.3689,2019,Q1,low
,suitable_pm,Καταλληλότερος για πρωθυπουργός,region_group,21,Κυριάκος Μητσοτάκης,27.8502,2019,Q1,low
,suitable_pm,Καταλληλότερος για πρωθυπουργός,region_group,22,none,45.0245,2019,Q1,low
,suitable_pm,Καταλληλότερος για πρωθυπουργός,region_group,22,Αλέξης Τσίπρας,44.7619,2019,Q1,low
,suitable_pm,Καταλληλότερος για πρωθυπουργός,region_group,22,Κυριάκος Μητσοτάκης,10.2135,2019,Q1,low
,suitable_pm,Καταλληλότερος για πρωθυπουργός,region_group,23,Κυριάκος Μητσοτάκης,100.0,2019,Q1,low
,suitable_pm,Καταλληλότερος για πρωθυπουργός,region_group,24,none,43.7868,2019,Q1,low
,suitable_pm,Καταλληλότερος για πρωθυπουργός,region_group,24,Αλέξης Τσίπρας,29.7508,2019,Q1,low
,suitable_pm,Καταλληλότερος για πρωθυπουργός,region_group,24,Κυριάκος Μητσοτάκης,26.4624,2019,Q1,low
,suitable_pm,Καταλληλότερος για πρωθυπουργός,region_group,25,none,37.5515,2019,Q1,low
,suitable_pm,Καταλληλότερος για πρωθυπουργός,region_group,25,Αλέξης Τσίπρας,12.4897,2019,Q1,low
,suitable_pm,Καταλληλότερος για πρωθυπουργός,region_group,25,Κυριάκος Μητσοτάκης,49.9588,2019,Q1,low
,suitable_pm,Καταλληλότερος για πρωθυπουργός,region_group,26,none,100.0,2019,Q1,low
,suitable_pm,Καταλληλότερος για πρωθυπουργός,region_group,27,Κυριάκος Μητσοτάκης,100.0,2019,Q1,low
,suitable_pm,Καταλληλότερος για πρωθυπουργός,region_group,28,none,19.8977,2019,Q1,low
,suitable_pm,Καταλληλότερος για πρωθυπουργός,region_group,28,Αλέξης Τσίπρας,19.8977,2019,Q1,low
,suitable_pm,Καταλληλότερος για πρωθυπουργός,region_group,28,Κυριάκος Μητσοτάκης,60.2047,2019,Q1,low
,suitable_pm,Καταλληλότερος για πρωθυπουργός,region_group,31,none,37.3799,2019,Q1,low
,suitable_pm,Καταλληλότερος για πρωθυπουργός,region_group,31,Αλέξης Τσίπρας,49.8398,2019,Q1,low
,suitable_pm,Καταλληλότερος για πρωθυπουργός,region_group,31,Κυριάκος Μητσοτάκης,12.7803,2019,Q1,low
,suitable_pm,Καταλληλότερος για πρωθυπουργός,region_group,32,Αλέξης Τσίπρας,100.0,2019,Q1,low
,suitable_pm,Καταλληλότερος για πρωθυπουργός,region_group,33,none,100.0,2019,Q1,low
,suitable_pm,Καταλληλότερος για πρωθυπουργός,region_group,34,none,41.9046,2019,Q1,low
,suitable_pm,Καταλληλότερος για πρωθυπουργός,region_group,34,Αλέξης Τσίπρας,18.5203,2019,Q1,low
,suitable_pm,Καταλληλότερος για πρωθυπουργός,region_group,34,Κυριάκος Μητσοτάκης,39.5751,2019,Q1,low
,suitable_pm,Καταλληλότερος για πρωθυπουργός,region_group,35,none,34.2909,2019,Q1,high
,suitable_pm,Καταλληλότερος για πρωθυπουργός,region_group,35,Αλέξης Τσίπρας,32.8699,2019,Q1,high
,suitable_pm,Καταλληλότερος για πρωθυπουργός,region_group,35,Κυριάκος Μητσοτάκης,32.8392,2019,Q1,high
,suitable_pm,Καταλληλότερος για πρωθυπουργός,region_group,36,none,100.0,2019,Q1,low
,suitable_pm,Καταλληλότερος για πρωθυπουργός,region_group,37,none,60.0,2019,Q1,low
,suitable_pm,Καταλληλότερος για πρωθυπουργός,region_group,37,Κυριάκος Μητσοτάκης,40.0,2019,Q1,low
,suitable_pm,Καταλληλότερος για πρωθυπουργός,region_group,38,none,26.2367,2019,Q1,low
,suitable_pm,Καταλληλότερος για πρωθυπουργός,region_group,38,Αλέξης Τσίπρας,51.4136,2019,Q1,low
,suitable_pm,Καταλληλότερος για πρωθυπουργός,region_group,38,Κυριάκος Μητσοτάκης,22.3498,2019,Q1,low
,suitable_pm,Καταλληλότερος για πρωθυπουργός,region_group,39,none,50.0,2019,Q1,low
,suitable_pm,Καταλληλότερος για πρωθυπουργός,region_group,39,Αλέξης Τσίπρας,22.2039,2019,Q1,low
,suitable_pm,Καταλληλότερος για πρωθυπουργός,region_group,39,Κυριάκος Μητσοτάκης,27.7961,2019,Q1,low
,suitable_pm,Καταλληλότερος για πρωθυπουργός,region_group,40,none,14.2857,2019,Q1,low
,suitable_pm,Καταλληλότερος για πρωθυπουργός,region_group,40,Αλέξης Τσίπρας,71.4286,2019,Q1,low
,suitable_pm,Καταλληλότερος για πρωθυπουργός,region_group,40,Κυριάκος Μητσοτάκης,14.2857,2019,Q1,low
,suitable_pm,Καταλληλότερος για πρωθυπουργός,region_group,41,none,40.7583,2019,Q1,low
,suitable_pm,Καταλληλότερος για πρωθυπουργός,region_group,41,Αλέξης Τσίπρας,29.6209,2019,Q1,low
,suitable_pm,Καταλληλότερος για πρωθυπουργός,region_group,41,Κυριάκος Μητσοτάκης,29.6209,2019,Q1,low
,suitable_pm,Καταλληλότερος για πρωθυπουργός,region_group,42,Αλέξης Τσίπρας,75.0,2019,Q1,low
,suitable_pm,Καταλληλότερος για πρωθυπουργός,region_group,42,Κυριάκος Μητσοτάκης,25.0,2019,Q1,low
,suitable_pm,Καταλληλότερος για πρωθυπουργός,region_group,43,none,45.7701,2019,Q1,low
,suitable_pm,Καταλληλότερος για πρωθυπουργός,region_group,43,Αλέξης Τσίπρας,27.115,2019,Q1,low
,suitable_pm,Καταλληλότερος για πρωθυπουργός,region_group,43,Κυριάκος Μητσοτάκης,27.115,2019,Q1,low
,suitable_pm,Καταλληλότερος για πρωθυπουργός,region_group,44,none,33.3699,2019,Q1,low
,suitable_pm,Καταλληλότερος για πρωθυπουργός,region_group,44,Αλέξης Τσίπρας,33.3699,2019,Q1,low
,suitable_pm,Καταλληλότερος για πρωθυπουργός,region_group,44,Κυριάκος Μητσοτάκης,33.2602,2019,Q1,low
,suitable_pm,Καταλληλότερος για πρωθυπουργός,region_group,45,none,37.6809,2019,Q1,low
,suitable_pm,Καταλληλότερος για πρωθυπουργός,region_group,45,Αλέξης Τσίπρας,21.1036,2019,Q1,low
,suitable_pm,Καταλληλότερος για πρωθυπουργός,region_group,45,Κυριάκος Μητσοτάκης,41.2155,2019,Q1,low
,suitable_pm,Καταλληλότερος για πρωθυπουργός,region_group,46,none,50.0,2019,Q1,low
,suitable_pm,Καταλληλότερος για πρωθυπουργός,region_group,46,Κυριάκος Μητσοτάκης,50.0,2019,Q1,low
,suitable_pm,Καταλληλότερος για πρωθυπουργός,region_group,47,none,33.6905,2019,Q1,low
,suitable_pm,Καταλληλότερος για πρωθυπουργός,region_group,47,Αλέξης Τσίπρας,33.1548,2019,Q1,low
,suitable_pm,Καταλληλότερος για πρωθυπουργός,region_group,47,Κυριάκος Μητσοτάκης,33.1548,2019,Q1,low
,suitable_pm,Καταλληλότερος για πρωθυπουργός,region_group,48,none,100.0,2019,Q1,low
,suitable_pm,Καταλληλότερος για πρωθυπουργός,region_group,49,none,25.4791,2019,Q1,low
,suitable_pm,Καταλληλότερος για πρωθυπουργός,region_group,49,Αλέξης Τσίπρας,49.6806,2019,Q1,low
,suitable_pm,Καταλληλότερος για πρωθυπουργός,region_group,49,Κυριάκος Μητσοτάκης,24.8403,2019,Q1,low
,suitable_pm,Καταλληλότερος για πρωθυπουργός,region_group,50,none,33.1911,2019,Q1,low
,suitable_pm,Καταλληλότερος για πρωθυπουργός,region_group,50,Αλέξης Τσίπρας,33.6178,2019,Q1,low
,suitable_pm,Καταλληλότερος για πρωθυπουργός,region_group,50,Κυριάκος Μητσοτάκης,33.1911,2019,Q1,low
,suitable_pm,Καταλληλότερος για πρωθυπουργός,region_group,51,none,50.0,2019,Q1,low
,suitable_pm,Καταλληλότερος για πρωθυπουργός,region_group,51,Κυριάκος Μητσοτάκης,50.0,2019,Q1,low
,suitable_pm,Καταλληλότερος για πρωθυπουργός,region_group,56,none,100.0,2019,Q1,low
,suitable_pm,Καταλληλότερος για πρωθυπουργός,region_group,A8,Αλέξης Τσίπρας,100.0,2019,Q1,low
,suitable_pm,Καταλληλότερος για πρωθυπουργός,region_group,B3,none,100.0,2019,Q1,low
,suitable_pm,Καταλληλότερος για πρωθυπουργός,region_group,B6,none,100.0,2019,Q1,low
,suitable_pm,Καταλληλότερος για πρωθυπουργός,region_group,H1,none,50.0,2019,Q1,low
,suitable_pm,Καταλληλότερος για πρωθυπουργός,region_group,H1,Κυριάκος Μητσοτάκης,50.0,2019,Q1,low
,suitable_pm,Καταλληλότερος για πρωθυπουργός,region_group,NJ,Αλέξης Τσίπρας,100.0,2019,Q1,low
,suitable_pm,Καταλληλότερος για πρωθυπουργός,region_group,ON,Κυριάκος Μητσοτάκης,100.0,2019,Q1,low
,suitable_pm,Καταλληλότερος για πρωθυπουργός,region_group,TX,none,100.0,2019,Q1,low
