party,group_type,group,vote_share_weighted_valid,survey_year,survey_quarter,sample_confidence,n_valid_vote_unweighted,include_in_time_trend
other_party,gender,female,21.2483,2019,Q2,high,794,True
ΑΝΕΛ,gender,female,0.7727,2019,Q2,high,794,True
Ελληνική Λύση,gender,female,0.9927,2019,Q2,high,794,True
ΚΚΕ,gender,female,2.9355,2019,Q2,high,794,True
ΜέΡΑ25,gender,female,0.2501,2019,Q2,high,794,True
ΝΔ,gender,female,28.5806,2019,Q2,high,794,True
ΠΑΣΟΚ/ΚΙΝΑΛ,gender,female,5.1496,2019,Q2,high,794,True
Πλεύση Ελευθερίας,gender,female,0.5988,2019,Q2,high,794,True
Ποτάμι,gender,female,1.3635,2019,Q2,high,794,True
ΣΥΡΙΖΑ,gender,female,33.1371,2019,Q2,high,794,True
Χρυσή Αυγή,gender,female,4.9711,2019,Q2,high,794,True
other_party,gender,male,15.8057,2019,Q2,high,816,True
ΑΝΕΛ,gender,male,0.8564,2019,Q2,high,816,True
Ελληνική Λύση,gender,male,2.869,2019,Q2,high,816,True
ΚΚΕ,gender,male,3.8143,2019,Q2,high,816,True
ΜέΡΑ25,gender,male,0.2614,2019,Q2,high,816,True
ΝΔ,gender,male,31.2455,2019,Q2,high,816,True
ΠΑΣΟΚ/ΚΙΝΑΛ,gender,male,8.1874,2019,Q2,high,816,True
Πλεύση Ελευθερίας,gender,male,0.6934,2019,Q2,high,816,True
Ποτάμι,gender,male,0.6671,2019,Q2,high,816,True
ΣΥΡΙΖΑ,gender,male,27.0289,2019,Q2,high,816,True
Χρυσή Αυγή,gender,male,8.5709,2019,Q2,high,816,True
other_party,age_group,18-24,25.7359,2019,Q2,medium,195,True
ΑΝΕΛ,age_group,18-24,0.546,2019,Q2,medium,195,True
Ελληνική Λύση,age_group,18-24,1.5188,2019,Q2,medium,195,True
ΚΚΕ,age_group,18-24,4.9266,2019,Q2,medium,195,True
ΝΔ,age_group,18-24,25.8251,2019,Q2,medium,195,True
ΠΑΣΟΚ/ΚΙΝΑΛ,age_group,18-24,5.8704,2019,Q2,medium,195,True
Ποτάμι,age_group,18-24,0.4936,2019,Q2,medium,195,True
ΣΥΡΙΖΑ,age_group,18-24,23.6763,2019,Q2,medium,195,True
Χρυσή Αυγή,age_group,18-24,11.4073,2019,Q2,medium,195,True
other_party,age_group,25-39,19.0403,2019,Q2,high,346,True
ΑΝΕΛ,age_group,25-39,0.6535,2019,Q2,high,346,True
Ελληνική Λύση,age_group,25-39,1.2003,2019,Q2,high,346,True
ΚΚΕ,age_group,25-39,6.2289,2019,Q2,high,346,True
ΜέΡΑ25,age_group,25-39,0.2888,2019,Q2,high,346,True
ΝΔ,age_group,25-39,29.4207,2019,Q2,high,346,True
ΠΑΣΟΚ/ΚΙΝΑΛ,age_group,25-39,6.5243,2019,Q2,high,346,True
Πλεύση Ελευθερίας,age_group,25-39,0.2888,2019,Q2,high,346,True
Ποτάμι,age_group,25-39,0.841,2019,Q2,high,346,True
ΣΥΡΙΖΑ,age_group,25-39,26.8959,2019,Q2,high,346,True
Χρυσή Αυγή,age_group,25-39,8.6175,2019,Q2,high,346,True
other_party,age_group,40-54,22.0015,2019,Q2,high,406,True
ΑΝΕΛ,age_group,40-54,0.8002,2019,Q2,high,406,True
Ελληνική Λύση,age_group,40-54,2.571,2019,Q2,high,406,True
ΚΚΕ,age_group,40-54,3.4982,2019,Q2,high,406,True
ΜέΡΑ25,age_group,40-54,0.2502,2019,Q2,high,406,True
ΝΔ,age_group,40-54,28.8964,2019,Q2,high,406,True
ΠΑΣΟΚ/ΚΙΝΑΛ,age_group,40-54,4.8896,2019,Q2,high,406,True
Πλεύση Ελευθερίας,age_group,40-54,0.5169,2019,Q2,high,406,True
Ποτάμι,age_group,40-54,1.3006,2019,Q2,high,406,True
ΣΥΡΙΖΑ,age_group,40-54,27.7159,2019,Q2,high,406,True
Χρυσή Αυγή,age_group,40-54,7.5594,2019,Q2,high,406,True
other_party,age_group,55+,14.4855,2019,Q2,high,663,True
ΑΝΕΛ,age_group,55+,0.9593,2019,Q2,high,663,True
Ελληνική Λύση,age_group,55+,1.7661,2019,Q2,high,663,True
ΚΚΕ,age_group,55+,1.4555,2019,Q2,high,663,True
ΜέΡΑ25,age_group,55+,0.3011,2019,Q2,high,663,True
ΝΔ,age_group,55+,31.6326,2019,Q2,high,663,True
ΠΑΣΟΚ/ΚΙΝΑΛ,age_group,55+,7.9989,2019,Q2,high,663,True
Πλεύση Ελευθερίας,age_group,55+,1.0577,2019,Q2,high,663,True
Ποτάμι,age_group,55+,1.0638,2019,Q2,high,663,True
ΣΥΡΙΖΑ,age_group,55+,35.3393,2019,Q2,high,663,True
Χρυσή Αυγή,age_group,55+,3.9403,2019,Q2,high,663,True
other_party,education_group,Advanced Technological Educational Institute (public institutions),19.0084,2019,Q2,medium,146,True
ΑΝΕΛ,education_group,Advanced Technological Educational Institute (public institutions),0.4064,2019,Q2,medium,146,True
Ελληνική Λύση,education_group,Advanced Technological Educational Institute (public institutions),2.3122,2019,Q2,medium,146,True
ΚΚΕ,education_group,Advanced Technological Educational Institute (public institutions),4.4693,2019,Q2,medium,146,True
ΜέΡΑ25,education_group,Advanced Technological Educational Institute (public institutions),0.6465,2019,Q2,medium,146,True
ΝΔ,education_group,Advanced Technological Educational Institute (public institutions),36.4421,2019,Q2,medium,146,True
ΠΑΣΟΚ/ΚΙΝΑΛ,education_group,Advanced Technological Educational Institute (public institutions),6.7689,2019,Q2,medium,146,True
Πλεύση Ελευθερίας,education_group,Advanced Technological Educational Institute (public institutions),2.9214,2019,Q2,medium,146,True
Ποτάμι,education_group,Advanced Technological Educational Institute (public institutions),2.0546,2019,Q2,medium,146,True
ΣΥΡΙΖΑ,education_group,Advanced Technological Educational Institute (public institutions),17.7732,2019,Q2,medium,146,True
Χρυσή Αυγή,education_group,Advanced Technological Educational Institute (public institutions),7.197,2019,Q2,medium,146,True
other_party,education_group,I don't want to answer,34.4677,2019,Q2,low,31,True
ΑΝΕΛ,education_group,I don't want to answer,3.5665,2019,Q2,low,31,True
Ελληνική Λύση,education_group,I don't want to answer,5.3435,2019,Q2,low,31,True
ΝΔ,education_group,I don't want to answer,34.4738,2019,Q2,low,31,True
ΠΑΣΟΚ/ΚΙΝΑΛ,education_group,I don't want to answer,3.5665,2019,Q2,low,31,True
ΣΥΡΙΖΑ,education_group,I don't want to answer,5.5028,2019,Q2,low,31,True
Χρυσή Αυγή,education_group,I don't want to answer,13.0792,2019,Q2,low,31,True
other_party,education_group,high_education,17.9803,2019,Q2,high,721,True
ΑΝΕΛ,education_group,high_education,0.7199,2019,Q2,high,721,True
Ελληνική Λύση,education_group,high_education,1.5785,2019,Q2,high,721,True
ΚΚΕ,education_group,high_education,3.2514,2019,Q2,high,721,True
ΝΔ,education_group,high_education,29.2604,2019,Q2,high,721,True
ΠΑΣΟΚ/ΚΙΝΑΛ,education_group,high_education,7.8311,2019,Q2,high,721,True
Πλεύση Ελευθερίας,education_group,high_education,0.2327,2019,Q2,high,721,True
Ποτάμι,education_group,high_education,1.1846,2019,Q2,high,721,True
ΣΥΡΙΖΑ,education_group,high_education,33.9872,2019,Q2,high,721,True
Χρυσή Αυγή,education_group,high_education,3.9739,2019,Q2,high,721,True
other_party,education_group,low_education,10.3487,2019,Q2,low,24,True
ΑΝΕΛ,education_group,low_education,4.1181,2019,Q2,low,24,True
ΚΚΕ,education_group,low_education,2.2358,2019,Q2,low,24,True
ΝΔ,education_group,low_education,20.6192,2019,Q2,low,24,True
ΠΑΣΟΚ/ΚΙΝΑΛ,education_group,low_education,5.6111,2019,Q2,low,24,True
ΣΥΡΙΖΑ,education_group,low_education,50.7132,2019,Q2,low,24,True
Χρυσή Αυγή,education_group,low_education,6.3539,2019,Q2,low,24,True
other_party,education_group,medium_education,19.0562,2019,Q2,high,688,True
ΑΝΕΛ,education_group,medium_education,0.7742,2019,Q2,high,688,True
Ελληνική Λύση,education_group,medium_education,2.012,2019,Q2,high,688,True
ΚΚΕ,education_group,medium_education,3.3717,2019,Q2,high,688,True
ΜέΡΑ25,education_group,medium_education,0.4613,2019,Q2,high,688,True
ΝΔ,education_group,medium_education,29.0809,2019,Q2,high,688,True
ΠΑΣΟΚ/ΚΙΝΑΛ,education_group,medium_education,5.3288,2019,Q2,high,688,True
Πλεύση Ελευθερίας,education_group,medium_education,0.6189,2019,Q2,high,688,True
Ποτάμι,education_group,medium_education,0.7276,2019,Q2,high,688,True
ΣΥΡΙΖΑ,education_group,medium_education,29.3952,2019,Q2,high,688,True
Χρυσή Αυγή,education_group,medium_education,9.1732,2019,Q2,high,688,True
other_party,occupation_group,Employer / Entrepreneur,14.8493,2019,Q2,low,86,True
Ελληνική Λύση,occupation_group,Employer / Entrepreneur,5.3485,2019,Q2,low,86,True
ΝΔ,occupation_group,Employer / Entrepreneur,35.4928,2019,Q2,low,86,True
ΠΑΣΟΚ/ΚΙΝΑΛ,occupation_group,Employer / Entrepreneur,9.3329,2019,Q2,low,86,True
Πλεύση Ελευθερίας,occupation_group,Employer / Entrepreneur,1.0371,2019,Q2,low,86,True
ΣΥΡΙΖΑ,occupation_group,Employer / Entrepreneur,29.8064,2019,Q2,low,86,True
Χρυσή Αυγή,occupation_group,Employer / Entrepreneur,4.133,2019,Q2,low,86,True
other_party,occupation_group,I don't want to answer,34.2101,2019,Q2,low,37,True
ΑΝΕΛ,occupation_group,I don't want to answer,1.5528,2019,Q2,low,37,True
Ελληνική Λύση,occupation_group,I don't want to answer,3.673,2019,Q2,low,37,True
ΚΚΕ,occupation_group,I don't want to answer,4.8295,2019,Q2,low,37,True
ΝΔ,occupation_group,I don't want to answer,28.4646,2019,Q2,low,37,True
Ποτάμι,occupation_group,I don't want to answer,4.2211,2019,Q2,low,37,True
ΣΥΡΙΖΑ,occupation_group,I don't want to answer,9.054,2019,Q2,low,37,True
Χρυσή Αυγή,occupation_group,I don't want to answer,13.9951,2019,Q2,low,37,True
other_party,occupation_group,homemaker,26.8359,2019,Q2,low,55,True
ΚΚΕ,occupation_group,homemaker,4.6987,2019,Q2,low,55,True
ΝΔ,occupation_group,homemaker,23.342,2019,Q2,low,55,True
ΠΑΣΟΚ/ΚΙΝΑΛ,occupation_group,homemaker,2.293,2019,Q2,low,55,True
ΣΥΡΙΖΑ,occupation_group,homemaker,33.9931,2019,Q2,low,55,True
Χρυσή Αυγή,occupation_group,homemaker,8.8372,2019,Q2,low,55,True
other_party,occupation_group,private_sector,20.8123,2019,Q2,medium,282,True
ΑΝΕΛ,occupation_group,private_sector,0.2949,2019,Q2,medium,282,True
Ελληνική Λύση,occupation_group,private_sector,2.0283,2019,Q2,medium,282,True
ΚΚΕ,occupation_group,private_sector,4.6143,2019,Q2,medium,282,True
ΜέΡΑ25,occupation_group,private_sector,0.3182,2019,Q2,medium,282,True
ΝΔ,occupation_group,private_sector,28.7067,2019,Q2,medium,282,True
ΠΑΣΟΚ/ΚΙΝΑΛ,occupation_group,private_sector,5.253,2019,Q2,medium,282,True
Πλεύση Ελευθερίας,occupation_group,private_sector,0.4134,2019,Q2,medium,282,True
Ποτάμι,occupation_group,private_sector,1.8528,2019,Q2,medium,282,True
ΣΥΡΙΖΑ,occupation_group,private_sector,28.3202,2019,Q2,medium,282,True
Χρυσή Αυγή,occupation_group,private_sector,7.3859,2019,Q2,medium,282,True
other_party,occupation_group,public_sector,17.6147,2019,Q2,medium,194,True
ΑΝΕΛ,occupation_group,public_sector,2.1246,2019,Q2,medium,194,True
Ελληνική Λύση,occupation_group,public_sector,0.4648,2019,Q2,medium,194,True
ΚΚΕ,occupation_group,public_sector,1.3445,2019,Q2,medium,194,True
ΝΔ,occupation_group,public_sector,27.8081,2019,Q2,medium,194,True
ΠΑΣΟΚ/ΚΙΝΑΛ,occupation_group,public_sector,7.6731,2019,Q2,medium,194,True
Πλεύση Ελευθερίας,occupation_group,public_sector,0.6105,2019,Q2,medium,194,True
Ποτάμι,occupation_group,public_sector,0.5727,2019,Q2,medium,194,True
ΣΥΡΙΖΑ,occupation_group,public_sector,36.9569,2019,Q2,medium,194,True
Χρυσή Αυγή,occupation_group,public_sector,4.83,2019,Q2,medium,194,True
other_party,occupation_group,rentier,16.9267,2019,Q2,low,11,True
ΝΔ,occupation_group,rentier,38.5267,2019,Q2,low,11,True
ΣΥΡΙΖΑ,occupation_group,rentier,24.9941,2019,Q2,low,11,True
Χρυσή Αυγή,occupation_group,rentier,19.5526,2019,Q2,low,11,True
other_party,occupation_group,retired,13.5778,2019,Q2,high,471,True
ΑΝΕΛ,occupation_group,retired,0.7592,2019,Q2,high,471,True
Ελληνική Λύση,occupation_group,retired,1.5491,2019,Q2,high,471,True
ΚΚΕ,occupation_group,retired,1.7176,2019,Q2,high,471,True
ΜέΡΑ25,occupation_group,retired,0.4302,2019,Q2,high,471,True
ΝΔ,occupation_group,retired,34.9225,2019,Q2,high,471,True
ΠΑΣΟΚ/ΚΙΝΑΛ,occupation_group,retired,8.8822,2019,Q2,high,471,True
Πλεύση Ελευθερίας,occupation_group,retired,1.1413,2019,Q2,high,471,True
Ποτάμι,occupation_group,retired,1.151,2019,Q2,high,471,True
ΣΥΡΙΖΑ,occupation_group,retired,32.0314,2019,Q2,high,471,True
Χρυσή Αυγή,occupation_group,retired,3.8377,2019,Q2,high,471,True
other_party,occupation_group,self_employed,13.0502,2019,Q2,medium,191,True
ΑΝΕΛ,occupation_group,self_employed,0.9195,2019,Q2,medium,191,True
Ελληνική Λύση,occupation_group,self_employed,2.327,2019,Q2,medium,191,True
ΚΚΕ,occupation_group,self_employed,6.4059,2019,Q2,medium,191,True
ΝΔ,occupation_group,self_employed,30.3762,2019,Q2,medium,191,True
ΠΑΣΟΚ/ΚΙΝΑΛ,occupation_group,self_employed,7.5316,2019,Q2,medium,191,True
Πλεύση Ελευθερίας,occupation_group,self_employed,0.8555,2019,Q2,medium,191,True
Ποτάμι,occupation_group,self_employed,1.1947,2019,Q2,medium,191,True
ΣΥΡΙΖΑ,occupation_group,self_employed,31.673,2019,Q2,medium,191,True
Χρυσή Αυγή,occupation_group,self_employed,5.6664,2019,Q2,medium,191,True
other_party,occupation_group,soldier,24.8634,2019,Q2,low,8,True
ΝΔ,occupation_group,soldier,12.5683,2019,Q2,low,8,True
ΣΥΡΙΖΑ,occupation_group,soldier,50.0,2019,Q2,low,8,True
Χρυσή Αυγή,occupation_group,soldier,12.5683,2019,Q2,low,8,True
other_party,occupation_group,student,26.9939,2019,Q2,medium,164,True
ΑΝΕΛ,occupation_group,student,0.6367,2019,Q2,medium,164,True
Ελληνική Λύση,occupation_group,student,0.7051,2019,Q2,medium,164,True
ΚΚΕ,occupation_group,student,4.5848,2019,Q2,medium,164,True
ΝΔ,occupation_group,student,21.5749,2019,Q2,medium,164,True
ΠΑΣΟΚ/ΚΙΝΑΛ,occupation_group,student,6.8404,2019,Q2,medium,164,True
Ποτάμι,occupation_group,student,0.5756,2019,Q2,medium,164,True
ΣΥΡΙΖΑ,occupation_group,student,28.648,2019,Q2,medium,164,True
Χρυσή Αυγή,occupation_group,student,9.4406,2019,Q2,medium,164,True
other_party,occupation_group,unemployed,29.2632,2019,Q2,medium,111,True
ΑΝΕΛ,occupation_group,unemployed,0.8619,2019,Q2,medium,111,True
Ελληνική Λύση,occupation_group,unemployed,3.7991,2019,Q2,medium,111,True
ΚΚΕ,occupation_group,unemployed,5.4146,2019,Q2,medium,111,True
ΜέΡΑ25,occupation_group,unemployed,1.0619,2019,Q2,medium,111,True
ΝΔ,occupation_group,unemployed,24.0301,2019,Q2,medium,111,True
ΣΥΡΙΖΑ,occupation_group,unemployed,20.5561,2019,Q2,medium,111,True
Χρυσή Αυγή,occupation_group,unemployed,15.0131,2019,Q2,medium,111,True
other_party,left_right_group,center,21.345,2019,Q2,high,789,True
ΑΝΕΛ,left_right_group,center,0.9102,2019,Q2,high,789,True
Ελληνική Λύση,left_right_group,center,1.607,2019,Q2,high,789,True
ΚΚΕ,left_right_group,center,1.1182,2019,Q2,high,789,True
ΜέΡΑ25,left_right_group,center,0.2499,2019,Q2,high,789,True
ΝΔ,left_right_group,center,28.7329,2019,Q2,high,789,True
ΠΑΣΟΚ/ΚΙΝΑΛ,left_right_group,center,11.3507,2019,Q2,high,789,True
Πλεύση Ελευθερίας,left_right_group,center,0.6289,2019,Q2,high,789,True
Ποτάμι,left_right_group,center,1.9927,2019,Q2,high,789,True
ΣΥΡΙΖΑ,left_right_group,center,28.5819,2019,Q2,high,789,True
Χρυσή Αυγή,left_right_group,center,3.4827,2019,Q2,high,789,True
other_party,left_right_group,left,12.2454,2019,Q2,high,333,True
ΑΝΕΛ,left_right_group,left,0.7534,2019,Q2,high,333,True
Ελληνική Λύση,left_right_group,left,0.289,2019,Q2,high,333,True
ΚΚΕ,left_right_group,left,12.4583,2019,Q2,high,333,True
ΝΔ,left_right_group,left,1.6086,2019,Q2,high,333,True
ΠΑΣΟΚ/ΚΙΝΑΛ,left_right_group,left,3.4023,2019,Q2,high,333,True
Πλεύση Ελευθερίας,left_right_group,left,1.002,2019,Q2,high,333,True
ΣΥΡΙΖΑ,left_right_group,left,68.241,2019,Q2,high,333,True
other_party,left_right_group,right,19.0219,2019,Q2,high,487,True
ΑΝΕΛ,left_right_group,right,0.6944,2019,Q2,high,487,True
Ελληνική Λύση,left_right_group,right,3.4508,2019,Q2,high,487,True
ΚΚΕ,left_right_group,right,0.507,2019,Q2,high,487,True
ΜέΡΑ25,left_right_group,right,0.4487,2019,Q2,high,487,True
ΝΔ,left_right_group,right,51.9927,2019,Q2,high,487,True
ΠΑΣΟΚ/ΚΙΝΑΛ,left_right_group,right,0.9702,2019,Q2,high,487,True
Πλεύση Ελευθερίας,left_right_group,right,0.4115,2019,Q2,high,487,True
Ποτάμι,left_right_group,right,0.2058,2019,Q2,high,487,True
ΣΥΡΙΖΑ,left_right_group,right,5.5921,2019,Q2,high,487,True
Χρυσή Αυγή,left_right_group,right,16.7049,2019,Q2,high,487,True
other_party,previous_vote_party,other_party,32.2376,2019,Q2,high,537,True
ΑΝΕΛ,previous_vote_party,other_party,0.6017,2019,Q2,high,537,True
Ελληνική Λύση,previous_vote_party,other_party,1.8046,2019,Q2,high,537,True
ΚΚΕ,previous_vote_party,other_party,10.1493,2019,Q2,high,537,True
ΜέΡΑ25,previous_vote_party,other_party,0.6098,2019,Q2,high,537,True
ΝΔ,previous_vote_party,other_party,16.319,2019,Q2,high,537,True
ΠΑΣΟΚ/ΚΙΝΑΛ,previous_vote_party,other_party,13.8351,2019,Q2,high,537,True
Πλεύση Ελευθερίας,previous_vote_party,other_party,1.26,2019,Q2,high,537,True
ΣΥΡΙΖΑ,previous_vote_party,other_party,19.2602,2019,Q2,high,537,True
Χρυσή Αυγή,previous_vote_party,other_party,3.9227,2019,Q2,high,537,True
other_party,previous_vote_party,ΑΝΕΛ,28.4787,2019,Q2,low,45,True
ΑΝΕΛ,previous_vote_party,ΑΝΕΛ,16.1088,2019,Q2,low,45,True
Ελληνική Λύση,previous_vote_party,ΑΝΕΛ,11.5408,2019,Q2,low,45,True
ΝΔ,previous_vote_party,ΑΝΕΛ,24.2124,2019,Q2,low,45,True
ΣΥΡΙΖΑ,previous_vote_party,ΑΝΕΛ,14.4732,2019,Q2,low,45,True
Χρυσή Αυγή,previous_vote_party,ΑΝΕΛ,5.186,2019,Q2,low,45,True
other_party,previous_vote_party,ΝΔ,5.7782,2019,Q2,high,381,True
Ελληνική Λύση,previous_vote_party,ΝΔ,0.7484,2019,Q2,high,381,True
ΝΔ,previous_vote_party,ΝΔ,83.3949,2019,Q2,high,381,True
ΠΑΣΟΚ/ΚΙΝΑΛ,previous_vote_party,ΝΔ,1.0923,2019,Q2,high,381,True
Ποτάμι,previous_vote_party,ΝΔ,0.1658,2019,Q2,high,381,True
ΣΥΡΙΖΑ,previous_vote_party,ΝΔ,6.5306,2019,Q2,high,381,True
Χρυσή Αυγή,previous_vote_party,ΝΔ,2.2899,2019,Q2,high,381,True
other_party,previous_vote_party,Ποτάμι,15.0797,2019,Q2,low,56,True
ΝΔ,previous_vote_party,Ποτάμι,24.6204,2019,Q2,low,56,True
ΠΑΣΟΚ/ΚΙΝΑΛ,previous_vote_party,Ποτάμι,21.7949,2019,Q2,low,56,True
Ποτάμι,previous_vote_party,Ποτάμι,28.8205,2019,Q2,low,56,True
ΣΥΡΙΖΑ,previous_vote_party,Ποτάμι,8.7291,2019,Q2,low,56,True
Χρυσή Αυγή,previous_vote_party,Ποτάμι,0.9554,2019,Q2,low,56,True
other_party,previous_vote_party,ΣΥΡΙΖΑ,14.1164,2019,Q2,high,468,True
ΑΝΕΛ,previous_vote_party,ΣΥΡΙΖΑ,0.5202,2019,Q2,high,468,True
Ελληνική Λύση,previous_vote_party,ΣΥΡΙΖΑ,1.3093,2019,Q2,high,468,True
ΚΚΕ,previous_vote_party,ΣΥΡΙΖΑ,0.3615,2019,Q2,high,468,True
ΜέΡΑ25,previous_vote_party,ΣΥΡΙΖΑ,0.1981,2019,Q2,high,468,True
ΝΔ,previous_vote_party,ΣΥΡΙΖΑ,8.4295,2019,Q2,high,468,True
ΠΑΣΟΚ/ΚΙΝΑΛ,previous_vote_party,ΣΥΡΙΖΑ,3.2447,2019,Q2,high,468,True
Πλεύση Ελευθερίας,previous_vote_party,ΣΥΡΙΖΑ,0.7841,2019,Q2,high,468,True
ΣΥΡΙΖΑ,previous_vote_party,ΣΥΡΙΖΑ,69.6572,2019,Q2,high,468,True
Χρυσή Αυγή,previous_vote_party,ΣΥΡΙΖΑ,1.3791,2019,Q2,high,468,True
other_party,previous_vote_party,Χρυσή Αυγή,2.6147,2019,Q2,low,90,True
Ελληνική Λύση,previous_vote_party,Χρυσή Αυγή,4.3595,2019,Q2,low,90,True
ΝΔ,previous_vote_party,Χρυσή Αυγή,13.8535,2019,Q2,low,90,True
ΣΥΡΙΖΑ,previous_vote_party,Χρυσή Αυγή,1.3861,2019,Q2,low,90,True
Χρυσή Αυγή,previous_vote_party,Χρυσή Αυγή,77.7861,2019,Q2,low,90,True
other_party,region_group,01,51.9555,2019,Q2,low,7,True
ΝΔ,region_group,01,16.7849,2019,Q2,low,7,True
ΣΥΡΙΖΑ,region_group,01,22.0632,2019,Q2,low,7,True
Χρυσή Αυγή,region_group,01,9.1963,2019,Q2,low,7,True
other_party,region_group,02,22.7894,2019,Q2,low,4,True
Ελληνική Λύση,region_group,02,19.3542,2019,Q2,low,4,True
ΠΑΣΟΚ/ΚΙΝΑΛ,region_group,02,33.981,2019,Q2,low,4,True
Χρυσή Αυγή,region_group,02,23.8754,2019,Q2,low,4,True
other_party,region_group,03,20.7798,2019,Q2,low,8,True
ΝΔ,region_group,03,37.0562,2019,Q2,low,8,True
ΠΑΣΟΚ/ΚΙΝΑΛ,region_group,03,9.2896,2019,Q2,low,8,True
ΣΥΡΙΖΑ,region_group,03,12.8917,2019,Q2,low,8,True
Χρυσή Αυγή,region_group,03,19.9828,2019,Q2,low,8,True
ΑΝΕΛ,region_group,04,15.912,2019,Q2,low,8,True
Ελληνική Λύση,region_group,04,19.4804,2019,Q2,low,8,True
ΚΚΕ,region_group,04,9.492,2019,Q2,low,8,True
ΝΔ,region_group,04,46.008,2019,Q2,low,8,True
Χρυσή Αυγή,region_group,04,9.1077,2019,Q2,low,8,True
other_party,region_group,05,14.5291,2019,Q2,low,22,True
Ελληνική Λύση,region_group,05,4.1189,2019,Q2,low,22,True
ΚΚΕ,region_group,05,7.4579,2019,Q2,low,22,True
ΝΔ,region_group,05,29.9598,2019,Q2,low,22,True
ΠΑΣΟΚ/ΚΙΝΑΛ,region_group,05,2.8642,2019,Q2,low,22,True
ΣΥΡΙΖΑ,region_group,05,30.4694,2019,Q2,low,22,True
Χρυσή Αυγή,region_group,05,10.6006,2019,Q2,low,22,True
ΣΥΡΙΖΑ,region_group,06,54.452,2019,Q2,low,3,True
Χρυσή Αυγή,region_group,06,45.548,2019,Q2,low,3,True
other_party,region_group,07,15.9584,2019,Q2,low,9,True
Ελληνική Λύση,region_group,07,16.4281,2019,Q2,low,9,True
ΝΔ,region_group,07,53.2551,2019,Q2,low,9,True
ΣΥΡΙΖΑ,region_group,07,14.3584,2019,Q2,low,9,True
other_party,region_group,08,100.0,2019,Q2,low,1,True
ΠΑΣΟΚ/ΚΙΝΑΛ,region_group,09,43.2768,2019,Q2,low,2,True
ΣΥΡΙΖΑ,region_group,09,56.7232,2019,Q2,low,2,True
other_party,region_group,10,65.9176,2019,Q2,low,2,True
ΠΑΣΟΚ/ΚΙΝΑΛ,region_group,10,34.0824,2019,Q2,low,2,True
other_party,region_group,11,21.1896,2019,Q2,low,17,True
ΚΚΕ,region_group,11,3.8764,2019,Q2,low,17,True
ΝΔ,region_group,11,37.3466,2019,Q2,low,17,True
ΣΥΡΙΖΑ,region_group,11,10.5466,2019,Q2,low,17,True
Χρυσή Αυγή,region_group,11,27.0409,2019,Q2,low,17,True
other_party,region_group,12,35.6223,2019,Q2,low,5,True
ΝΔ,region_group,12,34.6547,2019,Q2,low,5,True
ΣΥΡΙΖΑ,region_group,12,29.723,2019,Q2,low,5,True
other_party,region_group,13,20.166,2019,Q2,medium,273,True
ΑΝΕΛ,region_group,13,1.1309,2019,Q2,medium,273,True
Ελληνική Λύση,region_group,13,2.6137,2019,Q2,medium,273,True
ΚΚΕ,region_group,13,2.5268,2019,Q2,medium,273,True
ΜέΡΑ25,region_group,13,1.1464,2019,Q2,medium,273,True
ΝΔ,region_group,13,27.9013,2019,Q2,medium,273,True
ΠΑΣΟΚ/ΚΙΝΑΛ,region_group,13,4.7144,2019,Q2,medium,273,True
Πλεύση Ελευθερίας,region_group,13,1.4252,2019,Q2,medium,273,True
Ποτάμι,region_group,13,0.7084,2019,Q2,medium,273,True
ΣΥΡΙΖΑ,region_group,13,28.1736,2019,Q2,medium,273,True
Χρυσή Αυγή,region_group,13,9.4932,2019,Q2,medium,273,True
ΝΔ,region_group,14,51.5115,2019,Q2,low,8,True
ΣΥΡΙΖΑ,region_group,14,40.1586,2019,Q2,low,8,True
Χρυσή Αυγή,region_group,14,8.33,2019,Q2,low,8,True
other_party,region_group,16,30.9124,2019,Q2,low,3,True
ΝΔ,region_group,16,49.4299,2019,Q2,low,3,True
ΠΑΣΟΚ/ΚΙΝΑΛ,region_group,16,19.6577,2019,Q2,low,3,True
other_party,region_group,17,7.2846,2019,Q2,low,13,True
ΝΔ,region_group,17,50.8816,2019,Q2,low,13,True
ΠΑΣΟΚ/ΚΙΝΑΛ,region_group,17,9.4096,2019,Q2,low,13,True
ΣΥΡΙΖΑ,region_group,17,24.7434,2019,Q2,low,13,True
Χρυσή Αυγή,region_group,17,7.6809,2019,Q2,low,13,True
ΝΔ,region_group,18,50.9407,2019,Q2,low,2,True
Χρυσή Αυγή,region_group,18,49.0593,2019,Q2,low,2,True
other_party,region_group,19,44.4313,2019,Q2,low,6,True
Ελληνική Λύση,region_group,19,20.3829,2019,Q2,low,6,True
ΝΔ,region_group,19,35.1858,2019,Q2,low,6,True
ΚΚΕ,region_group,21,12.064,2019,Q2,low,16,True
ΝΔ,region_group,21,47.5183,2019,Q2,low,16,True
ΣΥΡΙΖΑ,region_group,21,28.5969,2019,Q2,low,16,True
Χρυσή Αυγή,region_group,21,11.8209,2019,Q2,low,16,True
other_party,region_group,22,14.8394,2019,Q2,low,8,True
ΝΔ,region_group,22,34.6147,2019,Q2,low,8,True
Ποτάμι,region_group,22,11.2987,2019,Q2,low,8,True
ΣΥΡΙΖΑ,region_group,22,39.2472,2019,Q2,low,8,True
ΝΔ,region_group,23,56.3205,2019,Q2,low,3,True
ΣΥΡΙΖΑ,region_group,23,43.6795,2019,Q2,low,3,True
other_party,region_group,24,19.9358,2019,Q2,low,23,True
ΚΚΕ,region_group,24,3.471,2019,Q2,low,23,True
ΝΔ,region_group,24,8.01,2019,Q2,low,23,True
ΠΑΣΟΚ/ΚΙΝΑΛ,region_group,24,8.0299,2019,Q2,low,23,True
ΣΥΡΙΖΑ,region_group,24,42.0385,2019,Q2,low,23,True
Χρυσή Αυγή,region_group,24,18.5148,2019,Q2,low,23,True
ΝΔ,region_group,25,30.6304,2019,Q2,low,15,True
ΠΑΣΟΚ/ΚΙΝΑΛ,region_group,25,12.4799,2019,Q2,low,15,True
ΣΥΡΙΖΑ,region_group,25,56.8897,2019,Q2,low,15,True
ΝΔ,region_group,27,57.4358,2019,Q2,low,3,True
ΣΥΡΙΖΑ,region_group,27,42.5642,2019,Q2,low,3,True
other_party,region_group,28,50.0,2019,Q2,low,2,True
ΣΥΡΙΖΑ,region_group,28,50.0,2019,Q2,low,2,True
ΝΔ,region_group,29,100.0,2019,Q2,low,4,True
other_party,region_group,31,24.6663,2019,Q2,low,8,True
ΝΔ,region_group,31,26.4232,2019,Q2,low,8,True
ΠΑΣΟΚ/ΚΙΝΑΛ,region_group,31,26.9226,2019,Q2,low,8,True
ΣΥΡΙΖΑ,region_group,31,21.9879,2019,Q2,low,8,True
ΝΔ,region_group,32,19.0083,2019,Q2,low,4,True
ΠΑΣΟΚ/ΚΙΝΑΛ,region_group,32,17.1901,2019,Q2,low,4,True
ΣΥΡΙΖΑ,region_group,32,31.9008,2019,Q2,low,4,True
Χρυσή Αυγή,region_group,32,31.9008,2019,Q2,low,4,True
ΝΔ,region_group,33,57.1031,2019,Q2,low,3,True
ΣΥΡΙΖΑ,region_group,33,42.8969,2019,Q2,low,3,True
other_party,region_group,34,7.4158,2019,Q2,low,11,True
ΑΝΕΛ,region_group,34,5.3437,2019,Q2,low,11,True
ΝΔ,region_group,34,20.3674,2019,Q2,low,11,True
Πλεύση Ελευθερίας,region_group,34,11.0801,2019,Q2,low,11,True
ΣΥΡΙΖΑ,region_group,34,44.7129,2019,Q2,low,11,True
Χρυσή Αυγή,region_group,34,11.0801,2019,Q2,low,11,True
other_party,region_group,35,18.2133,2019,Q2,high,921,True
ΑΝΕΛ,region_group,35,0.676,2019,Q2,high,921,True
Ελληνική Λύση,region_group,35,1.7602,2019,Q2,high,921,True
ΚΚΕ,region_group,35,4.1869,2019,Q2,high,921,True
ΜέΡΑ25,region_group,35,0.1062,2019,Q2,high,921,True
ΝΔ,region_group,35,30.7243,2019,Q2,high,921,True
ΠΑΣΟΚ/ΚΙΝΑΛ,region_group,35,7.2865,2019,Q2,high,921,True
Πλεύση Ελευθερίας,region_group,35,0.3226,2019,Q2,high,921,True
Ποτάμι,region_group,35,1.151,2019,Q2,high,921,True
ΣΥΡΙΖΑ,region_group,35,30.6948,2019,Q2,high,921,True
Χρυσή Αυγή,region_group,35,4.8783,2019,Q2,high,921,True
ΝΔ,region_group,36,32.8801,2019,Q2,low,6,True
ΣΥΡΙΖΑ,region_group,36,55.7771,2019,Q2,low,6,True
Χρυσή Αυγή,region_group,36,11.3428,2019,Q2,low,6,True
other_party,region_group,37,9.7906,2019,Q2,low,11,True
Ελληνική Λύση,region_group,37,6.3826,2019,Q2,low,11,True
ΝΔ,region_group,37,12.3211,2019,Q2,low,11,True
Ποτάμι,region_group,37,20.9443,2019,Q2,low,11,True
ΣΥΡΙΖΑ,region_group,37,41.2163,2019,Q2,low,11,True
Χρυσή Αυγή,region_group,37,9.3452,2019,Q2,low,11,True
other_party,region_group,38,23.3655,2019,Q2,low,37,True
ΝΔ,region_group,38,11.7028,2019,Q2,low,37,True
ΠΑΣΟΚ/ΚΙΝΑΛ,region_group,38,5.6781,2019,Q2,low,37,True
Πλεύση Ελευθερίας,region_group,38,2.2595,2019,Q2,low,37,True
ΣΥΡΙΖΑ,region_group,38,48.888,2019,Q2,low,37,True
Χρυσή Αυγή,region_group,38,8.1062,2019,Q2,low,37,True
other_party,region_group,39,21.2497,2019,Q2,low,7,True
ΝΔ,region_group,39,59.8108,2019,Q2,low,7,True
Χρυσή Αυγή,region_group,39,18.9395,2019,Q2,low,7,True
other_party,region_group,40,11.0727,2019,Q2,low,29,True
ΝΔ,region_group,40,27.1896,2019,Q2,low,29,True
ΠΑΣΟΚ/ΚΙΝΑΛ,region_group,40,12.651,2019,Q2,low,29,True
ΣΥΡΙΖΑ,region_group,40,49.0867,2019,Q2,low,29,True
ΠΑΣΟΚ/ΚΙΝΑΛ,region_group,41,57.8534,2019,Q2,low,2,True
ΣΥΡΙΖΑ,region_group,41,42.1466,2019,Q2,low,2,True
other_party,region_group,42,26.8391,2019,Q2,low,5,True
ΝΔ,region_group,42,55.1977,2019,Q2,low,5,True
Χρυσή Αυγή,region_group,42,17.9632,2019,Q2,low,5,True
other_party,region_group,43,34.5699,2019,Q2,low,5,True
ΝΔ,region_group,43,32.5737,2019,Q2,low,5,True
Ποτάμι,region_group,43,21.6193,2019,Q2,low,5,True
Χρυσή Αυγή,region_group,43,11.2371,2019,Q2,low,5,True
other_party,region_group,44,25.1289,2019,Q2,low,8,True
ΠΑΣΟΚ/ΚΙΝΑΛ,region_group,44,28.459,2019,Q2,low,8,True
ΣΥΡΙΖΑ,region_group,44,46.4121,2019,Q2,low,8,True
other_party,region_group,45,38.8057,2019,Q2,low,41,True
ΑΝΕΛ,region_group,45,1.297,2019,Q2,low,41,True
ΚΚΕ,region_group,45,2.9266,2019,Q2,low,41,True
ΝΔ,region_group,45,21.3026,2019,Q2,low,41,True
ΠΑΣΟΚ/ΚΙΝΑΛ,region_group,45,6.309,2019,Q2,low,41,True
ΣΥΡΙΖΑ,region_group,45,21.3766,2019,Q2,low,41,True
Χρυσή Αυγή,region_group,45,7.9825,2019,Q2,low,41,True
other_party,region_group,46,30.4164,2019,Q2,low,3,True
ΝΔ,region_group,46,69.5836,2019,Q2,low,3,True
other_party,region_group,47,22.1291,2019,Q2,low,10,True
ΝΔ,region_group,47,54.5304,2019,Q2,low,10,True
ΣΥΡΙΖΑ,region_group,47,23.3405,2019,Q2,low,10,True
other_party,region_group,49,17.6715,2019,Q2,low,6,True
ΑΝΕΛ,region_group,49,17.0338,2019,Q2,low,6,True
ΝΔ,region_group,49,39.744,2019,Q2,low,6,True
ΣΥΡΙΖΑ,region_group,49,25.5507,2019,Q2,low,6,True
ΠΑΣΟΚ/ΚΙΝΑΛ,region_group,50,32.4195,2019,Q2,low,3,True
Πλεύση Ελευθερίας,region_group,50,45.4387,2019,Q2,low,3,True
Χρυσή Αυγή,region_group,50,22.1417,2019,Q2,low,3,True
other_party,region_group,51,15.0094,2019,Q2,low,11,True
ΚΚΕ,region_group,51,11.7772,2019,Q2,low,11,True
ΝΔ,region_group,51,19.1881,2019,Q2,low,11,True
ΠΑΣΟΚ/ΚΙΝΑΛ,region_group,51,5.37,2019,Q2,low,11,True
ΣΥΡΙΖΑ,region_group,51,43.4359,2019,Q2,low,11,True
Χρυσή Αυγή,region_group,51,5.2194,2019,Q2,low,11,True
Χρυσή Αυγή,region_group,65,100.0,2019,Q2,low,1,True
ΣΥΡΙΖΑ,region_group,H9,100.0,2019,Q2,low,1,True
Χρυσή Αυγή,region_group,L1,100.0,2019,Q2,low,1,True
ΚΚΕ,region_group,M1,100.0,2019,Q2,low,1,True
other_party,gender,female,6.6537,,unknown,high,489,False
Ένωση Κεντρώων,gender,female,0.1386,,unknown,high,489,False
Ελληνική Λύση,gender,female,2.646,,unknown,high,489,False
ΚΚΕ,gender,female,4.9412,,unknown,high,489,False
ΜέΡΑ25,gender,female,2.3652,,unknown,high,489,False
ΝΔ,gender,female,36.3808,,unknown,high,489,False
ΠΑΣΟΚ/ΚΙΝΑΛ,gender,female,9.9153,,unknown,high,489,False
Πλεύση Ελευθερίας,gender,female,0.6602,,unknown,high,489,False
ΣΥΡΙΖΑ,gender,female,35.8494,,unknown,high,489,False
Χρυσή Αυγή,gender,female,0.4495,,unknown,high,489,False
other_party,gender,male,6.1841,,unknown,high,1067,False
Ένωση Κεντρώων,gender,male,0.4932,,unknown,high,1067,False
Ελληνική Λύση,gender,male,6.0628,,unknown,high,1067,False
ΚΚΕ,gender,male,6.6689,,unknown,high,1067,False
ΜέΡΑ25,gender,male,2.6734,,unknown,high,1067,False
ΝΔ,gender,male,35.7883,,unknown,high,1067,False
ΠΑΣΟΚ/ΚΙΝΑΛ,gender,male,15.6171,,unknown,high,1067,False
Πλεύση Ελευθερίας,gender,male,0.8235,,unknown,high,1067,False
ΣΥΡΙΖΑ,gender,male,24.6887,,unknown,high,1067,False
Χρυσή Αυγή,gender,male,0.9999,,unknown,high,1067,False
other_party,age_group,18-24,13.0356,,unknown,low,83,False
Ένωση Κεντρώων,age_group,18-24,0.7314,,unknown,low,83,False
Ελληνική Λύση,age_group,18-24,2.3519,,unknown,low,83,False
ΚΚΕ,age_group,18-24,8.157,,unknown,low,83,False
ΜέΡΑ25,age_group,18-24,5.0933,,unknown,low,83,False
ΝΔ,age_group,18-24,33.5125,,unknown,low,83,False
ΠΑΣΟΚ/ΚΙΝΑΛ,age_group,18-24,10.0594,,unknown,low,83,False
Πλεύση Ελευθερίας,age_group,18-24,4.0892,,unknown,low,83,False
ΣΥΡΙΖΑ,age_group,18-24,22.9697,,unknown,low,83,False
other_party,age_group,25-39,5.9771,,unknown,high,561,False
Ένωση Κεντρώων,age_group,25-39,0.4991,,unknown,high,561,False
Ελληνική Λύση,age_group,25-39,4.402,,unknown,high,561,False
ΚΚΕ,age_group,25-39,7.706,,unknown,high,561,False
ΜέΡΑ25,age_group,25-39,5.2026,,unknown,high,561,False
ΝΔ,age_group,25-39,25.6614,,unknown,high,561,False
ΠΑΣΟΚ/ΚΙΝΑΛ,age_group,25-39,11.3082,,unknown,high,561,False
Πλεύση Ελευθερίας,age_group,25-39,0.2569,,unknown,high,561,False
ΣΥΡΙΖΑ,age_group,25-39,38.3151,,unknown,high,561,False
Χρυσή Αυγή,age_group,25-39,0.6717,,unknown,high,561,False
other_party,age_group,40-54,9.3638,,unknown,high,465,False
Ένωση Κεντρώων,age_group,40-54,0.552,,unknown,high,465,False
Ελληνική Λύση,age_group,40-54,4.2545,,unknown,high,465,False
ΚΚΕ,age_group,40-54,3.8003,,unknown,high,465,False
ΜέΡΑ25,age_group,40-54,2.2938,,unknown,high,465,False
ΝΔ,age_group,40-54,38.7368,,unknown,high,465,False
ΠΑΣΟΚ/ΚΙΝΑΛ,age_group,40-54,11.8763,,unknown,high,465,False
Πλεύση Ελευθερίας,age_group,40-54,1.1397,,unknown,high,465,False
ΣΥΡΙΖΑ,age_group,40-54,26.9776,,unknown,high,465,False
Χρυσή Αυγή,age_group,40-54,1.0052,,unknown,high,465,False
other_party,age_group,55+,4.3071,,unknown,high,437,False
Ελληνική Λύση,age_group,55+,4.2269,,unknown,high,437,False
ΚΚΕ,age_group,55+,4.8304,,unknown,high,437,False
ΜέΡΑ25,age_group,55+,0.2921,,unknown,high,437,False
ΝΔ,age_group,55+,42.6497,,unknown,high,437,False
ΠΑΣΟΚ/ΚΙΝΑΛ,age_group,55+,14.6465,,unknown,high,437,False
Πλεύση Ελευθερίας,age_group,55+,0.275,,unknown,high,437,False
ΣΥΡΙΖΑ,age_group,55+,28.0037,,unknown,high,437,False
Χρυσή Αυγή,age_group,55+,0.7686,,unknown,high,437,False
other_party,education_group,high_education,5.6769,,unknown,high,897,False
Ένωση Κεντρώων,education_group,high_education,0.1662,,unknown,high,897,False
Ελληνική Λύση,education_group,high_education,2.6918,,unknown,high,897,False
ΚΚΕ,education_group,high_education,6.2461,,unknown,high,897,False
ΜέΡΑ25,education_group,high_education,2.3114,,unknown,high,897,False
ΝΔ,education_group,high_education,39.1709,,unknown,high,897,False
ΠΑΣΟΚ/ΚΙΝΑΛ,education_group,high_education,11.7274,,unknown,high,897,False
Πλεύση Ελευθερίας,education_group,high_education,0.4557,,unknown,high,897,False
ΣΥΡΙΖΑ,education_group,high_education,31.1412,,unknown,high,897,False
Χρυσή Αυγή,education_group,high_education,0.4124,,unknown,high,897,False
other_party,education_group,low_education,11.0265,,unknown,low,69,False
Ένωση Κεντρώων,education_group,low_education,1.0338,,unknown,low,69,False
Ελληνική Λύση,education_group,low_education,9.1591,,unknown,low,69,False
ΚΚΕ,education_group,low_education,3.1836,,unknown,low,69,False
ΜέΡΑ25,education_group,low_education,0.9516,,unknown,low,69,False
ΝΔ,education_group,low_education,22.5701,,unknown,low,69,False
ΠΑΣΟΚ/ΚΙΝΑΛ,education_group,low_education,13.0872,,unknown,low,69,False
ΣΥΡΙΖΑ,education_group,low_education,35.1362,,unknown,low,69,False
Χρυσή Αυγή,education_group,low_education,3.8519,,unknown,low,69,False
other_party,education_group,medium_education,7.1749,,unknown,high,579,False
Ένωση Κεντρώων,education_group,medium_education,0.4885,,unknown,high,579,False
Ελληνική Λύση,education_group,medium_education,6.5691,,unknown,high,579,False
ΚΚΕ,education_group,medium_education,5.0557,,unknown,high,579,False
ΜέΡΑ25,education_group,medium_education,3.0717,,unknown,high,579,False
ΝΔ,education_group,medium_education,32.5808,,unknown,high,579,False
ΠΑΣΟΚ/ΚΙΝΑΛ,education_group,medium_education,14.2054,,unknown,high,579,False
Πλεύση Ελευθερίας,education_group,medium_education,1.3215,,unknown,high,579,False
ΣΥΡΙΖΑ,education_group,medium_education,28.6116,,unknown,high,579,False
Χρυσή Αυγή,education_group,medium_education,0.9207,,unknown,high,579,False
other_party,education_group,Δεν γνωρίζω/ Δεν απαντώ,10.5457,,unknown,low,11,False
Ελληνική Λύση,education_group,Δεν γνωρίζω/ Δεν απαντώ,4.8747,,unknown,low,11,False
ΚΚΕ,education_group,Δεν γνωρίζω/ Δεν απαντώ,17.9466,,unknown,low,11,False
ΝΔ,education_group,Δεν γνωρίζω/ Δεν απαντώ,10.5228,,unknown,low,11,False
ΠΑΣΟΚ/ΚΙΝΑΛ,education_group,Δεν γνωρίζω/ Δεν απαντώ,17.7145,,unknown,low,11,False
ΣΥΡΙΖΑ,education_group,Δεν γνωρίζω/ Δεν απαντώ,38.3958,,unknown,low,11,False
other_party,occupation_group,homemaker,3.4948,,unknown,low,24,False
ΚΚΕ,occupation_group,homemaker,8.7584,,unknown,low,24,False
ΝΔ,occupation_group,homemaker,41.9645,,unknown,low,24,False
ΠΑΣΟΚ/ΚΙΝΑΛ,occupation_group,homemaker,18.6871,,unknown,low,24,False
ΣΥΡΙΖΑ,occupation_group,homemaker,27.0952,,unknown,low,24,False
other_party,occupation_group,private_sector,4.793,,unknown,high,467,False
Ένωση Κεντρώων,occupation_group,private_sector,0.6095,,unknown,high,467,False
Ελληνική Λύση,occupation_group,private_sector,6.7569,,unknown,high,467,False
ΚΚΕ,occupation_group,private_sector,7.6929,,unknown,high,467,False
ΜέΡΑ25,occupation_group,private_sector,5.0123,,unknown,high,467,False
ΝΔ,occupation_group,private_sector,27.0896,,unknown,high,467,False
ΠΑΣΟΚ/ΚΙΝΑΛ,occupation_group,private_sector,12.4807,,unknown,high,467,False
Πλεύση Ελευθερίας,occupation_group,private_sector,0.5157,,unknown,high,467,False
ΣΥΡΙΖΑ,occupation_group,private_sector,34.3808,,unknown,high,467,False
Χρυσή Αυγή,occupation_group,private_sector,0.6685,,unknown,high,467,False
other_party,occupation_group,public_sector,5.8169,,unknown,medium,238,False
Ένωση Κεντρώων,occupation_group,public_sector,0.2438,,unknown,medium,238,False
Ελληνική Λύση,occupation_group,public_sector,2.3615,,unknown,medium,238,False
ΚΚΕ,occupation_group,public_sector,4.2147,,unknown,medium,238,False
ΜέΡΑ25,occupation_group,public_sector,1.9183,,unknown,medium,238,False
ΝΔ,occupation_group,public_sector,35.5009,,unknown,medium,238,False
ΠΑΣΟΚ/ΚΙΝΑΛ,occupation_group,public_sector,8.9431,,unknown,medium,238,False
Πλεύση Ελευθερίας,occupation_group,public_sector,0.2422,,unknown,medium,238,False
ΣΥΡΙΖΑ,occupation_group,public_sector,40.3432,,unknown,medium,238,False
Χρυσή Αυγή,occupation_group,public_sector,0.4154,,unknown,medium,238,False
other_party,occupation_group,retired,3.7004,,unknown,medium,204,False
Ελληνική Λύση,occupation_group,retired,3.7447,,unknown,medium,204,False
ΚΚΕ,occupation_group,retired,3.7788,,unknown,medium,204,False
ΝΔ,occupation_group,retired,44.2531,,unknown,medium,204,False
ΠΑΣΟΚ/ΚΙΝΑΛ,occupation_group,retired,15.0058,,unknown,medium,204,False
ΣΥΡΙΖΑ,occupation_group,retired,28.2831,,unknown,medium,204,False
Χρυσή Αυγή,occupation_group,retired,1.2341,,unknown,medium,204,False
other_party,occupation_group,self_employed,8.4583,,unknown,high,453,False
Ένωση Κεντρώων,occupation_group,self_employed,0.324,,unknown,high,453,False
Ελληνική Λύση,occupation_group,self_employed,4.0844,,unknown,high,453,False
ΚΚΕ,occupation_group,self_employed,5.5356,,unknown,high,453,False
ΜέΡΑ25,occupation_group,self_employed,2.1446,,unknown,high,453,False
ΝΔ,occupation_group,self_employed,41.6811,,unknown,high,453,False
ΠΑΣΟΚ/ΚΙΝΑΛ,occupation_group,self_employed,12.9273,,unknown,high,453,False
Πλεύση Ελευθερίας,occupation_group,self_employed,0.3626,,unknown,high,453,False
ΣΥΡΙΖΑ,occupation_group,self_employed,24.2572,,unknown,high,453,False
Χρυσή Αυγή,occupation_group,self_employed,0.2252,,unknown,high,453,False
other_party,occupation_group,student,15.4049,,unknown,low,70,False
Ένωση Κεντρώων,occupation_group,student,0.9127,,unknown,low,70,False
Ελληνική Λύση,occupation_group,student,1.204,,unknown,low,70,False
ΚΚΕ,occupation_group,student,7.4834,,unknown,low,70,False
ΜέΡΑ25,occupation_group,student,6.3556,,unknown,low,70,False
ΝΔ,occupation_group,student,25.5251,,unknown,low,70,False
ΠΑΣΟΚ/ΚΙΝΑΛ,occupation_group,student,8.218,,unknown,low,70,False
Πλεύση Ελευθερίας,occupation_group,student,5.1027,,unknown,low,70,False
ΣΥΡΙΖΑ,occupation_group,student,29.7936,,unknown,low,70,False
other_party,occupation_group,unemployed,11.168,,unknown,low,71,False
Ένωση Κεντρώων,occupation_group,unemployed,0.0031,,unknown,low,71,False
Ελληνική Λύση,occupation_group,unemployed,8.4542,,unknown,low,71,False
ΚΚΕ,occupation_group,unemployed,9.9026,,unknown,low,71,False
ΜέΡΑ25,occupation_group,unemployed,3.7463,,unknown,low,71,False
ΝΔ,occupation_group,unemployed,20.1361,,unknown,low,71,False
ΠΑΣΟΚ/ΚΙΝΑΛ,occupation_group,unemployed,8.5107,,unknown,low,71,False
Πλεύση Ελευθερίας,occupation_group,unemployed,3.832,,unknown,low,71,False
ΣΥΡΙΖΑ,occupation_group,unemployed,31.474,,unknown,low,71,False
Χρυσή Αυγή,occupation_group,unemployed,2.7731,,unknown,low,71,False
other_party,occupation_group,Δεν γνωρίζω/ Δεν απαντώ,4.5801,,unknown,low,18,False
ΚΚΕ,occupation_group,Δεν γνωρίζω/ Δεν απαντώ,4.5467,,unknown,low,18,False
ΝΔ,occupation_group,Δεν γνωρίζω/ Δεν απαντώ,41.9767,,unknown,low,18,False
ΠΑΣΟΚ/ΚΙΝΑΛ,occupation_group,Δεν γνωρίζω/ Δεν απαντώ,19.4791,,unknown,low,18,False
ΣΥΡΙΖΑ,occupation_group,Δεν γνωρίζω/ Δεν απαντώ,29.4174,,unknown,low,18,False
other_party,occupation_group,Εισοδηματίας,12.8011,,unknown,low,11,False
ΝΔ,occupation_group,Εισοδηματίας,47.6616,,unknown,low,11,False
ΠΑΣΟΚ/ΚΙΝΑΛ,occupation_group,Εισοδηματίας,39.5373,,unknown,low,11,False
other_party,left_right_group,center,5.0524,,unknown,high,686,False
Ένωση Κεντρώων,left_right_group,center,0.6239,,unknown,high,686,False
Ελληνική Λύση,left_right_group,center,4.0931,,unknown,high,686,False
ΚΚΕ,left_right_group,center,2.6019,,unknown,high,686,False
ΜέΡΑ25,left_right_group,center,1.5435,,unknown,high,686,False
ΝΔ,left_right_group,center,40.8004,,unknown,high,686,False
ΠΑΣΟΚ/ΚΙΝΑΛ,left_right_group,center,20.9152,,unknown,high,686,False
Πλεύση Ελευθερίας,left_right_group,center,0.4092,,unknown,high,686,False
ΣΥΡΙΖΑ,left_right_group,center,23.6344,,unknown,high,686,False
Χρυσή Αυγή,left_right_group,center,0.3259,,unknown,high,686,False
other_party,left_right_group,left,5.1264,,unknown,medium,221,False
ΚΚΕ,left_right_group,left,17.7722,,unknown,medium,221,False
ΜέΡΑ25,left_right_group,left,3.0488,,unknown,medium,221,False
ΝΔ,left_right_group,left,0.1497,,unknown,medium,221,False
ΠΑΣΟΚ/ΚΙΝΑΛ,left_right_group,left,3.1611,,unknown,medium,221,False
Πλεύση Ελευθερίας,left_right_group,left,0.8921,,unknown,medium,221,False
ΣΥΡΙΖΑ,left_right_group,left,68.712,,unknown,medium,221,False
Χρυσή Αυγή,left_right_group,left,1.1377,,unknown,medium,221,False
other_party,left_right_group,right,8.542,,unknown,high,649,False
Ένωση Κεντρώων,left_right_group,right,0.099,,unknown,high,649,False
Ελληνική Λύση,left_right_group,right,6.4568,,unknown,high,649,False
ΚΚΕ,left_right_group,right,3.9612,,unknown,high,649,False
ΜέΡΑ25,left_right_group,right,3.3599,,unknown,high,649,False
ΝΔ,left_right_group,right,46.9125,,unknown,high,649,False
ΠΑΣΟΚ/ΚΙΝΑΛ,left_right_group,right,7.7323,,unknown,high,649,False
Πλεύση Ελευθερίας,left_right_group,right,1.0396,,unknown,high,649,False
ΣΥΡΙΖΑ,left_right_group,right,20.9334,,unknown,high,649,False
Χρυσή Αυγή,left_right_group,right,0.9633,,unknown,high,649,False
other_party,previous_vote_party,other_party,26.6139,,unknown,medium,203,False
Ένωση Κεντρώων,previous_vote_party,other_party,1.2176,,unknown,medium,203,False
Ελληνική Λύση,previous_vote_party,other_party,4.8066,,unknown,medium,203,False
ΚΚΕ,previous_vote_party,other_party,5.5458,,unknown,medium,203,False
ΜέΡΑ25,previous_vote_party,other_party,3.9151,,unknown,medium,203,False
ΝΔ,previous_vote_party,other_party,20.2849,,unknown,medium,203,False
ΠΑΣΟΚ/ΚΙΝΑΛ,previous_vote_party,other_party,15.9665,,unknown,medium,203,False
Πλεύση Ελευθερίας,previous_vote_party,other_party,0.1563,,unknown,medium,203,False
ΣΥΡΙΖΑ,previous_vote_party,other_party,20.8745,,unknown,medium,203,False
Χρυσή Αυγή,previous_vote_party,other_party,0.6188,,unknown,medium,203,False
Ένωση Κεντρώων,previous_vote_party,Ένωση Κεντρώων,7.79,,unknown,low,15,False
Ελληνική Λύση,previous_vote_party,Ένωση Κεντρώων,22.1284,,unknown,low,15,False
ΝΔ,previous_vote_party,Ένωση Κεντρώων,30.8302,,unknown,low,15,False
ΠΑΣΟΚ/ΚΙΝΑΛ,previous_vote_party,Ένωση Κεντρώων,9.0243,,unknown,low,15,False
ΣΥΡΙΖΑ,previous_vote_party,Ένωση Κεντρώων,30.2272,,unknown,low,15,False
other_party,previous_vote_party,Ελληνική Λύση,5.7814,,unknown,low,34,False
Ελληνική Λύση,previous_vote_party,Ελληνική Λύση,75.9802,,unknown,low,34,False
ΝΔ,previous_vote_party,Ελληνική Λύση,8.7108,,unknown,low,34,False
ΠΑΣΟΚ/ΚΙΝΑΛ,previous_vote_party,Ελληνική Λύση,3.6957,,unknown,low,34,False
ΣΥΡΙΖΑ,previous_vote_party,Ελληνική Λύση,5.8319,,unknown,low,34,False
other_party,previous_vote_party,ΚΚΕ,4.3704,,unknown,low,97,False
Ελληνική Λύση,previous_vote_party,ΚΚΕ,0.5233,,unknown,low,97,False
ΚΚΕ,previous_vote_party,ΚΚΕ,78.3889,,unknown,low,97,False
ΝΔ,previous_vote_party,ΚΚΕ,0.9342,,unknown,low,97,False
ΠΑΣΟΚ/ΚΙΝΑΛ,previous_vote_party,ΚΚΕ,5.0626,,unknown,low,97,False
ΣΥΡΙΖΑ,previous_vote_party,ΚΚΕ,10.7206,,unknown,low,97,False
other_party,previous_vote_party,ΜέΡΑ25,14.2387,,unknown,low,48,False
Ελληνική Λύση,previous_vote_party,ΜέΡΑ25,1.846,,unknown,low,48,False
ΚΚΕ,previous_vote_party,ΜέΡΑ25,7.8066,,unknown,low,48,False
ΜέΡΑ25,previous_vote_party,ΜέΡΑ25,32.847,,unknown,low,48,False
ΝΔ,previous_vote_party,ΜέΡΑ25,1.846,,unknown,low,48,False
ΠΑΣΟΚ/ΚΙΝΑΛ,previous_vote_party,ΜέΡΑ25,23.4269,,unknown,low,48,False
ΣΥΡΙΖΑ,previous_vote_party,ΜέΡΑ25,17.9886,,unknown,low,48,False
other_party,previous_vote_party,ΝΔ,2.9646,,unknown,high,619,False
Ένωση Κεντρώων,previous_vote_party,ΝΔ,0.16,,unknown,high,619,False
Ελληνική Λύση,previous_vote_party,ΝΔ,1.488,,unknown,high,619,False
ΚΚΕ,previous_vote_party,ΝΔ,0.588,,unknown,high,619,False
ΜέΡΑ25,previous_vote_party,ΝΔ,0.3042,,unknown,high,619,False
ΝΔ,previous_vote_party,ΝΔ,83.328,,unknown,high,619,False
ΠΑΣΟΚ/ΚΙΝΑΛ,previous_vote_party,ΝΔ,6.7426,,unknown,high,619,False
Πλεύση Ελευθερίας,previous_vote_party,ΝΔ,0.2177,,unknown,high,619,False
ΣΥΡΙΖΑ,previous_vote_party,ΝΔ,4.0674,,unknown,high,619,False
Χρυσή Αυγή,previous_vote_party,ΝΔ,0.1395,,unknown,high,619,False
other_party,previous_vote_party,ΠΑΣΟΚ/ΚΙΝΑΛ,7.2706,,unknown,medium,116,False
ΚΚΕ,previous_vote_party,ΠΑΣΟΚ/ΚΙΝΑΛ,0.3685,,unknown,medium,116,False
ΝΔ,previous_vote_party,ΠΑΣΟΚ/ΚΙΝΑΛ,14.8701,,unknown,medium,116,False
ΠΑΣΟΚ/ΚΙΝΑΛ,previous_vote_party,ΠΑΣΟΚ/ΚΙΝΑΛ,71.7226,,unknown,medium,116,False
ΣΥΡΙΖΑ,previous_vote_party,ΠΑΣΟΚ/ΚΙΝΑΛ,5.7682,,unknown,medium,116,False
other_party,previous_vote_party,Πλεύση Ελευθερίας,42.7508,,unknown,low,12,False
ΝΔ,previous_vote_party,Πλεύση Ελευθερίας,3.5952,,unknown,low,12,False
ΠΑΣΟΚ/ΚΙΝΑΛ,previous_vote_party,Πλεύση Ελευθερίας,8.7998,,unknown,low,12,False
Πλεύση Ελευθερίας,previous_vote_party,Πλεύση Ελευθερίας,44.8542,,unknown,low,12,False
other_party,previous_vote_party,ΣΥΡΙΖΑ,3.4004,,unknown,high,334,False
Ελληνική Λύση,previous_vote_party,ΣΥΡΙΖΑ,1.1283,,unknown,high,334,False
ΚΚΕ,previous_vote_party,ΣΥΡΙΖΑ,2.3422,,unknown,high,334,False
ΜέΡΑ25,previous_vote_party,ΣΥΡΙΖΑ,3.6005,,unknown,high,334,False
ΝΔ,previous_vote_party,ΣΥΡΙΖΑ,2.9056,,unknown,high,334,False
ΠΑΣΟΚ/ΚΙΝΑΛ,previous_vote_party,ΣΥΡΙΖΑ,4.177,,unknown,high,334,False
Πλεύση Ελευθερίας,previous_vote_party,ΣΥΡΙΖΑ,0.1728,,unknown,high,334,False
ΣΥΡΙΖΑ,previous_vote_party,ΣΥΡΙΖΑ,82.2732,,unknown,high,334,False
Ελληνική Λύση,previous_vote_party,Χρυσή Αυγή,13.7306,,unknown,low,11,False
ΝΔ,previous_vote_party,Χρυσή Αυγή,12.5979,,unknown,low,11,False
Πλεύση Ελευθερίας,previous_vote_party,Χρυσή Αυγή,7.1605,,unknown,low,11,False
Χρυσή Αυγή,previous_vote_party,Χρυσή Αυγή,66.5109,,unknown,low,11,False
other_party,region_group,Ήπειρος,4.0104,,unknown,low,42,False
Ένωση Κεντρώων,region_group,Ήπειρος,2.352,,unknown,low,42,False
Ελληνική Λύση,region_group,Ήπειρος,3.6911,,unknown,low,42,False
ΚΚΕ,region_group,Ήπειρος,3.7389,,unknown,low,42,False
ΜέΡΑ25,region_group,Ήπειρος,2.5514,,unknown,low,42,False
ΝΔ,region_group,Ήπειρος,29.5516,,unknown,low,42,False
ΠΑΣΟΚ/ΚΙΝΑΛ,region_group,Ήπειρος,11.7332,,unknown,low,42,False
Πλεύση Ελευθερίας,region_group,Ήπειρος,3.8141,,unknown,low,42,False
ΣΥΡΙΖΑ,region_group,Ήπειρος,29.7169,,unknown,low,42,False
Χρυσή Αυγή,region_group,Ήπειρος,8.8404,,unknown,low,42,False
other_party,region_group,Ανατολική Μακεδονία Θράκη,7.6369,,unknown,low,66,False
Ελληνική Λύση,region_group,Ανατολική Μακεδονία Θράκη,15.7117,,unknown,low,66,False
ΚΚΕ,region_group,Ανατολική Μακεδονία Θράκη,2.5703,,unknown,low,66,False
ΜέΡΑ25,region_group,Ανατολική Μακεδονία Θράκη,3.7039,,unknown,low,66,False
ΝΔ,region_group,Ανατολική Μακεδονία Θράκη,33.5671,,unknown,low,66,False
ΠΑΣΟΚ/ΚΙΝΑΛ,region_group,Ανατολική Μακεδονία Θράκη,14.0446,,unknown,low,66,False
ΣΥΡΙΖΑ,region_group,Ανατολική Μακεδονία Θράκη,21.2266,,unknown,low,66,False
Χρυσή Αυγή,region_group,Ανατολική Μακεδονία Θράκη,1.5391,,unknown,low,66,False
other_party,region_group,Αττική,5.0189,,unknown,high,624,False
Ένωση Κεντρώων,region_group,Αττική,0.2643,,unknown,high,624,False
Ελληνική Λύση,region_group,Αττική,2.8141,,unknown,high,624,False
ΚΚΕ,region_group,Αττική,4.765,,unknown,high,624,False
ΜέΡΑ25,region_group,Αττική,2.8031,,unknown,high,624,False
ΝΔ,region_group,Αττική,42.3056,,unknown,high,624,False
ΠΑΣΟΚ/ΚΙΝΑΛ,region_group,Αττική,9.427,,unknown,high,624,False
Πλεύση Ελευθερίας,region_group,Αττική,0.4247,,unknown,high,624,False
ΣΥΡΙΖΑ,region_group,Αττική,31.9897,,unknown,high,624,False
Χρυσή Αυγή,region_group,Αττική,0.1875,,unknown,high,624,False
other_party,region_group,Βόρειο Αιγαίο,2.9829,,unknown,low,29,False
Ελληνική Λύση,region_group,Βόρειο Αιγαίο,2.0348,,unknown,low,29,False
ΚΚΕ,region_group,Βόρειο Αιγαίο,2.2188,,unknown,low,29,False
ΜέΡΑ25,region_group,Βόρειο Αιγαίο,5.804,,unknown,low,29,False
ΝΔ,region_group,Βόρειο Αιγαίο,47.1462,,unknown,low,29,False
ΠΑΣΟΚ/ΚΙΝΑΛ,region_group,Βόρειο Αιγαίο,21.7833,,unknown,low,29,False
ΣΥΡΙΖΑ,region_group,Βόρειο Αιγαίο,18.0299,,unknown,low,29,False
other_party,region_group,Δεν γνωρίζω/ Δεν απαντώ,0.1286,,unknown,low,9,False
ΚΚΕ,region_group,Δεν γνωρίζω/ Δεν απαντώ,41.7766,,unknown,low,9,False
ΝΔ,region_group,Δεν γνωρίζω/ Δεν απαντώ,0.0,,unknown,low,9,False
ΠΑΣΟΚ/ΚΙΝΑΛ,region_group,Δεν γνωρίζω/ Δεν απαντώ,38.5627,,unknown,low,9,False
ΣΥΡΙΖΑ,region_group,Δεν γνωρίζω/ Δεν απαντώ,19.5321,,unknown,low,9,False
other_party,region_group,Δυτική Ελλάδα,7.65,,unknown,low,76,False
Ένωση Κεντρώων,region_group,Δυτική Ελλάδα,1.6705,,unknown,low,76,False
Ελληνική Λύση,region_group,Δυτική Ελλάδα,1.1342,,unknown,low,76,False
ΚΚΕ,region_group,Δυτική Ελλάδα,7.3946,,unknown,low,76,False
ΜέΡΑ25,region_group,Δυτική Ελλάδα,1.9884,,unknown,low,76,False
ΝΔ,region_group,Δυτική Ελλάδα,28.0563,,unknown,low,76,False
ΠΑΣΟΚ/ΚΙΝΑΛ,region_group,Δυτική Ελλάδα,22.6568,,unknown,low,76,False
Πλεύση Ελευθερίας,region_group,Δυτική Ελλάδα,0.9699,,unknown,low,76,False
ΣΥΡΙΖΑ,region_group,Δυτική Ελλάδα,26.9655,,unknown,low,76,False
Χρυσή Αυγή,region_group,Δυτική Ελλάδα,1.5137,,unknown,low,76,False
other_party,region_group,Δυτική Μακεδονία,10.9575,,unknown,low,48,False
Ελληνική Λύση,region_group,Δυτική Μακεδονία,3.2407,,unknown,low,48,False
ΚΚΕ,region_group,Δυτική Μακεδονία,3.8759,,unknown,low,48,False
ΝΔ,region_group,Δυτική Μακεδονία,45.1085,,unknown,low,48,False
ΠΑΣΟΚ/ΚΙΝΑΛ,region_group,Δυτική Μακεδονία,15.9891,,unknown,low,48,False
ΣΥΡΙΖΑ,region_group,Δυτική Μακεδονία,20.8283,,unknown,low,48,False
other_party,region_group,Θεσσαλία,5.3174,,unknown,low,79,False
Ελληνική Λύση,region_group,Θεσσαλία,6.4346,,unknown,low,79,False
ΚΚΕ,region_group,Θεσσαλία,4.1265,,unknown,low,79,False
ΜέΡΑ25,region_group,Θεσσαλία,2.9757,,unknown,low,79,False
ΝΔ,region_group,Θεσσαλία,32.5521,,unknown,low,79,False
ΠΑΣΟΚ/ΚΙΝΑΛ,region_group,Θεσσαλία,10.21,,unknown,low,79,False
Πλεύση Ελευθερίας,region_group,Θεσσαλία,0.2626,,unknown,low,79,False
ΣΥΡΙΖΑ,region_group,Θεσσαλία,38.121,,unknown,low,79,False
other_party,region_group,Ιόνια νησιά,15.0483,,unknown,low,43,False
Ελληνική Λύση,region_group,Ιόνια νησιά,1.901,,unknown,low,43,False
ΚΚΕ,region_group,Ιόνια νησιά,17.7821,,unknown,low,43,False
ΜέΡΑ25,region_group,Ιόνια νησιά,3.5439,,unknown,low,43,False
ΝΔ,region_group,Ιόνια νησιά,17.091,,unknown,low,43,False
ΠΑΣΟΚ/ΚΙΝΑΛ,region_group,Ιόνια νησιά,12.9397,,unknown,low,43,False
ΣΥΡΙΖΑ,region_group,Ιόνια νησιά,31.694,,unknown,low,43,False
other_party,region_group,Κεντρική Μακεδονία,11.6001,,unknown,medium,220,False
Ένωση Κεντρώων,region_group,Κεντρική Μακεδονία,0.0009,,unknown,medium,220,False
Ελληνική Λύση,region_group,Κεντρική Μακεδονία,9.1081,,unknown,medium,220,False
ΚΚΕ,region_group,Κεντρική Μακεδονία,4.8151,,unknown,medium,220,False
ΜέΡΑ25,region_group,Κεντρική Μακεδονία,2.6346,,unknown,medium,220,False
ΝΔ,region_group,Κεντρική Μακεδονία,28.812,,unknown,medium,220,False
ΠΑΣΟΚ/ΚΙΝΑΛ,region_group,Κεντρική Μακεδονία,16.2317,,unknown,medium,220,False
Πλεύση Ελευθερίας,region_group,Κεντρική Μακεδονία,1.5331,,unknown,medium,220,False
ΣΥΡΙΖΑ,region_group,Κεντρική Μακεδονία,23.7653,,unknown,medium,220,False
Χρυσή Αυγή,region_group,Κεντρική Μακεδονία,1.4992,,unknown,medium,220,False
other_party,region_group,Κρήτη,3.1583,,unknown,low,89,False
Ένωση Κεντρώων,region_group,Κρήτη,1.1325,,unknown,low,89,False
Ελληνική Λύση,region_group,Κρήτη,1.0758,,unknown,low,89,False
ΚΚΕ,region_group,Κρήτη,6.4753,,unknown,low,89,False
ΜέΡΑ25,region_group,Κρήτη,2.437,,unknown,low,89,False
ΝΔ,region_group,Κρήτη,26.614,,unknown,low,89,False
ΠΑΣΟΚ/ΚΙΝΑΛ,region_group,Κρήτη,19.4134,,unknown,low,89,False
ΣΥΡΙΖΑ,region_group,Κρήτη,39.6937,,unknown,low,89,False
other_party,region_group,Νότιο Αιγαίο,7.7871,,unknown,low,73,False
Ελληνική Λύση,region_group,Νότιο Αιγαίο,3.542,,unknown,low,73,False
ΚΚΕ,region_group,Νότιο Αιγαίο,9.1066,,unknown,low,73,False
ΜέΡΑ25,region_group,Νότιο Αιγαίο,2.1251,,unknown,low,73,False
ΝΔ,region_group,Νότιο Αιγαίο,41.0287,,unknown,low,73,False
ΠΑΣΟΚ/ΚΙΝΑΛ,region_group,Νότιο Αιγαίο,10.6573,,unknown,low,73,False
Πλεύση Ελευθερίας,region_group,Νότιο Αιγαίο,2.4952,,unknown,low,73,False
ΣΥΡΙΖΑ,region_group,Νότιο Αιγαίο,23.2579,,unknown,low,73,False
other_party,region_group,Πελοπόννησος,1.8655,,unknown,low,88,False
Ελληνική Λύση,region_group,Πελοπόννησος,1.8727,,unknown,low,88,False
ΚΚΕ,region_group,Πελοπόννησος,1.6514,,unknown,low,88,False
ΝΔ,region_group,Πελοπόννησος,39.2106,,unknown,low,88,False
ΠΑΣΟΚ/ΚΙΝΑΛ,region_group,Πελοπόννησος,8.6685,,unknown,low,88,False
Πλεύση Ελευθερίας,region_group,Πελοπόννησος,1.2102,,unknown,low,88,False
ΣΥΡΙΖΑ,region_group,Πελοπόννησος,44.6022,,unknown,low,88,False
Χρυσή Αυγή,region_group,Πελοπόννησος,0.919,,unknown,low,88,False
other_party,region_group,Στερεά Ελλάδα,4.0229,,unknown,low,70,False
Ελληνική Λύση,region_group,Στερεά Ελλάδα,2.4896,,unknown,low,70,False
ΚΚΕ,region_group,Στερεά Ελλάδα,18.07,,unknown,low,70,False
ΜέΡΑ25,region_group,Στερεά Ελλάδα,1.6249,,unknown,low,70,False
ΝΔ,region_group,Στερεά Ελλάδα,29.5381,,unknown,low,70,False
ΠΑΣΟΚ/ΚΙΝΑΛ,region_group,Στερεά Ελλάδα,14.5303,,unknown,low,70,False
ΣΥΡΙΖΑ,region_group,Στερεά Ελλάδα,29.7241,,unknown,low,70,False
other_party,gender,female,4.7529,2022,Q4,high,612,True
Ελληνική Λύση,gender,female,2.5586,2022,Q4,high,612,True
ΚΚΕ,gender,female,7.3759,2022,Q4,high,612,True
ΜέΡΑ25,gender,female,2.6084,2022,Q4,high,612,True
ΝΔ,gender,female,39.7093,2022,Q4,high,612,True
ΠΑΣΟΚ/ΚΙΝΑΛ,gender,female,12.578,2022,Q4,high,612,True
Πλεύση Ελευθερίας,gender,female,0.5578,2022,Q4,high,612,True
ΣΥΡΙΖΑ,gender,female,27.6009,2022,Q4,high,612,True
Χρυσή Αυγή,gender,female,2.2583,2022,Q4,high,612,True
other_party,gender,male,5.9983,2022,Q4,high,1151,True
Ελληνική Λύση,gender,male,3.9158,2022,Q4,high,1151,True
ΚΚΕ,gender,male,5.9115,2022,Q4,high,1151,True
ΜέΡΑ25,gender,male,4.4538,2022,Q4,high,1151,True
ΝΔ,gender,male,36.6399,2022,Q4,high,1151,True
ΠΑΣΟΚ/ΚΙΝΑΛ,gender,male,13.461,2022,Q4,high,1151,True
Πλεύση Ελευθερίας,gender,male,0.5939,2022,Q4,high,1151,True
ΣΥΡΙΖΑ,gender,male,27.6084,2022,Q4,high,1151,True
Χρυσή Αυγή,gender,male,1.4174,2022,Q4,high,1151,True
other_party,age_group,18-24,8.1455,2022,Q4,medium,126,True
Ελληνική Λύση,age_group,18-24,1.7362,2022,Q4,medium,126,True
ΚΚΕ,age_group,18-24,4.2584,2022,Q4,medium,126,True
ΜέΡΑ25,age_group,18-24,2.9657,2022,Q4,medium,126,True
ΝΔ,age_group,18-24,23.4308,2022,Q4,medium,126,True
ΠΑΣΟΚ/ΚΙΝΑΛ,age_group,18-24,24.984,2022,Q4,medium,126,True
Πλεύση Ελευθερίας,age_group,18-24,1.4154,2022,Q4,medium,126,True
ΣΥΡΙΖΑ,age_group,18-24,26.9662,2022,Q4,medium,126,True
Χρυσή Αυγή,age_group,18-24,6.098,2022,Q4,medium,126,True
other_party,age_group,25-39,7.3629,2022,Q4,high,414,True
Ελληνική Λύση,age_group,25-39,2.3186,2022,Q4,high,414,True
ΚΚΕ,age_group,25-39,10.1392,2022,Q4,high,414,True
ΜέΡΑ25,age_group,25-39,5.9996,2022,Q4,high,414,True
ΝΔ,age_group,25-39,27.8149,2022,Q4,high,414,True
ΠΑΣΟΚ/ΚΙΝΑΛ,age_group,25-39,13.2675,2022,Q4,high,414,True
Πλεύση Ελευθερίας,age_group,25-39,0.8096,2022,Q4,high,414,True
ΣΥΡΙΖΑ,age_group,25-39,29.2493,2022,Q4,high,414,True
Χρυσή Αυγή,age_group,25-39,3.0384,2022,Q4,high,414,True
other_party,age_group,40-54,8.2236,2022,Q4,high,745,True
Ελληνική Λύση,age_group,40-54,3.0265,2022,Q4,high,745,True
ΚΚΕ,age_group,40-54,7.508,2022,Q4,high,745,True
ΜέΡΑ25,age_group,40-54,2.3824,2022,Q4,high,745,True
ΝΔ,age_group,40-54,37.0429,2022,Q4,high,745,True
ΠΑΣΟΚ/ΚΙΝΑΛ,age_group,40-54,12.0264,2022,Q4,high,745,True
Πλεύση Ελευθερίας,age_group,40-54,0.2786,2022,Q4,high,745,True
ΣΥΡΙΖΑ,age_group,40-54,28.4874,2022,Q4,high,745,True
Χρυσή Αυγή,age_group,40-54,1.0242,2022,Q4,high,745,True
other_party,age_group,55+,2.3406,2022,Q4,high,478,True
Ελληνική Λύση,age_group,55+,4.088,2022,Q4,high,478,True
ΚΚΕ,age_group,55+,4.8807,2022,Q4,high,478,True
ΜέΡΑ25,age_group,55+,3.4024,2022,Q4,high,478,True
ΝΔ,age_group,55+,45.5162,2022,Q4,high,478,True
ΠΑΣΟΚ/ΚΙΝΑΛ,age_group,55+,11.6924,2022,Q4,high,478,True
Πλεύση Ελευθερίας,age_group,55+,0.533,2022,Q4,high,478,True
ΣΥΡΙΖΑ,age_group,55+,26.437,2022,Q4,high,478,True
Χρυσή Αυγή,age_group,55+,1.1097,2022,Q4,high,478,True
other_party,education_group,high_education,4.873,2022,Q4,high,1144,True
Ελληνική Λύση,education_group,high_education,2.3056,2022,Q4,high,1144,True
ΚΚΕ,education_group,high_education,7.1473,2022,Q4,high,1144,True
ΜέΡΑ25,education_group,high_education,4.3423,2022,Q4,high,1144,True
ΝΔ,education_group,high_education,37.4419,2022,Q4,high,1144,True
ΠΑΣΟΚ/ΚΙΝΑΛ,education_group,high_education,12.4179,2022,Q4,high,1144,True
Πλεύση Ελευθερίας,education_group,high_education,0.5469,2022,Q4,high,1144,True
ΣΥΡΙΖΑ,education_group,high_education,30.6246,2022,Q4,high,1144,True
Χρυσή Αυγή,education_group,high_education,0.3005,2022,Q4,high,1144,True
other_party,education_group,low_education,3.7706,2022,Q4,low,58,True
Ελληνική Λύση,education_group,low_education,8.8199,2022,Q4,low,58,True
ΚΚΕ,education_group,low_education,1.8347,2022,Q4,low,58,True
ΜέΡΑ25,education_group,low_education,1.2502,2022,Q4,low,58,True
ΝΔ,education_group,low_education,45.6463,2022,Q4,low,58,True
ΠΑΣΟΚ/ΚΙΝΑΛ,education_group,low_education,12.3802,2022,Q4,low,58,True
ΣΥΡΙΖΑ,education_group,low_education,16.341,2022,Q4,low,58,True
Χρυσή Αυγή,education_group,low_education,9.9571,2022,Q4,low,58,True
other_party,education_group,medium_education,6.8823,2022,Q4,high,546,True
Ελληνική Λύση,education_group,medium_education,4.5905,2022,Q4,high,546,True
ΚΚΕ,education_group,medium_education,6.2644,2022,Q4,high,546,True
ΜέΡΑ25,education_group,medium_education,2.433,2022,Q4,high,546,True
ΝΔ,education_group,medium_education,38.3957,2022,Q4,high,546,True
ΠΑΣΟΚ/ΚΙΝΑΛ,education_group,medium_education,13.5644,2022,Q4,high,546,True
Πλεύση Ελευθερίας,education_group,medium_education,0.7331,2022,Q4,high,546,True
ΣΥΡΙΖΑ,education_group,medium_education,23.3815,2022,Q4,high,546,True
Χρυσή Αυγή,education_group,medium_education,3.7551,2022,Q4,high,546,True
ΚΚΕ,education_group,Δεν γνωρίζω/Δεν απαντώ,2.0378,2022,Q4,low,15,True
ΝΔ,education_group,Δεν γνωρίζω/Δεν απαντώ,37.7776,2022,Q4,low,15,True
ΠΑΣΟΚ/ΚΙΝΑΛ,education_group,Δεν γνωρίζω/Δεν απαντώ,45.0529,2022,Q4,low,15,True
ΣΥΡΙΖΑ,education_group,Δεν γνωρίζω/Δεν απαντώ,11.2947,2022,Q4,low,15,True
Χρυσή Αυγή,education_group,Δεν γνωρίζω/Δεν απαντώ,3.837,2022,Q4,low,15,True
other_party,occupation_group,homemaker,4.0177,2022,Q4,low,32,True
Ελληνική Λύση,occupation_group,homemaker,4.4453,2022,Q4,low,32,True
ΚΚΕ,occupation_group,homemaker,2.366,2022,Q4,low,32,True
ΝΔ,occupation_group,homemaker,43.3464,2022,Q4,low,32,True
ΠΑΣΟΚ/ΚΙΝΑΛ,occupation_group,homemaker,18.5956,2022,Q4,low,32,True
Πλεύση Ελευθερίας,occupation_group,homemaker,1.3644,2022,Q4,low,32,True
ΣΥΡΙΖΑ,occupation_group,homemaker,25.8645,2022,Q4,low,32,True
other_party,occupation_group,private_sector,7.1309,2022,Q4,high,555,True
Ελληνική Λύση,occupation_group,private_sector,3.3026,2022,Q4,high,555,True
ΚΚΕ,occupation_group,private_sector,9.7697,2022,Q4,high,555,True
ΜέΡΑ25,occupation_group,private_sector,3.0612,2022,Q4,high,555,True
ΝΔ,occupation_group,private_sector,31.1338,2022,Q4,high,555,True
ΠΑΣΟΚ/ΚΙΝΑΛ,occupation_group,private_sector,14.1317,2022,Q4,high,555,True
Πλεύση Ελευθερίας,occupation_group,private_sector,0.5467,2022,Q4,high,555,True
ΣΥΡΙΖΑ,occupation_group,private_sector,29.4284,2022,Q4,high,555,True
Χρυσή Αυγή,occupation_group,private_sector,1.4949,2022,Q4,high,555,True
other_party,occupation_group,public_sector,9.7363,2022,Q4,medium,262,True
Ελληνική Λύση,occupation_group,public_sector,0.9284,2022,Q4,medium,262,True
ΚΚΕ,occupation_group,public_sector,4.8359,2022,Q4,medium,262,True
ΜέΡΑ25,occupation_group,public_sector,1.7289,2022,Q4,medium,262,True
ΝΔ,occupation_group,public_sector,32.4546,2022,Q4,medium,262,True
ΠΑΣΟΚ/ΚΙΝΑΛ,occupation_group,public_sector,14.3356,2022,Q4,medium,262,True
Πλεύση Ελευθερίας,occupation_group,public_sector,0.3938,2022,Q4,medium,262,True
ΣΥΡΙΖΑ,occupation_group,public_sector,35.3188,2022,Q4,medium,262,True
Χρυσή Αυγή,occupation_group,public_sector,0.2677,2022,Q4,medium,262,True
other_party,occupation_group,retired,1.4034,2022,Q4,medium,220,True
Ελληνική Λύση,occupation_group,retired,4.9653,2022,Q4,medium,220,True
ΚΚΕ,occupation_group,retired,5.656,2022,Q4,medium,220,True
ΜέΡΑ25,occupation_group,retired,5.0213,2022,Q4,medium,220,True
ΝΔ,occupation_group,retired,47.1758,2022,Q4,medium,220,True
ΠΑΣΟΚ/ΚΙΝΑΛ,occupation_group,retired,12.3056,2022,Q4,medium,220,True
Πλεύση Ελευθερίας,occupation_group,retired,0.6838,2022,Q4,medium,220,True
ΣΥΡΙΖΑ,occupation_group,retired,22.789,2022,Q4,medium,220,True
other_party,occupation_group,self_employed,5.2369,2022,Q4,high,425,True
Ελληνική Λύση,occupation_group,self_employed,2.725,2022,Q4,high,425,True
ΚΚΕ,occupation_group,self_employed,4.7713,2022,Q4,high,425,True
ΜέΡΑ25,occupation_group,self_employed,4.5406,2022,Q4,high,425,True
ΝΔ,occupation_group,self_employed,41.6582,2022,Q4,high,425,True
ΠΑΣΟΚ/ΚΙΝΑΛ,occupation_group,self_employed,8.3937,2022,Q4,high,425,True
Πλεύση Ελευθερίας,occupation_group,self_employed,0.4096,2022,Q4,high,425,True
ΣΥΡΙΖΑ,occupation_group,self_employed,29.3387,2022,Q4,high,425,True
Χρυσή Αυγή,occupation_group,self_employed,2.926,2022,Q4,high,425,True
other_party,occupation_group,student,8.5479,2022,Q4,low,88,True
Ελληνική Λύση,occupation_group,student,1.8791,2022,Q4,low,88,True
ΚΚΕ,occupation_group,student,10.5748,2022,Q4,low,88,True
ΜέΡΑ25,occupation_group,student,3.3558,2022,Q4,low,88,True
ΝΔ,occupation_group,student,23.5807,2022,Q4,low,88,True
ΠΑΣΟΚ/ΚΙΝΑΛ,occupation_group,student,19.9575,2022,Q4,low,88,True
Πλεύση Ελευθερίας,occupation_group,student,1.9721,2022,Q4,low,88,True
ΣΥΡΙΖΑ,occupation_group,student,23.7432,2022,Q4,low,88,True
Χρυσή Αυγή,occupation_group,student,6.3888,2022,Q4,low,88,True
other_party,occupation_group,unemployed,5.0411,2022,Q4,low,88,True
Ελληνική Λύση,occupation_group,unemployed,5.1012,2022,Q4,low,88,True
ΚΚΕ,occupation_group,unemployed,7.39,2022,Q4,low,88,True
ΜέΡΑ25,occupation_group,unemployed,1.6063,2022,Q4,low,88,True
ΝΔ,occupation_group,unemployed,32.6135,2022,Q4,low,88,True
ΠΑΣΟΚ/ΚΙΝΑΛ,occupation_group,unemployed,13.1064,2022,Q4,low,88,True
ΣΥΡΙΖΑ,occupation_group,unemployed,24.383,2022,Q4,low,88,True
Χρυσή Αυγή,occupation_group,unemployed,10.7585,2022,Q4,low,88,True
other_party,occupation_group,Αγρότης,9.1482,2022,Q4,low,41,True
ΚΚΕ,occupation_group,Αγρότης,5.3944,2022,Q4,low,41,True
ΜέΡΑ25,occupation_group,Αγρότης,1.1718,2022,Q4,low,41,True
ΝΔ,occupation_group,Αγρότης,34.7484,2022,Q4,low,41,True
ΠΑΣΟΚ/ΚΙΝΑΛ,occupation_group,Αγρότης,25.5443,2022,Q4,low,41,True
ΣΥΡΙΖΑ,occupation_group,Αγρότης,23.993,2022,Q4,low,41,True
ΚΚΕ,occupation_group,Βοηθός σε οικογενειακή επιχείρηση,14.5378,2022,Q4,low,12,True
ΜέΡΑ25,occupation_group,Βοηθός σε οικογενειακή επιχείρηση,13.7178,2022,Q4,low,12,True
ΝΔ,occupation_group,Βοηθός σε οικογενειακή επιχείρηση,63.7435,2022,Q4,low,12,True
ΣΥΡΙΖΑ,occupation_group,Βοηθός σε οικογενειακή επιχείρηση,8.0009,2022,Q4,low,12,True
other_party,occupation_group,Δεν απαντώ,2.0635,2022,Q4,low,29,True
Ελληνική Λύση,occupation_group,Δεν απαντώ,5.5954,2022,Q4,low,29,True
ΚΚΕ,occupation_group,Δεν απαντώ,2.0244,2022,Q4,low,29,True
ΜέΡΑ25,occupation_group,Δεν απαντώ,2.0049,2022,Q4,low,29,True
ΝΔ,occupation_group,Δεν απαντώ,29.6422,2022,Q4,low,29,True
ΠΑΣΟΚ/ΚΙΝΑΛ,occupation_group,Δεν απαντώ,16.6401,2022,Q4,low,29,True
ΣΥΡΙΖΑ,occupation_group,Δεν απαντώ,38.7071,2022,Q4,low,29,True
Χρυσή Αυγή,occupation_group,Δεν απαντώ,3.3224,2022,Q4,low,29,True
other_party,occupation_group,Εισοδηματίας,10.7223,2022,Q4,low,11,True
ΚΚΕ,occupation_group,Εισοδηματίας,11.4461,2022,Q4,low,11,True
ΝΔ,occupation_group,Εισοδηματίας,59.2761,2022,Q4,low,11,True
ΠΑΣΟΚ/ΚΙΝΑΛ,occupation_group,Εισοδηματίας,7.1689,2022,Q4,low,11,True
ΣΥΡΙΖΑ,occupation_group,Εισοδηματίας,8.1079,2022,Q4,low,11,True
Χρυσή Αυγή,occupation_group,Εισοδηματίας,3.2787,2022,Q4,low,11,True
other_party,left_right_group,center,3.3086,2022,Q4,high,699,True
Ελληνική Λύση,left_right_group,center,1.6673,2022,Q4,high,699,True
ΚΚΕ,left_right_group,center,2.5079,2022,Q4,high,699,True
ΜέΡΑ25,left_right_group,center,2.0673,2022,Q4,high,699,True
ΝΔ,left_right_group,center,40.8893,2022,Q4,high,699,True
ΠΑΣΟΚ/ΚΙΝΑΛ,left_right_group,center,21.0674,2022,Q4,high,699,True
Πλεύση Ελευθερίας,left_right_group,center,0.6139,2022,Q4,high,699,True
ΣΥΡΙΖΑ,left_right_group,center,27.1462,2022,Q4,high,699,True
Χρυσή Αυγή,left_right_group,center,0.7322,2022,Q4,high,699,True
other_party,left_right_group,left,4.7648,2022,Q4,medium,249,True
ΚΚΕ,left_right_group,left,20.0374,2022,Q4,medium,249,True
ΜέΡΑ25,left_right_group,left,7.0287,2022,Q4,medium,249,True
ΝΔ,left_right_group,left,0.1139,2022,Q4,medium,249,True
ΠΑΣΟΚ/ΚΙΝΑΛ,left_right_group,left,8.7877,2022,Q4,medium,249,True
Πλεύση Ελευθερίας,left_right_group,left,0.1105,2022,Q4,medium,249,True
ΣΥΡΙΖΑ,left_right_group,left,59.157,2022,Q4,medium,249,True
other_party,left_right_group,right,7.5899,2022,Q4,high,815,True
Ελληνική Λύση,left_right_group,right,5.9705,2022,Q4,high,815,True
ΚΚΕ,left_right_group,right,5.422,2022,Q4,high,815,True
ΜέΡΑ25,left_right_group,right,3.7058,2022,Q4,high,815,True
ΝΔ,left_right_group,right,49.5503,2022,Q4,high,815,True
ΠΑΣΟΚ/ΚΙΝΑΛ,left_right_group,right,7.2,2022,Q4,high,815,True
Πλεύση Ελευθερίας,left_right_group,right,0.715,2022,Q4,high,815,True
ΣΥΡΙΖΑ,left_right_group,right,16.3594,2022,Q4,high,815,True
Χρυσή Αυγή,left_right_group,right,3.4871,2022,Q4,high,815,True
other_party,previous_vote_party,other_party,28.8016,2022,Q4,medium,199,True
Ελληνική Λύση,previous_vote_party,other_party,1.9441,2022,Q4,medium,199,True
ΚΚΕ,previous_vote_party,other_party,7.316,2022,Q4,medium,199,True
ΜέΡΑ25,previous_vote_party,other_party,1.835,2022,Q4,medium,199,True
ΝΔ,previous_vote_party,other_party,20.9819,2022,Q4,medium,199,True
ΠΑΣΟΚ/ΚΙΝΑΛ,previous_vote_party,other_party,19.7954,2022,Q4,medium,199,True
Πλεύση Ελευθερίας,previous_vote_party,other_party,0.8938,2022,Q4,medium,199,True
ΣΥΡΙΖΑ,previous_vote_party,other_party,17.1647,2022,Q4,medium,199,True
Χρυσή Αυγή,previous_vote_party,other_party,1.2675,2022,Q4,medium,199,True
other_party,previous_vote_party,Ένωση Κεντρώων,29.4537,2022,Q4,low,12,True
ΜέΡΑ25,previous_vote_party,Ένωση Κεντρώων,20.753,2022,Q4,low,12,True
ΝΔ,previous_vote_party,Ένωση Κεντρώων,11.5644,2022,Q4,low,12,True
ΠΑΣΟΚ/ΚΙΝΑΛ,previous_vote_party,Ένωση Κεντρώων,20.9121,2022,Q4,low,12,True
ΣΥΡΙΖΑ,previous_vote_party,Ένωση Κεντρώων,9.1155,2022,Q4,low,12,True
Χρυσή Αυγή,previous_vote_party,Ένωση Κεντρώων,8.2013,2022,Q4,low,12,True
other_party,previous_vote_party,Ελληνική Λύση,2.1094,2022,Q4,low,25,True
Ελληνική Λύση,previous_vote_party,Ελληνική Λύση,73.7689,2022,Q4,low,25,True
ΝΔ,previous_vote_party,Ελληνική Λύση,15.9928,2022,Q4,low,25,True
ΠΑΣΟΚ/ΚΙΝΑΛ,previous_vote_party,Ελληνική Λύση,2.07,2022,Q4,low,25,True
ΣΥΡΙΖΑ,previous_vote_party,Ελληνική Λύση,2.6753,2022,Q4,low,25,True
Χρυσή Αυγή,previous_vote_party,Ελληνική Λύση,3.3836,2022,Q4,low,25,True
ΚΚΕ,previous_vote_party,ΚΚΕ,88.6601,2022,Q4,medium,106,True
ΜέΡΑ25,previous_vote_party,ΚΚΕ,3.6294,2022,Q4,medium,106,True
ΠΑΣΟΚ/ΚΙΝΑΛ,previous_vote_party,ΚΚΕ,4.2437,2022,Q4,medium,106,True
ΣΥΡΙΖΑ,previous_vote_party,ΚΚΕ,3.4668,2022,Q4,medium,106,True
other_party,previous_vote_party,ΜέΡΑ25,2.4791,2022,Q4,low,68,True
Ελληνική Λύση,previous_vote_party,ΜέΡΑ25,1.0503,2022,Q4,low,68,True
ΚΚΕ,previous_vote_party,ΜέΡΑ25,0.8279,2022,Q4,low,68,True
ΜέΡΑ25,previous_vote_party,ΜέΡΑ25,65.7783,2022,Q4,low,68,True
ΝΔ,previous_vote_party,ΜέΡΑ25,5.1692,2022,Q4,low,68,True
ΠΑΣΟΚ/ΚΙΝΑΛ,previous_vote_party,ΜέΡΑ25,5.3772,2022,Q4,low,68,True
ΣΥΡΙΖΑ,previous_vote_party,ΜέΡΑ25,9.6777,2022,Q4,low,68,True
Χρυσή Αυγή,previous_vote_party,ΜέΡΑ25,9.6403,2022,Q4,low,68,True
other_party,previous_vote_party,ΝΔ,2.3245,2022,Q4,high,773,True
Ελληνική Λύση,previous_vote_party,ΝΔ,1.4078,2022,Q4,high,773,True
ΚΚΕ,previous_vote_party,ΝΔ,0.1431,2022,Q4,high,773,True
ΜέΡΑ25,previous_vote_party,ΝΔ,1.3189,2022,Q4,high,773,True
ΝΔ,previous_vote_party,ΝΔ,85.9534,2022,Q4,high,773,True
ΠΑΣΟΚ/ΚΙΝΑΛ,previous_vote_party,ΝΔ,4.4827,2022,Q4,high,773,True
Πλεύση Ελευθερίας,previous_vote_party,ΝΔ,0.3162,2022,Q4,high,773,True
ΣΥΡΙΖΑ,previous_vote_party,ΝΔ,3.7338,2022,Q4,high,773,True
Χρυσή Αυγή,previous_vote_party,ΝΔ,0.3196,2022,Q4,high,773,True
other_party,previous_vote_party,ΠΑΣΟΚ/ΚΙΝΑΛ,0.7619,2022,Q4,medium,134,True
Ελληνική Λύση,previous_vote_party,ΠΑΣΟΚ/ΚΙΝΑΛ,1.2893,2022,Q4,medium,134,True
ΚΚΕ,previous_vote_party,ΠΑΣΟΚ/ΚΙΝΑΛ,0.3379,2022,Q4,medium,134,True
ΜέΡΑ25,previous_vote_party,ΠΑΣΟΚ/ΚΙΝΑΛ,0.5016,2022,Q4,medium,134,True
ΝΔ,previous_vote_party,ΠΑΣΟΚ/ΚΙΝΑΛ,24.0639,2022,Q4,medium,134,True
ΠΑΣΟΚ/ΚΙΝΑΛ,previous_vote_party,ΠΑΣΟΚ/ΚΙΝΑΛ,68.0982,2022,Q4,medium,134,True
ΣΥΡΙΖΑ,previous_vote_party,ΠΑΣΟΚ/ΚΙΝΑΛ,4.9473,2022,Q4,medium,134,True
Ελληνική Λύση,previous_vote_party,Πλεύση Ελευθερίας,6.2923,2022,Q4,low,11,True
ΜέΡΑ25,previous_vote_party,Πλεύση Ελευθερίας,2.9563,2022,Q4,low,11,True
ΝΔ,previous_vote_party,Πλεύση Ελευθερίας,35.0428,2022,Q4,low,11,True
ΠΑΣΟΚ/ΚΙΝΑΛ,previous_vote_party,Πλεύση Ελευθερίας,9.0572,2022,Q4,low,11,True
Πλεύση Ελευθερίας,previous_vote_party,Πλεύση Ελευθερίας,36.1503,2022,Q4,low,11,True
ΣΥΡΙΖΑ,previous_vote_party,Πλεύση Ελευθερίας,10.5011,2022,Q4,low,11,True
other_party,previous_vote_party,ΣΥΡΙΖΑ,1.4664,2022,Q4,high,362,True
Ελληνική Λύση,previous_vote_party,ΣΥΡΙΖΑ,0.3146,2022,Q4,high,362,True
ΚΚΕ,previous_vote_party,ΣΥΡΙΖΑ,3.4038,2022,Q4,high,362,True
ΜέΡΑ25,previous_vote_party,ΣΥΡΙΖΑ,2.7183,2022,Q4,high,362,True
ΝΔ,previous_vote_party,ΣΥΡΙΖΑ,6.3373,2022,Q4,high,362,True
ΠΑΣΟΚ/ΚΙΝΑΛ,previous_vote_party,ΣΥΡΙΖΑ,8.3584,2022,Q4,high,362,True
ΣΥΡΙΖΑ,previous_vote_party,ΣΥΡΙΖΑ,77.0808,2022,Q4,high,362,True
Χρυσή Αυγή,previous_vote_party,ΣΥΡΙΖΑ,0.3203,2022,Q4,high,362,True
other_party,previous_vote_party,Χρυσή Αυγή,5.7852,2022,Q4,low,23,True
ΝΔ,previous_vote_party,Χρυσή Αυγή,6.0633,2022,Q4,low,23,True
Πλεύση Ελευθερίας,previous_vote_party,Χρυσή Αυγή,4.6332,2022,Q4,low,23,True
Χρυσή Αυγή,previous_vote_party,Χρυσή Αυγή,83.5183,2022,Q4,low,23,True
other_party,region_group,Ήπειρος,5.9246,2022,Q4,low,51,True
ΚΚΕ,region_group,Ήπειρος,6.0193,2022,Q4,low,51,True
ΜέΡΑ25,region_group,Ήπειρος,0.9103,2022,Q4,low,51,True
ΝΔ,region_group,Ήπειρος,26.4761,2022,Q4,low,51,True
ΠΑΣΟΚ/ΚΙΝΑΛ,region_group,Ήπειρος,11.5683,2022,Q4,low,51,True
ΣΥΡΙΖΑ,region_group,Ήπειρος,46.8488,2022,Q4,low,51,True
Χρυσή Αυγή,region_group,Ήπειρος,2.2527,2022,Q4,low,51,True
other_party,region_group,Ανατολική Μακεδονία Θράκη,6.9367,2022,Q4,low,69,True
ΚΚΕ,region_group,Ανατολική Μακεδονία Θράκη,1.3539,2022,Q4,low,69,True
ΜέΡΑ25,region_group,Ανατολική Μακεδονία Θράκη,2.8082,2022,Q4,low,69,True
ΝΔ,region_group,Ανατολική Μακεδονία Θράκη,46.2694,2022,Q4,low,69,True
ΠΑΣΟΚ/ΚΙΝΑΛ,region_group,Ανατολική Μακεδονία Θράκη,18.9227,2022,Q4,low,69,True
ΣΥΡΙΖΑ,region_group,Ανατολική Μακεδονία Θράκη,18.9535,2022,Q4,low,69,True
Χρυσή Αυγή,region_group,Ανατολική Μακεδονία Θράκη,4.7555,2022,Q4,low,69,True
other_party,region_group,Αττική,4.7745,2022,Q4,high,749,True
Ελληνική Λύση,region_group,Αττική,3.7775,2022,Q4,high,749,True
ΚΚΕ,region_group,Αττική,9.6735,2022,Q4,high,749,True
ΜέΡΑ25,region_group,Αττική,2.3069,2022,Q4,high,749,True
ΝΔ,region_group,Αττική,38.9458,2022,Q4,high,749,True
ΠΑΣΟΚ/ΚΙΝΑΛ,region_group,Αττική,8.2138,2022,Q4,high,749,True
Πλεύση Ελευθερίας,region_group,Αττική,0.8134,2022,Q4,high,749,True
ΣΥΡΙΖΑ,region_group,Αττική,29.9563,2022,Q4,high,749,True
Χρυσή Αυγή,region_group,Αττική,1.5385,2022,Q4,high,749,True
other_party,region_group,Βόρειο Αιγαίο,2.7655,2022,Q4,low,34,True
Ελληνική Λύση,region_group,Βόρειο Αιγαίο,2.4879,2022,Q4,low,34,True
ΚΚΕ,region_group,Βόρειο Αιγαίο,17.0632,2022,Q4,low,34,True
ΜέΡΑ25,region_group,Βόρειο Αιγαίο,1.9567,2022,Q4,low,34,True
ΝΔ,region_group,Βόρειο Αιγαίο,44.547,2022,Q4,low,34,True
ΠΑΣΟΚ/ΚΙΝΑΛ,region_group,Βόρειο Αιγαίο,9.7418,2022,Q4,low,34,True
ΣΥΡΙΖΑ,region_group,Βόρειο Αιγαίο,21.4379,2022,Q4,low,34,True
Ελληνική Λύση,region_group,Δεν γνωρίζω/ Δεν απαντώ,46.2466,2022,Q4,low,7,True
ΚΚΕ,region_group,Δεν γνωρίζω/ Δεν απαντώ,19.0785,2022,Q4,low,7,True
ΝΔ,region_group,Δεν γνωρίζω/ Δεν απαντώ,12.9314,2022,Q4,low,7,True
ΠΑΣΟΚ/ΚΙΝΑΛ,region_group,Δεν γνωρίζω/ Δεν απαντώ,16.3297,2022,Q4,low,7,True
ΣΥΡΙΖΑ,region_group,Δεν γνωρίζω/ Δεν απαντώ,5.4139,2022,Q4,low,7,True
other_party,region_group,"Δυτική Ελλάδα (Αιτωλο-ακαρνανία, Ηλεία, Αχαΐα)",7.3151,2022,Q4,low,83,True
Ελληνική Λύση,region_group,"Δυτική Ελλάδα (Αιτωλο-ακαρνανία, Ηλεία, Αχαΐα)",0.8089,2022,Q4,low,83,True
ΚΚΕ,region_group,"Δυτική Ελλάδα (Αιτωλο-ακαρνανία, Ηλεία, Αχαΐα)",3.5818,2022,Q4,low,83,True
ΜέΡΑ25,region_group,"Δυτική Ελλάδα (Αιτωλο-ακαρνανία, Ηλεία, Αχαΐα)",7.1374,2022,Q4,low,83,True
ΝΔ,region_group,"Δυτική Ελλάδα (Αιτωλο-ακαρνανία, Ηλεία, Αχαΐα)",28.1257,2022,Q4,low,83,True
ΠΑΣΟΚ/ΚΙΝΑΛ,region_group,"Δυτική Ελλάδα (Αιτωλο-ακαρνανία, Ηλεία, Αχαΐα)",21.4833,2022,Q4,low,83,True
ΣΥΡΙΖΑ,region_group,"Δυτική Ελλάδα (Αιτωλο-ακαρνανία, Ηλεία, Αχαΐα)",30.8389,2022,Q4,low,83,True
Χρυσή Αυγή,region_group,"Δυτική Ελλάδα (Αιτωλο-ακαρνανία, Ηλεία, Αχαΐα)",0.7089,2022,Q4,low,83,True
other_party,region_group,Δυτική Μακεδονία,6.7945,2022,Q4,low,43,True
ΝΔ,region_group,Δυτική Μακεδονία,43.8117,2022,Q4,low,43,True
ΠΑΣΟΚ/ΚΙΝΑΛ,region_group,Δυτική Μακεδονία,16.6162,2022,Q4,low,43,True
Πλεύση Ελευθερίας,region_group,Δυτική Μακεδονία,5.1184,2022,Q4,low,43,True
ΣΥΡΙΖΑ,region_group,Δυτική Μακεδονία,27.6592,2022,Q4,low,43,True
other_party,region_group,Θεσσαλία,6.9126,2022,Q4,low,92,True
Ελληνική Λύση,region_group,Θεσσαλία,2.9951,2022,Q4,low,92,True
ΚΚΕ,region_group,Θεσσαλία,3.1219,2022,Q4,low,92,True
ΜέΡΑ25,region_group,Θεσσαλία,8.9595,2022,Q4,low,92,True
ΝΔ,region_group,Θεσσαλία,34.5526,2022,Q4,low,92,True
ΠΑΣΟΚ/ΚΙΝΑΛ,region_group,Θεσσαλία,10.7011,2022,Q4,low,92,True
ΣΥΡΙΖΑ,region_group,Θεσσαλία,32.7573,2022,Q4,low,92,True
other_party,region_group,Ιόνια νησιά,9.2998,2022,Q4,low,44,True
Ελληνική Λύση,region_group,Ιόνια νησιά,1.6262,2022,Q4,low,44,True
ΚΚΕ,region_group,Ιόνια νησιά,4.4825,2022,Q4,low,44,True
ΜέΡΑ25,region_group,Ιόνια νησιά,5.7835,2022,Q4,low,44,True
ΝΔ,region_group,Ιόνια νησιά,33.5434,2022,Q4,low,44,True
ΠΑΣΟΚ/ΚΙΝΑΛ,region_group,Ιόνια νησιά,8.5495,2022,Q4,low,44,True
ΣΥΡΙΖΑ,region_group,Ιόνια νησιά,36.715,2022,Q4,low,44,True
other_party,region_group,Κεντρική Μακεδονία,5.3483,2022,Q4,medium,263,True
Ελληνική Λύση,region_group,Κεντρική Μακεδονία,5.4845,2022,Q4,medium,263,True
ΚΚΕ,region_group,Κεντρική Μακεδονία,8.0284,2022,Q4,medium,263,True
ΜέΡΑ25,region_group,Κεντρική Μακεδονία,5.6649,2022,Q4,medium,263,True
ΝΔ,region_group,Κεντρική Μακεδονία,38.6223,2022,Q4,medium,263,True
ΠΑΣΟΚ/ΚΙΝΑΛ,region_group,Κεντρική Μακεδονία,12.9833,2022,Q4,medium,263,True
ΣΥΡΙΖΑ,region_group,Κεντρική Μακεδονία,19.7366,2022,Q4,medium,263,True
Χρυσή Αυγή,region_group,Κεντρική Μακεδονία,4.1318,2022,Q4,medium,263,True
other_party,region_group,Κρήτη,4.0084,2022,Q4,low,98,True
Ελληνική Λύση,region_group,Κρήτη,4.3229,2022,Q4,low,98,True
ΚΚΕ,region_group,Κρήτη,9.1625,2022,Q4,low,98,True
ΜέΡΑ25,region_group,Κρήτη,4.1185,2022,Q4,low,98,True
ΝΔ,region_group,Κρήτη,28.2266,2022,Q4,low,98,True
ΠΑΣΟΚ/ΚΙΝΑΛ,region_group,Κρήτη,16.2099,2022,Q4,low,98,True
ΣΥΡΙΖΑ,region_group,Κρήτη,31.9275,2022,Q4,low,98,True
Χρυσή Αυγή,region_group,Κρήτη,2.0237,2022,Q4,low,98,True
other_party,region_group,Νότιο Αιγαίο,3.4827,2022,Q4,low,61,True
Ελληνική Λύση,region_group,Νότιο Αιγαίο,1.8002,2022,Q4,low,61,True
ΚΚΕ,region_group,Νότιο Αιγαίο,8.6536,2022,Q4,low,61,True
ΜέΡΑ25,region_group,Νότιο Αιγαίο,1.4699,2022,Q4,low,61,True
ΝΔ,region_group,Νότιο Αιγαίο,40.5039,2022,Q4,low,61,True
ΠΑΣΟΚ/ΚΙΝΑΛ,region_group,Νότιο Αιγαίο,14.8075,2022,Q4,low,61,True
ΣΥΡΙΖΑ,region_group,Νότιο Αιγαίο,29.2823,2022,Q4,low,61,True
other_party,region_group,Πελοπόννησος,3.4907,2022,Q4,low,99,True
Ελληνική Λύση,region_group,Πελοπόννησος,2.4174,2022,Q4,low,99,True
ΚΚΕ,region_group,Πελοπόννησος,2.6597,2022,Q4,low,99,True
ΜέΡΑ25,region_group,Πελοπόννησος,1.2534,2022,Q4,low,99,True
ΝΔ,region_group,Πελοπόννησος,50.4542,2022,Q4,low,99,True
ΠΑΣΟΚ/ΚΙΝΑΛ,region_group,Πελοπόννησος,20.7279,2022,Q4,low,99,True
Πλεύση Ελευθερίας,region_group,Πελοπόννησος,0.7723,2022,Q4,low,99,True
ΣΥΡΙΖΑ,region_group,Πελοπόννησος,16.4766,2022,Q4,low,99,True
Χρυσή Αυγή,region_group,Πελοπόννησος,1.7477,2022,Q4,low,99,True
other_party,region_group,Στερεά Ελλάδα,7.2404,2022,Q4,low,70,True
Ελληνική Λύση,region_group,Στερεά Ελλάδα,3.9528,2022,Q4,low,70,True
ΜέΡΑ25,region_group,Στερεά Ελλάδα,0.6958,2022,Q4,low,70,True
ΝΔ,region_group,Στερεά Ελλάδα,36.3577,2022,Q4,low,70,True
ΠΑΣΟΚ/ΚΙΝΑΛ,region_group,Στερεά Ελλάδα,13.8269,2022,Q4,low,70,True
Πλεύση Ελευθερίας,region_group,Στερεά Ελλάδα,2.4505,2022,Q4,low,70,True
ΣΥΡΙΖΑ,region_group,Στερεά Ελλάδα,35.476,2022,Q4,low,70,True
other_party,gender,female,7.335,2018,Q2,high,409,True
Ένωση Κεντρώων,gender,female,2.6895,2018,Q2,high,409,True
ΑΝΕΛ,gender,female,0.978,2018,Q2,high,409,True
Ελληνική Λύση,gender,female,2.2005,2018,Q2,high,409,True
ΚΚΕ,gender,female,6.846,2018,Q2,high,409,True
ΝΔ,gender,female,30.8068,2018,Q2,high,409,True
ΠΑΣΟΚ/ΚΙΝΑΛ,gender,female,4.89,2018,Q2,high,409,True
Πλεύση Ελευθερίας,gender,female,1.467,2018,Q2,high,409,True
ΣΥΡΙΖΑ,gender,female,33.7408,2018,Q2,high,409,True
Χρυσή Αυγή,gender,female,9.0465,2018,Q2,high,409,True
other_party,gender,male,9.0689,2018,Q2,high,827,True
Ένωση Κεντρώων,gender,male,1.6929,2018,Q2,high,827,True
ΑΝΕΛ,gender,male,1.3301,2018,Q2,high,827,True
Ελληνική Λύση,gender,male,2.4184,2018,Q2,high,827,True
ΚΚΕ,gender,male,3.9903,2018,Q2,high,827,True
ΜέΡΑ25,gender,male,1.0883,2018,Q2,high,827,True
ΝΔ,gender,male,30.1088,2018,Q2,high,827,True
ΠΑΣΟΚ/ΚΙΝΑΛ,gender,male,12.8174,2018,Q2,high,827,True
Πλεύση Ελευθερίας,gender,male,0.6046,2018,Q2,high,827,True
ΣΥΡΙΖΑ,gender,male,28.1741,2018,Q2,high,827,True
Χρυσή Αυγή,gender,male,8.7062,2018,Q2,high,827,True
other_party,age_group,18-24,9.2308,2018,Q2,medium,130,True
Ένωση Κεντρώων,age_group,18-24,3.0769,2018,Q2,medium,130,True
ΑΝΕΛ,age_group,18-24,0.7692,2018,Q2,medium,130,True
Ελληνική Λύση,age_group,18-24,3.0769,2018,Q2,medium,130,True
ΚΚΕ,age_group,18-24,8.4615,2018,Q2,medium,130,True
ΜέΡΑ25,age_group,18-24,3.8462,2018,Q2,medium,130,True
ΝΔ,age_group,18-24,28.4615,2018,Q2,medium,130,True
ΠΑΣΟΚ/ΚΙΝΑΛ,age_group,18-24,7.6923,2018,Q2,medium,130,True
Πλεύση Ελευθερίας,age_group,18-24,0.7692,2018,Q2,medium,130,True
ΣΥΡΙΖΑ,age_group,18-24,25.3846,2018,Q2,medium,130,True
Χρυσή Αυγή,age_group,18-24,9.2308,2018,Q2,medium,130,True
other_party,age_group,25-39,6.8293,2018,Q2,medium,205,True
Ένωση Κεντρώων,age_group,25-39,2.439,2018,Q2,medium,205,True
ΑΝΕΛ,age_group,25-39,1.4634,2018,Q2,medium,205,True
Ελληνική Λύση,age_group,25-39,1.9512,2018,Q2,medium,205,True
ΚΚΕ,age_group,25-39,6.8293,2018,Q2,medium,205,True
ΜέΡΑ25,age_group,25-39,0.9756,2018,Q2,medium,205,True
ΝΔ,age_group,25-39,25.8537,2018,Q2,medium,205,True
ΠΑΣΟΚ/ΚΙΝΑΛ,age_group,25-39,10.7317,2018,Q2,medium,205,True
Πλεύση Ελευθερίας,age_group,25-39,1.4634,2018,Q2,medium,205,True
ΣΥΡΙΖΑ,age_group,25-39,25.8537,2018,Q2,medium,205,True
Χρυσή Αυγή,age_group,25-39,15.6098,2018,Q2,medium,205,True
other_party,age_group,40-54,9.0708,2018,Q2,high,452,True
Ένωση Κεντρώων,age_group,40-54,2.8761,2018,Q2,high,452,True
ΑΝΕΛ,age_group,40-54,1.5487,2018,Q2,high,452,True
Ελληνική Λύση,age_group,40-54,3.0973,2018,Q2,high,452,True
ΚΚΕ,age_group,40-54,3.5398,2018,Q2,high,452,True
ΜέΡΑ25,age_group,40-54,0.2212,2018,Q2,high,452,True
ΝΔ,age_group,40-54,30.531,2018,Q2,high,452,True
ΠΑΣΟΚ/ΚΙΝΑΛ,age_group,40-54,10.6195,2018,Q2,high,452,True
Πλεύση Ελευθερίας,age_group,40-54,1.5487,2018,Q2,high,452,True
ΣΥΡΙΖΑ,age_group,40-54,28.5398,2018,Q2,high,452,True
Χρυσή Αυγή,age_group,40-54,8.4071,2018,Q2,high,452,True
other_party,age_group,55+,8.4821,2018,Q2,high,448,True
Ένωση Κεντρώων,age_group,55+,0.6696,2018,Q2,high,448,True
ΑΝΕΛ,age_group,55+,0.8929,2018,Q2,high,448,True
Ελληνική Λύση,age_group,55+,1.5625,2018,Q2,high,448,True
ΚΚΕ,age_group,55+,4.4643,2018,Q2,high,448,True
ΜέΡΑ25,age_group,55+,0.2232,2018,Q2,high,448,True
ΝΔ,age_group,55+,32.5893,2018,Q2,high,448,True
ΠΑΣΟΚ/ΚΙΝΑΛ,age_group,55+,10.2679,2018,Q2,high,448,True
ΣΥΡΙΖΑ,age_group,55+,34.8214,2018,Q2,high,448,True
Χρυσή Αυγή,age_group,55+,6.0268,2018,Q2,high,448,True
other_party,education_group,high_education,8.3777,2018,Q2,high,752,True
Ένωση Κεντρώων,education_group,high_education,1.7287,2018,Q2,high,752,True
ΑΝΕΛ,education_group,high_education,1.0638,2018,Q2,high,752,True
Ελληνική Λύση,education_group,high_education,1.8617,2018,Q2,high,752,True
ΚΚΕ,education_group,high_education,3.4574,2018,Q2,high,752,True
ΜέΡΑ25,education_group,high_education,0.7979,2018,Q2,high,752,True
ΝΔ,education_group,high_education,30.7181,2018,Q2,high,752,True
ΠΑΣΟΚ/ΚΙΝΑΛ,education_group,high_education,11.9681,2018,Q2,high,752,True
Πλεύση Ελευθερίας,education_group,high_education,0.5319,2018,Q2,high,752,True
ΣΥΡΙΖΑ,education_group,high_education,32.8457,2018,Q2,high,752,True
Χρυσή Αυγή,education_group,high_education,6.6489,2018,Q2,high,752,True
other_party,education_group,low_education,9.6774,2018,Q2,low,62,True
ΑΝΕΛ,education_group,low_education,4.8387,2018,Q2,low,62,True
Ελληνική Λύση,education_group,low_education,9.6774,2018,Q2,low,62,True
ΚΚΕ,education_group,low_education,9.6774,2018,Q2,low,62,True
ΝΔ,education_group,low_education,27.4194,2018,Q2,low,62,True
ΠΑΣΟΚ/ΚΙΝΑΛ,education_group,low_education,4.8387,2018,Q2,low,62,True
Πλεύση Ελευθερίας,education_group,low_education,1.6129,2018,Q2,low,62,True
ΣΥΡΙΖΑ,education_group,low_education,20.9677,2018,Q2,low,62,True
Χρυσή Αυγή,education_group,low_education,11.2903,2018,Q2,low,62,True
other_party,education_group,medium_education,7.9518,2018,Q2,high,415,True
Ένωση Κεντρώων,education_group,medium_education,2.6506,2018,Q2,high,415,True
ΑΝΕΛ,education_group,medium_education,0.9639,2018,Q2,high,415,True
Ελληνική Λύση,education_group,medium_education,2.1687,2018,Q2,high,415,True
ΚΚΕ,education_group,medium_education,6.747,2018,Q2,high,415,True
ΜέΡΑ25,education_group,medium_education,0.7229,2018,Q2,high,415,True
ΝΔ,education_group,medium_education,30.3614,2018,Q2,high,415,True
ΠΑΣΟΚ/ΚΙΝΑΛ,education_group,medium_education,7.9518,2018,Q2,high,415,True
Πλεύση Ελευθερίας,education_group,medium_education,1.4458,2018,Q2,high,415,True
ΣΥΡΙΖΑ,education_group,medium_education,26.506,2018,Q2,high,415,True
Χρυσή Αυγή,education_group,medium_education,12.5301,2018,Q2,high,415,True
other_party,education_group,Λ) Δε θέλω να απαντήσω,42.8571,2018,Q2,low,7,True
Ένωση Κεντρώων,education_group,Λ) Δε θέλω να απαντήσω,14.2857,2018,Q2,low,7,True
ΚΚΕ,education_group,Λ) Δε θέλω να απαντήσω,14.2857,2018,Q2,low,7,True
ΝΔ,education_group,Λ) Δε θέλω να απαντήσω,14.2857,2018,Q2,low,7,True
ΣΥΡΙΖΑ,education_group,Λ) Δε θέλω να απαντήσω,14.2857,2018,Q2,low,7,True
other_party,occupation_group,private_sector,7.8189,2018,Q2,medium,243,True
Ένωση Κεντρώων,occupation_group,private_sector,2.0576,2018,Q2,medium,243,True
ΑΝΕΛ,occupation_group,private_sector,0.4115,2018,Q2,medium,243,True
Ελληνική Λύση,occupation_group,private_sector,1.6461,2018,Q2,medium,243,True
ΚΚΕ,occupation_group,private_sector,5.7613,2018,Q2,medium,243,True
ΜέΡΑ25,occupation_group,private_sector,1.6461,2018,Q2,medium,243,True
ΝΔ,occupation_group,private_sector,29.6296,2018,Q2,medium,243,True
ΠΑΣΟΚ/ΚΙΝΑΛ,occupation_group,private_sector,8.2305,2018,Q2,medium,243,True
Πλεύση Ελευθερίας,occupation_group,private_sector,1.2346,2018,Q2,medium,243,True
ΣΥΡΙΖΑ,occupation_group,private_sector,31.6872,2018,Q2,medium,243,True
Χρυσή Αυγή,occupation_group,private_sector,9.8765,2018,Q2,medium,243,True
other_party,occupation_group,public_sector,9.6234,2018,Q2,medium,239,True
Ένωση Κεντρώων,occupation_group,public_sector,2.5105,2018,Q2,medium,239,True
ΑΝΕΛ,occupation_group,public_sector,3.3473,2018,Q2,medium,239,True
Ελληνική Λύση,occupation_group,public_sector,3.3473,2018,Q2,medium,239,True
ΚΚΕ,occupation_group,public_sector,2.0921,2018,Q2,medium,239,True
ΝΔ,occupation_group,public_sector,25.9414,2018,Q2,medium,239,True
ΠΑΣΟΚ/ΚΙΝΑΛ,occupation_group,public_sector,13.3891,2018,Q2,medium,239,True
Πλεύση Ελευθερίας,occupation_group,public_sector,0.4184,2018,Q2,medium,239,True
ΣΥΡΙΖΑ,occupation_group,public_sector,32.2176,2018,Q2,medium,239,True
Χρυσή Αυγή,occupation_group,public_sector,7.113,2018,Q2,medium,239,True
other_party,occupation_group,self_employed,9.6774,2018,Q2,medium,279,True
Ένωση Κεντρώων,occupation_group,self_employed,1.7921,2018,Q2,medium,279,True
ΑΝΕΛ,occupation_group,self_employed,0.7168,2018,Q2,medium,279,True
Ελληνική Λύση,occupation_group,self_employed,2.509,2018,Q2,medium,279,True
ΚΚΕ,occupation_group,self_employed,1.7921,2018,Q2,medium,279,True
ΜέΡΑ25,occupation_group,self_employed,0.3584,2018,Q2,medium,279,True
ΝΔ,occupation_group,self_employed,32.2581,2018,Q2,medium,279,True
ΠΑΣΟΚ/ΚΙΝΑΛ,occupation_group,self_employed,11.4695,2018,Q2,medium,279,True
Πλεύση Ελευθερίας,occupation_group,self_employed,0.7168,2018,Q2,medium,279,True
ΣΥΡΙΖΑ,occupation_group,self_employed,30.8244,2018,Q2,medium,279,True
Χρυσή Αυγή,occupation_group,self_employed,7.8853,2018,Q2,medium,279,True
other_party,occupation_group,Ε) Δεν εργάζομαι,7.7748,2018,Q2,high,373,True
Ένωση Κεντρώων,occupation_group,Ε) Δεν εργάζομαι,2.1448,2018,Q2,high,373,True
ΑΝΕΛ,occupation_group,Ε) Δεν εργάζομαι,0.2681,2018,Q2,high,373,True
Ελληνική Λύση,occupation_group,Ε) Δεν εργάζομαι,2.4129,2018,Q2,high,373,True
ΚΚΕ,occupation_group,Ε) Δεν εργάζομαι,8.8472,2018,Q2,high,373,True
ΜέΡΑ25,occupation_group,Ε) Δεν εργάζομαι,0.8043,2018,Q2,high,373,True
ΝΔ,occupation_group,Ε) Δεν εργάζομαι,32.7078,2018,Q2,high,373,True
ΠΑΣΟΚ/ΚΙΝΑΛ,occupation_group,Ε) Δεν εργάζομαι,8.8472,2018,Q2,high,373,True
Πλεύση Ελευθερίας,occupation_group,Ε) Δεν εργάζομαι,1.0724,2018,Q2,high,373,True
ΣΥΡΙΖΑ,occupation_group,Ε) Δεν εργάζομαι,26.2735,2018,Q2,high,373,True
Χρυσή Αυγή,occupation_group,Ε) Δεν εργάζομαι,8.8472,2018,Q2,high,373,True
other_party,occupation_group,Ζ) Δεν αναζητώ εργασία,5.7143,2018,Q2,low,35,True
ΚΚΕ,occupation_group,Ζ) Δεν αναζητώ εργασία,5.7143,2018,Q2,low,35,True
ΜέΡΑ25,occupation_group,Ζ) Δεν αναζητώ εργασία,2.8571,2018,Q2,low,35,True
ΝΔ,occupation_group,Ζ) Δεν αναζητώ εργασία,20.0,2018,Q2,low,35,True
ΠΑΣΟΚ/ΚΙΝΑΛ,occupation_group,Ζ) Δεν αναζητώ εργασία,14.2857,2018,Q2,low,35,True
ΣΥΡΙΖΑ,occupation_group,Ζ) Δεν αναζητώ εργασία,40.0,2018,Q2,low,35,True
Χρυσή Αυγή,occupation_group,Ζ) Δεν αναζητώ εργασία,11.4286,2018,Q2,low,35,True
other_party,occupation_group,Η) Δε θέλω να απαντήσω,7.4627,2018,Q2,low,67,True
Ένωση Κεντρώων,occupation_group,Η) Δε θέλω να απαντήσω,1.4925,2018,Q2,low,67,True
ΑΝΕΛ,occupation_group,Η) Δε θέλω να απαντήσω,4.4776,2018,Q2,low,67,True
Ελληνική Λύση,occupation_group,Η) Δε θέλω να απαντήσω,1.4925,2018,Q2,low,67,True
ΚΚΕ,occupation_group,Η) Δε θέλω να απαντήσω,2.9851,2018,Q2,low,67,True
ΝΔ,occupation_group,Η) Δε θέλω να απαντήσω,32.8358,2018,Q2,low,67,True
ΠΑΣΟΚ/ΚΙΝΑΛ,occupation_group,Η) Δε θέλω να απαντήσω,5.9701,2018,Q2,low,67,True
Πλεύση Ελευθερίας,occupation_group,Η) Δε θέλω να απαντήσω,1.4925,2018,Q2,low,67,True
ΣΥΡΙΖΑ,occupation_group,Η) Δε θέλω να απαντήσω,28.3582,2018,Q2,low,67,True
Χρυσή Αυγή,occupation_group,Η) Δε θέλω να απαντήσω,13.4328,2018,Q2,low,67,True
other_party,left_right_group,center,6.6879,2018,Q2,high,628,True
Ένωση Κεντρώων,left_right_group,center,3.1847,2018,Q2,high,628,True
ΑΝΕΛ,left_right_group,center,1.5924,2018,Q2,high,628,True
Ελληνική Λύση,left_right_group,center,1.7516,2018,Q2,high,628,True
ΚΚΕ,left_right_group,center,1.7516,2018,Q2,high,628,True
ΜέΡΑ25,left_right_group,center,0.6369,2018,Q2,high,628,True
ΝΔ,left_right_group,center,37.1019,2018,Q2,high,628,True
ΠΑΣΟΚ/ΚΙΝΑΛ,left_right_group,center,18.3121,2018,Q2,high,628,True
Πλεύση Ελευθερίας,left_right_group,center,1.2739,2018,Q2,high,628,True
ΣΥΡΙΖΑ,left_right_group,center,24.2038,2018,Q2,high,628,True
Χρυσή Αυγή,left_right_group,center,3.5032,2018,Q2,high,628,True
other_party,left_right_group,left,8.8136,2018,Q2,medium,295,True
Ένωση Κεντρώων,left_right_group,left,0.339,2018,Q2,medium,295,True
ΑΝΕΛ,left_right_group,left,0.339,2018,Q2,medium,295,True
ΚΚΕ,left_right_group,left,14.9153,2018,Q2,medium,295,True
ΜέΡΑ25,left_right_group,left,1.6949,2018,Q2,medium,295,True
ΝΔ,left_right_group,left,0.678,2018,Q2,medium,295,True
ΠΑΣΟΚ/ΚΙΝΑΛ,left_right_group,left,3.3898,2018,Q2,medium,295,True
Πλεύση Ελευθερίας,left_right_group,left,1.0169,2018,Q2,medium,295,True
ΣΥΡΙΖΑ,left_right_group,left,67.4576,2018,Q2,medium,295,True
Χρυσή Αυγή,left_right_group,left,1.3559,2018,Q2,medium,295,True
other_party,left_right_group,right,9.0517,2018,Q2,medium,232,True
ΑΝΕΛ,left_right_group,right,1.2931,2018,Q2,medium,232,True
Ελληνική Λύση,left_right_group,right,4.3103,2018,Q2,medium,232,True
ΝΔ,left_right_group,right,53.0172,2018,Q2,medium,232,True
ΠΑΣΟΚ/ΚΙΝΑΛ,left_right_group,right,0.431,2018,Q2,medium,232,True
ΣΥΡΙΖΑ,left_right_group,right,4.7414,2018,Q2,medium,232,True
Χρυσή Αυγή,left_right_group,right,27.1552,2018,Q2,medium,232,True
other_party,previous_vote_party,other_party,21.3376,2018,Q2,high,314,True
Ένωση Κεντρώων,previous_vote_party,other_party,2.2293,2018,Q2,high,314,True
Ελληνική Λύση,previous_vote_party,other_party,1.9108,2018,Q2,high,314,True
ΚΚΕ,previous_vote_party,other_party,3.5032,2018,Q2,high,314,True
ΜέΡΑ25,previous_vote_party,other_party,0.9554,2018,Q2,high,314,True
ΝΔ,previous_vote_party,other_party,18.4713,2018,Q2,high,314,True
ΠΑΣΟΚ/ΚΙΝΑΛ,previous_vote_party,other_party,28.9809,2018,Q2,high,314,True
Πλεύση Ελευθερίας,previous_vote_party,other_party,1.2739,2018,Q2,high,314,True
ΣΥΡΙΖΑ,previous_vote_party,other_party,16.5605,2018,Q2,high,314,True
Χρυσή Αυγή,previous_vote_party,other_party,4.7771,2018,Q2,high,314,True
other_party,previous_vote_party,Ένωση Κεντρώων,5.5556,2018,Q2,low,18,True
Ένωση Κεντρώων,previous_vote_party,Ένωση Κεντρώων,22.2222,2018,Q2,low,18,True
ΑΝΕΛ,previous_vote_party,Ένωση Κεντρώων,5.5556,2018,Q2,low,18,True
Ελληνική Λύση,previous_vote_party,Ένωση Κεντρώων,11.1111,2018,Q2,low,18,True
ΝΔ,previous_vote_party,Ένωση Κεντρώων,50.0,2018,Q2,low,18,True
ΣΥΡΙΖΑ,previous_vote_party,Ένωση Κεντρώων,5.5556,2018,Q2,low,18,True
other_party,previous_vote_party,ΑΝΕΛ,21.9512,2018,Q2,low,41,True
Ένωση Κεντρώων,previous_vote_party,ΑΝΕΛ,4.878,2018,Q2,low,41,True
ΑΝΕΛ,previous_vote_party,ΑΝΕΛ,24.3902,2018,Q2,low,41,True
Ελληνική Λύση,previous_vote_party,ΑΝΕΛ,9.7561,2018,Q2,low,41,True
ΝΔ,previous_vote_party,ΑΝΕΛ,29.2683,2018,Q2,low,41,True
Χρυσή Αυγή,previous_vote_party,ΑΝΕΛ,9.7561,2018,Q2,low,41,True
other_party,previous_vote_party,ΚΚΕ,2.0,2018,Q2,low,50,True
Ένωση Κεντρώων,previous_vote_party,ΚΚΕ,2.0,2018,Q2,low,50,True
Ελληνική Λύση,previous_vote_party,ΚΚΕ,2.0,2018,Q2,low,50,True
ΚΚΕ,previous_vote_party,ΚΚΕ,70.0,2018,Q2,low,50,True
ΜέΡΑ25,previous_vote_party,ΚΚΕ,2.0,2018,Q2,low,50,True
ΝΔ,previous_vote_party,ΚΚΕ,8.0,2018,Q2,low,50,True
ΣΥΡΙΖΑ,previous_vote_party,ΚΚΕ,10.0,2018,Q2,low,50,True
Χρυσή Αυγή,previous_vote_party,ΚΚΕ,4.0,2018,Q2,low,50,True
other_party,previous_vote_party,ΝΔ,3.0303,2018,Q2,medium,264,True
Ένωση Κεντρώων,previous_vote_party,ΝΔ,1.8939,2018,Q2,medium,264,True
ΑΝΕΛ,previous_vote_party,ΝΔ,1.1364,2018,Q2,medium,264,True
Ελληνική Λύση,previous_vote_party,ΝΔ,0.7576,2018,Q2,medium,264,True
ΝΔ,previous_vote_party,ΝΔ,79.9242,2018,Q2,medium,264,True
ΠΑΣΟΚ/ΚΙΝΑΛ,previous_vote_party,ΝΔ,1.1364,2018,Q2,medium,264,True
Πλεύση Ελευθερίας,previous_vote_party,ΝΔ,0.3788,2018,Q2,medium,264,True
ΣΥΡΙΖΑ,previous_vote_party,ΝΔ,8.7121,2018,Q2,medium,264,True
Χρυσή Αυγή,previous_vote_party,ΝΔ,3.0303,2018,Q2,medium,264,True
other_party,previous_vote_party,Ποτάμι,10.0,2018,Q2,low,40,True
Ένωση Κεντρώων,previous_vote_party,Ποτάμι,2.5,2018,Q2,low,40,True
ΚΚΕ,previous_vote_party,Ποτάμι,2.5,2018,Q2,low,40,True
ΝΔ,previous_vote_party,Ποτάμι,45.0,2018,Q2,low,40,True
ΠΑΣΟΚ/ΚΙΝΑΛ,previous_vote_party,Ποτάμι,17.5,2018,Q2,low,40,True
ΣΥΡΙΖΑ,previous_vote_party,Ποτάμι,15.0,2018,Q2,low,40,True
Χρυσή Αυγή,previous_vote_party,Ποτάμι,7.5,2018,Q2,low,40,True
other_party,previous_vote_party,ΣΥΡΙΖΑ,1.7413,2018,Q2,high,402,True
Ένωση Κεντρώων,previous_vote_party,ΣΥΡΙΖΑ,0.7463,2018,Q2,high,402,True
ΑΝΕΛ,previous_vote_party,ΣΥΡΙΖΑ,0.2488,2018,Q2,high,402,True
Ελληνική Λύση,previous_vote_party,ΣΥΡΙΖΑ,1.2438,2018,Q2,high,402,True
ΚΚΕ,previous_vote_party,ΣΥΡΙΖΑ,3.2338,2018,Q2,high,402,True
ΜέΡΑ25,previous_vote_party,ΣΥΡΙΖΑ,1.2438,2018,Q2,high,402,True
ΝΔ,previous_vote_party,ΣΥΡΙΖΑ,10.9453,2018,Q2,high,402,True
ΠΑΣΟΚ/ΚΙΝΑΛ,previous_vote_party,ΣΥΡΙΖΑ,4.9751,2018,Q2,high,402,True
Πλεύση Ελευθερίας,previous_vote_party,ΣΥΡΙΖΑ,1.4925,2018,Q2,high,402,True
ΣΥΡΙΖΑ,previous_vote_party,ΣΥΡΙΖΑ,68.9055,2018,Q2,high,402,True
Χρυσή Αυγή,previous_vote_party,ΣΥΡΙΖΑ,5.2239,2018,Q2,high,402,True
other_party,previous_vote_party,Χρυσή Αυγή,4.4776,2018,Q2,low,67,True
Ένωση Κεντρώων,previous_vote_party,Χρυσή Αυγή,1.4925,2018,Q2,low,67,True
Ελληνική Λύση,previous_vote_party,Χρυσή Αυγή,7.4627,2018,Q2,low,67,True
ΝΔ,previous_vote_party,Χρυσή Αυγή,8.9552,2018,Q2,low,67,True
Χρυσή Αυγή,previous_vote_party,Χρυσή Αυγή,77.6119,2018,Q2,low,67,True
other_party,region_group,Α) Αττική,11.1979,2018,Q2,high,384,True
Ένωση Κεντρώων,region_group,Α) Αττική,1.0417,2018,Q2,high,384,True
ΑΝΕΛ,region_group,Α) Αττική,0.5208,2018,Q2,high,384,True
Ελληνική Λύση,region_group,Α) Αττική,1.8229,2018,Q2,high,384,True
ΚΚΕ,region_group,Α) Αττική,5.9896,2018,Q2,high,384,True
ΝΔ,region_group,Α) Αττική,32.8125,2018,Q2,high,384,True
ΠΑΣΟΚ/ΚΙΝΑΛ,region_group,Α) Αττική,7.5521,2018,Q2,high,384,True
Πλεύση Ελευθερίας,region_group,Α) Αττική,1.5625,2018,Q2,high,384,True
ΣΥΡΙΖΑ,region_group,Α) Αττική,30.2083,2018,Q2,high,384,True
Χρυσή Αυγή,region_group,Α) Αττική,7.2917,2018,Q2,high,384,True
other_party,region_group,Β) Στερεά Ελλάδα,9.0909,2018,Q2,low,55,True
Ένωση Κεντρώων,region_group,Β) Στερεά Ελλάδα,1.8182,2018,Q2,low,55,True
Ελληνική Λύση,region_group,Β) Στερεά Ελλάδα,3.6364,2018,Q2,low,55,True
ΚΚΕ,region_group,Β) Στερεά Ελλάδα,16.3636,2018,Q2,low,55,True
ΝΔ,region_group,Β) Στερεά Ελλάδα,27.2727,2018,Q2,low,55,True
ΠΑΣΟΚ/ΚΙΝΑΛ,region_group,Β) Στερεά Ελλάδα,12.7273,2018,Q2,low,55,True
ΣΥΡΙΖΑ,region_group,Β) Στερεά Ελλάδα,25.4545,2018,Q2,low,55,True
Χρυσή Αυγή,region_group,Β) Στερεά Ελλάδα,3.6364,2018,Q2,low,55,True
other_party,region_group,Γ) Κεντρική Μακεδονία,8.1545,2018,Q2,medium,233,True
Ένωση Κεντρώων,region_group,Γ) Κεντρική Μακεδονία,3.4335,2018,Q2,medium,233,True
ΑΝΕΛ,region_group,Γ) Κεντρική Μακεδονία,3.4335,2018,Q2,medium,233,True
Ελληνική Λύση,region_group,Γ) Κεντρική Μακεδονία,3.0043,2018,Q2,medium,233,True
ΚΚΕ,region_group,Γ) Κεντρική Μακεδονία,2.1459,2018,Q2,medium,233,True
ΜέΡΑ25,region_group,Γ) Κεντρική Μακεδονία,0.8584,2018,Q2,medium,233,True
ΝΔ,region_group,Γ) Κεντρική Μακεδονία,26.6094,2018,Q2,medium,233,True
ΠΑΣΟΚ/ΚΙΝΑΛ,region_group,Γ) Κεντρική Μακεδονία,9.4421,2018,Q2,medium,233,True
Πλεύση Ελευθερίας,region_group,Γ) Κεντρική Μακεδονία,0.4292,2018,Q2,medium,233,True
ΣΥΡΙΖΑ,region_group,Γ) Κεντρική Μακεδονία,31.3305,2018,Q2,medium,233,True
Χρυσή Αυγή,region_group,Γ) Κεντρική Μακεδονία,11.1588,2018,Q2,medium,233,True
other_party,region_group,Δ) Κρήτη,6.5574,2018,Q2,low,61,True
Ένωση Κεντρώων,region_group,Δ) Κρήτη,4.918,2018,Q2,low,61,True
ΑΝΕΛ,region_group,Δ) Κρήτη,3.2787,2018,Q2,low,61,True
Ελληνική Λύση,region_group,Δ) Κρήτη,3.2787,2018,Q2,low,61,True
ΚΚΕ,region_group,Δ) Κρήτη,4.918,2018,Q2,low,61,True
ΜέΡΑ25,region_group,Δ) Κρήτη,1.6393,2018,Q2,low,61,True
ΝΔ,region_group,Δ) Κρήτη,27.8689,2018,Q2,low,61,True
ΠΑΣΟΚ/ΚΙΝΑΛ,region_group,Δ) Κρήτη,13.1148,2018,Q2,low,61,True
ΣΥΡΙΖΑ,region_group,Δ) Κρήτη,24.5902,2018,Q2,low,61,True
Χρυσή Αυγή,region_group,Δ) Κρήτη,9.8361,2018,Q2,low,61,True
other_party,region_group,Ε) Ανατολική Μακεδονία & Θράκη,6.6667,2018,Q2,low,75,True
Ένωση Κεντρώων,region_group,Ε) Ανατολική Μακεδονία & Θράκη,1.3333,2018,Q2,low,75,True
ΑΝΕΛ,region_group,Ε) Ανατολική Μακεδονία & Θράκη,1.3333,2018,Q2,low,75,True
Ελληνική Λύση,region_group,Ε) Ανατολική Μακεδονία & Θράκη,4.0,2018,Q2,low,75,True
ΚΚΕ,region_group,Ε) Ανατολική Μακεδονία & Θράκη,1.3333,2018,Q2,low,75,True
ΜέΡΑ25,region_group,Ε) Ανατολική Μακεδονία & Θράκη,1.3333,2018,Q2,low,75,True
ΝΔ,region_group,Ε) Ανατολική Μακεδονία & Θράκη,34.6667,2018,Q2,low,75,True
ΠΑΣΟΚ/ΚΙΝΑΛ,region_group,Ε) Ανατολική Μακεδονία & Θράκη,5.3333,2018,Q2,low,75,True
ΣΥΡΙΖΑ,region_group,Ε) Ανατολική Μακεδονία & Θράκη,36.0,2018,Q2,low,75,True
Χρυσή Αυγή,region_group,Ε) Ανατολική Μακεδονία & Θράκη,8.0,2018,Q2,low,75,True
other_party,region_group,Ζ) Ήπειρος,9.6154,2018,Q2,low,52,True
Ένωση Κεντρώων,region_group,Ζ) Ήπειρος,1.9231,2018,Q2,low,52,True
ΚΚΕ,region_group,Ζ) Ήπειρος,7.6923,2018,Q2,low,52,True
ΝΔ,region_group,Ζ) Ήπειρος,23.0769,2018,Q2,low,52,True
ΠΑΣΟΚ/ΚΙΝΑΛ,region_group,Ζ) Ήπειρος,15.3846,2018,Q2,low,52,True
ΣΥΡΙΖΑ,region_group,Ζ) Ήπειρος,38.4615,2018,Q2,low,52,True
Χρυσή Αυγή,region_group,Ζ) Ήπειρος,3.8462,2018,Q2,low,52,True
other_party,region_group,Η) Ιόνιοι Νήσοι,4.0,2018,Q2,low,25,True
Ένωση Κεντρώων,region_group,Η) Ιόνιοι Νήσοι,4.0,2018,Q2,low,25,True
Ελληνική Λύση,region_group,Η) Ιόνιοι Νήσοι,4.0,2018,Q2,low,25,True
ΚΚΕ,region_group,Η) Ιόνιοι Νήσοι,8.0,2018,Q2,low,25,True
ΝΔ,region_group,Η) Ιόνιοι Νήσοι,52.0,2018,Q2,low,25,True
ΠΑΣΟΚ/ΚΙΝΑΛ,region_group,Η) Ιόνιοι Νήσοι,8.0,2018,Q2,low,25,True
ΣΥΡΙΖΑ,region_group,Η) Ιόνιοι Νήσοι,8.0,2018,Q2,low,25,True
Χρυσή Αυγή,region_group,Η) Ιόνιοι Νήσοι,12.0,2018,Q2,low,25,True
other_party,region_group,Θ) Βόρειο Αιγαίο,2.5641,2018,Q2,low,39,True
Ένωση Κεντρώων,region_group,Θ) Βόρειο Αιγαίο,2.5641,2018,Q2,low,39,True
ΚΚΕ,region_group,Θ) Βόρειο Αιγαίο,2.5641,2018,Q2,low,39,True
ΝΔ,region_group,Θ) Βόρειο Αιγαίο,28.2051,2018,Q2,low,39,True
ΠΑΣΟΚ/ΚΙΝΑΛ,region_group,Θ) Βόρειο Αιγαίο,12.8205,2018,Q2,low,39,True
Πλεύση Ελευθερίας,region_group,Θ) Βόρειο Αιγαίο,2.5641,2018,Q2,low,39,True
ΣΥΡΙΖΑ,region_group,Θ) Βόρειο Αιγαίο,33.3333,2018,Q2,low,39,True
Χρυσή Αυγή,region_group,Θ) Βόρειο Αιγαίο,15.3846,2018,Q2,low,39,True
other_party,region_group,Ι) Πελοπόννησος,7.5758,2018,Q2,low,66,True
Ένωση Κεντρώων,region_group,Ι) Πελοπόννησος,1.5152,2018,Q2,low,66,True
ΑΝΕΛ,region_group,Ι) Πελοπόννησος,3.0303,2018,Q2,low,66,True
Ελληνική Λύση,region_group,Ι) Πελοπόννησος,3.0303,2018,Q2,low,66,True
ΚΚΕ,region_group,Ι) Πελοπόννησος,6.0606,2018,Q2,low,66,True
ΜέΡΑ25,region_group,Ι) Πελοπόννησος,1.5152,2018,Q2,low,66,True
ΝΔ,region_group,Ι) Πελοπόννησος,33.3333,2018,Q2,low,66,True
ΠΑΣΟΚ/ΚΙΝΑΛ,region_group,Ι) Πελοπόννησος,10.6061,2018,Q2,low,66,True
Πλεύση Ελευθερίας,region_group,Ι) Πελοπόννησος,1.5152,2018,Q2,low,66,True
ΣΥΡΙΖΑ,region_group,Ι) Πελοπόννησος,27.2727,2018,Q2,low,66,True
Χρυσή Αυγή,region_group,Ι) Πελοπόννησος,4.5455,2018,Q2,low,66,True
other_party,region_group,Κ) Νότιο Αιγαίο,3.3333,2018,Q2,low,30,True
ΚΚΕ,region_group,Κ) Νότιο Αιγαίο,3.3333,2018,Q2,low,30,True
ΝΔ,region_group,Κ) Νότιο Αιγαίο,33.3333,2018,Q2,low,30,True
ΠΑΣΟΚ/ΚΙΝΑΛ,region_group,Κ) Νότιο Αιγαίο,16.6667,2018,Q2,low,30,True
ΣΥΡΙΖΑ,region_group,Κ) Νότιο Αιγαίο,36.6667,2018,Q2,low,30,True
Χρυσή Αυγή,region_group,Κ) Νότιο Αιγαίο,6.6667,2018,Q2,low,30,True
other_party,region_group,Λ) Θεσσαλία,8.0,2018,Q2,low,75,True
Ένωση Κεντρώων,region_group,Λ) Θεσσαλία,1.3333,2018,Q2,low,75,True
Ελληνική Λύση,region_group,Λ) Θεσσαλία,4.0,2018,Q2,low,75,True
ΚΚΕ,region_group,Λ) Θεσσαλία,5.3333,2018,Q2,low,75,True
ΜέΡΑ25,region_group,Λ) Θεσσαλία,2.6667,2018,Q2,low,75,True
ΝΔ,region_group,Λ) Θεσσαλία,34.6667,2018,Q2,low,75,True
ΠΑΣΟΚ/ΚΙΝΑΛ,region_group,Λ) Θεσσαλία,12.0,2018,Q2,low,75,True
ΣΥΡΙΖΑ,region_group,Λ) Θεσσαλία,21.3333,2018,Q2,low,75,True
Χρυσή Αυγή,region_group,Λ) Θεσσαλία,10.6667,2018,Q2,low,75,True
other_party,region_group,Μ) Δυτική Ελλάδα,6.3492,2018,Q2,low,63,True
ΚΚΕ,region_group,Μ) Δυτική Ελλάδα,4.7619,2018,Q2,low,63,True
ΜέΡΑ25,region_group,Μ) Δυτική Ελλάδα,3.1746,2018,Q2,low,63,True
ΝΔ,region_group,Μ) Δυτική Ελλάδα,20.6349,2018,Q2,low,63,True
ΠΑΣΟΚ/ΚΙΝΑΛ,region_group,Μ) Δυτική Ελλάδα,20.6349,2018,Q2,low,63,True
Πλεύση Ελευθερίας,region_group,Μ) Δυτική Ελλάδα,1.5873,2018,Q2,low,63,True
ΣΥΡΙΖΑ,region_group,Μ) Δυτική Ελλάδα,38.0952,2018,Q2,low,63,True
Χρυσή Αυγή,region_group,Μ) Δυτική Ελλάδα,4.7619,2018,Q2,low,63,True
other_party,region_group,Ν) Δυτική Μακεδονία,5.1724,2018,Q2,low,58,True
Ένωση Κεντρώων,region_group,Ν) Δυτική Μακεδονία,5.1724,2018,Q2,low,58,True
Ελληνική Λύση,region_group,Ν) Δυτική Μακεδονία,3.4483,2018,Q2,low,58,True
ΝΔ,region_group,Ν) Δυτική Μακεδονία,32.7586,2018,Q2,low,58,True
ΠΑΣΟΚ/ΚΙΝΑΛ,region_group,Ν) Δυτική Μακεδονία,10.3448,2018,Q2,low,58,True
ΣΥΡΙΖΑ,region_group,Ν) Δυτική Μακεδονία,25.8621,2018,Q2,low,58,True
Χρυσή Αυγή,region_group,Ν) Δυτική Μακεδονία,17.2414,2018,Q2,low,58,True
ΚΚΕ,region_group,Ξ) Δεν είμαι γραμμένος/η στους εκλογικούς καταλόγους,50.0,2018,Q2,low,2,True
ΠΑΣΟΚ/ΚΙΝΑΛ,region_group,Ξ) Δεν είμαι γραμμένος/η στους εκλογικούς καταλόγους,50.0,2018,Q2,low,2,True
ΣΥΡΙΖΑ,region_group,Ο) Δεν έχω δικαίωμα ψήφου,50.0,2018,Q2,low,2,True
Χρυσή Αυγή,region_group,Ο) Δεν έχω δικαίωμα ψήφου,50.0,2018,Q2,low,2,True
Πλεύση Ελευθερίας,region_group,Ρ) Δεν γνωρίζω,50.0,2018,Q2,low,2,True
ΣΥΡΙΖΑ,region_group,Ρ) Δεν γνωρίζω,50.0,2018,Q2,low,2,True
other_party,region_group,ΣΤ) Δεν θέλω να απαντήσω,21.4286,2018,Q2,low,14,True
ΝΔ,region_group,ΣΤ) Δεν θέλω να απαντήσω,21.4286,2018,Q2,low,14,True
ΣΥΡΙΖΑ,region_group,ΣΤ) Δεν θέλω να απαντήσω,35.7143,2018,Q2,low,14,True
Χρυσή Αυγή,region_group,ΣΤ) Δεν θέλω να απαντήσω,21.4286,2018,Q2,low,14,True
other_party,gender,female,7.0423,2018,Q2,high,355,True
Ένωση Κεντρώων,gender,female,3.0986,2018,Q2,high,355,True
ΑΝΕΛ,gender,female,1.1268,2018,Q2,high,355,True
Ελληνική Λύση,gender,female,2.2535,2018,Q2,high,355,True
ΚΚΕ,gender,female,7.6056,2018,Q2,high,355,True
ΝΔ,gender,female,32.6761,2018,Q2,high,355,True
ΠΑΣΟΚ/ΚΙΝΑΛ,gender,female,5.3521,2018,Q2,high,355,True
Πλεύση Ελευθερίας,gender,female,1.6901,2018,Q2,high,355,True
ΣΥΡΙΖΑ,gender,female,29.8592,2018,Q2,high,355,True
Χρυσή Αυγή,gender,female,9.2958,2018,Q2,high,355,True
other_party,gender,male,7.9576,2018,Q2,high,377,True
Ένωση Κεντρώων,gender,male,1.8568,2018,Q2,high,377,True
ΑΝΕΛ,gender,male,1.3263,2018,Q2,high,377,True
Ελληνική Λύση,gender,male,1.5915,2018,Q2,high,377,True
ΚΚΕ,gender,male,5.5703,2018,Q2,high,377,True
ΜέΡΑ25,gender,male,0.7958,2018,Q2,high,377,True
ΝΔ,gender,male,31.8302,2018,Q2,high,377,True
ΠΑΣΟΚ/ΚΙΝΑΛ,gender,male,11.9363,2018,Q2,high,377,True
Πλεύση Ελευθερίας,gender,male,0.5305,2018,Q2,high,377,True
ΣΥΡΙΖΑ,gender,male,26.5252,2018,Q2,high,377,True
Χρυσή Αυγή,gender,male,10.0796,2018,Q2,high,377,True
other_party,age_group,18-24,7.6923,2018,Q2,low,65,True
Ένωση Κεντρώων,age_group,18-24,1.5385,2018,Q2,low,65,True
Ελληνική Λύση,age_group,18-24,4.6154,2018,Q2,low,65,True
ΚΚΕ,age_group,18-24,15.3846,2018,Q2,low,65,True
ΜέΡΑ25,age_group,18-24,3.0769,2018,Q2,low,65,True
ΝΔ,age_group,18-24,30.7692,2018,Q2,low,65,True
ΠΑΣΟΚ/ΚΙΝΑΛ,age_group,18-24,6.1538,2018,Q2,low,65,True
Πλεύση Ελευθερίας,age_group,18-24,1.5385,2018,Q2,low,65,True
ΣΥΡΙΖΑ,age_group,18-24,16.9231,2018,Q2,low,65,True
Χρυσή Αυγή,age_group,18-24,12.3077,2018,Q2,low,65,True
other_party,age_group,25-39,4.2017,2018,Q2,medium,119,True
Ένωση Κεντρώων,age_group,25-39,2.521,2018,Q2,medium,119,True
ΑΝΕΛ,age_group,25-39,2.521,2018,Q2,medium,119,True
Ελληνική Λύση,age_group,25-39,1.6807,2018,Q2,medium,119,True
ΚΚΕ,age_group,25-39,6.7227,2018,Q2,medium,119,True
ΝΔ,age_group,25-39,26.0504,2018,Q2,medium,119,True
ΠΑΣΟΚ/ΚΙΝΑΛ,age_group,25-39,6.7227,2018,Q2,medium,119,True
Πλεύση Ελευθερίας,age_group,25-39,1.6807,2018,Q2,medium,119,True
ΣΥΡΙΖΑ,age_group,25-39,30.2521,2018,Q2,medium,119,True
Χρυσή Αυγή,age_group,25-39,17.6471,2018,Q2,medium,119,True
other_party,age_group,40-54,8.6643,2018,Q2,medium,277,True
Ένωση Κεντρώων,age_group,40-54,4.3321,2018,Q2,medium,277,True
ΑΝΕΛ,age_group,40-54,1.444,2018,Q2,medium,277,True
Ελληνική Λύση,age_group,40-54,2.1661,2018,Q2,medium,277,True
ΚΚΕ,age_group,40-54,5.0542,2018,Q2,medium,277,True
ΝΔ,age_group,40-54,32.852,2018,Q2,medium,277,True
ΠΑΣΟΚ/ΚΙΝΑΛ,age_group,40-54,9.3863,2018,Q2,medium,277,True
Πλεύση Ελευθερίας,age_group,40-54,1.8051,2018,Q2,medium,277,True
ΣΥΡΙΖΑ,age_group,40-54,24.9097,2018,Q2,medium,277,True
Χρυσή Αυγή,age_group,40-54,9.3863,2018,Q2,medium,277,True
other_party,age_group,55+,7.7491,2018,Q2,medium,271,True
Ένωση Κεντρώων,age_group,55+,0.738,2018,Q2,medium,271,True
ΑΝΕΛ,age_group,55+,0.738,2018,Q2,medium,271,True
Ελληνική Λύση,age_group,55+,1.107,2018,Q2,medium,271,True
ΚΚΕ,age_group,55+,5.9041,2018,Q2,medium,271,True
ΜέΡΑ25,age_group,55+,0.369,2018,Q2,medium,271,True
ΝΔ,age_group,55+,34.6863,2018,Q2,medium,271,True
ΠΑΣΟΚ/ΚΙΝΑΛ,age_group,55+,9.5941,2018,Q2,medium,271,True
ΣΥΡΙΖΑ,age_group,55+,33.2103,2018,Q2,medium,271,True
Χρυσή Αυγή,age_group,55+,5.9041,2018,Q2,medium,271,True
other_party,education_group,high_education,7.9545,2018,Q2,high,440,True
Ένωση Κεντρώων,education_group,high_education,2.5,2018,Q2,high,440,True
ΑΝΕΛ,education_group,high_education,1.1364,2018,Q2,high,440,True
Ελληνική Λύση,education_group,high_education,1.1364,2018,Q2,high,440,True
ΚΚΕ,education_group,high_education,4.3182,2018,Q2,high,440,True
ΜέΡΑ25,education_group,high_education,0.4545,2018,Q2,high,440,True
ΝΔ,education_group,high_education,33.1818,2018,Q2,high,440,True
ΠΑΣΟΚ/ΚΙΝΑΛ,education_group,high_education,9.7727,2018,Q2,high,440,True
Πλεύση Ελευθερίας,education_group,high_education,0.9091,2018,Q2,high,440,True
ΣΥΡΙΖΑ,education_group,high_education,31.5909,2018,Q2,high,440,True
Χρυσή Αυγή,education_group,high_education,7.0455,2018,Q2,high,440,True
other_party,education_group,low_education,8.8235,2018,Q2,low,34,True
ΑΝΕΛ,education_group,low_education,2.9412,2018,Q2,low,34,True
Ελληνική Λύση,education_group,low_education,11.7647,2018,Q2,low,34,True
ΚΚΕ,education_group,low_education,14.7059,2018,Q2,low,34,True
ΝΔ,education_group,low_education,29.4118,2018,Q2,low,34,True
ΠΑΣΟΚ/ΚΙΝΑΛ,education_group,low_education,5.8824,2018,Q2,low,34,True
Πλεύση Ελευθερίας,education_group,low_education,2.9412,2018,Q2,low,34,True
ΣΥΡΙΖΑ,education_group,low_education,14.7059,2018,Q2,low,34,True
Χρυσή Αυγή,education_group,low_education,8.8235,2018,Q2,low,34,True
other_party,education_group,medium_education,6.2745,2018,Q2,medium,255,True
Ένωση Κεντρώων,education_group,medium_education,2.3529,2018,Q2,medium,255,True
ΑΝΕΛ,education_group,medium_education,1.1765,2018,Q2,medium,255,True
Ελληνική Λύση,education_group,medium_education,1.9608,2018,Q2,medium,255,True
ΚΚΕ,education_group,medium_education,9.4118,2018,Q2,medium,255,True
ΜέΡΑ25,education_group,medium_education,0.3922,2018,Q2,medium,255,True
ΝΔ,education_group,medium_education,30.9804,2018,Q2,medium,255,True
ΠΑΣΟΚ/ΚΙΝΑΛ,education_group,medium_education,7.451,2018,Q2,medium,255,True
Πλεύση Ελευθερίας,education_group,medium_education,1.1765,2018,Q2,medium,255,True
ΣΥΡΙΖΑ,education_group,medium_education,24.3137,2018,Q2,medium,255,True
Χρυσή Αυγή,education_group,medium_education,14.5098,2018,Q2,medium,255,True
other_party,education_group,Λ) Δε θέλω να απαντήσω,33.3333,2018,Q2,low,3,True
Ένωση Κεντρώων,education_group,Λ) Δε θέλω να απαντήσω,33.3333,2018,Q2,low,3,True
ΝΔ,education_group,Λ) Δε θέλω να απαντήσω,33.3333,2018,Q2,low,3,True
other_party,occupation_group,private_sector,6.25,2018,Q2,medium,144,True
Ένωση Κεντρώων,occupation_group,private_sector,3.4722,2018,Q2,medium,144,True
ΑΝΕΛ,occupation_group,private_sector,0.6944,2018,Q2,medium,144,True
ΚΚΕ,occupation_group,private_sector,6.25,2018,Q2,medium,144,True
ΝΔ,occupation_group,private_sector,33.3333,2018,Q2,medium,144,True
ΠΑΣΟΚ/ΚΙΝΑΛ,occupation_group,private_sector,7.6389,2018,Q2,medium,144,True
Πλεύση Ελευθερίας,occupation_group,private_sector,2.0833,2018,Q2,medium,144,True
ΣΥΡΙΖΑ,occupation_group,private_sector,29.8611,2018,Q2,medium,144,True
Χρυσή Αυγή,occupation_group,private_sector,10.4167,2018,Q2,medium,144,True
other_party,occupation_group,public_sector,9.1549,2018,Q2,medium,142,True
Ένωση Κεντρώων,occupation_group,public_sector,3.5211,2018,Q2,medium,142,True
ΑΝΕΛ,occupation_group,public_sector,2.1127,2018,Q2,medium,142,True
Ελληνική Λύση,occupation_group,public_sector,2.8169,2018,Q2,medium,142,True
ΚΚΕ,occupation_group,public_sector,2.8169,2018,Q2,medium,142,True
ΝΔ,occupation_group,public_sector,28.8732,2018,Q2,medium,142,True
ΠΑΣΟΚ/ΚΙΝΑΛ,occupation_group,public_sector,10.5634,2018,Q2,medium,142,True
Πλεύση Ελευθερίας,occupation_group,public_sector,0.7042,2018,Q2,medium,142,True
ΣΥΡΙΖΑ,occupation_group,public_sector,30.9859,2018,Q2,medium,142,True
Χρυσή Αυγή,occupation_group,public_sector,8.4507,2018,Q2,medium,142,True
other_party,occupation_group,self_employed,8.6093,2018,Q2,medium,151,True
Ένωση Κεντρώων,occupation_group,self_employed,2.649,2018,Q2,medium,151,True
ΑΝΕΛ,occupation_group,self_employed,1.3245,2018,Q2,medium,151,True
Ελληνική Λύση,occupation_group,self_employed,1.3245,2018,Q2,medium,151,True
ΚΚΕ,occupation_group,self_employed,2.649,2018,Q2,medium,151,True
ΝΔ,occupation_group,self_employed,32.4503,2018,Q2,medium,151,True
ΠΑΣΟΚ/ΚΙΝΑΛ,occupation_group,self_employed,10.596,2018,Q2,medium,151,True
ΣΥΡΙΖΑ,occupation_group,self_employed,31.1258,2018,Q2,medium,151,True
Χρυσή Αυγή,occupation_group,self_employed,9.2715,2018,Q2,medium,151,True
other_party,occupation_group,Ε) Δεν εργάζομαι,6.4935,2018,Q2,medium,231,True
Ένωση Κεντρώων,occupation_group,Ε) Δεν εργάζομαι,1.7316,2018,Q2,medium,231,True
Ελληνική Λύση,occupation_group,Ε) Δεν εργάζομαι,3.0303,2018,Q2,medium,231,True
ΚΚΕ,occupation_group,Ε) Δεν εργάζομαι,12.1212,2018,Q2,medium,231,True
ΜέΡΑ25,occupation_group,Ε) Δεν εργάζομαι,0.8658,2018,Q2,medium,231,True
ΝΔ,occupation_group,Ε) Δεν εργάζομαι,33.7662,2018,Q2,medium,231,True
ΠΑΣΟΚ/ΚΙΝΑΛ,occupation_group,Ε) Δεν εργάζομαι,7.3593,2018,Q2,medium,231,True
Πλεύση Ελευθερίας,occupation_group,Ε) Δεν εργάζομαι,1.2987,2018,Q2,medium,231,True
ΣΥΡΙΖΑ,occupation_group,Ε) Δεν εργάζομαι,23.3766,2018,Q2,medium,231,True
Χρυσή Αυγή,occupation_group,Ε) Δεν εργάζομαι,9.9567,2018,Q2,medium,231,True
other_party,occupation_group,Ζ) Δεν αναζητώ εργασία,9.0909,2018,Q2,low,22,True
ΚΚΕ,occupation_group,Ζ) Δεν αναζητώ εργασία,9.0909,2018,Q2,low,22,True
ΜέΡΑ25,occupation_group,Ζ) Δεν αναζητώ εργασία,4.5455,2018,Q2,low,22,True
ΝΔ,occupation_group,Ζ) Δεν αναζητώ εργασία,22.7273,2018,Q2,low,22,True
ΠΑΣΟΚ/ΚΙΝΑΛ,occupation_group,Ζ) Δεν αναζητώ εργασία,13.6364,2018,Q2,low,22,True
ΣΥΡΙΖΑ,occupation_group,Ζ) Δεν αναζητώ εργασία,27.2727,2018,Q2,low,22,True
Χρυσή Αυγή,occupation_group,Ζ) Δεν αναζητώ εργασία,13.6364,2018,Q2,low,22,True
other_party,occupation_group,Η) Δε θέλω να απαντήσω,7.1429,2018,Q2,low,42,True
ΑΝΕΛ,occupation_group,Η) Δε θέλω να απαντήσω,7.1429,2018,Q2,low,42,True
Ελληνική Λύση,occupation_group,Η) Δε θέλω να απαντήσω,2.381,2018,Q2,low,42,True
ΚΚΕ,occupation_group,Η) Δε θέλω να απαντήσω,2.381,2018,Q2,low,42,True
ΝΔ,occupation_group,Η) Δε θέλω να απαντήσω,35.7143,2018,Q2,low,42,True
ΠΑΣΟΚ/ΚΙΝΑΛ,occupation_group,Η) Δε θέλω να απαντήσω,4.7619,2018,Q2,low,42,True
Πλεύση Ελευθερίας,occupation_group,Η) Δε θέλω να απαντήσω,2.381,2018,Q2,low,42,True
ΣΥΡΙΖΑ,occupation_group,Η) Δε θέλω να απαντήσω,28.5714,2018,Q2,low,42,True
Χρυσή Αυγή,occupation_group,Η) Δε θέλω να απαντήσω,9.5238,2018,Q2,low,42,True
other_party,left_right_group,center,5.8659,2018,Q2,high,358,True
Ένωση Κεντρώων,left_right_group,center,4.1899,2018,Q2,high,358,True
ΑΝΕΛ,left_right_group,center,1.3966,2018,Q2,high,358,True
Ελληνική Λύση,left_right_group,center,1.676,2018,Q2,high,358,True
ΚΚΕ,left_right_group,center,2.514,2018,Q2,high,358,True
ΜέΡΑ25,left_right_group,center,0.2793,2018,Q2,high,358,True
ΝΔ,left_right_group,center,38.2682,2018,Q2,high,358,True
ΠΑΣΟΚ/ΚΙΝΑΛ,left_right_group,center,16.4804,2018,Q2,high,358,True
Πλεύση Ελευθερίας,left_right_group,center,1.676,2018,Q2,high,358,True
ΣΥΡΙΖΑ,left_right_group,center,25.6983,2018,Q2,high,358,True
Χρυσή Αυγή,left_right_group,center,1.9553,2018,Q2,high,358,True
other_party,left_right_group,left,7.8313,2018,Q2,medium,166,True
ΑΝΕΛ,left_right_group,left,0.6024,2018,Q2,medium,166,True
ΚΚΕ,left_right_group,left,20.4819,2018,Q2,medium,166,True
ΜέΡΑ25,left_right_group,left,1.2048,2018,Q2,medium,166,True
ΠΑΣΟΚ/ΚΙΝΑΛ,left_right_group,left,2.4096,2018,Q2,medium,166,True
Πλεύση Ελευθερίας,left_right_group,left,1.2048,2018,Q2,medium,166,True
ΣΥΡΙΖΑ,left_right_group,left,63.8554,2018,Q2,medium,166,True
Χρυσή Αυγή,left_right_group,left,2.4096,2018,Q2,medium,166,True
other_party,left_right_group,right,8.3871,2018,Q2,medium,155,True
ΑΝΕΛ,left_right_group,right,1.2903,2018,Q2,medium,155,True
Ελληνική Λύση,left_right_group,right,2.5806,2018,Q2,medium,155,True
ΝΔ,left_right_group,right,56.7742,2018,Q2,medium,155,True
ΠΑΣΟΚ/ΚΙΝΑΛ,left_right_group,right,0.6452,2018,Q2,medium,155,True
ΣΥΡΙΖΑ,left_right_group,right,1.9355,2018,Q2,medium,155,True
Χρυσή Αυγή,left_right_group,right,28.3871,2018,Q2,medium,155,True
other_party,previous_vote_party,other_party,22.8758,2018,Q2,medium,153,True
Ένωση Κεντρώων,previous_vote_party,other_party,1.9608,2018,Q2,medium,153,True
Ελληνική Λύση,previous_vote_party,other_party,1.9608,2018,Q2,medium,153,True
ΚΚΕ,previous_vote_party,other_party,5.8824,2018,Q2,medium,153,True
ΜέΡΑ25,previous_vote_party,other_party,0.6536,2018,Q2,medium,153,True
ΝΔ,previous_vote_party,other_party,18.9542,2018,Q2,medium,153,True
ΠΑΣΟΚ/ΚΙΝΑΛ,previous_vote_party,other_party,28.7582,2018,Q2,medium,153,True
Πλεύση Ελευθερίας,previous_vote_party,other_party,1.9608,2018,Q2,medium,153,True
ΣΥΡΙΖΑ,previous_vote_party,other_party,11.7647,2018,Q2,medium,153,True
Χρυσή Αυγή,previous_vote_party,other_party,5.2288,2018,Q2,medium,153,True
Ένωση Κεντρώων,previous_vote_party,Ένωση Κεντρώων,36.3636,2018,Q2,low,11,True
ΑΝΕΛ,previous_vote_party,Ένωση Κεντρώων,9.0909,2018,Q2,low,11,True
ΝΔ,previous_vote_party,Ένωση Κεντρώων,45.4545,2018,Q2,low,11,True
ΣΥΡΙΖΑ,previous_vote_party,Ένωση Κεντρώων,9.0909,2018,Q2,low,11,True
other_party,previous_vote_party,ΑΝΕΛ,17.3913,2018,Q2,low,23,True
Ένωση Κεντρώων,previous_vote_party,ΑΝΕΛ,8.6957,2018,Q2,low,23,True
ΑΝΕΛ,previous_vote_party,ΑΝΕΛ,26.087,2018,Q2,low,23,True
Ελληνική Λύση,previous_vote_party,ΑΝΕΛ,8.6957,2018,Q2,low,23,True
ΝΔ,previous_vote_party,ΑΝΕΛ,21.7391,2018,Q2,low,23,True
Χρυσή Αυγή,previous_vote_party,ΑΝΕΛ,17.3913,2018,Q2,low,23,True
other_party,previous_vote_party,ΚΚΕ,2.2727,2018,Q2,low,44,True
Ένωση Κεντρώων,previous_vote_party,ΚΚΕ,2.2727,2018,Q2,low,44,True
Ελληνική Λύση,previous_vote_party,ΚΚΕ,2.2727,2018,Q2,low,44,True
ΚΚΕ,previous_vote_party,ΚΚΕ,68.1818,2018,Q2,low,44,True
ΜέΡΑ25,previous_vote_party,ΚΚΕ,2.2727,2018,Q2,low,44,True
ΝΔ,previous_vote_party,ΚΚΕ,6.8182,2018,Q2,low,44,True
ΣΥΡΙΖΑ,previous_vote_party,ΚΚΕ,11.3636,2018,Q2,low,44,True
Χρυσή Αυγή,previous_vote_party,ΚΚΕ,4.5455,2018,Q2,low,44,True
other_party,previous_vote_party,ΝΔ,3.0612,2018,Q2,medium,196,True
Ένωση Κεντρώων,previous_vote_party,ΝΔ,2.551,2018,Q2,medium,196,True
ΑΝΕΛ,previous_vote_party,ΝΔ,1.0204,2018,Q2,medium,196,True
Ελληνική Λύση,previous_vote_party,ΝΔ,0.5102,2018,Q2,medium,196,True
ΝΔ,previous_vote_party,ΝΔ,81.1224,2018,Q2,medium,196,True
ΠΑΣΟΚ/ΚΙΝΑΛ,previous_vote_party,ΝΔ,1.0204,2018,Q2,medium,196,True
Πλεύση Ελευθερίας,previous_vote_party,ΝΔ,0.5102,2018,Q2,medium,196,True
ΣΥΡΙΖΑ,previous_vote_party,ΝΔ,7.1429,2018,Q2,medium,196,True
Χρυσή Αυγή,previous_vote_party,ΝΔ,3.0612,2018,Q2,medium,196,True
other_party,previous_vote_party,Ποτάμι,12.5,2018,Q2,low,24,True
Ένωση Κεντρώων,previous_vote_party,Ποτάμι,4.1667,2018,Q2,low,24,True
ΚΚΕ,previous_vote_party,Ποτάμι,4.1667,2018,Q2,low,24,True
ΝΔ,previous_vote_party,Ποτάμι,25.0,2018,Q2,low,24,True
ΠΑΣΟΚ/ΚΙΝΑΛ,previous_vote_party,Ποτάμι,20.8333,2018,Q2,low,24,True
ΣΥΡΙΖΑ,previous_vote_party,Ποτάμι,20.8333,2018,Q2,low,24,True
Χρυσή Αυγή,previous_vote_party,Ποτάμι,12.5,2018,Q2,low,24,True
other_party,previous_vote_party,ΣΥΡΙΖΑ,1.7937,2018,Q2,medium,223,True
Ένωση Κεντρώων,previous_vote_party,ΣΥΡΙΖΑ,0.4484,2018,Q2,medium,223,True
Ελληνική Λύση,previous_vote_party,ΣΥΡΙΖΑ,0.8969,2018,Q2,medium,223,True
ΚΚΕ,previous_vote_party,ΣΥΡΙΖΑ,3.139,2018,Q2,medium,223,True
ΜέΡΑ25,previous_vote_party,ΣΥΡΙΖΑ,0.4484,2018,Q2,medium,223,True
ΝΔ,previous_vote_party,ΣΥΡΙΖΑ,10.7623,2018,Q2,medium,223,True
ΠΑΣΟΚ/ΚΙΝΑΛ,previous_vote_party,ΣΥΡΙΖΑ,4.0359,2018,Q2,medium,223,True
Πλεύση Ελευθερίας,previous_vote_party,ΣΥΡΙΖΑ,1.7937,2018,Q2,medium,223,True
ΣΥΡΙΖΑ,previous_vote_party,ΣΥΡΙΖΑ,72.1973,2018,Q2,medium,223,True
Χρυσή Αυγή,previous_vote_party,ΣΥΡΙΖΑ,4.4843,2018,Q2,medium,223,True
other_party,previous_vote_party,Χρυσή Αυγή,2.2727,2018,Q2,low,44,True
Ένωση Κεντρώων,previous_vote_party,Χρυσή Αυγή,2.2727,2018,Q2,low,44,True
Ελληνική Λύση,previous_vote_party,Χρυσή Αυγή,11.3636,2018,Q2,low,44,True
ΝΔ,previous_vote_party,Χρυσή Αυγή,4.5455,2018,Q2,low,44,True
Χρυσή Αυγή,previous_vote_party,Χρυσή Αυγή,79.5455,2018,Q2,low,44,True
other_party,region_group,Α) Αττική,9.7674,2018,Q2,medium,215,True
Ένωση Κεντρώων,region_group,Α) Αττική,1.3953,2018,Q2,medium,215,True
ΑΝΕΛ,region_group,Α) Αττική,0.4651,2018,Q2,medium,215,True
Ελληνική Λύση,region_group,Α) Αττική,1.3953,2018,Q2,medium,215,True
ΚΚΕ,region_group,Α) Αττική,7.4419,2018,Q2,medium,215,True
ΝΔ,region_group,Α) Αττική,38.1395,2018,Q2,medium,215,True
ΠΑΣΟΚ/ΚΙΝΑΛ,region_group,Α) Αττική,5.5814,2018,Q2,medium,215,True
Πλεύση Ελευθερίας,region_group,Α) Αττική,1.8605,2018,Q2,medium,215,True
ΣΥΡΙΖΑ,region_group,Α) Αττική,26.5116,2018,Q2,medium,215,True
Χρυσή Αυγή,region_group,Α) Αττική,7.4419,2018,Q2,medium,215,True
other_party,region_group,Β) Στερεά Ελλάδα,5.4054,2018,Q2,low,37,True
Ένωση Κεντρώων,region_group,Β) Στερεά Ελλάδα,2.7027,2018,Q2,low,37,True
ΚΚΕ,region_group,Β) Στερεά Ελλάδα,21.6216,2018,Q2,low,37,True
ΝΔ,region_group,Β) Στερεά Ελλάδα,27.027,2018,Q2,low,37,True
ΠΑΣΟΚ/ΚΙΝΑΛ,region_group,Β) Στερεά Ελλάδα,10.8108,2018,Q2,low,37,True
ΣΥΡΙΖΑ,region_group,Β) Στερεά Ελλάδα,29.7297,2018,Q2,low,37,True
Χρυσή Αυγή,region_group,Β) Στερεά Ελλάδα,2.7027,2018,Q2,low,37,True
other_party,region_group,Γ) Κεντρική Μακεδονία,9.0909,2018,Q2,medium,143,True
Ένωση Κεντρώων,region_group,Γ) Κεντρική Μακεδονία,4.1958,2018,Q2,medium,143,True
ΑΝΕΛ,region_group,Γ) Κεντρική Μακεδονία,3.4965,2018,Q2,medium,143,True
Ελληνική Λύση,region_group,Γ) Κεντρική Μακεδονία,3.4965,2018,Q2,medium,143,True
ΚΚΕ,region_group,Γ) Κεντρική Μακεδονία,2.7972,2018,Q2,medium,143,True
ΝΔ,region_group,Γ) Κεντρική Μακεδονία,26.5734,2018,Q2,medium,143,True
ΠΑΣΟΚ/ΚΙΝΑΛ,region_group,Γ) Κεντρική Μακεδονία,7.6923,2018,Q2,medium,143,True
ΣΥΡΙΖΑ,region_group,Γ) Κεντρική Μακεδονία,30.7692,2018,Q2,medium,143,True
Χρυσή Αυγή,region_group,Γ) Κεντρική Μακεδονία,11.8881,2018,Q2,medium,143,True
other_party,region_group,Δ) Κρήτη,5.1282,2018,Q2,low,39,True
Ένωση Κεντρώων,region_group,Δ) Κρήτη,7.6923,2018,Q2,low,39,True
ΑΝΕΛ,region_group,Δ) Κρήτη,5.1282,2018,Q2,low,39,True
Ελληνική Λύση,region_group,Δ) Κρήτη,2.5641,2018,Q2,low,39,True
ΚΚΕ,region_group,Δ) Κρήτη,7.6923,2018,Q2,low,39,True
ΜέΡΑ25,region_group,Δ) Κρήτη,2.5641,2018,Q2,low,39,True
ΝΔ,region_group,Δ) Κρήτη,20.5128,2018,Q2,low,39,True
ΠΑΣΟΚ/ΚΙΝΑΛ,region_group,Δ) Κρήτη,12.8205,2018,Q2,low,39,True
ΣΥΡΙΖΑ,region_group,Δ) Κρήτη,23.0769,2018,Q2,low,39,True
Χρυσή Αυγή,region_group,Δ) Κρήτη,12.8205,2018,Q2,low,39,True
other_party,region_group,Ε) Ανατολική Μακεδονία & Θράκη,2.2727,2018,Q2,low,44,True
Ένωση Κεντρώων,region_group,Ε) Ανατολική Μακεδονία & Θράκη,2.2727,2018,Q2,low,44,True
Ελληνική Λύση,region_group,Ε) Ανατολική Μακεδονία & Θράκη,2.2727,2018,Q2,low,44,True
ΚΚΕ,region_group,Ε) Ανατολική Μακεδονία & Θράκη,2.2727,2018,Q2,low,44,True
ΜέΡΑ25,region_group,Ε) Ανατολική Μακεδονία & Θράκη,2.2727,2018,Q2,low,44,True
ΝΔ,region_group,Ε) Ανατολική Μακεδονία & Θράκη,34.0909,2018,Q2,low,44,True
ΠΑΣΟΚ/ΚΙΝΑΛ,region_group,Ε) Ανατολική Μακεδονία & Θράκη,2.2727,2018,Q2,low,44,True
ΣΥΡΙΖΑ,region_group,Ε) Ανατολική Μακεδονία & Θράκη,43.1818,2018,Q2,low,44,True
Χρυσή Αυγή,region_group,Ε) Ανατολική Μακεδονία & Θράκη,9.0909,2018,Q2,low,44,True
other_party,region_group,Ζ) Ήπειρος,7.4074,2018,Q2,low,27,True
ΚΚΕ,region_group,Ζ) Ήπειρος,7.4074,2018,Q2,low,27,True
ΝΔ,region_group,Ζ) Ήπειρος,33.3333,2018,Q2,low,27,True
ΠΑΣΟΚ/ΚΙΝΑΛ,region_group,Ζ) Ήπειρος,11.1111,2018,Q2,low,27,True
ΣΥΡΙΖΑ,region_group,Ζ) Ήπειρος,37.037,2018,Q2,low,27,True
Χρυσή Αυγή,region_group,Ζ) Ήπειρος,3.7037,2018,Q2,low,27,True
Ένωση Κεντρώων,region_group,Η) Ιόνιοι Νήσοι,5.5556,2018,Q2,low,18,True
ΚΚΕ,region_group,Η) Ιόνιοι Νήσοι,5.5556,2018,Q2,low,18,True
ΝΔ,region_group,Η) Ιόνιοι Νήσοι,61.1111,2018,Q2,low,18,True
ΠΑΣΟΚ/ΚΙΝΑΛ,region_group,Η) Ιόνιοι Νήσοι,5.5556,2018,Q2,low,18,True
ΣΥΡΙΖΑ,region_group,Η) Ιόνιοι Νήσοι,11.1111,2018,Q2,low,18,True
Χρυσή Αυγή,region_group,Η) Ιόνιοι Νήσοι,11.1111,2018,Q2,low,18,True
other_party,region_group,Θ) Βόρειο Αιγαίο,4.1667,2018,Q2,low,24,True
Ένωση Κεντρώων,region_group,Θ) Βόρειο Αιγαίο,4.1667,2018,Q2,low,24,True
ΚΚΕ,region_group,Θ) Βόρειο Αιγαίο,4.1667,2018,Q2,low,24,True
ΝΔ,region_group,Θ) Βόρειο Αιγαίο,25.0,2018,Q2,low,24,True
ΠΑΣΟΚ/ΚΙΝΑΛ,region_group,Θ) Βόρειο Αιγαίο,8.3333,2018,Q2,low,24,True
Πλεύση Ελευθερίας,region_group,Θ) Βόρειο Αιγαίο,4.1667,2018,Q2,low,24,True
ΣΥΡΙΖΑ,region_group,Θ) Βόρειο Αιγαίο,33.3333,2018,Q2,low,24,True
Χρυσή Αυγή,region_group,Θ) Βόρειο Αιγαίο,16.6667,2018,Q2,low,24,True
other_party,region_group,Ι) Πελοπόννησος,5.5556,2018,Q2,low,36,True
ΑΝΕΛ,region_group,Ι) Πελοπόννησος,2.7778,2018,Q2,low,36,True
Ελληνική Λύση,region_group,Ι) Πελοπόννησος,2.7778,2018,Q2,low,36,True
ΚΚΕ,region_group,Ι) Πελοπόννησος,8.3333,2018,Q2,low,36,True
ΝΔ,region_group,Ι) Πελοπόννησος,36.1111,2018,Q2,low,36,True
ΠΑΣΟΚ/ΚΙΝΑΛ,region_group,Ι) Πελοπόννησος,13.8889,2018,Q2,low,36,True
Πλεύση Ελευθερίας,region_group,Ι) Πελοπόννησος,2.7778,2018,Q2,low,36,True
ΣΥΡΙΖΑ,region_group,Ι) Πελοπόννησος,25.0,2018,Q2,low,36,True
Χρυσή Αυγή,region_group,Ι) Πελοπόννησος,2.7778,2018,Q2,low,36,True
other_party,region_group,Κ) Νότιο Αιγαίο,5.5556,2018,Q2,low,18,True
ΚΚΕ,region_group,Κ) Νότιο Αιγαίο,5.5556,2018,Q2,low,18,True
ΝΔ,region_group,Κ) Νότιο Αιγαίο,33.3333,2018,Q2,low,18,True
ΠΑΣΟΚ/ΚΙΝΑΛ,region_group,Κ) Νότιο Αιγαίο,11.1111,2018,Q2,low,18,True
ΣΥΡΙΖΑ,region_group,Κ) Νότιο Αιγαίο,33.3333,2018,Q2,low,18,True
Χρυσή Αυγή,region_group,Κ) Νότιο Αιγαίο,11.1111,2018,Q2,low,18,True
other_party,region_group,Λ) Θεσσαλία,6.5217,2018,Q2,low,46,True
Ελληνική Λύση,region_group,Λ) Θεσσαλία,2.1739,2018,Q2,low,46,True
ΚΚΕ,region_group,Λ) Θεσσαλία,8.6957,2018,Q2,low,46,True
ΜέΡΑ25,region_group,Λ) Θεσσαλία,2.1739,2018,Q2,low,46,True
ΝΔ,region_group,Λ) Θεσσαλία,36.9565,2018,Q2,low,46,True
ΠΑΣΟΚ/ΚΙΝΑΛ,region_group,Λ) Θεσσαλία,13.0435,2018,Q2,low,46,True
ΣΥΡΙΖΑ,region_group,Λ) Θεσσαλία,15.2174,2018,Q2,low,46,True
Χρυσή Αυγή,region_group,Λ) Θεσσαλία,15.2174,2018,Q2,low,46,True
other_party,region_group,Μ) Δυτική Ελλάδα,9.375,2018,Q2,low,32,True
ΚΚΕ,region_group,Μ) Δυτική Ελλάδα,9.375,2018,Q2,low,32,True
ΝΔ,region_group,Μ) Δυτική Ελλάδα,21.875,2018,Q2,low,32,True
ΠΑΣΟΚ/ΚΙΝΑΛ,region_group,Μ) Δυτική Ελλάδα,18.75,2018,Q2,low,32,True
Πλεύση Ελευθερίας,region_group,Μ) Δυτική Ελλάδα,3.125,2018,Q2,low,32,True
ΣΥΡΙΖΑ,region_group,Μ) Δυτική Ελλάδα,34.375,2018,Q2,low,32,True
Χρυσή Αυγή,region_group,Μ) Δυτική Ελλάδα,3.125,2018,Q2,low,32,True
other_party,region_group,Ν) Δυτική Μακεδονία,5.1282,2018,Q2,low,39,True
Ένωση Κεντρώων,region_group,Ν) Δυτική Μακεδονία,5.1282,2018,Q2,low,39,True
Ελληνική Λύση,region_group,Ν) Δυτική Μακεδονία,5.1282,2018,Q2,low,39,True
ΝΔ,region_group,Ν) Δυτική Μακεδονία,30.7692,2018,Q2,low,39,True
ΠΑΣΟΚ/ΚΙΝΑΛ,region_group,Ν) Δυτική Μακεδονία,12.8205,2018,Q2,low,39,True
ΣΥΡΙΖΑ,region_group,Ν) Δυτική Μακεδονία,23.0769,2018,Q2,low,39,True
Χρυσή Αυγή,region_group,Ν) Δυτική Μακεδονία,17.9487,2018,Q2,low,39,True
ΚΚΕ,region_group,Ξ) Δεν είμαι γραμμένος/η στους εκλογικούς καταλόγους,50.0,2018,Q2,low,2,True
ΠΑΣΟΚ/ΚΙΝΑΛ,region_group,Ξ) Δεν είμαι γραμμένος/η στους εκλογικούς καταλόγους,50.0,2018,Q2,low,2,True
ΣΥΡΙΖΑ,region_group,Ο) Δεν έχω δικαίωμα ψήφου,50.0,2018,Q2,low,2,True
Χρυσή Αυγή,region_group,Ο) Δεν έχω δικαίωμα ψήφου,50.0,2018,Q2,low,2,True
Πλεύση Ελευθερίας,region_group,Ρ) Δεν γνωρίζω,50.0,2018,Q2,low,2,True
ΣΥΡΙΖΑ,region_group,Ρ) Δεν γνωρίζω,50.0,2018,Q2,low,2,True
other_party,region_group,ΣΤ) Δεν θέλω να απαντήσω,25.0,2018,Q2,low,8,True
ΝΔ,region_group,ΣΤ) Δεν θέλω να απαντήσω,25.0,2018,Q2,low,8,True
ΣΥΡΙΖΑ,region_group,ΣΤ) Δεν θέλω να απαντήσω,25.0,2018,Q2,low,8,True
Χρυσή Αυγή,region_group,ΣΤ) Δεν θέλω να απαντήσω,25.0,2018,Q2,low,8,True
other_party,gender,female,8.5766,2018,Q3,high,548,True
Ένωση Κεντρώων,gender,female,1.0949,2018,Q3,high,548,True
ΑΝΕΛ,gender,female,0.1825,2018,Q3,high,548,True
Ελληνική Λύση,gender,female,1.6423,2018,Q3,high,548,True
ΚΚΕ,gender,female,3.2847,2018,Q3,high,548,True
ΜέΡΑ25,gender,female,0.9124,2018,Q3,high,548,True
ΝΔ,gender,female,22.4453,2018,Q3,high,548,True
ΠΑΣΟΚ/ΚΙΝΑΛ,gender,female,5.8394,2018,Q3,high,548,True
Πλεύση Ελευθερίας,gender,female,0.9124,2018,Q3,high,548,True
Ποτάμι,gender,female,0.365,2018,Q3,high,548,True
ΣΥΡΙΖΑ,gender,female,48.3577,2018,Q3,high,548,True
Χρυσή Αυγή,gender,female,6.3869,2018,Q3,high,548,True
other_party,gender,male,11.1817,2018,Q3,high,787,True
Ένωση Κεντρώων,gender,male,1.1436,2018,Q3,high,787,True
ΑΝΕΛ,gender,male,1.0165,2018,Q3,high,787,True
Ελληνική Λύση,gender,male,2.9225,2018,Q3,high,787,True
ΚΚΕ,gender,male,4.3202,2018,Q3,high,787,True
ΜέΡΑ25,gender,male,1.3977,2018,Q3,high,787,True
ΝΔ,gender,male,25.7942,2018,Q3,high,787,True
ΠΑΣΟΚ/ΚΙΝΑΛ,gender,male,7.878,2018,Q3,high,787,True
Πλεύση Ελευθερίας,gender,male,1.1436,2018,Q3,high,787,True
Ποτάμι,gender,male,0.7624,2018,Q3,high,787,True
ΣΥΡΙΖΑ,gender,male,34.9428,2018,Q3,high,787,True
Χρυσή Αυγή,gender,male,7.4968,2018,Q3,high,787,True
other_party,age_group,25-39,10.6061,2018,Q3,medium,264,True
Ένωση Κεντρώων,age_group,25-39,2.6515,2018,Q3,medium,264,True
ΑΝΕΛ,age_group,25-39,0.3788,2018,Q3,medium,264,True
Ελληνική Λύση,age_group,25-39,2.6515,2018,Q3,medium,264,True
ΚΚΕ,age_group,25-39,6.0606,2018,Q3,medium,264,True
ΜέΡΑ25,age_group,25-39,2.2727,2018,Q3,medium,264,True
ΝΔ,age_group,25-39,16.2879,2018,Q3,medium,264,True
ΠΑΣΟΚ/ΚΙΝΑΛ,age_group,25-39,4.5455,2018,Q3,medium,264,True
Πλεύση Ελευθερίας,age_group,25-39,1.5152,2018,Q3,medium,264,True
Ποτάμι,age_group,25-39,0.7576,2018,Q3,medium,264,True
ΣΥΡΙΖΑ,age_group,25-39,40.5303,2018,Q3,medium,264,True
Χρυσή Αυγή,age_group,25-39,11.7424,2018,Q3,medium,264,True
other_party,age_group,40-54,10.3368,2018,Q3,high,861,True
Ένωση Κεντρώων,age_group,40-54,0.813,2018,Q3,high,861,True
ΑΝΕΛ,age_group,40-54,0.6969,2018,Q3,high,861,True
Ελληνική Λύση,age_group,40-54,2.3229,2018,Q3,high,861,True
ΚΚΕ,age_group,40-54,3.6005,2018,Q3,high,861,True
ΜέΡΑ25,age_group,40-54,1.0453,2018,Q3,high,861,True
ΝΔ,age_group,40-54,24.971,2018,Q3,high,861,True
ΠΑΣΟΚ/ΚΙΝΑΛ,age_group,40-54,6.0395,2018,Q3,high,861,True
Πλεύση Ελευθερίας,age_group,40-54,1.0453,2018,Q3,high,861,True
Ποτάμι,age_group,40-54,0.3484,2018,Q3,high,861,True
ΣΥΡΙΖΑ,age_group,40-54,42.1603,2018,Q3,high,861,True
Χρυσή Αυγή,age_group,40-54,6.6202,2018,Q3,high,861,True
other_party,age_group,55+,8.2126,2018,Q3,medium,207,True
Ένωση Κεντρώων,age_group,55+,0.4831,2018,Q3,medium,207,True
ΑΝΕΛ,age_group,55+,0.9662,2018,Q3,medium,207,True
Ελληνική Λύση,age_group,55+,1.9324,2018,Q3,medium,207,True
ΚΚΕ,age_group,55+,2.4155,2018,Q3,medium,207,True
ΜέΡΑ25,age_group,55+,0.4831,2018,Q3,medium,207,True
ΝΔ,age_group,55+,33.3333,2018,Q3,medium,207,True
ΠΑΣΟΚ/ΚΙΝΑΛ,age_group,55+,14.0097,2018,Q3,medium,207,True
Πλεύση Ελευθερίας,age_group,55+,0.4831,2018,Q3,medium,207,True
Ποτάμι,age_group,55+,1.4493,2018,Q3,medium,207,True
ΣΥΡΙΖΑ,age_group,55+,33.3333,2018,Q3,medium,207,True
Χρυσή Αυγή,age_group,55+,2.8986,2018,Q3,medium,207,True
other_party,education_group,high_education,10.2696,2018,Q3,high,779,True
Ένωση Κεντρώων,education_group,high_education,1.2837,2018,Q3,high,779,True
ΑΝΕΛ,education_group,high_education,0.1284,2018,Q3,high,779,True
Ελληνική Λύση,education_group,high_education,1.4121,2018,Q3,high,779,True
ΚΚΕ,education_group,high_education,3.9795,2018,Q3,high,779,True
ΜέΡΑ25,education_group,high_education,0.8986,2018,Q3,high,779,True
ΝΔ,education_group,high_education,26.3158,2018,Q3,high,779,True
ΠΑΣΟΚ/ΚΙΝΑΛ,education_group,high_education,7.3171,2018,Q3,high,779,True
Πλεύση Ελευθερίας,education_group,high_education,1.1553,2018,Q3,high,779,True
Ποτάμι,education_group,high_education,0.7702,2018,Q3,high,779,True
ΣΥΡΙΖΑ,education_group,high_education,42.6187,2018,Q3,high,779,True
Χρυσή Αυγή,education_group,high_education,3.8511,2018,Q3,high,779,True
other_party,education_group,low_education,10.0,2018,Q3,low,60,True
ΑΝΕΛ,education_group,low_education,1.6667,2018,Q3,low,60,True
Ελληνική Λύση,education_group,low_education,6.6667,2018,Q3,low,60,True
ΜέΡΑ25,education_group,low_education,1.6667,2018,Q3,low,60,True
ΝΔ,education_group,low_education,18.3333,2018,Q3,low,60,True
ΠΑΣΟΚ/ΚΙΝΑΛ,education_group,low_education,10.0,2018,Q3,low,60,True
ΣΥΡΙΖΑ,education_group,low_education,36.6667,2018,Q3,low,60,True
Χρυσή Αυγή,education_group,low_education,15.0,2018,Q3,low,60,True
other_party,education_group,medium_education,10.1031,2018,Q3,high,485,True
Ένωση Κεντρώων,education_group,medium_education,1.0309,2018,Q3,high,485,True
ΑΝΕΛ,education_group,medium_education,1.4433,2018,Q3,high,485,True
Ελληνική Λύση,education_group,medium_education,3.5052,2018,Q3,high,485,True
ΚΚΕ,education_group,medium_education,4.3299,2018,Q3,high,485,True
ΜέΡΑ25,education_group,medium_education,1.6495,2018,Q3,high,485,True
ΝΔ,education_group,medium_education,22.4742,2018,Q3,high,485,True
ΠΑΣΟΚ/ΚΙΝΑΛ,education_group,medium_education,5.9794,2018,Q3,high,485,True
Πλεύση Ελευθερίας,education_group,medium_education,1.0309,2018,Q3,high,485,True
Ποτάμι,education_group,medium_education,0.4124,2018,Q3,high,485,True
ΣΥΡΙΖΑ,education_group,medium_education,36.9072,2018,Q3,high,485,True
Χρυσή Αυγή,education_group,medium_education,11.134,2018,Q3,high,485,True
other_party,education_group,Δε θέλω να απαντήσω,7.6923,2018,Q3,low,13,True
ΝΔ,education_group,Δε θέλω να απαντήσω,15.3846,2018,Q3,low,13,True
ΠΑΣΟΚ/ΚΙΝΑΛ,education_group,Δε θέλω να απαντήσω,15.3846,2018,Q3,low,13,True
ΣΥΡΙΖΑ,education_group,Δε θέλω να απαντήσω,53.8462,2018,Q3,low,13,True
Χρυσή Αυγή,education_group,Δε θέλω να απαντήσω,7.6923,2018,Q3,low,13,True
other_party,occupation_group,private_sector,9.5238,2018,Q3,medium,294,True
Ένωση Κεντρώων,occupation_group,private_sector,1.3605,2018,Q3,medium,294,True
ΑΝΕΛ,occupation_group,private_sector,1.0204,2018,Q3,medium,294,True
Ελληνική Λύση,occupation_group,private_sector,3.0612,2018,Q3,medium,294,True
ΚΚΕ,occupation_group,private_sector,4.7619,2018,Q3,medium,294,True
ΜέΡΑ25,occupation_group,private_sector,0.3401,2018,Q3,medium,294,True
ΝΔ,occupation_group,private_sector,19.3878,2018,Q3,medium,294,True
ΠΑΣΟΚ/ΚΙΝΑΛ,occupation_group,private_sector,3.7415,2018,Q3,medium,294,True
Πλεύση Ελευθερίας,occupation_group,private_sector,1.7007,2018,Q3,medium,294,True
Ποτάμι,occupation_group,private_sector,1.0204,2018,Q3,medium,294,True
ΣΥΡΙΖΑ,occupation_group,private_sector,44.898,2018,Q3,medium,294,True
Χρυσή Αυγή,occupation_group,private_sector,9.1837,2018,Q3,medium,294,True
other_party,occupation_group,public_sector,7.6305,2018,Q3,medium,249,True
Ένωση Κεντρώων,occupation_group,public_sector,2.008,2018,Q3,medium,249,True
ΑΝΕΛ,occupation_group,public_sector,1.2048,2018,Q3,medium,249,True
Ελληνική Λύση,occupation_group,public_sector,1.2048,2018,Q3,medium,249,True
ΚΚΕ,occupation_group,public_sector,3.2129,2018,Q3,medium,249,True
ΜέΡΑ25,occupation_group,public_sector,1.6064,2018,Q3,medium,249,True
ΝΔ,occupation_group,public_sector,22.0884,2018,Q3,medium,249,True
ΠΑΣΟΚ/ΚΙΝΑΛ,occupation_group,public_sector,8.8353,2018,Q3,medium,249,True
Πλεύση Ελευθερίας,occupation_group,public_sector,0.4016,2018,Q3,medium,249,True
Ποτάμι,occupation_group,public_sector,0.4016,2018,Q3,medium,249,True
ΣΥΡΙΖΑ,occupation_group,public_sector,45.3815,2018,Q3,medium,249,True
Χρυσή Αυγή,occupation_group,public_sector,6.0241,2018,Q3,medium,249,True
other_party,occupation_group,self_employed,12.3077,2018,Q3,medium,260,True
Ένωση Κεντρώων,occupation_group,self_employed,0.3846,2018,Q3,medium,260,True
ΑΝΕΛ,occupation_group,self_employed,0.3846,2018,Q3,medium,260,True
Ελληνική Λύση,occupation_group,self_employed,1.1538,2018,Q3,medium,260,True
ΚΚΕ,occupation_group,self_employed,3.8462,2018,Q3,medium,260,True
ΜέΡΑ25,occupation_group,self_employed,1.1538,2018,Q3,medium,260,True
ΝΔ,occupation_group,self_employed,31.9231,2018,Q3,medium,260,True
ΠΑΣΟΚ/ΚΙΝΑΛ,occupation_group,self_employed,5.3846,2018,Q3,medium,260,True
Πλεύση Ελευθερίας,occupation_group,self_employed,0.3846,2018,Q3,medium,260,True
Ποτάμι,occupation_group,self_employed,0.7692,2018,Q3,medium,260,True
ΣΥΡΙΖΑ,occupation_group,self_employed,36.9231,2018,Q3,medium,260,True
Χρυσή Αυγή,occupation_group,self_employed,5.3846,2018,Q3,medium,260,True
other_party,occupation_group,Δε θέλω να απαντήσω,13.3333,2018,Q3,low,75,True
Ελληνική Λύση,occupation_group,Δε θέλω να απαντήσω,1.3333,2018,Q3,low,75,True
ΚΚΕ,occupation_group,Δε θέλω να απαντήσω,4.0,2018,Q3,low,75,True
ΝΔ,occupation_group,Δε θέλω να απαντήσω,21.3333,2018,Q3,low,75,True
ΠΑΣΟΚ/ΚΙΝΑΛ,occupation_group,Δε θέλω να απαντήσω,9.3333,2018,Q3,low,75,True
ΣΥΡΙΖΑ,occupation_group,Δε θέλω να απαντήσω,38.6667,2018,Q3,low,75,True
Χρυσή Αυγή,occupation_group,Δε θέλω να απαντήσω,12.0,2018,Q3,low,75,True
other_party,occupation_group,Δεν εργάζομαι,10.262,2018,Q3,high,458,True
Ένωση Κεντρώων,occupation_group,Δεν εργάζομαι,1.0917,2018,Q3,high,458,True
ΑΝΕΛ,occupation_group,Δεν εργάζομαι,0.4367,2018,Q3,high,458,True
Ελληνική Λύση,occupation_group,Δεν εργάζομαι,3.4934,2018,Q3,high,458,True
ΚΚΕ,occupation_group,Δεν εργάζομαι,3.7118,2018,Q3,high,458,True
ΜέΡΑ25,occupation_group,Δεν εργάζομαι,1.7467,2018,Q3,high,458,True
ΝΔ,occupation_group,Δεν εργάζομαι,25.1092,2018,Q3,high,458,True
ΠΑΣΟΚ/ΚΙΝΑΛ,occupation_group,Δεν εργάζομαι,8.7336,2018,Q3,high,458,True
Πλεύση Ελευθερίας,occupation_group,Δεν εργάζομαι,1.5284,2018,Q3,high,458,True
Ποτάμι,occupation_group,Δεν εργάζομαι,0.4367,2018,Q3,high,458,True
ΣΥΡΙΖΑ,occupation_group,Δεν εργάζομαι,37.1179,2018,Q3,high,458,True
Χρυσή Αυγή,occupation_group,Δεν εργάζομαι,6.3319,2018,Q3,high,458,True
other_party,left_right_group,center,9.0352,2018,Q3,high,653,True
Ένωση Κεντρώων,left_right_group,center,1.9908,2018,Q3,high,653,True
ΑΝΕΛ,left_right_group,center,1.2251,2018,Q3,high,653,True
Ελληνική Λύση,left_right_group,center,2.6034,2018,Q3,high,653,True
ΚΚΕ,left_right_group,center,1.6845,2018,Q3,high,653,True
ΜέΡΑ25,left_right_group,center,0.7657,2018,Q3,high,653,True
ΝΔ,left_right_group,center,30.4747,2018,Q3,high,653,True
ΠΑΣΟΚ/ΚΙΝΑΛ,left_right_group,center,12.2511,2018,Q3,high,653,True
Πλεύση Ελευθερίας,left_right_group,center,1.3783,2018,Q3,high,653,True
Ποτάμι,left_right_group,center,0.9188,2018,Q3,high,653,True
ΣΥΡΙΖΑ,left_right_group,center,34.7626,2018,Q3,high,653,True
Χρυσή Αυγή,left_right_group,center,2.9096,2018,Q3,high,653,True
other_party,left_right_group,left,9.75,2018,Q3,high,400,True
Ελληνική Λύση,left_right_group,left,0.25,2018,Q3,high,400,True
ΚΚΕ,left_right_group,left,10.0,2018,Q3,high,400,True
ΜέΡΑ25,left_right_group,left,2.0,2018,Q3,high,400,True
ΝΔ,left_right_group,left,1.25,2018,Q3,high,400,True
ΠΑΣΟΚ/ΚΙΝΑΛ,left_right_group,left,2.75,2018,Q3,high,400,True
Πλεύση Ελευθερίας,left_right_group,left,0.75,2018,Q3,high,400,True
Ποτάμι,left_right_group,left,0.25,2018,Q3,high,400,True
ΣΥΡΙΖΑ,left_right_group,left,72.75,2018,Q3,high,400,True
Χρυσή Αυγή,left_right_group,left,0.25,2018,Q3,high,400,True
other_party,left_right_group,right,10.8787,2018,Q3,medium,239,True
Ένωση Κεντρώων,left_right_group,right,0.8368,2018,Q3,medium,239,True
ΑΝΕΛ,left_right_group,right,0.4184,2018,Q3,medium,239,True
Ελληνική Λύση,left_right_group,right,4.1841,2018,Q3,medium,239,True
ΜέΡΑ25,left_right_group,right,0.8368,2018,Q3,medium,239,True
ΝΔ,left_right_group,right,48.1172,2018,Q3,medium,239,True
ΠΑΣΟΚ/ΚΙΝΑΛ,left_right_group,right,0.4184,2018,Q3,medium,239,True
Πλεύση Ελευθερίας,left_right_group,right,0.8368,2018,Q3,medium,239,True
Ποτάμι,left_right_group,right,0.4184,2018,Q3,medium,239,True
ΣΥΡΙΖΑ,left_right_group,right,7.113,2018,Q3,medium,239,True
Χρυσή Αυγή,left_right_group,right,25.9414,2018,Q3,medium,239,True
other_party,previous_vote_party,other_party,24.2812,2018,Q3,high,313,True
Ένωση Κεντρώων,previous_vote_party,other_party,1.9169,2018,Q3,high,313,True
Ελληνική Λύση,previous_vote_party,other_party,1.278,2018,Q3,high,313,True
ΚΚΕ,previous_vote_party,other_party,2.8754,2018,Q3,high,313,True
ΜέΡΑ25,previous_vote_party,other_party,2.2364,2018,Q3,high,313,True
ΝΔ,previous_vote_party,other_party,18.5304,2018,Q3,high,313,True
ΠΑΣΟΚ/ΚΙΝΑΛ,previous_vote_party,other_party,18.5304,2018,Q3,high,313,True
Πλεύση Ελευθερίας,previous_vote_party,other_party,3.1949,2018,Q3,high,313,True
Ποτάμι,previous_vote_party,other_party,0.3195,2018,Q3,high,313,True
ΣΥΡΙΖΑ,previous_vote_party,other_party,25.2396,2018,Q3,high,313,True
Χρυσή Αυγή,previous_vote_party,other_party,1.5974,2018,Q3,high,313,True
other_party,previous_vote_party,Ένωση Κεντρώων,29.6296,2018,Q3,low,27,True
Ένωση Κεντρώων,previous_vote_party,Ένωση Κεντρώων,11.1111,2018,Q3,low,27,True
Ελληνική Λύση,previous_vote_party,Ένωση Κεντρώων,7.4074,2018,Q3,low,27,True
ΚΚΕ,previous_vote_party,Ένωση Κεντρώων,3.7037,2018,Q3,low,27,True
ΝΔ,previous_vote_party,Ένωση Κεντρώων,29.6296,2018,Q3,low,27,True
ΠΑΣΟΚ/ΚΙΝΑΛ,previous_vote_party,Ένωση Κεντρώων,3.7037,2018,Q3,low,27,True
ΣΥΡΙΖΑ,previous_vote_party,Ένωση Κεντρώων,3.7037,2018,Q3,low,27,True
Χρυσή Αυγή,previous_vote_party,Ένωση Κεντρώων,11.1111,2018,Q3,low,27,True
other_party,previous_vote_party,ΑΝΕΛ,20.0,2018,Q3,low,45,True
Ένωση Κεντρώων,previous_vote_party,ΑΝΕΛ,2.2222,2018,Q3,low,45,True
ΑΝΕΛ,previous_vote_party,ΑΝΕΛ,15.5556,2018,Q3,low,45,True
Ελληνική Λύση,previous_vote_party,ΑΝΕΛ,17.7778,2018,Q3,low,45,True
ΜέΡΑ25,previous_vote_party,ΑΝΕΛ,2.2222,2018,Q3,low,45,True
ΝΔ,previous_vote_party,ΑΝΕΛ,17.7778,2018,Q3,low,45,True
ΣΥΡΙΖΑ,previous_vote_party,ΑΝΕΛ,13.3333,2018,Q3,low,45,True
Χρυσή Αυγή,previous_vote_party,ΑΝΕΛ,11.1111,2018,Q3,low,45,True
ΚΚΕ,previous_vote_party,ΚΚΕ,65.9091,2018,Q3,low,44,True
ΜέΡΑ25,previous_vote_party,ΚΚΕ,2.2727,2018,Q3,low,44,True
ΝΔ,previous_vote_party,ΚΚΕ,6.8182,2018,Q3,low,44,True
Πλεύση Ελευθερίας,previous_vote_party,ΚΚΕ,2.2727,2018,Q3,low,44,True
Ποτάμι,previous_vote_party,ΚΚΕ,2.2727,2018,Q3,low,44,True
ΣΥΡΙΖΑ,previous_vote_party,ΚΚΕ,20.4545,2018,Q3,low,44,True
other_party,previous_vote_party,ΝΔ,4.329,2018,Q3,medium,231,True
Ένωση Κεντρώων,previous_vote_party,ΝΔ,0.8658,2018,Q3,medium,231,True
ΑΝΕΛ,previous_vote_party,ΝΔ,0.4329,2018,Q3,medium,231,True
Ελληνική Λύση,previous_vote_party,ΝΔ,0.4329,2018,Q3,medium,231,True
ΝΔ,previous_vote_party,ΝΔ,73.1602,2018,Q3,medium,231,True
ΠΑΣΟΚ/ΚΙΝΑΛ,previous_vote_party,ΝΔ,1.2987,2018,Q3,medium,231,True
Ποτάμι,previous_vote_party,ΝΔ,0.4329,2018,Q3,medium,231,True
ΣΥΡΙΖΑ,previous_vote_party,ΝΔ,15.1515,2018,Q3,medium,231,True
Χρυσή Αυγή,previous_vote_party,ΝΔ,3.8961,2018,Q3,medium,231,True
other_party,previous_vote_party,Ποτάμι,10.2041,2018,Q3,low,49,True
Ένωση Κεντρώων,previous_vote_party,Ποτάμι,2.0408,2018,Q3,low,49,True
Ελληνική Λύση,previous_vote_party,Ποτάμι,2.0408,2018,Q3,low,49,True
ΚΚΕ,previous_vote_party,Ποτάμι,4.0816,2018,Q3,low,49,True
ΝΔ,previous_vote_party,Ποτάμι,42.8571,2018,Q3,low,49,True
ΠΑΣΟΚ/ΚΙΝΑΛ,previous_vote_party,Ποτάμι,10.2041,2018,Q3,low,49,True
Ποτάμι,previous_vote_party,Ποτάμι,8.1633,2018,Q3,low,49,True
ΣΥΡΙΖΑ,previous_vote_party,Ποτάμι,18.3673,2018,Q3,low,49,True
Χρυσή Αυγή,previous_vote_party,Ποτάμι,2.0408,2018,Q3,low,49,True
other_party,previous_vote_party,ΣΥΡΙΖΑ,3.4816,2018,Q3,high,517,True
Ένωση Κεντρώων,previous_vote_party,ΣΥΡΙΖΑ,0.3868,2018,Q3,high,517,True
ΑΝΕΛ,previous_vote_party,ΣΥΡΙΖΑ,0.1934,2018,Q3,high,517,True
Ελληνική Λύση,previous_vote_party,ΣΥΡΙΖΑ,1.5474,2018,Q3,high,517,True
ΚΚΕ,previous_vote_party,ΣΥΡΙΖΑ,2.1277,2018,Q3,high,517,True
ΜέΡΑ25,previous_vote_party,ΣΥΡΙΖΑ,1.1605,2018,Q3,high,517,True
ΝΔ,previous_vote_party,ΣΥΡΙΖΑ,7.5435,2018,Q3,high,517,True
ΠΑΣΟΚ/ΚΙΝΑΛ,previous_vote_party,ΣΥΡΙΖΑ,4.0619,2018,Q3,high,517,True
Πλεύση Ελευθερίας,previous_vote_party,ΣΥΡΙΖΑ,0.5803,2018,Q3,high,517,True
ΣΥΡΙΖΑ,previous_vote_party,ΣΥΡΙΖΑ,75.6286,2018,Q3,high,517,True
Χρυσή Αυγή,previous_vote_party,ΣΥΡΙΖΑ,3.2882,2018,Q3,high,517,True
other_party,previous_vote_party,Χρυσή Αυγή,1.4925,2018,Q3,low,67,True
Ελληνική Λύση,previous_vote_party,Χρυσή Αυγή,5.9701,2018,Q3,low,67,True
ΝΔ,previous_vote_party,Χρυσή Αυγή,11.9403,2018,Q3,low,67,True
ΣΥΡΙΖΑ,previous_vote_party,Χρυσή Αυγή,2.9851,2018,Q3,low,67,True
Χρυσή Αυγή,previous_vote_party,Χρυσή Αυγή,77.6119,2018,Q3,low,67,True
Ελληνική Λύση,region_group,01,20.0,2018,Q3,low,5,True
ΝΔ,region_group,01,20.0,2018,Q3,low,5,True
Πλεύση Ελευθερίας,region_group,01,20.0,2018,Q3,low,5,True
ΣΥΡΙΖΑ,region_group,01,20.0,2018,Q3,low,5,True
Χρυσή Αυγή,region_group,01,20.0,2018,Q3,low,5,True
other_party,region_group,02,16.6667,2018,Q3,low,6,True
ΝΔ,region_group,02,16.6667,2018,Q3,low,6,True
ΣΥΡΙΖΑ,region_group,02,50.0,2018,Q3,low,6,True
Χρυσή Αυγή,region_group,02,16.6667,2018,Q3,low,6,True
ΜέΡΑ25,region_group,03,33.3333,2018,Q3,low,3,True
ΣΥΡΙΖΑ,region_group,03,33.3333,2018,Q3,low,3,True
Χρυσή Αυγή,region_group,03,33.3333,2018,Q3,low,3,True
ΝΔ,region_group,04,25.0,2018,Q3,low,4,True
ΠΑΣΟΚ/ΚΙΝΑΛ,region_group,04,25.0,2018,Q3,low,4,True
ΣΥΡΙΖΑ,region_group,04,50.0,2018,Q3,low,4,True
other_party,region_group,05,28.5714,2018,Q3,low,7,True
ΝΔ,region_group,05,28.5714,2018,Q3,low,7,True
ΠΑΣΟΚ/ΚΙΝΑΛ,region_group,05,14.2857,2018,Q3,low,7,True
ΣΥΡΙΖΑ,region_group,05,28.5714,2018,Q3,low,7,True
Ελληνική Λύση,region_group,06,16.6667,2018,Q3,low,6,True
ΝΔ,region_group,06,33.3333,2018,Q3,low,6,True
ΠΑΣΟΚ/ΚΙΝΑΛ,region_group,06,16.6667,2018,Q3,low,6,True
ΣΥΡΙΖΑ,region_group,06,33.3333,2018,Q3,low,6,True
other_party,region_group,07,28.5714,2018,Q3,low,7,True
ΝΔ,region_group,07,14.2857,2018,Q3,low,7,True
ΣΥΡΙΖΑ,region_group,07,28.5714,2018,Q3,low,7,True
Χρυσή Αυγή,region_group,07,28.5714,2018,Q3,low,7,True
ΣΥΡΙΖΑ,region_group,09,100.0,2018,Q3,low,1,True
other_party,region_group,11,20.0,2018,Q3,low,10,True
ΝΔ,region_group,11,40.0,2018,Q3,low,10,True
ΣΥΡΙΖΑ,region_group,11,20.0,2018,Q3,low,10,True
Χρυσή Αυγή,region_group,11,20.0,2018,Q3,low,10,True
Ελληνική Λύση,region_group,12,25.0,2018,Q3,low,4,True
ΝΔ,region_group,12,50.0,2018,Q3,low,4,True
ΣΥΡΙΖΑ,region_group,12,25.0,2018,Q3,low,4,True
other_party,region_group,13,11.399,2018,Q3,medium,193,True
Ένωση Κεντρώων,region_group,13,1.5544,2018,Q3,medium,193,True
Ελληνική Λύση,region_group,13,4.1451,2018,Q3,medium,193,True
ΚΚΕ,region_group,13,1.5544,2018,Q3,medium,193,True
ΜέΡΑ25,region_group,13,1.5544,2018,Q3,medium,193,True
ΝΔ,region_group,13,26.943,2018,Q3,medium,193,True
ΠΑΣΟΚ/ΚΙΝΑΛ,region_group,13,5.6995,2018,Q3,medium,193,True
Πλεύση Ελευθερίας,region_group,13,1.0363,2018,Q3,medium,193,True
Ποτάμι,region_group,13,1.5544,2018,Q3,medium,193,True
ΣΥΡΙΖΑ,region_group,13,34.1969,2018,Q3,medium,193,True
Χρυσή Αυγή,region_group,13,10.3627,2018,Q3,medium,193,True
other_party,region_group,14,12.5,2018,Q3,low,8,True
Ελληνική Λύση,region_group,14,25.0,2018,Q3,low,8,True
ΝΔ,region_group,14,25.0,2018,Q3,low,8,True
ΣΥΡΙΖΑ,region_group,14,12.5,2018,Q3,low,8,True
Χρυσή Αυγή,region_group,14,25.0,2018,Q3,low,8,True
ΠΑΣΟΚ/ΚΙΝΑΛ,region_group,16,50.0,2018,Q3,low,2,True
ΣΥΡΙΖΑ,region_group,16,50.0,2018,Q3,low,2,True
other_party,region_group,17,8.3333,2018,Q3,low,12,True
Ελληνική Λύση,region_group,17,8.3333,2018,Q3,low,12,True
ΜέΡΑ25,region_group,17,8.3333,2018,Q3,low,12,True
ΝΔ,region_group,17,8.3333,2018,Q3,low,12,True
ΠΑΣΟΚ/ΚΙΝΑΛ,region_group,17,8.3333,2018,Q3,low,12,True
ΣΥΡΙΖΑ,region_group,17,58.3333,2018,Q3,low,12,True
ΝΔ,region_group,18,33.3333,2018,Q3,low,3,True
ΣΥΡΙΖΑ,region_group,18,66.6667,2018,Q3,low,3,True
other_party,region_group,19,50.0,2018,Q3,low,4,True
ΝΔ,region_group,19,25.0,2018,Q3,low,4,True
ΠΑΣΟΚ/ΚΙΝΑΛ,region_group,19,25.0,2018,Q3,low,4,True
ΣΥΡΙΖΑ,region_group,20,100.0,2018,Q3,low,2,True
other_party,region_group,21,7.1429,2018,Q3,low,14,True
ΚΚΕ,region_group,21,7.1429,2018,Q3,low,14,True
ΝΔ,region_group,21,28.5714,2018,Q3,low,14,True
ΣΥΡΙΖΑ,region_group,21,35.7143,2018,Q3,low,14,True
Χρυσή Αυγή,region_group,21,21.4286,2018,Q3,low,14,True
ΚΚΕ,region_group,22,20.0,2018,Q3,low,5,True
ΝΔ,region_group,22,60.0,2018,Q3,low,5,True
Χρυσή Αυγή,region_group,22,20.0,2018,Q3,low,5,True
ΝΔ,region_group,23,20.0,2018,Q3,low,5,True
ΠΑΣΟΚ/ΚΙΝΑΛ,region_group,23,40.0,2018,Q3,low,5,True
ΣΥΡΙΖΑ,region_group,23,40.0,2018,Q3,low,5,True
other_party,region_group,24,16.6667,2018,Q3,low,6,True
ΠΑΣΟΚ/ΚΙΝΑΛ,region_group,24,16.6667,2018,Q3,low,6,True
ΣΥΡΙΖΑ,region_group,24,66.6667,2018,Q3,low,6,True
other_party,region_group,25,20.0,2018,Q3,low,5,True
ΣΥΡΙΖΑ,region_group,25,60.0,2018,Q3,low,5,True
Χρυσή Αυγή,region_group,25,20.0,2018,Q3,low,5,True
Ελληνική Λύση,region_group,27,50.0,2018,Q3,low,2,True
ΣΥΡΙΖΑ,region_group,27,50.0,2018,Q3,low,2,True
ΝΔ,region_group,28,33.3333,2018,Q3,low,3,True
ΠΑΣΟΚ/ΚΙΝΑΛ,region_group,28,33.3333,2018,Q3,low,3,True
ΣΥΡΙΖΑ,region_group,28,33.3333,2018,Q3,low,3,True
ΝΔ,region_group,29,16.6667,2018,Q3,low,6,True
ΣΥΡΙΖΑ,region_group,29,66.6667,2018,Q3,low,6,True
Χρυσή Αυγή,region_group,29,16.6667,2018,Q3,low,6,True
ΚΚΕ,region_group,31,9.0909,2018,Q3,low,11,True
ΝΔ,region_group,31,36.3636,2018,Q3,low,11,True
ΠΑΣΟΚ/ΚΙΝΑΛ,region_group,31,9.0909,2018,Q3,low,11,True
ΣΥΡΙΖΑ,region_group,31,45.4545,2018,Q3,low,11,True
ΝΔ,region_group,33,33.3333,2018,Q3,low,3,True
ΣΥΡΙΖΑ,region_group,33,66.6667,2018,Q3,low,3,True
other_party,region_group,34,20.0,2018,Q3,low,5,True
Ελληνική Λύση,region_group,34,20.0,2018,Q3,low,5,True
ΣΥΡΙΖΑ,region_group,34,40.0,2018,Q3,low,5,True
Χρυσή Αυγή,region_group,34,20.0,2018,Q3,low,5,True
other_party,region_group,35,9.7378,2018,Q3,high,801,True
Ένωση Κεντρώων,region_group,35,1.2484,2018,Q3,high,801,True
ΑΝΕΛ,region_group,35,0.8739,2018,Q3,high,801,True
Ελληνική Λύση,region_group,35,1.3733,2018,Q3,high,801,True
ΚΚΕ,region_group,35,4.4944,2018,Q3,high,801,True
ΜέΡΑ25,region_group,35,1.1236,2018,Q3,high,801,True
ΝΔ,region_group,35,25.3433,2018,Q3,high,801,True
ΠΑΣΟΚ/ΚΙΝΑΛ,region_group,35,6.6167,2018,Q3,high,801,True
Πλεύση Ελευθερίας,region_group,35,1.2484,2018,Q3,high,801,True
Ποτάμι,region_group,35,0.4994,2018,Q3,high,801,True
ΣΥΡΙΖΑ,region_group,35,41.8227,2018,Q3,high,801,True
Χρυσή Αυγή,region_group,35,5.618,2018,Q3,high,801,True
other_party,region_group,36,20.0,2018,Q3,low,5,True
ΝΔ,region_group,36,20.0,2018,Q3,low,5,True
ΣΥΡΙΖΑ,region_group,36,40.0,2018,Q3,low,5,True
Χρυσή Αυγή,region_group,36,20.0,2018,Q3,low,5,True
other_party,region_group,37,20.0,2018,Q3,low,10,True
ΚΚΕ,region_group,37,10.0,2018,Q3,low,10,True
ΝΔ,region_group,37,30.0,2018,Q3,low,10,True
ΠΑΣΟΚ/ΚΙΝΑΛ,region_group,37,30.0,2018,Q3,low,10,True
Χρυσή Αυγή,region_group,37,10.0,2018,Q3,low,10,True
other_party,region_group,38,10.0,2018,Q3,low,20,True
Ελληνική Λύση,region_group,38,5.0,2018,Q3,low,20,True
ΚΚΕ,region_group,38,10.0,2018,Q3,low,20,True
ΝΔ,region_group,38,30.0,2018,Q3,low,20,True
Ποτάμι,region_group,38,5.0,2018,Q3,low,20,True
ΣΥΡΙΖΑ,region_group,38,40.0,2018,Q3,low,20,True
other_party,region_group,39,25.0,2018,Q3,low,4,True
ΠΑΣΟΚ/ΚΙΝΑΛ,region_group,39,25.0,2018,Q3,low,4,True
ΣΥΡΙΖΑ,region_group,39,50.0,2018,Q3,low,4,True
ΝΔ,region_group,40,10.0,2018,Q3,low,10,True
ΠΑΣΟΚ/ΚΙΝΑΛ,region_group,40,10.0,2018,Q3,low,10,True
ΣΥΡΙΖΑ,region_group,40,80.0,2018,Q3,low,10,True
ΝΔ,region_group,41,100.0,2018,Q3,low,1,True
ΚΚΕ,region_group,42,33.3333,2018,Q3,low,3,True
ΝΔ,region_group,42,66.6667,2018,Q3,low,3,True
ΑΝΕΛ,region_group,43,16.6667,2018,Q3,low,6,True
ΚΚΕ,region_group,43,33.3333,2018,Q3,low,6,True
ΣΥΡΙΖΑ,region_group,43,33.3333,2018,Q3,low,6,True
Χρυσή Αυγή,region_group,43,16.6667,2018,Q3,low,6,True
ΠΑΣΟΚ/ΚΙΝΑΛ,region_group,44,100.0,2018,Q3,low,2,True
other_party,region_group,45,18.75,2018,Q3,low,16,True
ΝΔ,region_group,45,6.25,2018,Q3,low,16,True
ΠΑΣΟΚ/ΚΙΝΑΛ,region_group,45,18.75,2018,Q3,low,16,True
ΣΥΡΙΖΑ,region_group,45,56.25,2018,Q3,low,16,True
ΝΔ,region_group,46,50.0,2018,Q3,low,2,True
Χρυσή Αυγή,region_group,46,50.0,2018,Q3,low,2,True
other_party,region_group,47,28.5714,2018,Q3,low,7,True
Ελληνική Λύση,region_group,47,14.2857,2018,Q3,low,7,True
ΠΑΣΟΚ/ΚΙΝΑΛ,region_group,47,14.2857,2018,Q3,low,7,True
ΣΥΡΙΖΑ,region_group,47,42.8571,2018,Q3,low,7,True
ΝΔ,region_group,48,33.3333,2018,Q3,low,3,True
ΠΑΣΟΚ/ΚΙΝΑΛ,region_group,48,33.3333,2018,Q3,low,3,True
ΣΥΡΙΖΑ,region_group,48,33.3333,2018,Q3,low,3,True
ΝΔ,region_group,49,25.0,2018,Q3,low,4,True
ΣΥΡΙΖΑ,region_group,49,25.0,2018,Q3,low,4,True
Χρυσή Αυγή,region_group,49,50.0,2018,Q3,low,4,True
Χρυσή Αυγή,region_group,50,100.0,2018,Q3,low,2,True
ΝΔ,region_group,51,40.0,2018,Q3,low,5,True
ΣΥΡΙΖΑ,region_group,51,40.0,2018,Q3,low,5,True
Χρυσή Αυγή,region_group,51,20.0,2018,Q3,low,5,True
ΣΥΡΙΖΑ,region_group,57,100.0,2018,Q3,low,1,True
ΣΥΡΙΖΑ,region_group,F9,100.0,2018,Q3,low,1,True
ΝΔ,region_group,H3,100.0,2018,Q3,low,1,True
ΚΚΕ,region_group,H9,100.0,2018,Q3,low,1,True
ΣΥΡΙΖΑ,region_group,K7,100.0,2018,Q3,low,1,True
other_party,region_group,NY,33.3333,2018,Q3,low,3,True
ΚΚΕ,region_group,NY,33.3333,2018,Q3,low,3,True
ΣΥΡΙΖΑ,region_group,NY,33.3333,2018,Q3,low,3,True
other_party,region_group,ON,100.0,2018,Q3,low,1,True
other_party,gender,female,4.5792,2019,Q1,high,651,True
Ένωση Κεντρώων,gender,female,1.1896,2019,Q1,high,651,True
ΑΝΕΛ,gender,female,0.7449,2019,Q1,high,651,True
Ελληνική Λύση,gender,female,2.2234,2019,Q1,high,651,True
ΚΚΕ,gender,female,3.7342,2019,Q1,high,651,True
ΜέΡΑ25,gender,female,0.3522,2019,Q1,high,651,True
ΝΔ,gender,female,37.2808,2019,Q1,high,651,True
ΠΑΣΟΚ/ΚΙΝΑΛ,gender,female,5.1182,2019,Q1,high,651,True
Πλεύση Ελευθερίας,gender,female,1.3378,2019,Q1,high,651,True
Ποτάμι,gender,female,1.152,2019,Q1,high,651,True
ΣΥΡΙΖΑ,gender,female,36.229,2019,Q1,high,651,True
Χρυσή Αυγή,gender,female,6.0587,2019,Q1,high,651,True
other_party,gender,male,6.4858,2019,Q1,high,806,True
Ένωση Κεντρώων,gender,male,1.7602,2019,Q1,high,806,True
ΑΝΕΛ,gender,male,0.5988,2019,Q1,high,806,True
Ελληνική Λύση,gender,male,4.0272,2019,Q1,high,806,True
ΚΚΕ,gender,male,5.3418,2019,Q1,high,806,True
ΜέΡΑ25,gender,male,0.8813,2019,Q1,high,806,True
ΝΔ,gender,male,32.8592,2019,Q1,high,806,True
ΠΑΣΟΚ/ΚΙΝΑΛ,gender,male,6.9424,2019,Q1,high,806,True
Πλεύση Ελευθερίας,gender,male,0.3575,2019,Q1,high,806,True
Ποτάμι,gender,male,0.5222,2019,Q1,high,806,True
ΣΥΡΙΖΑ,gender,male,30.7785,2019,Q1,high,806,True
Χρυσή Αυγή,gender,male,9.4453,2019,Q1,high,806,True
other_party,age_group,25-39,7.2831,2019,Q1,high,354,True
Ένωση Κεντρώων,age_group,25-39,2.6878,2019,Q1,high,354,True
ΑΝΕΛ,age_group,25-39,0.5505,2019,Q1,high,354,True
Ελληνική Λύση,age_group,25-39,4.6916,2019,Q1,high,354,True
ΚΚΕ,age_group,25-39,6.1697,2019,Q1,high,354,True
ΜέΡΑ25,age_group,25-39,1.6569,2019,Q1,high,354,True
ΝΔ,age_group,25-39,28.4828,2019,Q1,high,354,True
ΠΑΣΟΚ/ΚΙΝΑΛ,age_group,25-39,2.2108,2019,Q1,high,354,True
Ποτάμι,age_group,25-39,1.1082,2019,Q1,high,354,True
ΣΥΡΙΖΑ,age_group,25-39,30.8164,2019,Q1,high,354,True
Χρυσή Αυγή,age_group,25-39,14.3423,2019,Q1,high,354,True
other_party,age_group,40-54,6.2286,2019,Q1,high,725,True
Ένωση Κεντρώων,age_group,40-54,1.3047,2019,Q1,high,725,True
ΑΝΕΛ,age_group,40-54,0.654,2019,Q1,high,725,True
Ελληνική Λύση,age_group,40-54,3.6115,2019,Q1,high,725,True
ΚΚΕ,age_group,40-54,4.3734,2019,Q1,high,725,True
ΜέΡΑ25,age_group,40-54,0.3581,2019,Q1,high,725,True
ΝΔ,age_group,40-54,33.6182,2019,Q1,high,725,True
ΠΑΣΟΚ/ΚΙΝΑΛ,age_group,40-54,5.6425,2019,Q1,high,725,True
Πλεύση Ελευθερίας,age_group,40-54,1.1746,2019,Q1,high,725,True
Ποτάμι,age_group,40-54,0.6673,2019,Q1,high,725,True
ΣΥΡΙΖΑ,age_group,40-54,35.9048,2019,Q1,high,725,True
Χρυσή Αυγή,age_group,40-54,6.4623,2019,Q1,high,725,True
other_party,age_group,55+,3.1078,2019,Q1,high,382,True
Ένωση Κεντρώων,age_group,55+,0.7787,2019,Q1,high,382,True
ΑΝΕΛ,age_group,55+,0.7836,2019,Q1,high,382,True
Ελληνική Λύση,age_group,55+,1.0359,2019,Q1,high,382,True
ΚΚΕ,age_group,55+,3.6258,2019,Q1,high,382,True
ΜέΡΑ25,age_group,55+,0.259,2019,Q1,high,382,True
ΝΔ,age_group,55+,42.8517,2019,Q1,high,382,True
ΠΑΣΟΚ/ΚΙΝΑΛ,age_group,55+,10.9813,2019,Q1,high,382,True
Πλεύση Ελευθερίας,age_group,55+,0.7769,2019,Q1,high,382,True
Ποτάμι,age_group,55+,0.7769,2019,Q1,high,382,True
ΣΥΡΙΖΑ,age_group,55+,30.0044,2019,Q1,high,382,True
Χρυσή Αυγή,age_group,55+,5.018,2019,Q1,high,382,True
other_party,education_group,high_education,6.2378,2019,Q1,high,753,True
Ένωση Κεντρώων,education_group,high_education,1.2297,2019,Q1,high,753,True
ΑΝΕΛ,education_group,high_education,0.378,2019,Q1,high,753,True
Ελληνική Λύση,education_group,high_education,2.3975,2019,Q1,high,753,True
ΚΚΕ,education_group,high_education,4.6548,2019,Q1,high,753,True
ΜέΡΑ25,education_group,high_education,0.932,2019,Q1,high,753,True
ΝΔ,education_group,high_education,37.1401,2019,Q1,high,753,True
ΠΑΣΟΚ/ΚΙΝΑΛ,education_group,high_education,6.9834,2019,Q1,high,753,True
Πλεύση Ελευθερίας,education_group,high_education,0.5073,2019,Q1,high,753,True
Ποτάμι,education_group,high_education,1.278,2019,Q1,high,753,True
ΣΥΡΙΖΑ,education_group,high_education,32.7507,2019,Q1,high,753,True
Χρυσή Αυγή,education_group,high_education,5.5106,2019,Q1,high,753,True
other_party,education_group,low_education,2.8768,2019,Q1,medium,103,True
Ένωση Κεντρώων,education_group,low_education,1.9488,2019,Q1,medium,103,True
ΑΝΕΛ,education_group,low_education,0.9589,2019,Q1,medium,103,True
Ελληνική Λύση,education_group,low_education,5.1552,2019,Q1,medium,103,True
ΚΚΕ,education_group,low_education,4.7946,2019,Q1,medium,103,True
ΝΔ,education_group,low_education,27.8583,2019,Q1,medium,103,True
ΠΑΣΟΚ/ΚΙΝΑΛ,education_group,low_education,5.7536,2019,Q1,medium,103,True
Πλεύση Ελευθερίας,education_group,low_education,1.9179,2019,Q1,medium,103,True
Ποτάμι,education_group,low_education,0.9653,2019,Q1,medium,103,True
ΣΥΡΙΖΑ,education_group,low_education,35.2799,2019,Q1,medium,103,True
Χρυσή Αυγή,education_group,low_education,12.4907,2019,Q1,medium,103,True
other_party,education_group,medium_education,5.5735,2019,Q1,high,574,True
Ένωση Κεντρώων,education_group,medium_education,1.8689,2019,Q1,high,574,True
ΑΝΕΛ,education_group,medium_education,0.8577,2019,Q1,high,574,True
Ελληνική Λύση,education_group,medium_education,3.633,2019,Q1,high,574,True
ΚΚΕ,education_group,medium_education,4.2582,2019,Q1,high,574,True
ΜέΡΑ25,education_group,medium_education,0.4034,2019,Q1,high,574,True
ΝΔ,education_group,medium_education,33.1873,2019,Q1,high,574,True
ΠΑΣΟΚ/ΚΙΝΑΛ,education_group,medium_education,5.3276,2019,Q1,high,574,True
Πλεύση Ελευθερίας,education_group,medium_education,0.849,2019,Q1,high,574,True
Ποτάμι,education_group,medium_education,0.1709,2019,Q1,high,574,True
ΣΥΡΙΖΑ,education_group,medium_education,33.1116,2019,Q1,high,574,True
Χρυσή Αυγή,education_group,medium_education,10.7588,2019,Q1,high,574,True
other_party,education_group,Δε θέλω να απαντήσω,3.2138,2019,Q1,low,31,True
ΑΝΕΛ,education_group,Δε θέλω να απαντήσω,3.2138,2019,Q1,low,31,True
Ελληνική Λύση,education_group,Δε θέλω να απαντήσω,9.6413,2019,Q1,low,31,True
ΚΚΕ,education_group,Δε θέλω να απαντήσω,9.6625,2019,Q1,low,31,True
ΝΔ,education_group,Δε θέλω να απαντήσω,25.8755,2019,Q1,low,31,True
ΠΑΣΟΚ/ΚΙΝΑΛ,education_group,Δε θέλω να απαντήσω,3.2138,2019,Q1,low,31,True
Πλεύση Ελευθερίας,education_group,Δε θέλω να απαντήσω,3.2138,2019,Q1,low,31,True
ΣΥΡΙΖΑ,education_group,Δε θέλω να απαντήσω,38.6691,2019,Q1,low,31,True
Χρυσή Αυγή,education_group,Δε θέλω να απαντήσω,3.2964,2019,Q1,low,31,True
other_party,occupation_group,homemaker,3.7037,2019,Q1,low,54,True
ΑΝΕΛ,occupation_group,homemaker,1.8519,2019,Q1,low,54,True
Ελληνική Λύση,occupation_group,homemaker,1.8519,2019,Q1,low,54,True
ΚΚΕ,occupation_group,homemaker,1.8519,2019,Q1,low,54,True
ΝΔ,occupation_group,homemaker,42.5926,2019,Q1,low,54,True
ΠΑΣΟΚ/ΚΙΝΑΛ,occupation_group,homemaker,9.2593,2019,Q1,low,54,True
ΣΥΡΙΖΑ,occupation_group,homemaker,33.3333,2019,Q1,low,54,True
Χρυσή Αυγή,occupation_group,homemaker,5.5556,2019,Q1,low,54,True
other_party,occupation_group,private_sector,6.7194,2019,Q1,medium,253,True
Ένωση Κεντρώων,occupation_group,private_sector,1.1858,2019,Q1,medium,253,True
ΑΝΕΛ,occupation_group,private_sector,1.1858,2019,Q1,medium,253,True
Ελληνική Λύση,occupation_group,private_sector,4.7431,2019,Q1,medium,253,True
ΚΚΕ,occupation_group,private_sector,6.3241,2019,Q1,medium,253,True
ΜέΡΑ25,occupation_group,private_sector,0.3953,2019,Q1,medium,253,True
ΝΔ,occupation_group,private_sector,24.1107,2019,Q1,medium,253,True
ΠΑΣΟΚ/ΚΙΝΑΛ,occupation_group,private_sector,5.5336,2019,Q1,medium,253,True
Πλεύση Ελευθερίας,occupation_group,private_sector,0.7905,2019,Q1,medium,253,True
Ποτάμι,occupation_group,private_sector,0.3953,2019,Q1,medium,253,True
ΣΥΡΙΖΑ,occupation_group,private_sector,37.9447,2019,Q1,medium,253,True
Χρυσή Αυγή,occupation_group,private_sector,10.6719,2019,Q1,medium,253,True
other_party,occupation_group,public_sector,7.7465,2019,Q1,medium,142,True
Ένωση Κεντρώων,occupation_group,public_sector,1.4085,2019,Q1,medium,142,True
Ελληνική Λύση,occupation_group,public_sector,1.4085,2019,Q1,medium,142,True
ΚΚΕ,occupation_group,public_sector,3.5211,2019,Q1,medium,142,True
ΜέΡΑ25,occupation_group,public_sector,1.4085,2019,Q1,medium,142,True
ΝΔ,occupation_group,public_sector,35.2113,2019,Q1,medium,142,True
ΠΑΣΟΚ/ΚΙΝΑΛ,occupation_group,public_sector,4.9296,2019,Q1,medium,142,True
Ποτάμι,occupation_group,public_sector,2.1127,2019,Q1,medium,142,True
ΣΥΡΙΖΑ,occupation_group,public_sector,35.2113,2019,Q1,medium,142,True
Χρυσή Αυγή,occupation_group,public_sector,7.0423,2019,Q1,medium,142,True
other_party,occupation_group,retired,3.0952,2019,Q1,high,420,True
Ένωση Κεντρώων,occupation_group,retired,0.9524,2019,Q1,high,420,True
ΑΝΕΛ,occupation_group,retired,0.2381,2019,Q1,high,420,True
Ελληνική Λύση,occupation_group,retired,2.8571,2019,Q1,high,420,True
ΚΚΕ,occupation_group,retired,5.4762,2019,Q1,high,420,True
ΜέΡΑ25,occupation_group,retired,0.2381,2019,Q1,high,420,True
ΝΔ,occupation_group,retired,39.2857,2019,Q1,high,420,True
ΠΑΣΟΚ/ΚΙΝΑΛ,occupation_group,retired,10.2381,2019,Q1,high,420,True
Πλεύση Ελευθερίας,occupation_group,retired,1.1905,2019,Q1,high,420,True
Ποτάμι,occupation_group,retired,0.4762,2019,Q1,high,420,True
ΣΥΡΙΖΑ,occupation_group,retired,30.4762,2019,Q1,high,420,True
Χρυσή Αυγή,occupation_group,retired,5.4762,2019,Q1,high,420,True
other_party,occupation_group,self_employed,6.5299,2019,Q1,medium,275,True
Ένωση Κεντρώων,occupation_group,self_employed,1.0899,2019,Q1,medium,275,True
ΑΝΕΛ,occupation_group,self_employed,1.0991,2019,Q1,medium,275,True
Ελληνική Λύση,occupation_group,self_employed,1.8103,2019,Q1,medium,275,True
ΚΚΕ,occupation_group,self_employed,3.2789,2019,Q1,medium,275,True
ΜέΡΑ25,occupation_group,self_employed,0.3602,2019,Q1,medium,275,True
ΝΔ,occupation_group,self_employed,41.5075,2019,Q1,medium,275,True
ΠΑΣΟΚ/ΚΙΝΑΛ,occupation_group,self_employed,4.7382,2019,Q1,medium,275,True
Πλεύση Ελευθερίας,occupation_group,self_employed,0.7297,2019,Q1,medium,275,True
Ποτάμι,occupation_group,self_employed,0.3602,2019,Q1,medium,275,True
ΣΥΡΙΖΑ,occupation_group,self_employed,33.0006,2019,Q1,medium,275,True
Χρυσή Αυγή,occupation_group,self_employed,5.4956,2019,Q1,medium,275,True
other_party,occupation_group,student,6.8702,2019,Q1,medium,131,True
Ένωση Κεντρώων,occupation_group,student,2.2901,2019,Q1,medium,131,True
Ελληνική Λύση,occupation_group,student,2.2901,2019,Q1,medium,131,True
ΚΚΕ,occupation_group,student,4.5802,2019,Q1,medium,131,True
ΜέΡΑ25,occupation_group,student,2.2901,2019,Q1,medium,131,True
ΝΔ,occupation_group,student,28.2443,2019,Q1,medium,131,True
ΠΑΣΟΚ/ΚΙΝΑΛ,occupation_group,student,0.7634,2019,Q1,medium,131,True
Ποτάμι,occupation_group,student,3.0534,2019,Q1,medium,131,True
ΣΥΡΙΖΑ,occupation_group,student,35.1145,2019,Q1,medium,131,True
Χρυσή Αυγή,occupation_group,student,14.5038,2019,Q1,medium,131,True
other_party,occupation_group,unemployed,6.25,2019,Q1,medium,128,True
Ένωση Κεντρώων,occupation_group,unemployed,5.4688,2019,Q1,medium,128,True
ΑΝΕΛ,occupation_group,unemployed,1.5625,2019,Q1,medium,128,True
Ελληνική Λύση,occupation_group,unemployed,7.0312,2019,Q1,medium,128,True
ΚΚΕ,occupation_group,unemployed,4.6875,2019,Q1,medium,128,True
ΜέΡΑ25,occupation_group,unemployed,0.7812,2019,Q1,medium,128,True
ΝΔ,occupation_group,unemployed,30.4688,2019,Q1,medium,128,True
ΠΑΣΟΚ/ΚΙΝΑΛ,occupation_group,unemployed,3.9062,2019,Q1,medium,128,True
Πλεύση Ελευθερίας,occupation_group,unemployed,2.3438,2019,Q1,medium,128,True
ΣΥΡΙΖΑ,occupation_group,unemployed,28.125,2019,Q1,medium,128,True
Χρυσή Αυγή,occupation_group,unemployed,9.375,2019,Q1,medium,128,True
other_party,occupation_group,Δεν θέλω να απαντήσω,5.1282,2019,Q1,low,39,True
Ελληνική Λύση,occupation_group,Δεν θέλω να απαντήσω,10.2564,2019,Q1,low,39,True
ΚΚΕ,occupation_group,Δεν θέλω να απαντήσω,2.5641,2019,Q1,low,39,True
ΝΔ,occupation_group,Δεν θέλω να απαντήσω,23.0769,2019,Q1,low,39,True
ΠΑΣΟΚ/ΚΙΝΑΛ,occupation_group,Δεν θέλω να απαντήσω,5.1282,2019,Q1,low,39,True
ΣΥΡΙΖΑ,occupation_group,Δεν θέλω να απαντήσω,43.5897,2019,Q1,low,39,True
Χρυσή Αυγή,occupation_group,Δεν θέλω να απαντήσω,10.2564,2019,Q1,low,39,True
other_party,occupation_group,Εισοδηματίας,14.2857,2019,Q1,low,14,True
ΚΚΕ,occupation_group,Εισοδηματίας,7.1429,2019,Q1,low,14,True
ΝΔ,occupation_group,Εισοδηματίας,57.1429,2019,Q1,low,14,True
ΣΥΡΙΖΑ,occupation_group,Εισοδηματίας,14.2857,2019,Q1,low,14,True
Χρυσή Αυγή,occupation_group,Εισοδηματίας,7.1429,2019,Q1,low,14,True
ΝΔ,occupation_group,Φαντάρος,20.0,2019,Q1,low,5,True
ΠΑΣΟΚ/ΚΙΝΑΛ,occupation_group,Φαντάρος,20.0,2019,Q1,low,5,True
Χρυσή Αυγή,occupation_group,Φαντάρος,60.0,2019,Q1,low,5,True
other_party,left_right_group,center,5.0447,2019,Q1,high,721,True
Ένωση Κεντρώων,left_right_group,center,2.3609,2019,Q1,high,721,True
ΑΝΕΛ,left_right_group,center,1.2012,2019,Q1,high,721,True
Ελληνική Λύση,left_right_group,center,2.4386,2019,Q1,high,721,True
ΚΚΕ,left_right_group,center,2.0187,2019,Q1,high,721,True
ΜέΡΑ25,left_right_group,center,0.8986,2019,Q1,high,721,True
ΝΔ,left_right_group,center,38.4092,2019,Q1,high,721,True
ΠΑΣΟΚ/ΚΙΝΑΛ,left_right_group,center,10.4561,2019,Q1,high,721,True
Πλεύση Ελευθερίας,left_right_group,center,1.1943,2019,Q1,high,721,True
Ποτάμι,left_right_group,center,1.4802,2019,Q1,high,721,True
ΣΥΡΙΖΑ,left_right_group,center,30.3081,2019,Q1,high,721,True
Χρυσή Αυγή,left_right_group,center,4.1894,2019,Q1,high,721,True
other_party,left_right_group,left,6.5586,2019,Q1,high,335,True
Ελληνική Λύση,left_right_group,left,0.2877,2019,Q1,high,335,True
ΚΚΕ,left_right_group,left,14.3295,2019,Q1,high,335,True
ΜέΡΑ25,left_right_group,left,0.863,2019,Q1,high,335,True
ΝΔ,left_right_group,left,1.554,2019,Q1,high,335,True
ΠΑΣΟΚ/ΚΙΝΑΛ,left_right_group,left,2.8768,2019,Q1,high,335,True
Πλεύση Ελευθερίας,left_right_group,left,0.2877,2019,Q1,high,335,True
Ποτάμι,left_right_group,left,0.2877,2019,Q1,high,335,True
ΣΥΡΙΖΑ,left_right_group,left,71.5093,2019,Q1,high,335,True
Χρυσή Αυγή,left_right_group,left,1.4458,2019,Q1,high,335,True
other_party,left_right_group,right,6.1219,2019,Q1,high,405,True
Ένωση Κεντρώων,left_right_group,right,1.2015,2019,Q1,high,405,True
ΑΝΕΛ,left_right_group,right,0.24,2019,Q1,high,405,True
Ελληνική Λύση,left_right_group,right,7.0604,2019,Q1,high,405,True
ΚΚΕ,left_right_group,right,1.1999,2019,Q1,high,405,True
ΝΔ,left_right_group,right,55.7798,2019,Q1,high,405,True
ΠΑΣΟΚ/ΚΙΝΑΛ,left_right_group,right,1.1999,2019,Q1,high,405,True
Πλεύση Ελευθερίας,left_right_group,right,0.4861,2019,Q1,high,405,True
ΣΥΡΙΖΑ,left_right_group,right,6.4214,2019,Q1,high,405,True
Χρυσή Αυγή,left_right_group,right,20.2892,2019,Q1,high,405,True
other_party,previous_vote_party,other_party,14.9661,2019,Q1,medium,263,True
Ένωση Κεντρώων,previous_vote_party,other_party,1.111,2019,Q1,medium,263,True
Ελληνική Λύση,previous_vote_party,other_party,3.8332,2019,Q1,medium,263,True
ΚΚΕ,previous_vote_party,other_party,1.4773,2019,Q1,medium,263,True
ΜέΡΑ25,previous_vote_party,other_party,1.2497,2019,Q1,medium,263,True
ΝΔ,previous_vote_party,other_party,18.0762,2019,Q1,medium,263,True
ΠΑΣΟΚ/ΚΙΝΑΛ,previous_vote_party,other_party,22.2486,2019,Q1,medium,263,True
Πλεύση Ελευθερίας,previous_vote_party,other_party,1.4749,2019,Q1,medium,263,True
Ποτάμι,previous_vote_party,other_party,1.4846,2019,Q1,medium,263,True
ΣΥΡΙΖΑ,previous_vote_party,other_party,27.41,2019,Q1,medium,263,True
Χρυσή Αυγή,previous_vote_party,other_party,6.6684,2019,Q1,medium,263,True
other_party,previous_vote_party,Ένωση Κεντρώων,4.9435,2019,Q1,low,39,True
Ένωση Κεντρώων,previous_vote_party,Ένωση Κεντρώων,22.8973,2019,Q1,low,39,True
Ελληνική Λύση,previous_vote_party,Ένωση Κεντρώων,4.8808,2019,Q1,low,39,True
ΚΚΕ,previous_vote_party,Ένωση Κεντρώων,2.4404,2019,Q1,low,39,True
ΝΔ,previous_vote_party,Ένωση Κεντρώων,39.4537,2019,Q1,low,39,True
ΠΑΣΟΚ/ΚΙΝΑΛ,previous_vote_party,Ένωση Κεντρώων,7.3839,2019,Q1,low,39,True
Ποτάμι,previous_vote_party,Ένωση Κεντρώων,3.358,2019,Q1,low,39,True
ΣΥΡΙΖΑ,previous_vote_party,Ένωση Κεντρώων,7.3212,2019,Q1,low,39,True
Χρυσή Αυγή,previous_vote_party,Ένωση Κεντρώων,7.3212,2019,Q1,low,39,True
other_party,previous_vote_party,ΑΝΕΛ,4.196,2019,Q1,low,46,True
ΑΝΕΛ,previous_vote_party,ΑΝΕΛ,8.4998,2019,Q1,low,46,True
Ελληνική Λύση,previous_vote_party,ΑΝΕΛ,8.4459,2019,Q1,low,46,True
ΜέΡΑ25,previous_vote_party,ΑΝΕΛ,2.098,2019,Q1,low,46,True
ΝΔ,previous_vote_party,ΑΝΕΛ,37.3651,2019,Q1,low,46,True
Πλεύση Ελευθερίας,previous_vote_party,ΑΝΕΛ,2.098,2019,Q1,low,46,True
ΣΥΡΙΖΑ,previous_vote_party,ΑΝΕΛ,23.9206,2019,Q1,low,46,True
Χρυσή Αυγή,previous_vote_party,ΑΝΕΛ,13.3767,2019,Q1,low,46,True
other_party,previous_vote_party,ΚΚΕ,2.754,2019,Q1,low,71,True
ΚΚΕ,previous_vote_party,ΚΚΕ,63.1085,2019,Q1,low,71,True
ΜέΡΑ25,previous_vote_party,ΚΚΕ,1.377,2019,Q1,low,71,True
ΝΔ,previous_vote_party,ΚΚΕ,6.8851,2019,Q1,low,71,True
ΣΥΡΙΖΑ,previous_vote_party,ΚΚΕ,25.8754,2019,Q1,low,71,True
other_party,previous_vote_party,ΝΔ,1.7178,2019,Q1,high,379,True
Ένωση Κεντρώων,previous_vote_party,ΝΔ,0.6022,2019,Q1,high,379,True
ΑΝΕΛ,previous_vote_party,ΝΔ,0.5069,2019,Q1,high,379,True
Ελληνική Λύση,previous_vote_party,ΝΔ,1.7741,2019,Q1,high,379,True
ΚΚΕ,previous_vote_party,ΝΔ,0.5134,2019,Q1,high,379,True
ΝΔ,previous_vote_party,ΝΔ,84.4889,2019,Q1,high,379,True
ΠΑΣΟΚ/ΚΙΝΑΛ,previous_vote_party,ΝΔ,1.0268,2019,Q1,high,379,True
ΣΥΡΙΖΑ,previous_vote_party,ΝΔ,7.3987,2019,Q1,high,379,True
Χρυσή Αυγή,previous_vote_party,ΝΔ,1.9712,2019,Q1,high,379,True
other_party,previous_vote_party,Ποτάμι,3.8235,2019,Q1,low,50,True
Ένωση Κεντρώων,previous_vote_party,Ποτάμι,1.9118,2019,Q1,low,50,True
ΝΔ,previous_vote_party,Ποτάμι,58.3659,2019,Q1,low,50,True
ΠΑΣΟΚ/ΚΙΝΑΛ,previous_vote_party,Ποτάμι,13.3824,2019,Q1,low,50,True
Ποτάμι,previous_vote_party,Ποτάμι,10.9965,2019,Q1,low,50,True
ΣΥΡΙΖΑ,previous_vote_party,Ποτάμι,9.608,2019,Q1,low,50,True
Χρυσή Αυγή,previous_vote_party,Ποτάμι,1.9118,2019,Q1,low,50,True
other_party,previous_vote_party,ΣΥΡΙΖΑ,3.255,2019,Q1,high,446,True
Ένωση Κεντρώων,previous_vote_party,ΣΥΡΙΖΑ,1.2943,2019,Q1,high,446,True
ΑΝΕΛ,previous_vote_party,ΣΥΡΙΖΑ,0.8592,2019,Q1,high,446,True
Ελληνική Λύση,previous_vote_party,ΣΥΡΙΖΑ,2.8731,2019,Q1,high,446,True
ΚΚΕ,previous_vote_party,ΣΥΡΙΖΑ,2.4491,2019,Q1,high,446,True
ΜέΡΑ25,previous_vote_party,ΣΥΡΙΖΑ,0.7266,2019,Q1,high,446,True
ΝΔ,previous_vote_party,ΣΥΡΙΖΑ,9.7991,2019,Q1,high,446,True
ΠΑΣΟΚ/ΚΙΝΑΛ,previous_vote_party,ΣΥΡΙΖΑ,3.0879,2019,Q1,high,446,True
Πλεύση Ελευθερίας,previous_vote_party,ΣΥΡΙΖΑ,1.0795,2019,Q1,high,446,True
Ποτάμι,previous_vote_party,ΣΥΡΙΖΑ,0.2148,2019,Q1,high,446,True
ΣΥΡΙΖΑ,previous_vote_party,ΣΥΡΙΖΑ,72.8579,2019,Q1,high,446,True
Χρυσή Αυγή,previous_vote_party,ΣΥΡΙΖΑ,1.5036,2019,Q1,high,446,True
other_party,previous_vote_party,Χρυσή Αυγή,5.2934,2019,Q1,low,92,True
Ένωση Κεντρώων,previous_vote_party,Χρυσή Αυγή,1.0533,2019,Q1,low,92,True
Ελληνική Λύση,previous_vote_party,Χρυσή Αυγή,3.1598,2019,Q1,low,92,True
ΝΔ,previous_vote_party,Χρυσή Αυγή,7.3868,2019,Q1,low,92,True
ΠΑΣΟΚ/ΚΙΝΑΛ,previous_vote_party,Χρυσή Αυγή,3.1598,2019,Q1,low,92,True
ΣΥΡΙΖΑ,previous_vote_party,Χρυσή Αυγή,4.2131,2019,Q1,low,92,True
Χρυσή Αυγή,previous_vote_party,Χρυσή Αυγή,75.7339,2019,Q1,low,92,True
ΣΥΡΙΖΑ,region_group,00,100.0,2019,Q1,low,2,True
ΝΔ,region_group,01,73.3475,2019,Q1,low,3,True
ΣΥΡΙΖΑ,region_group,01,26.6525,2019,Q1,low,3,True
ΚΚΕ,region_group,02,11.9107,2019,Q1,low,8,True
ΝΔ,region_group,02,23.9,2019,Q1,low,8,True
ΣΥΡΙΖΑ,region_group,02,64.1892,2019,Q1,low,8,True
ΝΔ,region_group,03,39.8987,2019,Q1,low,5,True
ΣΥΡΙΖΑ,region_group,03,60.1013,2019,Q1,low,5,True
Ελληνική Λύση,region_group,04,23.9221,2019,Q1,low,5,True
ΚΚΕ,region_group,04,17.3853,2019,Q1,low,5,True
ΝΔ,region_group,04,23.9221,2019,Q1,low,5,True
ΣΥΡΙΖΑ,region_group,04,17.3853,2019,Q1,low,5,True
Χρυσή Αυγή,region_group,04,17.3853,2019,Q1,low,5,True
Ελληνική Λύση,region_group,05,9.8888,2019,Q1,low,19,True
ΜέΡΑ25,region_group,05,6.8035,2019,Q1,low,19,True
ΝΔ,region_group,05,36.6296,2019,Q1,low,19,True
ΠΑΣΟΚ/ΚΙΝΑΛ,region_group,05,4.9444,2019,Q1,low,19,True
Ποτάμι,region_group,05,4.977,2019,Q1,low,19,True
ΣΥΡΙΖΑ,region_group,05,31.6852,2019,Q1,low,19,True
Χρυσή Αυγή,region_group,05,5.0715,2019,Q1,low,19,True
ΝΔ,region_group,06,100.0,2019,Q1,low,2,True
ΝΔ,region_group,07,31.3969,2019,Q1,low,4,True
ΠΑΣΟΚ/ΚΙΝΑΛ,region_group,07,45.635,2019,Q1,low,4,True
Χρυσή Αυγή,region_group,07,22.9681,2019,Q1,low,4,True
ΠΑΣΟΚ/ΚΙΝΑΛ,region_group,08,100.0,2019,Q1,low,1,True
ΣΥΡΙΖΑ,region_group,09,33.3333,2019,Q1,low,3,True
Χρυσή Αυγή,region_group,09,66.6667,2019,Q1,low,3,True
Ελληνική Λύση,region_group,11,6.9249,2019,Q1,low,14,True
ΝΔ,region_group,11,58.0944,2019,Q1,low,14,True
ΠΑΣΟΚ/ΚΙΝΑΛ,region_group,11,7.103,2019,Q1,low,14,True
ΣΥΡΙΖΑ,region_group,11,27.8777,2019,Q1,low,14,True
Ελληνική Λύση,region_group,12,33.05,2019,Q1,low,3,True
ΝΔ,region_group,12,33.8999,2019,Q1,low,3,True
ΣΥΡΙΖΑ,region_group,12,33.05,2019,Q1,low,3,True
other_party,region_group,13,6.9234,2019,Q1,medium,243,True
Ένωση Κεντρώων,region_group,13,2.3807,2019,Q1,medium,243,True
ΑΝΕΛ,region_group,13,1.1941,2019,Q1,medium,243,True
Ελληνική Λύση,region_group,13,4.095,2019,Q1,medium,243,True
ΚΚΕ,region_group,13,4.1002,2019,Q1,medium,243,True
ΜέΡΑ25,region_group,13,1.335,2019,Q1,medium,243,True
ΝΔ,region_group,13,35.3705,2019,Q1,medium,243,True
ΠΑΣΟΚ/ΚΙΝΑΛ,region_group,13,6.3145,2019,Q1,medium,243,True
Πλεύση Ελευθερίας,region_group,13,1.5786,2019,Q1,medium,243,True
Ποτάμι,region_group,13,0.9377,2019,Q1,medium,243,True
ΣΥΡΙΖΑ,region_group,13,26.6576,2019,Q1,medium,243,True
Χρυσή Αυγή,region_group,13,9.1128,2019,Q1,medium,243,True
other_party,region_group,14,11.0664,2019,Q1,low,12,True
ΝΔ,region_group,14,40.419,2019,Q1,low,12,True
ΣΥΡΙΖΑ,region_group,14,24.1273,2019,Q1,low,12,True
Χρυσή Αυγή,region_group,14,24.3872,2019,Q1,low,12,True
ΣΥΡΙΖΑ,region_group,15,100.0,2019,Q1,low,1,True
other_party,region_group,16,31.2416,2019,Q1,low,6,True
ΝΔ,region_group,16,15.6208,2019,Q1,low,6,True
ΠΑΣΟΚ/ΚΙΝΑΛ,region_group,16,15.6208,2019,Q1,low,6,True
ΣΥΡΙΖΑ,region_group,16,21.4942,2019,Q1,low,6,True
Χρυσή Αυγή,region_group,16,16.0225,2019,Q1,low,6,True
other_party,region_group,17,17.0087,2019,Q1,low,11,True
ΝΔ,region_group,17,42.6557,2019,Q1,low,11,True
ΠΑΣΟΚ/ΚΙΝΑΛ,region_group,17,8.4764,2019,Q1,low,11,True
Ποτάμι,region_group,17,11.6635,2019,Q1,low,11,True
ΣΥΡΙΖΑ,region_group,17,20.1958,2019,Q1,low,11,True
ΠΑΣΟΚ/ΚΙΝΑΛ,region_group,18,100.0,2019,Q1,low,2,True
ΑΝΕΛ,region_group,19,14.0162,2019,Q1,low,6,True
ΝΔ,region_group,19,33.3025,2019,Q1,low,6,True
ΣΥΡΙΖΑ,region_group,19,19.2863,2019,Q1,low,6,True
Χρυσή Αυγή,region_group,19,33.395,2019,Q1,low,6,True
ΝΔ,region_group,20,100.0,2019,Q1,low,1,True
other_party,region_group,21,11.8841,2019,Q1,low,17,True
ΜέΡΑ25,region_group,21,5.9054,2019,Q1,low,17,True
ΝΔ,region_group,21,17.5999,2019,Q1,low,17,True
ΠΑΣΟΚ/ΚΙΝΑΛ,region_group,21,5.8666,2019,Q1,low,17,True
ΣΥΡΙΖΑ,region_group,21,46.9719,2019,Q1,low,17,True
Χρυσή Αυγή,region_group,21,11.772,2019,Q1,low,17,True
other_party,region_group,22,17.7352,2019,Q1,low,7,True
ΝΔ,region_group,22,12.8889,2019,Q1,low,7,True
ΠΑΣΟΚ/ΚΙΝΑΛ,region_group,22,12.8889,2019,Q1,low,7,True
ΣΥΡΙΖΑ,region_group,22,56.487,2019,Q1,low,7,True
ΝΔ,region_group,23,100.0,2019,Q1,low,1,True
ΚΚΕ,region_group,24,10.6289,2019,Q1,low,9,True
ΝΔ,region_group,24,42.7889,2019,Q1,low,9,True
ΠΑΣΟΚ/ΚΙΝΑΛ,region_group,24,10.6289,2019,Q1,low,9,True
ΣΥΡΙΖΑ,region_group,24,25.2543,2019,Q1,low,9,True
Χρυσή Αυγή,region_group,24,10.6991,2019,Q1,low,9,True
ΝΔ,region_group,25,57.1429,2019,Q1,low,7,True
ΠΑΣΟΚ/ΚΙΝΑΛ,region_group,25,14.2857,2019,Q1,low,7,True
ΣΥΡΙΖΑ,region_group,25,14.2857,2019,Q1,low,7,True
Χρυσή Αυγή,region_group,25,14.2857,2019,Q1,low,7,True
ΚΚΕ,region_group,26,100.0,2019,Q1,low,1,True
ΝΔ,region_group,27,100.0,2019,Q1,low,2,True
ΝΔ,region_group,28,60.2047,2019,Q1,low,5,True
ΣΥΡΙΖΑ,region_group,28,19.8977,2019,Q1,low,5,True
Χρυσή Αυγή,region_group,28,19.8977,2019,Q1,low,5,True
Ελληνική Λύση,region_group,31,16.5955,2019,Q1,low,6,True
ΝΔ,region_group,31,17.0223,2019,Q1,low,6,True
ΣΥΡΙΖΑ,region_group,31,49.7866,2019,Q1,low,6,True
Χρυσή Αυγή,region_group,31,16.5955,2019,Q1,low,6,True
ΣΥΡΙΖΑ,region_group,32,100.0,2019,Q1,low,1,True
Χρυσή Αυγή,region_group,33,100.0,2019,Q1,low,1,True
other_party,region_group,34,21.2147,2019,Q1,low,9,True
ΝΔ,region_group,34,53.5823,2019,Q1,low,9,True
ΣΥΡΙΖΑ,region_group,34,14.5957,2019,Q1,low,9,True
Χρυσή Αυγή,region_group,34,10.6073,2019,Q1,low,9,True
other_party,region_group,35,5.188,2019,Q1,high,892,True
Ένωση Κεντρώων,region_group,35,1.3386,2019,Q1,high,892,True
ΑΝΕΛ,region_group,35,0.4324,2019,Q1,high,892,True
Ελληνική Λύση,region_group,35,2.9238,2019,Q1,high,892,True
ΚΚΕ,region_group,35,5.3215,2019,Q1,high,892,True
ΜέΡΑ25,region_group,35,0.3243,2019,Q1,high,892,True
ΝΔ,region_group,35,34.5316,2019,Q1,high,892,True
ΠΑΣΟΚ/ΚΙΝΑΛ,region_group,35,6.3531,2019,Q1,high,892,True
Πλεύση Ελευθερίας,region_group,35,0.6486,2019,Q1,high,892,True
Ποτάμι,region_group,35,0.7995,2019,Q1,high,892,True
ΣΥΡΙΖΑ,region_group,35,35.0518,2019,Q1,high,892,True
Χρυσή Αυγή,region_group,35,7.0866,2019,Q1,high,892,True
Πλεύση Ελευθερίας,region_group,36,100.0,2019,Q1,low,1,True
other_party,region_group,37,20.0,2019,Q1,low,5,True
ΝΔ,region_group,37,40.0,2019,Q1,low,5,True
Χρυσή Αυγή,region_group,37,40.0,2019,Q1,low,5,True
other_party,region_group,38,10.2693,2019,Q1,low,37,True
Ελληνική Λύση,region_group,38,2.5673,2019,Q1,low,37,True
ΝΔ,region_group,38,34.3573,2019,Q1,low,37,True
ΣΥΡΙΖΑ,region_group,38,50.2388,2019,Q1,low,37,True
Χρυσή Αυγή,region_group,38,2.5673,2019,Q1,low,37,True
other_party,region_group,39,9.245,2019,Q1,low,10,True
ΚΚΕ,region_group,39,21.9662,2019,Q1,low,10,True
ΝΔ,region_group,39,37.2788,2019,Q1,low,10,True
ΣΥΡΙΖΑ,region_group,39,22.2039,2019,Q1,low,10,True
Χρυσή Αυγή,region_group,39,9.306,2019,Q1,low,10,True
Ένωση Κεντρώων,region_group,40,14.2857,2019,Q1,low,7,True
ΝΔ,region_group,40,14.2857,2019,Q1,low,7,True
ΣΥΡΙΖΑ,region_group,40,71.4286,2019,Q1,low,7,True
Ένωση Κεντρώων,region_group,41,40.7583,2019,Q1,low,3,True
ΝΔ,region_group,41,29.6209,2019,Q1,low,3,True
ΣΥΡΙΖΑ,region_group,41,29.6209,2019,Q1,low,3,True
ΝΔ,region_group,42,25.0,2019,Q1,low,4,True
ΣΥΡΙΖΑ,region_group,42,75.0,2019,Q1,low,4,True
ΝΔ,region_group,43,40.0,2019,Q1,low,5,True
ΠΑΣΟΚ/ΚΙΝΑΛ,region_group,43,20.0,2019,Q1,low,5,True
ΣΥΡΙΖΑ,region_group,43,40.0,2019,Q1,low,5,True
other_party,region_group,44,16.6301,2019,Q1,low,6,True
Ένωση Κεντρώων,region_group,44,16.6301,2019,Q1,low,6,True
ΝΔ,region_group,44,33.3699,2019,Q1,low,6,True
ΣΥΡΙΖΑ,region_group,44,33.3699,2019,Q1,low,6,True
ΑΝΕΛ,region_group,45,2.9554,2019,Q1,low,33,True
Ελληνική Λύση,region_group,45,2.9554,2019,Q1,low,33,True
ΚΚΕ,region_group,45,5.9108,2019,Q1,low,33,True
ΜέΡΑ25,region_group,45,2.9749,2019,Q1,low,33,True
ΝΔ,region_group,45,39.6269,2019,Q1,low,33,True
ΠΑΣΟΚ/ΚΙΝΑΛ,region_group,45,2.9554,2019,Q1,low,33,True
ΣΥΡΙΖΑ,region_group,45,30.7802,2019,Q1,low,33,True
Χρυσή Αυγή,region_group,45,11.8411,2019,Q1,low,33,True
other_party,region_group,46,33.3333,2019,Q1,low,3,True
ΝΔ,region_group,46,33.3333,2019,Q1,low,3,True
ΠΑΣΟΚ/ΚΙΝΑΛ,region_group,46,33.3333,2019,Q1,low,3,True
ΚΚΕ,region_group,47,17.0223,2019,Q1,low,6,True
ΝΔ,region_group,47,33.1911,2019,Q1,low,6,True
ΣΥΡΙΖΑ,region_group,47,33.1911,2019,Q1,low,6,True
Χρυσή Αυγή,region_group,47,16.5955,2019,Q1,low,6,True
Ένωση Κεντρώων,region_group,48,42.248,2019,Q1,low,2,True
ΝΔ,region_group,48,57.752,2019,Q1,low,2,True
Πλεύση Ελευθερίας,region_group,49,25.4791,2019,Q1,low,4,True
ΣΥΡΙΖΑ,region_group,49,49.6806,2019,Q1,low,4,True
Χρυσή Αυγή,region_group,49,24.8403,2019,Q1,low,4,True
ΑΝΕΛ,region_group,50,17.0223,2019,Q1,low,6,True
ΝΔ,region_group,50,16.5955,2019,Q1,low,6,True
ΣΥΡΙΖΑ,region_group,50,16.5955,2019,Q1,low,6,True
Χρυσή Αυγή,region_group,50,49.7866,2019,Q1,low,6,True
Ελληνική Λύση,region_group,51,50.0,2019,Q1,low,2,True
ΝΔ,region_group,51,50.0,2019,Q1,low,2,True
other_party,region_group,56,100.0,2019,Q1,low,1,True
ΣΥΡΙΖΑ,region_group,A8,100.0,2019,Q1,low,1,True
ΠΑΣΟΚ/ΚΙΝΑΛ,region_group,B6,100.0,2019,Q1,low,1,True
ΠΑΣΟΚ/ΚΙΝΑΛ,region_group,H1,100.0,2019,Q1,low,1,True
ΣΥΡΙΖΑ,region_group,NJ,100.0,2019,Q1,low,1,True
ΝΔ,region_group,ON,100.0,2019,Q1,low,3,True
other_party,gender,female,5.2239,2018,Q3,high,402,True
Ένωση Κεντρώων,gender,female,0.7463,2018,Q3,high,402,True
ΑΝΕΛ,gender,female,0.2488,2018,Q3,high,402,True
Ελληνική Λύση,gender,female,1.99,2018,Q3,high,402,True
ΚΚΕ,gender,female,3.9801,2018,Q3,high,402,True
ΜέΡΑ25,gender,female,0.7463,2018,Q3,high,402,True
ΝΔ,gender,female,37.0647,2018,Q3,high,402,True
ΠΑΣΟΚ/ΚΙΝΑΛ,gender,female,2.9851,2018,Q3,high,402,True
Πλεύση Ελευθερίας,gender,female,1.2438,2018,Q3,high,402,True
Ποτάμι,gender,female,0.4975,2018,Q3,high,402,True
ΣΥΡΙΖΑ,gender,female,35.8209,2018,Q3,high,402,True
Χρυσή Αυγή,gender,female,9.4527,2018,Q3,high,402,True
other_party,gender,male,8.18,2018,Q3,high,489,True
Ένωση Κεντρώων,gender,male,1.636,2018,Q3,high,489,True
ΑΝΕΛ,gender,male,0.6135,2018,Q3,high,489,True
Ελληνική Λύση,gender,male,4.09,2018,Q3,high,489,True
ΚΚΕ,gender,male,6.3395,2018,Q3,high,489,True
ΜέΡΑ25,gender,male,2.863,2018,Q3,high,489,True
ΝΔ,gender,male,34.3558,2018,Q3,high,489,True
ΠΑΣΟΚ/ΚΙΝΑΛ,gender,male,5.726,2018,Q3,high,489,True
Πλεύση Ελευθερίας,gender,male,1.636,2018,Q3,high,489,True
ΣΥΡΙΖΑ,gender,male,26.9939,2018,Q3,high,489,True
Χρυσή Αυγή,gender,male,7.5665,2018,Q3,high,489,True
other_party,age_group,18-24,7.9365,2018,Q3,low,63,True
Ένωση Κεντρώων,age_group,18-24,3.1746,2018,Q3,low,63,True
Ελληνική Λύση,age_group,18-24,6.3492,2018,Q3,low,63,True
ΚΚΕ,age_group,18-24,14.2857,2018,Q3,low,63,True
ΜέΡΑ25,age_group,18-24,4.7619,2018,Q3,low,63,True
ΝΔ,age_group,18-24,23.8095,2018,Q3,low,63,True
ΠΑΣΟΚ/ΚΙΝΑΛ,age_group,18-24,4.7619,2018,Q3,low,63,True
Πλεύση Ελευθερίας,age_group,18-24,1.5873,2018,Q3,low,63,True
ΣΥΡΙΖΑ,age_group,18-24,28.5714,2018,Q3,low,63,True
Χρυσή Αυγή,age_group,18-24,4.7619,2018,Q3,low,63,True
other_party,age_group,25-39,6.1538,2018,Q3,medium,260,True
Ένωση Κεντρώων,age_group,25-39,1.1538,2018,Q3,medium,260,True
ΑΝΕΛ,age_group,25-39,0.3846,2018,Q3,medium,260,True
Ελληνική Λύση,age_group,25-39,3.4615,2018,Q3,medium,260,True
ΚΚΕ,age_group,25-39,7.3077,2018,Q3,medium,260,True
ΜέΡΑ25,age_group,25-39,3.8462,2018,Q3,medium,260,True
ΝΔ,age_group,25-39,30.3846,2018,Q3,medium,260,True
ΠΑΣΟΚ/ΚΙΝΑΛ,age_group,25-39,2.3077,2018,Q3,medium,260,True
Πλεύση Ελευθερίας,age_group,25-39,1.5385,2018,Q3,medium,260,True
ΣΥΡΙΖΑ,age_group,25-39,29.2308,2018,Q3,medium,260,True
Χρυσή Αυγή,age_group,25-39,14.2308,2018,Q3,medium,260,True
other_party,age_group,40-54,6.0484,2018,Q3,medium,248,True
Ένωση Κεντρώων,age_group,40-54,0.4032,2018,Q3,medium,248,True
Ελληνική Λύση,age_group,40-54,3.629,2018,Q3,medium,248,True
ΚΚΕ,age_group,40-54,4.4355,2018,Q3,medium,248,True
ΜέΡΑ25,age_group,40-54,0.8065,2018,Q3,medium,248,True
ΝΔ,age_group,40-54,35.8871,2018,Q3,medium,248,True
ΠΑΣΟΚ/ΚΙΝΑΛ,age_group,40-54,3.629,2018,Q3,medium,248,True
Πλεύση Ελευθερίας,age_group,40-54,2.0161,2018,Q3,medium,248,True
Ποτάμι,age_group,40-54,0.4032,2018,Q3,medium,248,True
ΣΥΡΙΖΑ,age_group,40-54,35.0806,2018,Q3,medium,248,True
Χρυσή Αυγή,age_group,40-54,7.6613,2018,Q3,medium,248,True
other_party,age_group,55+,7.8125,2018,Q3,high,320,True
Ένωση Κεντρώων,age_group,55+,1.5625,2018,Q3,high,320,True
ΑΝΕΛ,age_group,55+,0.9375,2018,Q3,high,320,True
Ελληνική Λύση,age_group,55+,1.875,2018,Q3,high,320,True
ΚΚΕ,age_group,55+,2.5,2018,Q3,high,320,True
ΜέΡΑ25,age_group,55+,0.625,2018,Q3,high,320,True
ΝΔ,age_group,55+,41.875,2018,Q3,high,320,True
ΠΑΣΟΚ/ΚΙΝΑΛ,age_group,55+,6.875,2018,Q3,high,320,True
Πλεύση Ελευθερίας,age_group,55+,0.9375,2018,Q3,high,320,True
Ποτάμι,age_group,55+,0.3125,2018,Q3,high,320,True
ΣΥΡΙΖΑ,age_group,55+,29.6875,2018,Q3,high,320,True
Χρυσή Αυγή,age_group,55+,5.0,2018,Q3,high,320,True
other_party,education_group,high_education,6.2868,2018,Q3,high,509,True
Ένωση Κεντρώων,education_group,high_education,1.3752,2018,Q3,high,509,True
ΑΝΕΛ,education_group,high_education,0.3929,2018,Q3,high,509,True
Ελληνική Λύση,education_group,high_education,1.7682,2018,Q3,high,509,True
ΚΚΕ,education_group,high_education,5.8939,2018,Q3,high,509,True
ΜέΡΑ25,education_group,high_education,2.554,2018,Q3,high,509,True
ΝΔ,education_group,high_education,38.7033,2018,Q3,high,509,True
ΠΑΣΟΚ/ΚΙΝΑΛ,education_group,high_education,6.2868,2018,Q3,high,509,True
Πλεύση Ελευθερίας,education_group,high_education,1.3752,2018,Q3,high,509,True
Ποτάμι,education_group,high_education,0.3929,2018,Q3,high,509,True
ΣΥΡΙΖΑ,education_group,high_education,30.0589,2018,Q3,high,509,True
Χρυσή Αυγή,education_group,high_education,4.9116,2018,Q3,high,509,True
other_party,education_group,low_education,7.3171,2018,Q3,low,41,True
Ένωση Κεντρώων,education_group,low_education,2.439,2018,Q3,low,41,True
Ελληνική Λύση,education_group,low_education,7.3171,2018,Q3,low,41,True
ΚΚΕ,education_group,low_education,2.439,2018,Q3,low,41,True
ΜέΡΑ25,education_group,low_education,2.439,2018,Q3,low,41,True
ΝΔ,education_group,low_education,14.6341,2018,Q3,low,41,True
ΠΑΣΟΚ/ΚΙΝΑΛ,education_group,low_education,2.439,2018,Q3,low,41,True
ΣΥΡΙΖΑ,education_group,low_education,34.1463,2018,Q3,low,41,True
Χρυσή Αυγή,education_group,low_education,26.8293,2018,Q3,low,41,True
other_party,education_group,medium_education,7.5301,2018,Q3,high,332,True
Ένωση Κεντρώων,education_group,medium_education,0.9036,2018,Q3,high,332,True
ΑΝΕΛ,education_group,medium_education,0.6024,2018,Q3,high,332,True
Ελληνική Λύση,education_group,medium_education,4.5181,2018,Q3,high,332,True
ΚΚΕ,education_group,medium_education,4.8193,2018,Q3,high,332,True
ΜέΡΑ25,education_group,medium_education,0.9036,2018,Q3,high,332,True
ΝΔ,education_group,medium_education,33.1325,2018,Q3,high,332,True
ΠΑΣΟΚ/ΚΙΝΑΛ,education_group,medium_education,2.1084,2018,Q3,high,332,True
Πλεύση Ελευθερίας,education_group,medium_education,1.506,2018,Q3,high,332,True
ΣΥΡΙΖΑ,education_group,medium_education,32.5301,2018,Q3,high,332,True
Χρυσή Αυγή,education_group,medium_education,11.4458,2018,Q3,high,332,True
other_party,education_group,Δε θέλω να απαντήσω,11.1111,2018,Q3,low,9,True
Ελληνική Λύση,education_group,Δε θέλω να απαντήσω,11.1111,2018,Q3,low,9,True
ΝΔ,education_group,Δε θέλω να απαντήσω,44.4444,2018,Q3,low,9,True
Πλεύση Ελευθερίας,education_group,Δε θέλω να απαντήσω,11.1111,2018,Q3,low,9,True
ΣΥΡΙΖΑ,education_group,Δε θέλω να απαντήσω,11.1111,2018,Q3,low,9,True
Χρυσή Αυγή,education_group,Δε θέλω να απαντήσω,11.1111,2018,Q3,low,9,True
other_party,occupation_group,private_sector,7.5676,2018,Q3,medium,185,True
Ένωση Κεντρώων,occupation_group,private_sector,1.0811,2018,Q3,medium,185,True
Ελληνική Λύση,occupation_group,private_sector,4.3243,2018,Q3,medium,185,True
ΚΚΕ,occupation_group,private_sector,6.4865,2018,Q3,medium,185,True
ΜέΡΑ25,occupation_group,private_sector,3.2432,2018,Q3,medium,185,True
ΝΔ,occupation_group,private_sector,27.027,2018,Q3,medium,185,True
ΠΑΣΟΚ/ΚΙΝΑΛ,occupation_group,private_sector,1.0811,2018,Q3,medium,185,True
Πλεύση Ελευθερίας,occupation_group,private_sector,1.0811,2018,Q3,medium,185,True
Ποτάμι,occupation_group,private_sector,0.5405,2018,Q3,medium,185,True
ΣΥΡΙΖΑ,occupation_group,private_sector,40.0,2018,Q3,medium,185,True
Χρυσή Αυγή,occupation_group,private_sector,7.5676,2018,Q3,medium,185,True
other_party,occupation_group,public_sector,6.1453,2018,Q3,medium,179,True
Ένωση Κεντρώων,occupation_group,public_sector,0.5587,2018,Q3,medium,179,True
ΑΝΕΛ,occupation_group,public_sector,1.1173,2018,Q3,medium,179,True
Ελληνική Λύση,occupation_group,public_sector,1.676,2018,Q3,medium,179,True
ΚΚΕ,occupation_group,public_sector,4.4693,2018,Q3,medium,179,True
ΜέΡΑ25,occupation_group,public_sector,1.1173,2018,Q3,medium,179,True
ΝΔ,occupation_group,public_sector,37.9888,2018,Q3,medium,179,True
ΠΑΣΟΚ/ΚΙΝΑΛ,occupation_group,public_sector,6.1453,2018,Q3,medium,179,True
Ποτάμι,occupation_group,public_sector,0.5587,2018,Q3,medium,179,True
ΣΥΡΙΖΑ,occupation_group,public_sector,35.1955,2018,Q3,medium,179,True
Χρυσή Αυγή,occupation_group,public_sector,5.0279,2018,Q3,medium,179,True
other_party,occupation_group,self_employed,6.7708,2018,Q3,medium,192,True
Ένωση Κεντρώων,occupation_group,self_employed,1.0417,2018,Q3,medium,192,True
Ελληνική Λύση,occupation_group,self_employed,2.6042,2018,Q3,medium,192,True
ΚΚΕ,occupation_group,self_employed,7.8125,2018,Q3,medium,192,True
ΜέΡΑ25,occupation_group,self_employed,2.6042,2018,Q3,medium,192,True
ΝΔ,occupation_group,self_employed,42.7083,2018,Q3,medium,192,True
ΠΑΣΟΚ/ΚΙΝΑΛ,occupation_group,self_employed,2.6042,2018,Q3,medium,192,True
Πλεύση Ελευθερίας,occupation_group,self_employed,1.5625,2018,Q3,medium,192,True
ΣΥΡΙΖΑ,occupation_group,self_employed,23.9583,2018,Q3,medium,192,True
Χρυσή Αυγή,occupation_group,self_employed,8.3333,2018,Q3,medium,192,True
other_party,occupation_group,Δε θέλω να απαντήσω,8.6957,2018,Q3,low,46,True
ΑΝΕΛ,occupation_group,Δε θέλω να απαντήσω,2.1739,2018,Q3,low,46,True
Ελληνική Λύση,occupation_group,Δε θέλω να απαντήσω,2.1739,2018,Q3,low,46,True
ΚΚΕ,occupation_group,Δε θέλω να απαντήσω,4.3478,2018,Q3,low,46,True
ΝΔ,occupation_group,Δε θέλω να απαντήσω,28.2609,2018,Q3,low,46,True
ΠΑΣΟΚ/ΚΙΝΑΛ,occupation_group,Δε θέλω να απαντήσω,4.3478,2018,Q3,low,46,True
Πλεύση Ελευθερίας,occupation_group,Δε θέλω να απαντήσω,4.3478,2018,Q3,low,46,True
ΣΥΡΙΖΑ,occupation_group,Δε θέλω να απαντήσω,32.6087,2018,Q3,low,46,True
Χρυσή Αυγή,occupation_group,Δε θέλω να απαντήσω,13.0435,2018,Q3,low,46,True
other_party,occupation_group,Δεν εργάζομαι,6.5744,2018,Q3,medium,289,True
Ένωση Κεντρώων,occupation_group,Δεν εργάζομαι,2.0761,2018,Q3,medium,289,True
ΑΝΕΛ,occupation_group,Δεν εργάζομαι,0.346,2018,Q3,medium,289,True
Ελληνική Λύση,occupation_group,Δεν εργάζομαι,3.8062,2018,Q3,medium,289,True
ΚΚΕ,occupation_group,Δεν εργάζομαι,3.4602,2018,Q3,medium,289,True
ΜέΡΑ25,occupation_group,Δεν εργάζομαι,1.3841,2018,Q3,medium,289,True
ΝΔ,occupation_group,Δεν εργάζομαι,35.9862,2018,Q3,medium,289,True
ΠΑΣΟΚ/ΚΙΝΑΛ,occupation_group,Δεν εργάζομαι,6.9204,2018,Q3,medium,289,True
Πλεύση Ελευθερίας,occupation_group,Δεν εργάζομαι,2.0761,2018,Q3,medium,289,True
ΣΥΡΙΖΑ,occupation_group,Δεν εργάζομαι,26.9896,2018,Q3,medium,289,True
Χρυσή Αυγή,occupation_group,Δεν εργάζομαι,10.3806,2018,Q3,medium,289,True
other_party,left_right_group,center,5.9701,2018,Q3,high,469,True
Ένωση Κεντρώων,left_right_group,center,1.919,2018,Q3,high,469,True
ΑΝΕΛ,left_right_group,center,0.6397,2018,Q3,high,469,True
Ελληνική Λύση,left_right_group,center,2.3454,2018,Q3,high,469,True
ΚΚΕ,left_right_group,center,0.8529,2018,Q3,high,469,True
ΜέΡΑ25,left_right_group,center,2.3454,2018,Q3,high,469,True
ΝΔ,left_right_group,center,40.7249,2018,Q3,high,469,True
ΠΑΣΟΚ/ΚΙΝΑΛ,left_right_group,center,7.8891,2018,Q3,high,469,True
Πλεύση Ελευθερίας,left_right_group,center,2.1322,2018,Q3,high,469,True
Ποτάμι,left_right_group,center,0.4264,2018,Q3,high,469,True
ΣΥΡΙΖΑ,left_right_group,center,29.6375,2018,Q3,high,469,True
Χρυσή Αυγή,left_right_group,center,5.1173,2018,Q3,high,469,True
other_party,left_right_group,left,5.1813,2018,Q3,medium,193,True
ΚΚΕ,left_right_group,left,21.2435,2018,Q3,medium,193,True
ΜέΡΑ25,left_right_group,left,3.1088,2018,Q3,medium,193,True
ΝΔ,left_right_group,left,2.0725,2018,Q3,medium,193,True
ΠΑΣΟΚ/ΚΙΝΑΛ,left_right_group,left,1.0363,2018,Q3,medium,193,True
Πλεύση Ελευθερίας,left_right_group,left,1.5544,2018,Q3,medium,193,True
ΣΥΡΙΖΑ,left_right_group,left,65.285,2018,Q3,medium,193,True
Χρυσή Αυγή,left_right_group,left,0.5181,2018,Q3,medium,193,True
other_party,left_right_group,right,4.6392,2018,Q3,medium,194,True
Ένωση Κεντρώων,left_right_group,right,1.0309,2018,Q3,medium,194,True
ΑΝΕΛ,left_right_group,right,0.5155,2018,Q3,medium,194,True
Ελληνική Λύση,left_right_group,right,7.732,2018,Q3,medium,194,True
ΚΚΕ,left_right_group,right,0.5155,2018,Q3,medium,194,True
ΝΔ,left_right_group,right,60.8247,2018,Q3,medium,194,True
ΠΑΣΟΚ/ΚΙΝΑΛ,left_right_group,right,0.5155,2018,Q3,medium,194,True
ΣΥΡΙΖΑ,left_right_group,right,3.0928,2018,Q3,medium,194,True
Χρυσή Αυγή,left_right_group,right,21.134,2018,Q3,medium,194,True
other_party,previous_vote_party,other_party,18.7097,2018,Q3,medium,155,True
Ένωση Κεντρώων,previous_vote_party,other_party,0.6452,2018,Q3,medium,155,True
Ελληνική Λύση,previous_vote_party,other_party,5.1613,2018,Q3,medium,155,True
ΚΚΕ,previous_vote_party,other_party,3.2258,2018,Q3,medium,155,True
ΜέΡΑ25,previous_vote_party,other_party,5.1613,2018,Q3,medium,155,True
ΝΔ,previous_vote_party,other_party,21.2903,2018,Q3,medium,155,True
ΠΑΣΟΚ/ΚΙΝΑΛ,previous_vote_party,other_party,16.129,2018,Q3,medium,155,True
Πλεύση Ελευθερίας,previous_vote_party,other_party,3.871,2018,Q3,medium,155,True
ΣΥΡΙΖΑ,previous_vote_party,other_party,22.5806,2018,Q3,medium,155,True
Χρυσή Αυγή,previous_vote_party,other_party,3.2258,2018,Q3,medium,155,True
other_party,previous_vote_party,Ένωση Κεντρώων,14.2857,2018,Q3,low,14,True
Ένωση Κεντρώων,previous_vote_party,Ένωση Κεντρώων,28.5714,2018,Q3,low,14,True
Ελληνική Λύση,previous_vote_party,Ένωση Κεντρώων,7.1429,2018,Q3,low,14,True
ΜέΡΑ25,previous_vote_party,Ένωση Κεντρώων,7.1429,2018,Q3,low,14,True
ΝΔ,previous_vote_party,Ένωση Κεντρώων,21.4286,2018,Q3,low,14,True
ΣΥΡΙΖΑ,previous_vote_party,Ένωση Κεντρώων,7.1429,2018,Q3,low,14,True
Χρυσή Αυγή,previous_vote_party,Ένωση Κεντρώων,14.2857,2018,Q3,low,14,True
other_party,previous_vote_party,ΑΝΕΛ,8.3333,2018,Q3,low,36,True
Ένωση Κεντρώων,previous_vote_party,ΑΝΕΛ,5.5556,2018,Q3,low,36,True
ΑΝΕΛ,previous_vote_party,ΑΝΕΛ,5.5556,2018,Q3,low,36,True
Ελληνική Λύση,previous_vote_party,ΑΝΕΛ,16.6667,2018,Q3,low,36,True
ΜέΡΑ25,previous_vote_party,ΑΝΕΛ,2.7778,2018,Q3,low,36,True
ΝΔ,previous_vote_party,ΑΝΕΛ,33.3333,2018,Q3,low,36,True
Πλεύση Ελευθερίας,previous_vote_party,ΑΝΕΛ,2.7778,2018,Q3,low,36,True
ΣΥΡΙΖΑ,previous_vote_party,ΑΝΕΛ,16.6667,2018,Q3,low,36,True
Χρυσή Αυγή,previous_vote_party,ΑΝΕΛ,8.3333,2018,Q3,low,36,True
other_party,previous_vote_party,ΚΚΕ,7.2727,2018,Q3,low,55,True
ΚΚΕ,previous_vote_party,ΚΚΕ,67.2727,2018,Q3,low,55,True
ΜέΡΑ25,previous_vote_party,ΚΚΕ,1.8182,2018,Q3,low,55,True
ΝΔ,previous_vote_party,ΚΚΕ,3.6364,2018,Q3,low,55,True
ΠΑΣΟΚ/ΚΙΝΑΛ,previous_vote_party,ΚΚΕ,1.8182,2018,Q3,low,55,True
Πλεύση Ελευθερίας,previous_vote_party,ΚΚΕ,1.8182,2018,Q3,low,55,True
ΣΥΡΙΖΑ,previous_vote_party,ΚΚΕ,16.3636,2018,Q3,low,55,True
other_party,previous_vote_party,ΝΔ,1.6736,2018,Q3,medium,239,True
Ένωση Κεντρώων,previous_vote_party,ΝΔ,0.4184,2018,Q3,medium,239,True
ΑΝΕΛ,previous_vote_party,ΝΔ,0.4184,2018,Q3,medium,239,True
Ελληνική Λύση,previous_vote_party,ΝΔ,0.8368,2018,Q3,medium,239,True
ΚΚΕ,previous_vote_party,ΝΔ,0.8368,2018,Q3,medium,239,True
ΝΔ,previous_vote_party,ΝΔ,81.1715,2018,Q3,medium,239,True
ΠΑΣΟΚ/ΚΙΝΑΛ,previous_vote_party,ΝΔ,0.4184,2018,Q3,medium,239,True
ΣΥΡΙΖΑ,previous_vote_party,ΝΔ,11.7155,2018,Q3,medium,239,True
Χρυσή Αυγή,previous_vote_party,ΝΔ,2.5105,2018,Q3,medium,239,True
ΝΔ,previous_vote_party,Ποτάμι,50.0,2018,Q3,low,26,True
ΠΑΣΟΚ/ΚΙΝΑΛ,previous_vote_party,Ποτάμι,7.6923,2018,Q3,low,26,True
Ποτάμι,previous_vote_party,Ποτάμι,7.6923,2018,Q3,low,26,True
ΣΥΡΙΖΑ,previous_vote_party,Ποτάμι,34.6154,2018,Q3,low,26,True
other_party,previous_vote_party,ΣΥΡΙΖΑ,3.6765,2018,Q3,medium,272,True
Ένωση Κεντρώων,previous_vote_party,ΣΥΡΙΖΑ,0.7353,2018,Q3,medium,272,True
ΑΝΕΛ,previous_vote_party,ΣΥΡΙΖΑ,0.3676,2018,Q3,medium,272,True
Ελληνική Λύση,previous_vote_party,ΣΥΡΙΖΑ,1.8382,2018,Q3,medium,272,True
ΚΚΕ,previous_vote_party,ΣΥΡΙΖΑ,1.1029,2018,Q3,medium,272,True
ΜέΡΑ25,previous_vote_party,ΣΥΡΙΖΑ,1.8382,2018,Q3,medium,272,True
ΝΔ,previous_vote_party,ΣΥΡΙΖΑ,14.7059,2018,Q3,medium,272,True
ΠΑΣΟΚ/ΚΙΝΑΛ,previous_vote_party,ΣΥΡΙΖΑ,3.6765,2018,Q3,medium,272,True
Πλεύση Ελευθερίας,previous_vote_party,ΣΥΡΙΖΑ,1.1029,2018,Q3,medium,272,True
ΣΥΡΙΖΑ,previous_vote_party,ΣΥΡΙΖΑ,66.9118,2018,Q3,medium,272,True
Χρυσή Αυγή,previous_vote_party,ΣΥΡΙΖΑ,4.0441,2018,Q3,medium,272,True
other_party,previous_vote_party,Χρυσή Αυγή,7.1429,2018,Q3,low,56,True
Ελληνική Λύση,previous_vote_party,Χρυσή Αυγή,3.5714,2018,Q3,low,56,True
ΝΔ,previous_vote_party,Χρυσή Αυγή,8.9286,2018,Q3,low,56,True
Χρυσή Αυγή,previous_vote_party,Χρυσή Αυγή,80.3571,2018,Q3,low,56,True
ΝΔ,region_group,01,42.8571,2018,Q3,low,7,True
ΠΑΣΟΚ/ΚΙΝΑΛ,region_group,01,14.2857,2018,Q3,low,7,True
ΣΥΡΙΖΑ,region_group,01,14.2857,2018,Q3,low,7,True
Χρυσή Αυγή,region_group,01,28.5714,2018,Q3,low,7,True
ΝΔ,region_group,02,50.0,2018,Q3,low,2,True
ΣΥΡΙΖΑ,region_group,02,50.0,2018,Q3,low,2,True
other_party,region_group,03,33.3333,2018,Q3,low,3,True
ΣΥΡΙΖΑ,region_group,03,33.3333,2018,Q3,low,3,True
Χρυσή Αυγή,region_group,03,33.3333,2018,Q3,low,3,True
ΜέΡΑ25,region_group,04,50.0,2018,Q3,low,2,True
ΣΥΡΙΖΑ,region_group,04,50.0,2018,Q3,low,2,True
ΝΔ,region_group,05,100.0,2018,Q3,low,1,True
ΝΔ,region_group,06,50.0,2018,Q3,low,2,True
ΣΥΡΙΖΑ,region_group,06,50.0,2018,Q3,low,2,True
ΑΝΕΛ,region_group,07,14.2857,2018,Q3,low,7,True
ΜέΡΑ25,region_group,07,14.2857,2018,Q3,low,7,True
ΝΔ,region_group,07,28.5714,2018,Q3,low,7,True
ΣΥΡΙΖΑ,region_group,07,14.2857,2018,Q3,low,7,True
Χρυσή Αυγή,region_group,07,28.5714,2018,Q3,low,7,True
Ένωση Κεντρώων,region_group,09,50.0,2018,Q3,low,2,True
ΣΥΡΙΖΑ,region_group,09,50.0,2018,Q3,low,2,True
ΜέΡΑ25,region_group,11,14.2857,2018,Q3,low,7,True
ΝΔ,region_group,11,57.1429,2018,Q3,low,7,True
ΣΥΡΙΖΑ,region_group,11,28.5714,2018,Q3,low,7,True
ΜέΡΑ25,region_group,12,33.3333,2018,Q3,low,3,True
ΝΔ,region_group,12,33.3333,2018,Q3,low,3,True
Χρυσή Αυγή,region_group,12,33.3333,2018,Q3,low,3,True
other_party,region_group,13,6.1069,2018,Q3,medium,131,True
Ένωση Κεντρώων,region_group,13,0.7634,2018,Q3,medium,131,True
ΑΝΕΛ,region_group,13,0.7634,2018,Q3,medium,131,True
Ελληνική Λύση,region_group,13,3.8168,2018,Q3,medium,131,True
ΚΚΕ,region_group,13,4.5802,2018,Q3,medium,131,True
ΜέΡΑ25,region_group,13,0.7634,2018,Q3,medium,131,True
ΝΔ,region_group,13,37.4046,2018,Q3,medium,131,True
ΠΑΣΟΚ/ΚΙΝΑΛ,region_group,13,3.8168,2018,Q3,medium,131,True
Πλεύση Ελευθερίας,region_group,13,3.0534,2018,Q3,medium,131,True
ΣΥΡΙΖΑ,region_group,13,31.2977,2018,Q3,medium,131,True
Χρυσή Αυγή,region_group,13,7.6336,2018,Q3,medium,131,True
other_party,region_group,14,25.0,2018,Q3,low,4,True
ΝΔ,region_group,14,25.0,2018,Q3,low,4,True
ΣΥΡΙΖΑ,region_group,14,25.0,2018,Q3,low,4,True
Χρυσή Αυγή,region_group,14,25.0,2018,Q3,low,4,True
ΣΥΡΙΖΑ,region_group,17,50.0,2018,Q3,low,2,True
Χρυσή Αυγή,region_group,17,50.0,2018,Q3,low,2,True
ΠΑΣΟΚ/ΚΙΝΑΛ,region_group,20,66.6667,2018,Q3,low,3,True
ΣΥΡΙΖΑ,region_group,20,33.3333,2018,Q3,low,3,True
Ελληνική Λύση,region_group,21,28.5714,2018,Q3,low,7,True
ΝΔ,region_group,21,57.1429,2018,Q3,low,7,True
ΣΥΡΙΖΑ,region_group,21,14.2857,2018,Q3,low,7,True
ΚΚΕ,region_group,22,12.5,2018,Q3,low,8,True
ΝΔ,region_group,22,37.5,2018,Q3,low,8,True
ΠΑΣΟΚ/ΚΙΝΑΛ,region_group,22,12.5,2018,Q3,low,8,True
ΣΥΡΙΖΑ,region_group,22,25.0,2018,Q3,low,8,True
Χρυσή Αυγή,region_group,22,12.5,2018,Q3,low,8,True
ΝΔ,region_group,24,66.6667,2018,Q3,low,3,True
Χρυσή Αυγή,region_group,24,33.3333,2018,Q3,low,3,True
other_party,region_group,25,14.2857,2018,Q3,low,7,True
ΠΑΣΟΚ/ΚΙΝΑΛ,region_group,25,14.2857,2018,Q3,low,7,True
ΣΥΡΙΖΑ,region_group,25,71.4286,2018,Q3,low,7,True
ΚΚΕ,region_group,27,33.3333,2018,Q3,low,3,True
Χρυσή Αυγή,region_group,27,66.6667,2018,Q3,low,3,True
Χρυσή Αυγή,region_group,28,100.0,2018,Q3,low,1,True
ΝΔ,region_group,29,66.6667,2018,Q3,low,3,True
ΣΥΡΙΖΑ,region_group,29,33.3333,2018,Q3,low,3,True
ΠΑΣΟΚ/ΚΙΝΑΛ,region_group,33,100.0,2018,Q3,low,1,True
ΚΚΕ,region_group,34,14.2857,2018,Q3,low,7,True
ΝΔ,region_group,34,14.2857,2018,Q3,low,7,True
ΠΑΣΟΚ/ΚΙΝΑΛ,region_group,34,14.2857,2018,Q3,low,7,True
ΣΥΡΙΖΑ,region_group,34,42.8571,2018,Q3,low,7,True
Χρυσή Αυγή,region_group,34,14.2857,2018,Q3,low,7,True
other_party,region_group,35,7.0632,2018,Q3,high,538,True
Ένωση Κεντρώων,region_group,35,1.3011,2018,Q3,high,538,True
ΑΝΕΛ,region_group,35,0.1859,2018,Q3,high,538,True
Ελληνική Λύση,region_group,35,3.3457,2018,Q3,high,538,True
ΚΚΕ,region_group,35,5.3903,2018,Q3,high,538,True
ΜέΡΑ25,region_group,35,2.0446,2018,Q3,high,538,True
ΝΔ,region_group,35,36.6171,2018,Q3,high,538,True
ΠΑΣΟΚ/ΚΙΝΑΛ,region_group,35,3.9033,2018,Q3,high,538,True
Πλεύση Ελευθερίας,region_group,35,0.9294,2018,Q3,high,538,True
Ποτάμι,region_group,35,0.1859,2018,Q3,high,538,True
ΣΥΡΙΖΑ,region_group,35,31.7844,2018,Q3,high,538,True
Χρυσή Αυγή,region_group,35,7.2491,2018,Q3,high,538,True
ΝΔ,region_group,36,100.0,2018,Q3,low,2,True
Ένωση Κεντρώων,region_group,37,20.0,2018,Q3,low,5,True
ΝΔ,region_group,37,60.0,2018,Q3,low,5,True
ΣΥΡΙΖΑ,region_group,37,20.0,2018,Q3,low,5,True
Ένωση Κεντρώων,region_group,38,11.1111,2018,Q3,low,9,True
ΝΔ,region_group,38,11.1111,2018,Q3,low,9,True
Πλεύση Ελευθερίας,region_group,38,11.1111,2018,Q3,low,9,True
ΣΥΡΙΖΑ,region_group,38,44.4444,2018,Q3,low,9,True
Χρυσή Αυγή,region_group,38,22.2222,2018,Q3,low,9,True
ΚΚΕ,region_group,39,14.2857,2018,Q3,low,7,True
ΝΔ,region_group,39,71.4286,2018,Q3,low,7,True
ΣΥΡΙΖΑ,region_group,39,14.2857,2018,Q3,low,7,True
other_party,region_group,40,14.2857,2018,Q3,low,7,True
ΝΔ,region_group,40,28.5714,2018,Q3,low,7,True
ΣΥΡΙΖΑ,region_group,40,42.8571,2018,Q3,low,7,True
Χρυσή Αυγή,region_group,40,14.2857,2018,Q3,low,7,True
other_party,region_group,41,50.0,2018,Q3,low,2,True
ΣΥΡΙΖΑ,region_group,41,50.0,2018,Q3,low,2,True
other_party,region_group,42,25.0,2018,Q3,low,4,True
Ελληνική Λύση,region_group,42,25.0,2018,Q3,low,4,True
ΝΔ,region_group,42,25.0,2018,Q3,low,4,True
Χρυσή Αυγή,region_group,42,25.0,2018,Q3,low,4,True
ΝΔ,region_group,44,33.3333,2018,Q3,low,3,True
ΣΥΡΙΖΑ,region_group,44,66.6667,2018,Q3,low,3,True
ΚΚΕ,region_group,45,11.1111,2018,Q3,low,9,True
ΝΔ,region_group,45,66.6667,2018,Q3,low,9,True
Ποτάμι,region_group,45,11.1111,2018,Q3,low,9,True
ΣΥΡΙΖΑ,region_group,45,11.1111,2018,Q3,low,9,True
other_party,region_group,46,33.3333,2018,Q3,low,3,True
ΝΔ,region_group,46,33.3333,2018,Q3,low,3,True
ΣΥΡΙΖΑ,region_group,46,33.3333,2018,Q3,low,3,True
other_party,region_group,47,11.1111,2018,Q3,low,9,True
ΝΔ,region_group,47,11.1111,2018,Q3,low,9,True
ΠΑΣΟΚ/ΚΙΝΑΛ,region_group,47,22.2222,2018,Q3,low,9,True
ΣΥΡΙΖΑ,region_group,47,33.3333,2018,Q3,low,9,True
Χρυσή Αυγή,region_group,47,22.2222,2018,Q3,low,9,True
ΣΥΡΙΖΑ,region_group,48,100.0,2018,Q3,low,1,True
ΝΔ,region_group,49,40.0,2018,Q3,low,5,True
ΣΥΡΙΖΑ,region_group,49,40.0,2018,Q3,low,5,True
Χρυσή Αυγή,region_group,49,20.0,2018,Q3,low,5,True
ΚΚΕ,region_group,50,20.0,2018,Q3,low,5,True
ΝΔ,region_group,50,20.0,2018,Q3,low,5,True
ΣΥΡΙΖΑ,region_group,50,40.0,2018,Q3,low,5,True
Χρυσή Αυγή,region_group,50,20.0,2018,Q3,low,5,True
ΝΔ,region_group,51,100.0,2018,Q3,low,1,True
ΣΥΡΙΖΑ,region_group,NY,100.0,2018,Q3,low,1,True
other_party,gender,female,6.5113,2019,Q2,high,819,True
Ένωση Κεντρώων,gender,female,1.2081,2019,Q2,high,819,True
ΑΝΕΛ,gender,female,0.3635,2019,Q2,high,819,True
Ελληνική Λύση,gender,female,1.2496,2019,Q2,high,819,True
ΚΚΕ,gender,female,5.5175,2019,Q2,high,819,True
ΜέΡΑ25,gender,female,0.6134,2019,Q2,high,819,True
ΝΔ,gender,female,35.1805,2019,Q2,high,819,True
ΠΑΣΟΚ/ΚΙΝΑΛ,gender,female,6.3391,2019,Q2,high,819,True
Πλεύση Ελευθερίας,gender,female,1.8691,2019,Q2,high,819,True
Ποτάμι,gender,female,1.3068,2019,Q2,high,819,True
ΣΥΡΙΖΑ,gender,female,32.2763,2019,Q2,high,819,True
Χρυσή Αυγή,gender,female,7.5647,2019,Q2,high,819,True
other_party,gender,male,8.7624,2019,Q2,high,884,True
Ένωση Κεντρώων,gender,male,1.6303,2019,Q2,high,884,True
ΑΝΕΛ,gender,male,0.7114,2019,Q2,high,884,True
Ελληνική Λύση,gender,male,2.1723,2019,Q2,high,884,True
ΚΚΕ,gender,male,4.2104,2019,Q2,high,884,True
ΜέΡΑ25,gender,male,1.2505,2019,Q2,high,884,True
ΝΔ,gender,male,32.3055,2019,Q2,high,884,True
ΠΑΣΟΚ/ΚΙΝΑΛ,gender,male,10.642,2019,Q2,high,884,True
Πλεύση Ελευθερίας,gender,male,1.1411,2019,Q2,high,884,True
Ποτάμι,gender,male,1.1967,2019,Q2,high,884,True
ΣΥΡΙΖΑ,gender,male,25.6225,2019,Q2,high,884,True
Χρυσή Αυγή,gender,male,10.3549,2019,Q2,high,884,True
other_party,age_group,18-24,7.694,2019,Q2,medium,177,True
Ένωση Κεντρώων,age_group,18-24,3.5338,2019,Q2,medium,177,True
Ελληνική Λύση,age_group,18-24,1.4915,2019,Q2,medium,177,True
ΚΚΕ,age_group,18-24,12.8622,2019,Q2,medium,177,True
ΜέΡΑ25,age_group,18-24,2.5008,2019,Q2,medium,177,True
ΝΔ,age_group,18-24,26.5814,2019,Q2,medium,177,True
ΠΑΣΟΚ/ΚΙΝΑΛ,age_group,18-24,3.6069,2019,Q2,medium,177,True
Πλεύση Ελευθερίας,age_group,18-24,3.0616,2019,Q2,medium,177,True
Ποτάμι,age_group,18-24,1.0193,2019,Q2,medium,177,True
ΣΥΡΙΖΑ,age_group,18-24,19.3652,2019,Q2,medium,177,True
Χρυσή Αυγή,age_group,18-24,18.2835,2019,Q2,medium,177,True
other_party,age_group,25-39,9.5804,2019,Q2,high,356,True
Ένωση Κεντρώων,age_group,25-39,2.0044,2019,Q2,high,356,True
ΑΝΕΛ,age_group,25-39,1.2009,2019,Q2,high,356,True
Ελληνική Λύση,age_group,25-39,1.4647,2019,Q2,high,356,True
ΚΚΕ,age_group,25-39,5.7502,2019,Q2,high,356,True
ΜέΡΑ25,age_group,25-39,0.8692,2019,Q2,high,356,True
ΝΔ,age_group,25-39,30.4423,2019,Q2,high,356,True
ΠΑΣΟΚ/ΚΙΝΑΛ,age_group,25-39,4.5744,2019,Q2,high,356,True
Πλεύση Ελευθερίας,age_group,25-39,1.4537,2019,Q2,high,356,True
Ποτάμι,age_group,25-39,1.1899,2019,Q2,high,356,True
ΣΥΡΙΖΑ,age_group,25-39,30.0053,2019,Q2,high,356,True
Χρυσή Αυγή,age_group,25-39,11.4648,2019,Q2,high,356,True
other_party,age_group,40-54,8.4315,2019,Q2,high,431,True
Ένωση Κεντρώων,age_group,40-54,1.1643,2019,Q2,high,431,True
ΑΝΕΛ,age_group,40-54,0.6426,2019,Q2,high,431,True
Ελληνική Λύση,age_group,40-54,1.7477,2019,Q2,high,431,True
ΚΚΕ,age_group,40-54,5.3579,2019,Q2,high,431,True
ΜέΡΑ25,age_group,40-54,0.6736,2019,Q2,high,431,True
ΝΔ,age_group,40-54,35.0132,2019,Q2,high,431,True
ΠΑΣΟΚ/ΚΙΝΑΛ,age_group,40-54,4.2605,2019,Q2,high,431,True
Πλεύση Ελευθερίας,age_group,40-54,1.4664,2019,Q2,high,431,True
Ποτάμι,age_group,40-54,1.5102,2019,Q2,high,431,True
ΣΥΡΙΖΑ,age_group,40-54,29.2312,2019,Q2,high,431,True
Χρυσή Αυγή,age_group,40-54,10.5007,2019,Q2,high,431,True
other_party,age_group,55+,6.293,2019,Q2,high,739,True
Ένωση Κεντρώων,age_group,55+,0.9199,2019,Q2,high,739,True
ΑΝΕΛ,age_group,55+,0.3038,2019,Q2,high,739,True
Ελληνική Λύση,age_group,55+,1.8825,2019,Q2,high,739,True
ΚΚΕ,age_group,55+,2.313,2019,Q2,high,739,True
ΜέΡΑ25,age_group,55+,0.845,2019,Q2,high,739,True
ΝΔ,age_group,55+,35.6291,2019,Q2,high,739,True
ΠΑΣΟΚ/ΚΙΝΑΛ,age_group,55+,14.6389,2019,Q2,high,739,True
Πλεύση Ελευθερίας,age_group,55+,1.1843,2019,Q2,high,739,True
Ποτάμι,age_group,55+,1.129,2019,Q2,high,739,True
ΣΥΡΙΖΑ,age_group,55+,30.0304,2019,Q2,high,739,True
Χρυσή Αυγή,age_group,55+,4.8312,2019,Q2,high,739,True
other_party,education_group,high_education,8.6604,2019,Q2,high,837,True
Ένωση Κεντρώων,education_group,high_education,0.878,2019,Q2,high,837,True
ΑΝΕΛ,education_group,high_education,0.7679,2019,Q2,high,837,True
Ελληνική Λύση,education_group,high_education,1.5965,2019,Q2,high,837,True
ΚΚΕ,education_group,high_education,5.1794,2019,Q2,high,837,True
ΜέΡΑ25,education_group,high_education,1.0818,2019,Q2,high,837,True
ΝΔ,education_group,high_education,31.9742,2019,Q2,high,837,True
ΠΑΣΟΚ/ΚΙΝΑΛ,education_group,high_education,9.6104,2019,Q2,high,837,True
Πλεύση Ελευθερίας,education_group,high_education,0.8405,2019,Q2,high,837,True
Ποτάμι,education_group,high_education,2.0,2019,Q2,high,837,True
ΣΥΡΙΖΑ,education_group,high_education,32.3966,2019,Q2,high,837,True
Χρυσή Αυγή,education_group,high_education,5.0143,2019,Q2,high,837,True
other_party,education_group,low_education,5.9365,2019,Q2,medium,134,True
Ένωση Κεντρώων,education_group,low_education,2.1114,2019,Q2,medium,134,True
ΑΝΕΛ,education_group,low_education,0.6533,2019,Q2,medium,134,True
Ελληνική Λύση,education_group,low_education,1.8273,2019,Q2,medium,134,True
ΚΚΕ,education_group,low_education,3.0246,2019,Q2,medium,134,True
ΝΔ,education_group,low_education,29.5285,2019,Q2,medium,134,True
ΠΑΣΟΚ/ΚΙΝΑΛ,education_group,low_education,10.5157,2019,Q2,medium,134,True
Πλεύση Ελευθερίας,education_group,low_education,1.3832,2019,Q2,medium,134,True
ΣΥΡΙΖΑ,education_group,low_education,26.7159,2019,Q2,medium,134,True
Χρυσή Αυγή,education_group,low_education,18.3036,2019,Q2,medium,134,True
other_party,education_group,medium_education,7.1213,2019,Q2,high,699,True
Ένωση Κεντρώων,education_group,medium_education,2.0284,2019,Q2,high,699,True
ΑΝΕΛ,education_group,medium_education,0.2781,2019,Q2,high,699,True
Ελληνική Λύση,education_group,medium_education,1.7445,2019,Q2,high,699,True
ΚΚΕ,education_group,medium_education,4.6007,2019,Q2,high,699,True
ΜέΡΑ25,education_group,medium_education,0.9994,2019,Q2,high,699,True
ΝΔ,education_group,medium_education,36.5868,2019,Q2,high,699,True
ΠΑΣΟΚ/ΚΙΝΑΛ,education_group,medium_education,7.0874,2019,Q2,high,699,True
Πλεύση Ελευθερίας,education_group,medium_education,2.1957,2019,Q2,high,699,True
Ποτάμι,education_group,medium_education,0.6325,2019,Q2,high,699,True
ΣΥΡΙΖΑ,education_group,medium_education,25.0771,2019,Q2,high,699,True
Χρυσή Αυγή,education_group,medium_education,11.648,2019,Q2,high,699,True
other_party,education_group,Δε θέλω να απαντήσω,1.1743,2019,Q2,low,32,True
Ελληνική Λύση,education_group,Δε θέλω να απαντήσω,4.7313,2019,Q2,low,32,True
ΚΚΕ,education_group,Δε θέλω να απαντήσω,8.783,2019,Q2,low,32,True
ΝΔ,education_group,Δε θέλω να απαντήσω,33.6924,2019,Q2,low,32,True
ΠΑΣΟΚ/ΚΙΝΑΛ,education_group,Δε θέλω να απαντήσω,5.9953,2019,Q2,low,32,True
Πλεύση Ελευθερίας,education_group,Δε θέλω να απαντήσω,3.8786,2019,Q2,low,32,True
ΣΥΡΙΖΑ,education_group,Δε θέλω να απαντήσω,21.7491,2019,Q2,low,32,True
Χρυσή Αυγή,education_group,Δε θέλω να απαντήσω,19.996,2019,Q2,low,32,True
other_party,occupation_group,homemaker,8.8101,2019,Q2,low,58,True
Ένωση Κεντρώων,occupation_group,homemaker,3.7141,2019,Q2,low,58,True
Ελληνική Λύση,occupation_group,homemaker,4.2026,2019,Q2,low,58,True
ΚΚΕ,occupation_group,homemaker,3.6393,2019,Q2,low,58,True
ΝΔ,occupation_group,homemaker,40.3181,2019,Q2,low,58,True
ΠΑΣΟΚ/ΚΙΝΑΛ,occupation_group,homemaker,5.25,2019,Q2,low,58,True
Πλεύση Ελευθερίας,occupation_group,homemaker,2.4864,2019,Q2,low,58,True
ΣΥΡΙΖΑ,occupation_group,homemaker,15.8258,2019,Q2,low,58,True
Χρυσή Αυγή,occupation_group,homemaker,15.7536,2019,Q2,low,58,True
other_party,occupation_group,private_sector,8.2055,2019,Q2,high,300,True
Ένωση Κεντρώων,occupation_group,private_sector,2.1108,2019,Q2,high,300,True
Ελληνική Λύση,occupation_group,private_sector,1.3645,2019,Q2,high,300,True
ΚΚΕ,occupation_group,private_sector,7.7771,2019,Q2,high,300,True
ΜέΡΑ25,occupation_group,private_sector,0.5616,2019,Q2,high,300,True
ΝΔ,occupation_group,private_sector,31.172,2019,Q2,high,300,True
ΠΑΣΟΚ/ΚΙΝΑΛ,occupation_group,private_sector,4.1179,2019,Q2,high,300,True
Πλεύση Ελευθερίας,occupation_group,private_sector,1.3937,2019,Q2,high,300,True
Ποτάμι,occupation_group,private_sector,2.0202,2019,Q2,high,300,True
ΣΥΡΙΖΑ,occupation_group,private_sector,30.7908,2019,Q2,high,300,True
Χρυσή Αυγή,occupation_group,private_sector,10.4859,2019,Q2,high,300,True
other_party,occupation_group,public_sector,9.2891,2019,Q2,medium,176,True
Ένωση Κεντρώων,occupation_group,public_sector,0.2902,2019,Q2,medium,176,True
ΑΝΕΛ,occupation_group,public_sector,0.9424,2019,Q2,medium,176,True
Ελληνική Λύση,occupation_group,public_sector,2.2183,2019,Q2,medium,176,True
ΚΚΕ,occupation_group,public_sector,5.1804,2019,Q2,medium,176,True
ΜέΡΑ25,occupation_group,public_sector,0.5235,2019,Q2,medium,176,True
ΝΔ,occupation_group,public_sector,28.3626,2019,Q2,medium,176,True
ΠΑΣΟΚ/ΚΙΝΑΛ,occupation_group,public_sector,8.7958,2019,Q2,medium,176,True
Πλεύση Ελευθερίας,occupation_group,public_sector,0.9089,2019,Q2,medium,176,True
Ποτάμι,occupation_group,public_sector,0.4572,2019,Q2,medium,176,True
ΣΥΡΙΖΑ,occupation_group,public_sector,36.8788,2019,Q2,medium,176,True
Χρυσή Αυγή,occupation_group,public_sector,6.1528,2019,Q2,medium,176,True
other_party,occupation_group,retired,6.1917,2019,Q2,high,507,True
Ένωση Κεντρώων,occupation_group,retired,0.9614,2019,Q2,high,507,True
ΑΝΕΛ,occupation_group,retired,0.2263,2019,Q2,high,507,True
Ελληνική Λύση,occupation_group,retired,1.9762,2019,Q2,high,507,True
ΚΚΕ,occupation_group,retired,1.9712,2019,Q2,high,507,True
ΜέΡΑ25,occupation_group,retired,0.301,2019,Q2,high,507,True
ΝΔ,occupation_group,retired,38.5741,2019,Q2,high,507,True
ΠΑΣΟΚ/ΚΙΝΑΛ,occupation_group,retired,15.7843,2019,Q2,high,507,True
Πλεύση Ελευθερίας,occupation_group,retired,1.2406,2019,Q2,high,507,True
Ποτάμι,occupation_group,retired,0.8319,2019,Q2,high,507,True
ΣΥΡΙΖΑ,occupation_group,retired,27.2799,2019,Q2,high,507,True
Χρυσή Αυγή,occupation_group,retired,4.6614,2019,Q2,high,507,True
other_party,occupation_group,self_employed,8.0154,2019,Q2,high,339,True
Ένωση Κεντρώων,occupation_group,self_employed,1.6914,2019,Q2,high,339,True
ΑΝΕΛ,occupation_group,self_employed,0.6395,2019,Q2,high,339,True
Ελληνική Λύση,occupation_group,self_employed,0.8243,2019,Q2,high,339,True
ΚΚΕ,occupation_group,self_employed,3.2104,2019,Q2,high,339,True
ΜέΡΑ25,occupation_group,self_employed,1.3268,2019,Q2,high,339,True
ΝΔ,occupation_group,self_employed,36.8494,2019,Q2,high,339,True
ΠΑΣΟΚ/ΚΙΝΑΛ,occupation_group,self_employed,7.4372,2019,Q2,high,339,True
Πλεύση Ελευθερίας,occupation_group,self_employed,1.4748,2019,Q2,high,339,True
Ποτάμι,occupation_group,self_employed,2.207,2019,Q2,high,339,True
ΣΥΡΙΖΑ,occupation_group,self_employed,26.9466,2019,Q2,high,339,True
Χρυσή Αυγή,occupation_group,self_employed,9.3773,2019,Q2,high,339,True
other_party,occupation_group,student,10.5656,2019,Q2,medium,141,True
Ένωση Κεντρώων,occupation_group,student,2.2983,2019,Q2,medium,141,True
Ελληνική Λύση,occupation_group,student,1.8192,2019,Q2,medium,141,True
ΚΚΕ,occupation_group,student,12.1391,2019,Q2,medium,141,True
ΜέΡΑ25,occupation_group,student,3.0502,2019,Q2,medium,141,True
ΝΔ,occupation_group,student,26.5474,2019,Q2,medium,141,True
ΠΑΣΟΚ/ΚΙΝΑΛ,occupation_group,student,3.9248,2019,Q2,medium,141,True
Πλεύση Ελευθερίας,occupation_group,student,3.7343,2019,Q2,medium,141,True
Ποτάμι,occupation_group,student,0.4746,2019,Q2,medium,141,True
ΣΥΡΙΖΑ,occupation_group,student,21.5567,2019,Q2,medium,141,True
Χρυσή Αυγή,occupation_group,student,13.8897,2019,Q2,medium,141,True
other_party,occupation_group,unemployed,4.8987,2019,Q2,medium,128,True
Ένωση Κεντρώων,occupation_group,unemployed,1.3661,2019,Q2,medium,128,True
ΑΝΕΛ,occupation_group,unemployed,2.2244,2019,Q2,medium,128,True
Ελληνική Λύση,occupation_group,unemployed,1.371,2019,Q2,medium,128,True
ΚΚΕ,occupation_group,unemployed,6.252,2019,Q2,medium,128,True
ΜέΡΑ25,occupation_group,unemployed,2.5484,2019,Q2,medium,128,True
ΝΔ,occupation_group,unemployed,28.7649,2019,Q2,medium,128,True
ΠΑΣΟΚ/ΚΙΝΑΛ,occupation_group,unemployed,4.1163,2019,Q2,medium,128,True
Πλεύση Ελευθερίας,occupation_group,unemployed,0.7043,2019,Q2,medium,128,True
Ποτάμι,occupation_group,unemployed,1.453,2019,Q2,medium,128,True
ΣΥΡΙΖΑ,occupation_group,unemployed,34.2943,2019,Q2,medium,128,True
Χρυσή Αυγή,occupation_group,unemployed,12.0067,2019,Q2,medium,128,True
other_party,occupation_group,Δεν θέλω να απαντήσω,7.8542,2019,Q2,low,42,True
ΑΝΕΛ,occupation_group,Δεν θέλω να απαντήσω,2.4622,2019,Q2,low,42,True
Ελληνική Λύση,occupation_group,Δεν θέλω να απαντήσω,4.5937,2019,Q2,low,42,True
ΝΔ,occupation_group,Δεν θέλω να απαντήσω,26.1776,2019,Q2,low,42,True
ΠΑΣΟΚ/ΚΙΝΑΛ,occupation_group,Δεν θέλω να απαντήσω,2.2798,2019,Q2,low,42,True
Πλεύση Ελευθερίας,occupation_group,Δεν θέλω να απαντήσω,2.7497,2019,Q2,low,42,True
ΣΥΡΙΖΑ,occupation_group,Δεν θέλω να απαντήσω,31.6995,2019,Q2,low,42,True
Χρυσή Αυγή,occupation_group,Δεν θέλω να απαντήσω,22.1833,2019,Q2,low,42,True
ΝΔ,occupation_group,Εισοδηματίας,39.823,2019,Q2,low,6,True
ΣΥΡΙΖΑ,occupation_group,Εισοδηματίας,8.4045,2019,Q2,low,6,True
Χρυσή Αυγή,occupation_group,Εισοδηματίας,51.7725,2019,Q2,low,6,True
other_party,occupation_group,Φαντάρος,26.2539,2019,Q2,low,5,True
ΚΚΕ,occupation_group,Φαντάρος,41.969,2019,Q2,low,5,True
ΝΔ,occupation_group,Φαντάρος,18.2636,2019,Q2,low,5,True
ΣΥΡΙΖΑ,occupation_group,Φαντάρος,13.5135,2019,Q2,low,5,True
other_party,left_right_group,center,6.5445,2019,Q2,high,801,True
Ένωση Κεντρώων,left_right_group,center,1.7509,2019,Q2,high,801,True
ΑΝΕΛ,left_right_group,center,0.5083,2019,Q2,high,801,True
Ελληνική Λύση,left_right_group,center,1.9352,2019,Q2,high,801,True
ΚΚΕ,left_right_group,center,2.3108,2019,Q2,high,801,True
ΜέΡΑ25,left_right_group,center,1.2719,2019,Q2,high,801,True
ΝΔ,left_right_group,center,35.4931,2019,Q2,high,801,True
ΠΑΣΟΚ/ΚΙΝΑΛ,left_right_group,center,14.9476,2019,Q2,high,801,True
Πλεύση Ελευθερίας,left_right_group,center,2.2029,2019,Q2,high,801,True
Ποτάμι,left_right_group,center,2.1775,2019,Q2,high,801,True
ΣΥΡΙΖΑ,left_right_group,center,26.2011,2019,Q2,high,801,True
Χρυσή Αυγή,left_right_group,center,4.6561,2019,Q2,high,801,True
other_party,left_right_group,left,9.712,2019,Q2,high,369,True
ΑΝΕΛ,left_right_group,left,0.2864,2019,Q2,high,369,True
Ελληνική Λύση,left_right_group,left,0.2716,2019,Q2,high,369,True
ΚΚΕ,left_right_group,left,15.0505,2019,Q2,high,369,True
ΜέΡΑ25,left_right_group,left,1.5667,2019,Q2,high,369,True
ΝΔ,left_right_group,left,3.1848,2019,Q2,high,369,True
ΠΑΣΟΚ/ΚΙΝΑΛ,left_right_group,left,3.703,2019,Q2,high,369,True
Πλεύση Ελευθερίας,left_right_group,left,0.6414,2019,Q2,high,369,True
Ποτάμι,left_right_group,left,0.5441,2019,Q2,high,369,True
ΣΥΡΙΖΑ,left_right_group,left,64.0991,2019,Q2,high,369,True
Χρυσή Αυγή,left_right_group,left,0.9405,2019,Q2,high,369,True
other_party,left_right_group,right,8.0633,2019,Q2,high,528,True
Ένωση Κεντρώων,left_right_group,right,1.98,2019,Q2,high,528,True
ΑΝΕΛ,left_right_group,right,0.7941,2019,Q2,high,528,True
Ελληνική Λύση,left_right_group,right,2.4895,2019,Q2,high,528,True
ΚΚΕ,left_right_group,right,1.3999,2019,Q2,high,528,True
ΝΔ,left_right_group,right,52.9954,2019,Q2,high,528,True
ΠΑΣΟΚ/ΚΙΝΑΛ,left_right_group,right,2.3677,2019,Q2,high,528,True
Πλεύση Ελευθερίας,left_right_group,right,1.0224,2019,Q2,high,528,True
Ποτάμι,left_right_group,right,0.3414,2019,Q2,high,528,True
ΣΥΡΙΖΑ,left_right_group,right,7.0851,2019,Q2,high,528,True
Χρυσή Αυγή,left_right_group,right,21.4614,2019,Q2,high,528,True
other_party,previous_vote_party,other_party,16.8719,2019,Q2,high,325,True
Ένωση Κεντρώων,previous_vote_party,other_party,1.4471,2019,Q2,high,325,True
ΑΝΕΛ,previous_vote_party,other_party,0.3225,2019,Q2,high,325,True
Ελληνική Λύση,previous_vote_party,other_party,1.8584,2019,Q2,high,325,True
ΚΚΕ,previous_vote_party,other_party,3.8725,2019,Q2,high,325,True
ΜέΡΑ25,previous_vote_party,other_party,3.6051,2019,Q2,high,325,True
ΝΔ,previous_vote_party,other_party,16.7324,2019,Q2,high,325,True
ΠΑΣΟΚ/ΚΙΝΑΛ,previous_vote_party,other_party,30.6279,2019,Q2,high,325,True
Πλεύση Ελευθερίας,previous_vote_party,other_party,2.988,2019,Q2,high,325,True
Ποτάμι,previous_vote_party,other_party,0.7782,2019,Q2,high,325,True
ΣΥΡΙΖΑ,previous_vote_party,other_party,15.097,2019,Q2,high,325,True
Χρυσή Αυγή,previous_vote_party,other_party,5.7991,2019,Q2,high,325,True
other_party,previous_vote_party,Ένωση Κεντρώων,12.3017,2019,Q2,low,47,True
Ένωση Κεντρώων,previous_vote_party,Ένωση Κεντρώων,27.1062,2019,Q2,low,47,True
Ελληνική Λύση,previous_vote_party,Ένωση Κεντρώων,4.5457,2019,Q2,low,47,True
ΝΔ,previous_vote_party,Ένωση Κεντρώων,31.1996,2019,Q2,low,47,True
ΠΑΣΟΚ/ΚΙΝΑΛ,previous_vote_party,Ένωση Κεντρώων,8.562,2019,Q2,low,47,True
ΣΥΡΙΖΑ,previous_vote_party,Ένωση Κεντρώων,7.7699,2019,Q2,low,47,True
Χρυσή Αυγή,previous_vote_party,Ένωση Κεντρώων,8.5149,2019,Q2,low,47,True
other_party,previous_vote_party,ΑΝΕΛ,10.4432,2019,Q2,low,51,True
Ένωση Κεντρώων,previous_vote_party,ΑΝΕΛ,2.0744,2019,Q2,low,51,True
ΑΝΕΛ,previous_vote_party,ΑΝΕΛ,9.9768,2019,Q2,low,51,True
Ελληνική Λύση,previous_vote_party,ΑΝΕΛ,6.2422,2019,Q2,low,51,True
ΝΔ,previous_vote_party,ΑΝΕΛ,32.3533,2019,Q2,low,51,True
ΠΑΣΟΚ/ΚΙΝΑΛ,previous_vote_party,ΑΝΕΛ,3.4964,2019,Q2,low,51,True
Πλεύση Ελευθερίας,previous_vote_party,ΑΝΕΛ,5.3693,2019,Q2,low,51,True
ΣΥΡΙΖΑ,previous_vote_party,ΑΝΕΛ,18.3377,2019,Q2,low,51,True
Χρυσή Αυγή,previous_vote_party,ΑΝΕΛ,11.7068,2019,Q2,low,51,True
other_party,previous_vote_party,ΚΚΕ,8.0799,2019,Q2,low,83,True
Ελληνική Λύση,previous_vote_party,ΚΚΕ,2.0807,2019,Q2,low,83,True
ΚΚΕ,previous_vote_party,ΚΚΕ,71.0215,2019,Q2,low,83,True
ΝΔ,previous_vote_party,ΚΚΕ,0.4571,2019,Q2,low,83,True
ΣΥΡΙΖΑ,previous_vote_party,ΚΚΕ,17.3232,2019,Q2,low,83,True
Χρυσή Αυγή,previous_vote_party,ΚΚΕ,1.0375,2019,Q2,low,83,True
other_party,previous_vote_party,ΝΔ,3.0248,2019,Q2,high,435,True
Ένωση Κεντρώων,previous_vote_party,ΝΔ,0.5972,2019,Q2,high,435,True
Ελληνική Λύση,previous_vote_party,ΝΔ,0.5246,2019,Q2,high,435,True
ΚΚΕ,previous_vote_party,ΝΔ,0.6657,2019,Q2,high,435,True
ΝΔ,previous_vote_party,ΝΔ,87.7538,2019,Q2,high,435,True
ΠΑΣΟΚ/ΚΙΝΑΛ,previous_vote_party,ΝΔ,0.585,2019,Q2,high,435,True
ΣΥΡΙΖΑ,previous_vote_party,ΝΔ,4.946,2019,Q2,high,435,True
Χρυσή Αυγή,previous_vote_party,ΝΔ,1.903,2019,Q2,high,435,True
other_party,previous_vote_party,Ποτάμι,4.0763,2019,Q2,low,57,True
Ένωση Κεντρώων,previous_vote_party,Ποτάμι,0.7161,2019,Q2,low,57,True
Ελληνική Λύση,previous_vote_party,Ποτάμι,4.2871,2019,Q2,low,57,True
ΚΚΕ,previous_vote_party,Ποτάμι,2.6638,2019,Q2,low,57,True
ΝΔ,previous_vote_party,Ποτάμι,35.5358,2019,Q2,low,57,True
ΠΑΣΟΚ/ΚΙΝΑΛ,previous_vote_party,Ποτάμι,12.6984,2019,Q2,low,57,True
Πλεύση Ελευθερίας,previous_vote_party,Ποτάμι,1.9605,2019,Q2,low,57,True
Ποτάμι,previous_vote_party,Ποτάμι,23.2362,2019,Q2,low,57,True
ΣΥΡΙΖΑ,previous_vote_party,Ποτάμι,13.3667,2019,Q2,low,57,True
Χρυσή Αυγή,previous_vote_party,Ποτάμι,1.4593,2019,Q2,low,57,True
other_party,previous_vote_party,ΣΥΡΙΖΑ,3.4373,2019,Q2,high,527,True
Ένωση Κεντρώων,previous_vote_party,ΣΥΡΙΖΑ,0.3515,2019,Q2,high,527,True
ΑΝΕΛ,previous_vote_party,ΣΥΡΙΖΑ,0.5598,2019,Q2,high,527,True
Ελληνική Λύση,previous_vote_party,ΣΥΡΙΖΑ,1.0667,2019,Q2,high,527,True
ΚΚΕ,previous_vote_party,ΣΥΡΙΖΑ,1.9108,2019,Q2,high,527,True
ΜέΡΑ25,previous_vote_party,ΣΥΡΙΖΑ,0.7983,2019,Q2,high,527,True
ΝΔ,previous_vote_party,ΣΥΡΙΖΑ,12.0819,2019,Q2,high,527,True
ΠΑΣΟΚ/ΚΙΝΑΛ,previous_vote_party,ΣΥΡΙΖΑ,5.5605,2019,Q2,high,527,True
Πλεύση Ελευθερίας,previous_vote_party,ΣΥΡΙΖΑ,1.6119,2019,Q2,high,527,True
Ποτάμι,previous_vote_party,ΣΥΡΙΖΑ,0.9478,2019,Q2,high,527,True
ΣΥΡΙΖΑ,previous_vote_party,ΣΥΡΙΖΑ,67.9392,2019,Q2,high,527,True
Χρυσή Αυγή,previous_vote_party,ΣΥΡΙΖΑ,3.7343,2019,Q2,high,527,True
other_party,previous_vote_party,Χρυσή Αυγή,3.2678,2019,Q2,medium,104,True
Ένωση Κεντρώων,previous_vote_party,Χρυσή Αυγή,0.9055,2019,Q2,medium,104,True
Ελληνική Λύση,previous_vote_party,Χρυσή Αυγή,0.9831,2019,Q2,medium,104,True
ΝΔ,previous_vote_party,Χρυσή Αυγή,7.4012,2019,Q2,medium,104,True
ΣΥΡΙΖΑ,previous_vote_party,Χρυσή Αυγή,1.9495,2019,Q2,medium,104,True
Χρυσή Αυγή,previous_vote_party,Χρυσή Αυγή,85.4929,2019,Q2,medium,104,True
ΚΚΕ,region_group,01,5.6921,2019,Q2,low,11,True
ΝΔ,region_group,01,32.2273,2019,Q2,low,11,True
ΠΑΣΟΚ/ΚΙΝΑΛ,region_group,01,12.6516,2019,Q2,low,11,True
ΣΥΡΙΖΑ,region_group,01,28.5862,2019,Q2,low,11,True
Χρυσή Αυγή,region_group,01,20.8429,2019,Q2,low,11,True
ΝΔ,region_group,02,100.0,2019,Q2,low,2,True
other_party,region_group,03,41.4059,2019,Q2,low,9,True
Ελληνική Λύση,region_group,03,7.938,2019,Q2,low,9,True
ΠΑΣΟΚ/ΚΙΝΑΛ,region_group,03,27.299,2019,Q2,low,9,True
ΣΥΡΙΖΑ,region_group,03,3.8955,2019,Q2,low,9,True
Χρυσή Αυγή,region_group,03,19.4616,2019,Q2,low,9,True
ΝΔ,region_group,04,38.2594,2019,Q2,low,6,True
ΠΑΣΟΚ/ΚΙΝΑΛ,region_group,04,25.392,2019,Q2,low,6,True
Χρυσή Αυγή,region_group,04,36.3486,2019,Q2,low,6,True
ΚΚΕ,region_group,05,16.9553,2019,Q2,low,9,True
ΝΔ,region_group,05,65.5969,2019,Q2,low,9,True
ΣΥΡΙΖΑ,region_group,05,17.4478,2019,Q2,low,9,True
Ελληνική Λύση,region_group,06,57.1666,2019,Q2,low,2,True
Χρυσή Αυγή,region_group,06,42.8334,2019,Q2,low,2,True
ΚΚΕ,region_group,07,17.2967,2019,Q2,low,7,True
ΜέΡΑ25,region_group,07,7.2999,2019,Q2,low,7,True
ΝΔ,region_group,07,45.0632,2019,Q2,low,7,True
ΣΥΡΙΖΑ,region_group,07,21.482,2019,Q2,low,7,True
Χρυσή Αυγή,region_group,07,8.8583,2019,Q2,low,7,True
ΣΥΡΙΖΑ,region_group,08,100.0,2019,Q2,low,1,True
Ένωση Κεντρώων,region_group,09,100.0,2019,Q2,low,1,True
ΝΔ,region_group,10,100.0,2019,Q2,low,1,True
other_party,region_group,11,9.8891,2019,Q2,low,15,True
ΑΝΕΛ,region_group,11,5.8492,2019,Q2,low,15,True
ΝΔ,region_group,11,44.9496,2019,Q2,low,15,True
ΠΑΣΟΚ/ΚΙΝΑΛ,region_group,11,7.0274,2019,Q2,low,15,True
Πλεύση Ελευθερίας,region_group,11,9.4116,2019,Q2,low,15,True
ΣΥΡΙΖΑ,region_group,11,15.8456,2019,Q2,low,15,True
Χρυσή Αυγή,region_group,11,7.0274,2019,Q2,low,15,True
other_party,region_group,12,11.7352,2019,Q2,low,6,True
Ένωση Κεντρώων,region_group,12,15.7656,2019,Q2,low,6,True
ΝΔ,region_group,12,15.6621,2019,Q2,low,6,True
ΣΥΡΙΖΑ,region_group,12,29.4008,2019,Q2,low,6,True
Χρυσή Αυγή,region_group,12,27.4364,2019,Q2,low,6,True
other_party,region_group,13,5.3266,2019,Q2,high,310,True
Ένωση Κεντρώων,region_group,13,1.8212,2019,Q2,high,310,True
ΑΝΕΛ,region_group,13,0.96,2019,Q2,high,310,True
Ελληνική Λύση,region_group,13,1.9839,2019,Q2,high,310,True
ΚΚΕ,region_group,13,5.196,2019,Q2,high,310,True
ΜέΡΑ25,region_group,13,0.5593,2019,Q2,high,310,True
ΝΔ,region_group,13,35.5108,2019,Q2,high,310,True
ΠΑΣΟΚ/ΚΙΝΑΛ,region_group,13,6.6389,2019,Q2,high,310,True
Πλεύση Ελευθερίας,region_group,13,2.7047,2019,Q2,high,310,True
Ποτάμι,region_group,13,1.2667,2019,Q2,high,310,True
ΣΥΡΙΖΑ,region_group,13,27.7125,2019,Q2,high,310,True
Χρυσή Αυγή,region_group,13,10.3191,2019,Q2,high,310,True
other_party,region_group,14,12.3409,2019,Q2,low,7,True
ΝΔ,region_group,14,20.1747,2019,Q2,low,7,True
Πλεύση Ελευθερίας,region_group,14,15.4078,2019,Q2,low,7,True
Ποτάμι,region_group,14,23.8163,2019,Q2,low,7,True
ΣΥΡΙΖΑ,region_group,14,28.2603,2019,Q2,low,7,True
ΝΔ,region_group,16,53.0963,2019,Q2,low,4,True
ΣΥΡΙΖΑ,region_group,16,46.9037,2019,Q2,low,4,True
other_party,region_group,17,7.621,2019,Q2,low,13,True
Ένωση Κεντρώων,region_group,17,13.1557,2019,Q2,low,13,True
ΝΔ,region_group,17,22.6438,2019,Q2,low,13,True
ΣΥΡΙΖΑ,region_group,17,33.6052,2019,Q2,low,13,True
Χρυσή Αυγή,region_group,17,22.9743,2019,Q2,low,13,True
other_party,region_group,18,66.6024,2019,Q2,low,3,True
ΝΔ,region_group,18,33.3976,2019,Q2,low,3,True
ΝΔ,region_group,19,42.2328,2019,Q2,low,2,True
ΠΑΣΟΚ/ΚΙΝΑΛ,region_group,19,57.7672,2019,Q2,low,2,True
ΝΔ,region_group,20,52.0761,2019,Q2,low,5,True
ΠΑΣΟΚ/ΚΙΝΑΛ,region_group,20,26.7042,2019,Q2,low,5,True
Χρυσή Αυγή,region_group,20,21.2197,2019,Q2,low,5,True
other_party,region_group,21,6.9305,2019,Q2,low,31,True
Ελληνική Λύση,region_group,21,3.2412,2019,Q2,low,31,True
ΚΚΕ,region_group,21,3.6008,2019,Q2,low,31,True
ΝΔ,region_group,21,25.7366,2019,Q2,low,31,True
ΠΑΣΟΚ/ΚΙΝΑΛ,region_group,21,9.54,2019,Q2,low,31,True
ΣΥΡΙΖΑ,region_group,21,32.7532,2019,Q2,low,31,True
Χρυσή Αυγή,region_group,21,18.1977,2019,Q2,low,31,True
Ελληνική Λύση,region_group,22,3.5318,2019,Q2,low,26,True
ΜέΡΑ25,region_group,22,1.4009,2019,Q2,low,26,True
ΝΔ,region_group,22,53.5905,2019,Q2,low,26,True
ΠΑΣΟΚ/ΚΙΝΑΛ,region_group,22,12.7296,2019,Q2,low,26,True
ΣΥΡΙΖΑ,region_group,22,14.8022,2019,Q2,low,26,True
Χρυσή Αυγή,region_group,22,13.945,2019,Q2,low,26,True
other_party,region_group,23,27.6728,2019,Q2,low,3,True
ΣΥΡΙΖΑ,region_group,23,72.3272,2019,Q2,low,3,True
other_party,region_group,24,7.2805,2019,Q2,low,20,True
ΜέΡΑ25,region_group,24,5.3098,2019,Q2,low,20,True
ΝΔ,region_group,24,21.2354,2019,Q2,low,20,True
ΠΑΣΟΚ/ΚΙΝΑΛ,region_group,24,24.9542,2019,Q2,low,20,True
Πλεύση Ελευθερίας,region_group,24,5.899,2019,Q2,low,20,True
ΣΥΡΙΖΑ,region_group,24,24.2285,2019,Q2,low,20,True
Χρυσή Αυγή,region_group,24,11.0927,2019,Q2,low,20,True
other_party,region_group,25,11.8995,2019,Q2,low,12,True
ΝΔ,region_group,25,34.7662,2019,Q2,low,12,True
Πλεύση Ελευθερίας,region_group,25,13.7891,2019,Q2,low,12,True
ΣΥΡΙΖΑ,region_group,25,39.5451,2019,Q2,low,12,True
ΣΥΡΙΖΑ,region_group,26,100.0,2019,Q2,low,1,True
other_party,region_group,27,16.1731,2019,Q2,low,2,True
Ένωση Κεντρώων,region_group,27,83.8269,2019,Q2,low,2,True
ΝΔ,region_group,28,100.0,2019,Q2,low,2,True
other_party,region_group,29,9.0791,2019,Q2,low,6,True
Ένωση Κεντρώων,region_group,29,15.9899,2019,Q2,low,6,True
ΑΝΕΛ,region_group,29,16.3764,2019,Q2,low,6,True
ΝΔ,region_group,29,37.0422,2019,Q2,low,6,True
ΠΑΣΟΚ/ΚΙΝΑΛ,region_group,29,21.5124,2019,Q2,low,6,True
other_party,region_group,31,19.3391,2019,Q2,low,12,True
ΚΚΕ,region_group,31,10.5995,2019,Q2,low,12,True
ΝΔ,region_group,31,7.5051,2019,Q2,low,12,True
ΠΑΣΟΚ/ΚΙΝΑΛ,region_group,31,16.3263,2019,Q2,low,12,True
ΣΥΡΙΖΑ,region_group,31,46.2301,2019,Q2,low,12,True
ΝΔ,region_group,32,100.0,2019,Q2,low,2,True
other_party,region_group,33,23.3465,2019,Q2,low,4,True
ΝΔ,region_group,33,31.1588,2019,Q2,low,4,True
Πλεύση Ελευθερίας,region_group,33,35.2077,2019,Q2,low,4,True
ΣΥΡΙΖΑ,region_group,33,10.287,2019,Q2,low,4,True
other_party,region_group,34,5.8622,2019,Q2,low,16,True
ΚΚΕ,region_group,34,6.3749,2019,Q2,low,16,True
ΝΔ,region_group,34,39.6518,2019,Q2,low,16,True
ΣΥΡΙΖΑ,region_group,34,34.5499,2019,Q2,low,16,True
Χρυσή Αυγή,region_group,34,13.5612,2019,Q2,low,16,True
other_party,region_group,35,8.5886,2019,Q2,high,991,True
Ένωση Κεντρώων,region_group,35,1.0219,2019,Q2,high,991,True
ΑΝΕΛ,region_group,35,0.4329,2019,Q2,high,991,True
Ελληνική Λύση,region_group,35,1.976,2019,Q2,high,991,True
ΚΚΕ,region_group,35,4.9525,2019,Q2,high,991,True
ΜέΡΑ25,region_group,35,0.9621,2019,Q2,high,991,True
ΝΔ,region_group,35,32.905,2019,Q2,high,991,True
ΠΑΣΟΚ/ΚΙΝΑΛ,region_group,35,9.2488,2019,Q2,high,991,True
Πλεύση Ελευθερίας,region_group,35,0.8958,2019,Q2,high,991,True
Ποτάμι,region_group,35,1.5287,2019,Q2,high,991,True
ΣΥΡΙΖΑ,region_group,35,29.8223,2019,Q2,high,991,True
Χρυσή Αυγή,region_group,35,7.6653,2019,Q2,high,991,True
other_party,region_group,36,12.138,2019,Q2,low,11,True
ΝΔ,region_group,36,18.9588,2019,Q2,low,11,True
ΠΑΣΟΚ/ΚΙΝΑΛ,region_group,36,9.341,2019,Q2,low,11,True
Πλεύση Ελευθερίας,region_group,36,8.603,2019,Q2,low,11,True
Ποτάμι,region_group,36,3.2521,2019,Q2,low,11,True
ΣΥΡΙΖΑ,region_group,36,9.6178,2019,Q2,low,11,True
Χρυσή Αυγή,region_group,36,38.0894,2019,Q2,low,11,True
ΚΚΕ,region_group,37,12.7435,2019,Q2,low,10,True
ΝΔ,region_group,37,54.4719,2019,Q2,low,10,True
ΠΑΣΟΚ/ΚΙΝΑΛ,region_group,37,7.5873,2019,Q2,low,10,True
Πλεύση Ελευθερίας,region_group,37,3.7234,2019,Q2,low,10,True
ΣΥΡΙΖΑ,region_group,37,11.278,2019,Q2,low,10,True
Χρυσή Αυγή,region_group,37,10.1959,2019,Q2,low,10,True
other_party,region_group,38,2.5524,2019,Q2,low,28,True
ΜέΡΑ25,region_group,38,4.4734,2019,Q2,low,28,True
ΝΔ,region_group,38,44.9488,2019,Q2,low,28,True
ΠΑΣΟΚ/ΚΙΝΑΛ,region_group,38,9.9812,2019,Q2,low,28,True
ΣΥΡΙΖΑ,region_group,38,28.9619,2019,Q2,low,28,True
Χρυσή Αυγή,region_group,38,9.0823,2019,Q2,low,28,True
ΠΑΣΟΚ/ΚΙΝΑΛ,region_group,39,11.0668,2019,Q2,low,4,True
ΣΥΡΙΖΑ,region_group,39,88.9332,2019,Q2,low,4,True
ΚΚΕ,region_group,40,4.4547,2019,Q2,low,20,True
ΝΔ,region_group,40,29.5617,2019,Q2,low,20,True
ΠΑΣΟΚ/ΚΙΝΑΛ,region_group,40,4.7048,2019,Q2,low,20,True
ΣΥΡΙΖΑ,region_group,40,56.574,2019,Q2,low,20,True
Χρυσή Αυγή,region_group,40,4.7048,2019,Q2,low,20,True
other_party,region_group,41,36.5646,2019,Q2,low,3,True
Ένωση Κεντρώων,region_group,41,29.8112,2019,Q2,low,3,True
Χρυσή Αυγή,region_group,41,33.6243,2019,Q2,low,3,True
ΝΔ,region_group,42,62.1458,2019,Q2,low,5,True
ΣΥΡΙΖΑ,region_group,42,16.2976,2019,Q2,low,5,True
Χρυσή Αυγή,region_group,42,21.5567,2019,Q2,low,5,True
other_party,region_group,43,6.4938,2019,Q2,low,13,True
ΚΚΕ,region_group,43,8.6885,2019,Q2,low,13,True
ΜέΡΑ25,region_group,43,5.3514,2019,Q2,low,13,True
ΝΔ,region_group,43,37.0867,2019,Q2,low,13,True
ΠΑΣΟΚ/ΚΙΝΑΛ,region_group,43,3.1868,2019,Q2,low,13,True
ΣΥΡΙΖΑ,region_group,43,30.4663,2019,Q2,low,13,True
Χρυσή Αυγή,region_group,43,8.7265,2019,Q2,low,13,True
ΝΔ,region_group,44,43.13,2019,Q2,low,6,True
ΠΑΣΟΚ/ΚΙΝΑΛ,region_group,44,18.699,2019,Q2,low,6,True
ΣΥΡΙΖΑ,region_group,44,38.171,2019,Q2,low,6,True
other_party,region_group,45,7.572,2019,Q2,low,33,True
ΚΚΕ,region_group,45,16.5472,2019,Q2,low,33,True
ΜέΡΑ25,region_group,45,3.3168,2019,Q2,low,33,True
ΝΔ,region_group,45,30.5701,2019,Q2,low,33,True
ΠΑΣΟΚ/ΚΙΝΑΛ,region_group,45,2.9977,2019,Q2,low,33,True
ΣΥΡΙΖΑ,region_group,45,32.0482,2019,Q2,low,33,True
Χρυσή Αυγή,region_group,45,6.9479,2019,Q2,low,33,True
ΝΔ,region_group,46,100.0,2019,Q2,low,2,True
Ένωση Κεντρώων,region_group,47,13.4592,2019,Q2,low,8,True
ΚΚΕ,region_group,47,11.6303,2019,Q2,low,8,True
ΝΔ,region_group,47,43.5897,2019,Q2,low,8,True
ΠΑΣΟΚ/ΚΙΝΑΛ,region_group,47,8.9249,2019,Q2,low,8,True
ΣΥΡΙΖΑ,region_group,47,11.6303,2019,Q2,low,8,True
Χρυσή Αυγή,region_group,47,10.7657,2019,Q2,low,8,True
Χρυσή Αυγή,region_group,48,100.0,2019,Q2,low,1,True
ΣΥΡΙΖΑ,region_group,49,100.0,2019,Q2,low,3,True
ΝΔ,region_group,50,77.6726,2019,Q2,low,3,True
Χρυσή Αυγή,region_group,50,22.3274,2019,Q2,low,3,True
ΝΔ,region_group,51,19.763,2019,Q2,low,4,True
ΣΥΡΙΖΑ,region_group,51,80.237,2019,Q2,low,4,True
ΝΔ,region_group,D9,100.0,2019,Q2,low,1,True
ΠΑΣΟΚ/ΚΙΝΑΛ,region_group,E6,100.0,2019,Q2,low,1,True
ΝΔ,region_group,H9,100.0,2019,Q2,low,1,True
ΣΥΡΙΖΑ,region_group,NJ,100.0,2019,Q2,low,1,True
